request_id,job_id,experiment_id,target_rps,run_label,request_seq,vm_count,worker_count_per_vm,submit_started_at,post_response_at,job_completed_at,http_status,job_status,execution_time_ms,end_to_end_time_ms,worker_id,nonce,result_hash,enqueue_time_ms,client_end_to_end_time_ms,poll_count,error_message
06fa12c4-9529-4801-bb83-7f54225302bd,3057427d-27cb-41d2-af84-fc45841138e1,426fdd7a-37cb-40d9-b4fc-e698563caa9d,1,workload-20260609T133920373955Z,1,2,2,2026-06-09T13:39:21.033954Z,2026-06-09T13:39:21.174954Z,2026-06-09T13:41:20.450255Z,202,completed,2550,3371,0616728b7286:1:28a53068,963614,000008cf2ba6bf2a8ea5acced3f1aa2a10b73b54a0653b69c065cd6c521c3930,140.0,119416.301,1,
ef758b6d-f69c-4c32-aae8-b662fc243230,74691a69-c26d-47da-ba71-bf727e2ca399,426fdd7a-37cb-40d9-b4fc-e698563caa9d,1,workload-20260609T133920373955Z,2,2,2,2026-06-09T13:39:22.043957Z,2026-06-09T13:39:22.185212Z,2026-06-09T13:41:20.547255Z,202,completed,8284,8845,0616728b7286:1:57275397,2814948,00000922dcdd4918f0537f877677bbf11d7c96c1656a36d22006dbdc7e952162,141.0,118503.298,1,
88912f48-68c8-4b4c-85f0-59ab6b81c8e6,265468d4-9612-4ee0-8b26-55a18762433d,426fdd7a-37cb-40d9-b4fc-e698563caa9d,1,workload-20260609T133920373955Z,3,2,2,2026-06-09T13:39:23.036732Z,2026-06-09T13:39:23.181731Z,2026-06-09T13:41:20.548254Z,202,completed,198,1803,0616728b7286:1:dd11d557,60316,000007367319a28713cebec9b2d3a78063b783cef3197be1364f4edbdf654440,140.0,117511.522,1,
43a1c9d7-a74d-4553-8200-5a1e1cd73984,a0e71bc8-58c9-4882-8944-462866db9517,426fdd7a-37cb-40d9-b4fc-e698563caa9d,1,workload-20260609T133920373955Z,4,2,2,2026-06-09T13:39:24.050732Z,2026-06-09T13:39:24.185731Z,2026-06-09T13:41:20.551254Z,202,completed,2776,3969,0616728b7286:1:d6e1f53d,808352,00000d18f6fa5f57076892f18d1a614e5ef371eddd99be05cea551457c37ab31,141.0,116500.522,1,
23b57a78-ecb1-4675-addb-9e8f9aa73cb5,394d1cf9-8045-41bf-9ea7-e3af67f74060,426fdd7a-37cb-40d9-b4fc-e698563caa9d,1,workload-20260609T133920373955Z,5,2,2,2026-06-09T13:39:25.031040Z,2026-06-09T13:39:25.163040Z,2026-06-09T13:41:20.773256Z,202,completed,1813,5179,0616728b7286:1:5fd2a6be,503230,0000051147f6be280f2c40093420487a2316829adabe1ff794c863e64090dfe0,125.0,115742.216,1,
23926368-461a-4bf2-bd65-3bae92240d90,e103a623-9d23-4c1c-82db-01c3f9c96d23,426fdd7a-37cb-40d9-b4fc-e698563caa9d,1,workload-20260609T133920373955Z,6,2,2,2026-06-09T13:39:26.036042Z,2026-06-09T13:39:26.178042Z,2026-06-09T13:41:20.733257Z,202,completed,2482,7028,0616728b7286:1:50f8c5a6,861381,0000033dd5be386eebe500965aa4f39bd318138780cc17fa376fb40defd46bd2,140.0,114697.215,1,
91d148ff-1c0a-4240-aeb7-3c9bfcf21803,f0fa38d2-c25e-4c73-b924-678887fed757,426fdd7a-37cb-40d9-b4fc-e698563caa9d,1,workload-20260609T133920373955Z,7,2,2,2026-06-09T13:39:27.044957Z,2026-06-09T13:39:27.180956Z,2026-06-09T13:41:20.624254Z,202,completed,2450,6712,0616728b7286:1:88e440cc,859616,00000f98ab01123ef28259797ff24b81b9a93483c63d3d154aa236d3313026c4,125.0,113579.297,1,
3876e384-f855-4186-b30a-88580885ac93,4b6e540a-7c8b-4923-a52e-391b46acac0c,426fdd7a-37cb-40d9-b4fc-e698563caa9d,1,workload-20260609T133920373955Z,8,2,2,2026-06-09T13:39:28.053481Z,2026-06-09T13:39:28.191476Z,2026-06-09T13:41:20.709253Z,202,completed,4755,10160,0616728b7286:1:73f4c6d7,1554488,00000d4c7be4fa408f7139c647bc3ad538822a4b06471ccb03f6fc31b1411a56,141.0,112655.772,1,
e162fc38-0329-41e1-9da7-07db612e7f11,78c71a58-f041-47c6-854f-911e2223b96c,426fdd7a-37cb-40d9-b4fc-e698563caa9d,1,workload-20260609T133920373955Z,9,2,2,2026-06-09T13:39:29.038855Z,2026-06-09T13:39:29.201853Z,2026-06-09T13:41:20.609256Z,202,completed,10522,15538,0616728b7286:1:24c0345b,3391365,000003a59cb5b32227863d66a16873cf49f3ecadfa6120a9d445c132ff902c91,172.0,111570.401,1,
9d3f4114-30bd-48fe-9121-ce16b9f37be7,1dc61abe-82da-43c8-9db6-e52fc686ba18,426fdd7a-37cb-40d9-b4fc-e698563caa9d,1,workload-20260609T133920373955Z,10,2,2,2026-06-09T13:39:30.032854Z,2026-06-09T13:39:30.165854Z,2026-06-09T13:41:20.639254Z,202,completed,5043,13616,0616728b7286:1:ba50742c,1501764,00000df6c11719d9d607bf378dc80e2ecea1cfd0fe3c22fa8e151060f2a98f22,125.0,110606.4,1,
18f6cde6-1ea9-4203-b81f-c5430ab99a6c,9cca815e-8005-4fdf-926f-8be4f870b180,426fdd7a-37cb-40d9-b4fc-e698563caa9d,1,workload-20260609T133920373955Z,11,2,2,2026-06-09T13:39:31.034776Z,2026-06-09T13:39:31.169342Z,2026-06-09T13:41:20.678258Z,202,completed,6434,19434,0616728b7286:1:70acbe22,2099666,00000e83993c68fbe39832714e367873415c0b738f0ed124d4e4ab15b48e3754,140.0,109643.482,1,
15f917c0-990d-4e53-9f0d-b42b48f9d048,ae349aaa-71c1-4760-ab06-46395987bd23,426fdd7a-37cb-40d9-b4fc-e698563caa9d,1,workload-20260609T133920373955Z,12,2,2,2026-06-09T13:39:32.043347Z,2026-06-09T13:39:32.177342Z,2026-06-09T13:41:20.673257Z,202,completed,4348,17244,0616728b7286:1:beefa57f,1267005,00000025e266481d5750710f7648ae513e1e1231f6f9462e1728180577bfaeee,125.0,108629.91,1,
f00c09ef-486d-44f2-8fe9-50482823447b,5e988a7f-5f28-4da8-8d1e-f08ce08576e2,426fdd7a-37cb-40d9-b4fc-e698563caa9d,1,workload-20260609T133920373955Z,13,2,2,2026-06-09T13:39:33.051380Z,2026-06-09T13:39:33.185380Z,2026-06-09T13:41:20.811257Z,202,completed,2758,19373,0616728b7286:1:e6e8da82,976679,0000096b5541d6a1dd41f6612ee25d410d9d0c2682f2bfe53272c566bb1af176,141.0,107759.877,1,
d9f1406d-771f-4e9d-83a5-f35578f36819,df1d380d-4b96-4ecf-854a-d897fa0b6b42,426fdd7a-37cb-40d9-b4fc-e698563caa9d,1,workload-20260609T133920373955Z,14,2,2,2026-06-09T13:39:34.044393Z,2026-06-09T13:39:34.180483Z,2026-06-09T13:41:20.996254Z,202,completed,10706,27579,0616728b7286:1:8bd37857,3907827,0000099651a9092fe6979521734625e25da60aa67e251547b1da9e6454fa628f,125.0,106951.861,1,
22d5a44a-663b-43e0-988a-d5e0c770bf77,17364050-33c9-491d-acd2-856f717ef2cb,426fdd7a-37cb-40d9-b4fc-e698563caa9d,1,workload-20260609T133920373955Z,15,2,2,2026-06-09T13:39:35.054552Z,2026-06-09T13:39:35.211554Z,2026-06-09T13:41:20.800257Z,202,completed,1703,19300,0616728b7286:1:94a81677,545353,0000053dc100c525f2f0869d64080889142f99f3d6fc563749fad2e3b0f9a795,157.0,105745.705,1,
6a7b20cd-e962-47fd-baa5-bdda1bb6b6c3,832dbc3b-f0f2-49b6-976a-acd66e5801e8,426fdd7a-37cb-40d9-b4fc-e698563caa9d,1,workload-20260609T133920373955Z,16,2,2,2026-06-09T13:39:36.047861Z,2026-06-09T13:39:36.181859Z,2026-06-09T13:41:20.790257Z,202,completed,4776,23506,0616728b7286:1:3c65a58b,1517510,00000d5e77ae93257b2fcb2fc2adffae15a54dd7e548bab3f099507e69f92b62,125.0,104742.396,1,
0a9ed33b-fe59-4277-8382-90eaa8adefee,d459aa20-e0bc-4b40-9013-59fbd529be57,426fdd7a-37cb-40d9-b4fc-e698563caa9d,1,workload-20260609T133920373955Z,17,2,2,2026-06-09T13:39:37.041860Z,2026-06-09T13:39:37.230859Z,2026-06-09T13:41:20.826256Z,202,completed,155,23006,0616728b7286:1:0654f9cf,51925,000001caded99f46a0de25b2f99a3d0d5f199f4a8ff82fede764e024095af396,203.0,103784.396,1,
b84896fa-7f5f-4f93-ae76-7d91670d9636,6b691ae4-9074-4e55-8291-55ec99055f34,426fdd7a-37cb-40d9-b4fc-e698563caa9d,1,workload-20260609T133920373955Z,18,2,2,2026-06-09T13:39:38.037857Z,2026-06-09T13:39:38.174858Z,2026-06-09T13:41:20.942256Z,202,completed,4057,26555,0616728b7286:1:8a24dc0d,1463262,00000b22951405b765ece6360ca59ec4e9f61dbf977e04cffbd2ac804c42a509,140.0,102904.399,1,
fd58d747-82fb-47e4-b5b0-806ab4250000,68d85dc2-aa11-4bdf-8c59-5795a6d55e53,426fdd7a-37cb-40d9-b4fc-e698563caa9d,1,workload-20260609T133920373955Z,19,2,2,2026-06-09T13:39:39.042692Z,2026-06-09T13:39:39.177691Z,2026-06-09T13:41:21.069258Z,202,completed,5091,27985,0616728b7286:1:480e346c,1763384,00000bb89a1b397fcc91cd033711aefe3bbe3daf4395d1b67258ebb20ae6ae90,140.0,102026.566,1,
6e1fdc39-50fd-49ad-b099-e44d44442d53,87bf7371-3159-4d78-b771-5671ce1d5375,426fdd7a-37cb-40d9-b4fc-e698563caa9d,1,workload-20260609T133920373955Z,20,2,2,2026-06-09T13:39:40.051676Z,2026-06-09T13:39:40.183680Z,2026-06-09T13:41:21.030257Z,202,completed,2281,27076,0616728b7286:1:4293ead6,764416,000000080bafedecd1cde9c7168a8f8eec585c9170b9c89c20ca220f8792898d,141.0,100978.581,1,
c668aaa5-0cdd-4380-8246-c4a7d03b774b,dd699a21-11db-40e5-b21a-d6dbce6a3442,426fdd7a-37cb-40d9-b4fc-e698563caa9d,1,workload-20260609T133920373955Z,21,2,2,2026-06-09T13:39:41.027948Z,2026-06-09T13:39:41.162979Z,2026-06-09T13:41:21.770680Z,202,completed,12094,38483,0616728b7286:1:accac4fd,4332319,0000029a837568201bc5e0e0a60b5a0e580c33b3a9c3684afe22c9fd8e0536ff,125.0,100742.732,1,
9f7070ce-4817-4837-a79c-d8a48adc724a,a1cabf69-5a67-4097-ba52-b487e345ca7a,426fdd7a-37cb-40d9-b4fc-e698563caa9d,1,workload-20260609T133920373955Z,22,2,2,2026-06-09T13:39:42.040341Z,2026-06-09T13:39:42.180339Z,2026-06-09T13:41:21.486166Z,202,completed,3775,29603,0616728b7286:1:08a4f190,1220057,00000fb0d75ce1a54177bad31aed8c7a5da63d0d756ea584f9cfce2e0a501c3a,140.0,99445.825,1,
c0c467ff-f1f7-4f76-b16c-e894f7856a0e,ffd6ae75-9422-4856-b9c3-0414c3511013,426fdd7a-37cb-40d9-b4fc-e698563caa9d,1,workload-20260609T133920373955Z,23,2,2,2026-06-09T13:39:43.049655Z,2026-06-09T13:39:43.180652Z,2026-06-09T13:41:21.166256Z,202,completed,1127,30018,0616728b7286:1:d1ece2e9,371713,000001f9afcd1f8b0da0488db7b86e2314b1ca9e7404d5de870610ce5b683ff7,125.0,98116.601,1,
62172436-55e5-44a2-af2f-243248733990,81f286d8-dfbb-4ce8-9c70-2e85e73b7d54,426fdd7a-37cb-40d9-b4fc-e698563caa9d,1,workload-20260609T133920373955Z,24,2,2,2026-06-09T13:39:44.048651Z,2026-06-09T13:39:44.181651Z,2026-06-09T13:41:21.773680Z,202,completed,3984,33323,0616728b7286:1:b0692130,1269433,00000357b28049c92c0e54e734f95c5ec5ed543c5f69c3c84f3be91efc89394d,125.0,97725.029,1,
f9f47a82-d273-4582-ad00-5d9797d98166,851c8921-928b-4be5-848a-e7af2cb4da53,426fdd7a-37cb-40d9-b4fc-e698563caa9d,1,workload-20260609T133920373955Z,25,2,2,2026-06-09T13:39:45.046181Z,2026-06-09T13:39:45.177396Z,2026-06-09T13:41:21.787680Z,202,completed,2620,35386,0616728b7286:1:6eca7eba,864231,00000af4e449862b1eea56bf5f385ba7417bd3f8754bf046547b6c6bdc63efad,125.0,96741.499,1,
766bfb74-17b6-45fd-9b0a-301422157cc0,98932b3e-4f27-45fa-a2ec-60b7bc200d35,426fdd7a-37cb-40d9-b4fc-e698563caa9d,1,workload-20260609T133920373955Z,26,2,2,2026-06-09T13:39:46.045395Z,2026-06-09T13:39:46.179394Z,2026-06-09T13:41:21.776681Z,202,completed,675,34537,0616728b7286:1:94c63a97,218072,00000fd8ddb1757f8b6c153059384c6096a8174cd18a0289658e4cb77110e818,125.0,95731.286,1,
717b5b8f-55f3-4976-9a5d-6b0cfccfac31,ba13a0ae-e46c-4c77-8bf5-3aa5be118326,426fdd7a-37cb-40d9-b4fc-e698563caa9d,1,workload-20260609T133920373955Z,27,2,2,2026-06-09T13:39:47.042394Z,2026-06-09T13:39:47.175395Z,2026-06-09T13:41:21.136253Z,202,completed,109,34448,0616728b7286:1:5350b2a1,73007,00000163db0a9834171ba90899a0487836dc4fc2907ac90502d07e3042980f9c,140.0,94093.859,1,
af2e55f2-71cc-4d83-af6e-db72cf4e3126,49cc5b7a-0dd5-4f13-98e5-29782e1989b1,426fdd7a-37cb-40d9-b4fc-e698563caa9d,1,workload-20260609T133920373955Z,28,2,2,2026-06-09T13:39:48.045407Z,2026-06-09T13:39:48.183442Z,2026-06-09T13:41:21.300254Z,202,completed,3222,36640,0616728b7286:1:e10b7f4c,1187447,000004b70d71a1cdba112f0ccbeb197f1a8faffa4b717e8bd07c259de8b24aea,125.0,93254.847,1,
85a2fbab-37ce-42cd-b9b0-7ba6707d8525,3ce0efc2-2df8-4543-acbd-069f1c11d0c7,426fdd7a-37cb-40d9-b4fc-e698563caa9d,1,workload-20260609T133920373955Z,29,2,2,2026-06-09T13:39:49.047472Z,2026-06-09T13:39:49.181468Z,2026-06-09T13:41:21.778681Z,202,completed,3571,36341,0616728b7286:1:586411d5,1314988,000005d2761a1123ea28740a604028a0cb87436a75ed472338ce5b5dd345c3e3,125.0,92731.209,1,
fb2a4c8b-32f3-44c1-8577-48ff94e2477a,689c53e9-f689-40d8-a4c4-08ae78bb5130,426fdd7a-37cb-40d9-b4fc-e698563caa9d,1,workload-20260609T133920373955Z,30,2,2,2026-06-09T13:39:50.042828Z,2026-06-09T13:39:50.172825Z,2026-06-09T13:41:21.247254Z,202,completed,8431,43482,0616728b7286:1:b5e4281b,3169906,000009a14454be13dd562da0c8b1ff4b91cd34252f034ea55d5bcc0c4f434bc9,140.0,91204.426,1,
d60b6d69-72f2-4429-835f-7375c205bad4,a2a2e3ca-957e-44ea-a212-e987f995f875,426fdd7a-37cb-40d9-b4fc-e698563caa9d,1,workload-20260609T133920373955Z,31,2,2,2026-06-09T13:39:51.040190Z,2026-06-09T13:39:51.178190Z,2026-06-09T13:41:21.884809Z,202,completed,1474,36015,0616728b7286:1:043e8969,488405,000005ace910b143f8f0eb7aa6eb8f238963cb9cdf4f8bc1bb9d39f22d963855,140.0,90844.619,1,
d5aa4c48-090f-47e7-bfdc-e7e748c513e8,b0da2384-76ed-466c-a53e-dc5b2b5b44e4,426fdd7a-37cb-40d9-b4fc-e698563caa9d,1,workload-20260609T133920373955Z,32,2,2,2026-06-09T13:39:52.038192Z,2026-06-09T13:39:52.170191Z,2026-06-09T13:41:21.878811Z,202,completed,2322,37734,0616728b7286:1:2106f781,719442,00000529bed24291ba9f13c96c9270276f0ad4dfceb22e18ee88bbcbfc08f7dd,140.0,89840.619,1,
36896776-5bdd-48b0-9272-ec9b9f6b077d,7bf42f48-a79e-42ff-9b62-5da710f56fa7,426fdd7a-37cb-40d9-b4fc-e698563caa9d,1,workload-20260609T133920373955Z,33,2,2,2026-06-09T13:39:53.044387Z,2026-06-09T13:39:53.191387Z,2026-06-09T13:41:21.801680Z,202,completed,114,37206,0616728b7286:1:c928fd2f,36177,000009c8c95c6f84942e1d85c510a5b196b778a6ef7943b1cff0f3ffaa7670c8,141.0,88757.293,1,
00b8b4ce-774b-4764-a695-3cf4d77f59a7,1bc7d811-0a41-4ea5-aaaa-2bd7b31a711b,426fdd7a-37cb-40d9-b4fc-e698563caa9d,1,workload-20260609T133920373955Z,34,2,2,2026-06-09T13:39:54.037583Z,2026-06-09T13:39:54.178585Z,2026-06-09T13:41:21.783680Z,202,completed,5825,42385,0616728b7286:1:7c820d08,2143159,000002dff826e0043152cd31f0f997074bda6de7768af92babe5ed03bd22fdab,140.0,87746.097,1,
59604ba0-723d-4608-bc99-340fc05f50b0,62414980-3fd2-42e3-b8cf-8bbf7ba932e0,426fdd7a-37cb-40d9-b4fc-e698563caa9d,1,workload-20260609T133920373955Z,35,2,2,2026-06-09T13:39:55.037179Z,2026-06-09T13:39:55.173180Z,2026-06-09T13:41:21.781682Z,202,completed,1763,40677,0616728b7286:1:e061b898,564781,0000029bf44fda0a15e8add303e82db5160325bdbf212fa628bcb288cf4a9a91,140.0,86744.503,1,
7718c210-0b74-4d13-b78c-0a4fa783a9df,8038fcb1-7d46-4ff0-a976-4bdc60f41fad,426fdd7a-37cb-40d9-b4fc-e698563caa9d,1,workload-20260609T133920373955Z,36,2,2,2026-06-09T13:39:56.047698Z,2026-06-09T13:39:56.340696Z,2026-06-09T13:41:21.797679Z,202,completed,4129,44091,0616728b7286:1:4cdf4be5,1409126,00000edb1e2bf036f8c6384b10c48aada4e64892aa404c8c6c9146e6578f66af,297.0,85749.981,1,
1eb6e99d-23fb-4fe2-a6b9-e91da3c0d915,757a4da7-8a5f-4200-ab92-760db4e85dad,426fdd7a-37cb-40d9-b4fc-e698563caa9d,1,workload-20260609T133920373955Z,37,2,2,2026-06-09T13:39:57.042733Z,2026-06-09T13:39:57.177731Z,2026-06-09T13:41:21.881809Z,202,completed,5789,45541,0616728b7286:1:03357250,1927563,00000f4e7af8417bef94980a099230bb8a49849922d110af806f857afaf2fcec,140.0,84839.076,1,
ea218b4f-b2e1-4aa0-becf-9bbca812e266,01030927-6f91-4535-bb69-a2605458373f,426fdd7a-37cb-40d9-b4fc-e698563caa9d,1,workload-20260609T133920373955Z,38,2,2,2026-06-09T13:39:58.039783Z,2026-06-09T13:39:58.195784Z,2026-06-09T13:41:21.888809Z,202,completed,4613,47042,0616728b7286:1:6c25ca04,1793920,00000900a2c23daf5f7f1369bb677e9061901fdf07dc97d34c537945353a57fc,156.0,83849.026,1,
54e1582a-aca7-4e69-b4f1-8ef47809f58b,c2af7cfb-0ca4-4021-b7d0-b409533a0833,426fdd7a-37cb-40d9-b4fc-e698563caa9d,1,workload-20260609T133920373955Z,39,2,2,2026-06-09T13:39:59.041304Z,2026-06-09T13:39:59.271447Z,2026-06-09T13:41:21.791680Z,202,completed,289,44348,0616728b7286:1:83f40050,93772,0000030ab46864ecd4e405da630990115f9ea2f0d1835fd699176315ee749565,234.0,82750.376,1,
0cf309c2-9d6b-468d-96f5-0d38bda19d37,e3cf71af-19bc-400c-a043-830b2f9f728e,426fdd7a-37cb-40d9-b4fc-e698563caa9d,1,workload-20260609T133920373955Z,40,2,2,2026-06-09T13:40:00.048447Z,2026-06-09T13:40:00.186446Z,2026-06-09T13:41:23.715299Z,202,completed,12290,55955,0616728b7286:1:ce9282ec,4297336,000003dac90a9deb31fa9857d2e433d1f708428980789716a8f4cbe4caf7d157,141.0,83666.852,1,
d5bdc2e8-7ec0-4d6a-ace5-ab0070ab2ff7,d0fd58e8-a0f2-4a2e-83d8-d2e832aa04f0,426fdd7a-37cb-40d9-b4fc-e698563caa9d,1,workload-20260609T133920373955Z,41,2,2,2026-06-09T13:40:01.034448Z,2026-06-09T13:40:01.295450Z,2026-06-09T13:41:21.831680Z,202,completed,71,44570,0616728b7286:1:e0297e29,22610,0000089af1986eba52fe12e543017db28383d812e9479da178ad391cca36e3f8,265.0,80797.232,1,
2831eacf-d975-4324-bdb5-b876da7fe4b6,39f12e83-016a-42cf-b00b-4ffaf13fe875,426fdd7a-37cb-40d9-b4fc-e698563caa9d,1,workload-20260609T133920373955Z,42,2,2,2026-06-09T13:40:02.039495Z,2026-06-09T13:40:02.181492Z,2026-06-09T13:41:21.789681Z,202,completed,413,44235,0616728b7286:1:90634caf,126958,0000067085cbb518d3719459c91e75771fabfa863db20523bbeda4106e2493a1,140.0,79750.186,1,
53638191-2c01-4d18-b501-fe77e06d59dd,b3720fe3-b167-4f4b-bc20-029417831e0b,426fdd7a-37cb-40d9-b4fc-e698563caa9d,1,workload-20260609T133920373955Z,43,2,2,2026-06-09T13:40:03.046494Z,2026-06-09T13:40:03.181492Z,2026-06-09T13:41:21.891809Z,202,completed,15269,58785,0616728b7286:1:1a253fe8,5599314,0000091be42a0a081de1bac804b46f08feec5a51ff7df69260a3228c213179d2,125.0,78845.315,1,
b3f1b0e2-1b4f-4c00-9ca9-67e70df7ebdc,27e75a19-6761-4295-8601-b0a19dc6ebcc,426fdd7a-37cb-40d9-b4fc-e698563caa9d,1,workload-20260609T133920373955Z,44,2,2,2026-06-09T13:40:04.045191Z,2026-06-09T13:40:04.197187Z,2026-06-09T13:41:21.863807Z,202,completed,1118,53820,0616728b7286:1:7d47b030,370260,00000f6ccb0778ddbe4fdc977c63884ea037dcf4b4e415c98fd9b988ec750512,141.0,77818.616,1,
381bd9e2-df3d-44b4-9cdf-d736498d6251,6044510f-0c8b-4f50-8ff1-5c1a00500d8c,426fdd7a-37cb-40d9-b4fc-e698563caa9d,1,workload-20260609T133920373955Z,45,2,2,2026-06-09T13:40:05.051850Z,2026-06-09T13:40:05.194850Z,2026-06-09T13:41:21.804679Z,202,completed,1281,54637,0616728b7286:1:eb846fc5,410003,00000a22be12902034757863dba3d4b1bf2f41ee009c7e1e5c16369616bde6b6,141.0,76752.829,1,
20d58c88-2563-435f-babe-934470cd5110,ebb18ccc-a135-4031-b8ce-110410e731f9,426fdd7a-37cb-40d9-b4fc-e698563caa9d,1,workload-20260609T133920373955Z,46,2,2,2026-06-09T13:40:06.041966Z,2026-06-09T13:40:06.293981Z,2026-06-09T13:41:21.799683Z,202,completed,14157,68600,0616728b7286:1:d8aa3a87,4955018,000008711621b794b63824ee9e2b1241617d033ac4f9c49ddbb0799d4dc80c11,265.0,75757.717,1,
7d0d8f46-c9d3-48c5-84e6-30047c91ad15,19256ec7-a4b6-45f5-9581-72e6fd41ee02,426fdd7a-37cb-40d9-b4fc-e698563caa9d,1,workload-20260609T133920373955Z,47,2,2,2026-06-09T13:40:07.043157Z,2026-06-09T13:40:07.259172Z,2026-06-09T13:41:21.806682Z,202,completed,1111,56246,0616728b7286:1:e4914b8a,340719,00000628604ad31c82ee0411dc409da342988e193f95fc47b917e4713e2f0cff,203.0,74763.525,1,
6f62dbbb-82db-49db-8d78-99ee6116f150,078ca072-f637-462d-9428-be1d0f707908,426fdd7a-37cb-40d9-b4fc-e698563caa9d,1,workload-20260609T133920373955Z,48,2,2,2026-06-09T13:40:08.044432Z,2026-06-09T13:40:08.163431Z,2026-06-09T13:41:21.808681Z,202,completed,6254,61916,0616728b7286:1:7d9ff08e,1966694,00000e010bc021adc7e722995f4038922a7a917e8d0e911d34b89715de5b2af8,110.0,73764.249,1,
430e8c4c-bfd1-4f45-b45b-dbc9638f24ec,bca207ba-3272-4274-9f68-0214be6de1a8,426fdd7a-37cb-40d9-b4fc-e698563caa9d,1,workload-20260609T133920373955Z,49,2,2,2026-06-09T13:40:09.040431Z,2026-06-09T13:40:09.387434Z,2026-06-09T13:41:21.821679Z,202,completed,2927,64234,0616728b7286:1:ed41f9c1,943526,00000f84d529bcfe149e6d30c9f5c2dc8af9ea74c1297943cd96301e12731963,359.0,72781.248,1,
bd427ad2-b8d8-471f-9afc-b15462dd861f,389be18b-a17c-4aec-ba6f-5ecdfc94193d,426fdd7a-37cb-40d9-b4fc-e698563caa9d,1,workload-20260609T133920373955Z,50,2,2,2026-06-09T13:40:10.031433Z,2026-06-09T13:40:10.167447Z,2026-06-09T13:41:21.818679Z,202,completed,2006,65815,0616728b7286:1:efb8c294,768391,00000d4e4980a08b359e2d0977945f7bc9c09e90358f57ba55bdd3d33bd1c60f,125.0,71787.246,1,
375e5535-b59d-4dea-88e8-f1190dcefe6f,9735f9cc-b94e-4296-bf41-c9bf63f30c16,426fdd7a-37cb-40d9-b4fc-e698563caa9d,1,workload-20260609T133920373955Z,51,2,2,2026-06-09T13:40:11.054446Z,2026-06-09T13:40:11.176446Z,2026-06-09T13:41:21.823682Z,202,completed,2654,66572,0616728b7286:1:abf80eda,1028929,0000009d746b79ead13172514b6c7ae66f25729195cc3e8ad185850b5f856a95,125.0,70769.236,1,
8dd15438-cde4-47d1-8213-9417b8598b85,93697c13-dfa5-42a5-ad00-1e4310fbd649,426fdd7a-37cb-40d9-b4fc-e698563caa9d,1,workload-20260609T133920373955Z,52,2,2,2026-06-09T13:40:12.049450Z,2026-06-09T13:40:12.251231Z,2026-06-09T13:41:21.829684Z,202,completed,2188,66345,0616728b7286:1:52fedaed,845886,00000054064a9f0ce9d0ed09a4238b524e1201e3fc19e82525e9e9bf3f81daeb,203.0,69780.234,1,
65123d4e-5670-4b97-a08a-a05c7746d34b,64e6397a-71a7-4b94-bc82-28cb7177f256,426fdd7a-37cb-40d9-b4fc-e698563caa9d,1,workload-20260609T133920373955Z,53,2,2,2026-06-09T13:40:13.032910Z,2026-06-09T13:40:13.175911Z,2026-06-09T13:41:23.237810Z,202,completed,3148,68048,0616728b7286:1:dd61e861,1032879,00000659bb41170280cfdc7fd9a1d4e385b6a82d7ff5f261df7d44fec16e4727,140.0,70204.9,2,
a180bca5-ce94-4939-814e-47928bb0371e,40e0bbf2-a9f6-418a-8592-429f2d8c8aa5,426fdd7a-37cb-40d9-b4fc-e698563caa9d,1,workload-20260609T133920373955Z,54,2,2,2026-06-09T13:40:14.041914Z,2026-06-09T13:40:14.168912Z,2026-06-09T13:41:23.243825Z,202,completed,3485,68370,0616728b7286:1:eede4406,1367739,000001f63d0bccd3b866f5c37fbb5e7dfb6bdef7b62ec78fd09d192c7b4ebecf,140.0,69201.911,2,
c223f672-25d8-41ff-9dd9-b395443fc1da,e905ff2e-3b11-41c9-b77b-2284a1df6c1f,426fdd7a-37cb-40d9-b4fc-e698563caa9d,1,workload-20260609T133920373955Z,55,2,2,2026-06-09T13:40:15.030358Z,2026-06-09T13:40:15.172357Z,2026-06-09T13:41:23.662366Z,202,completed,600,67890,0616728b7286:1:05abf1c1,344603,000005dd7d4a43b1810acf587166ffea25b8ba54a02182ac7aa0a842f007280b,140.0,68632.008,2,
f75e6c64-a363-4fb2-8325-d95e65aee18f,54f568f3-a28c-4ed6-9081-626901d3cc68,426fdd7a-37cb-40d9-b4fc-e698563caa9d,1,workload-20260609T133920373955Z,56,2,2,2026-06-09T13:40:16.045782Z,2026-06-09T13:40:16.170783Z,2026-06-09T13:41:28.442156Z,202,completed,4716,71550,0616728b7286:1:3b57d666,1699235,00000b5f290a66b5b707eec8cef5ccb5a03cd07d99c5e239202e722471284bcb,125.0,72396.374,5,
2c635477-6a9c-4474-b6d9-e2a639a4ae7f,92941728-86b1-4daa-81b2-16ebcc056973,426fdd7a-37cb-40d9-b4fc-e698563caa9d,1,workload-20260609T133920373955Z,57,2,2,2026-06-09T13:40:17.034915Z,2026-06-09T13:40:17.183918Z,2026-06-09T13:41:27.340811Z,202,completed,2049,68381,0616728b7286:1:a4f49514,656320,00000175e50c43e61f1ea8abbe5ad97572c4a266df82d3f6c8eccafc9cdcc291,156.0,70305.896,2,
a42b71ab-c532-41f2-8ec8-0973a8082f11,23b19b43-c868-460d-b101-fb0ccfb8dd5f,426fdd7a-37cb-40d9-b4fc-e698563caa9d,1,workload-20260609T133920373955Z,58,2,2,2026-06-09T13:40:18.040609Z,2026-06-09T13:40:18.160609Z,2026-06-09T13:41:28.647155Z,202,completed,1815,69738,0616728b7286:1:015b001b,548743,00000feacacb1d1483117514a9feca044dde63dd6e5038e11370b23af7678322,125.0,70606.546,3,
d9bb6354-f92c-4b78-b1f7-ea58f36ae4f1,34a17ee9-dd38-462f-9733-b7d9708d1c2e,426fdd7a-37cb-40d9-b4fc-e698563caa9d,1,workload-20260609T133920373955Z,59,2,2,2026-06-09T13:40:19.039575Z,2026-06-09T13:40:19.174575Z,2026-06-09T13:41:39.848782Z,202,completed,10840,79939,0616728b7286:1:ea70c024,3579761,0000097eb40642cc2fa8028e2dde1265127a3927bf8482da1e04bbf21a8bfa22,140.0,80809.207,14,
757793e4-03fe-483d-aec4-631f9155e6da,c7f0c308-5743-4e5e-8105-af2047a3818a,426fdd7a-37cb-40d9-b4fc-e698563caa9d,1,workload-20260609T133920373955Z,60,2,2,2026-06-09T13:40:20.045574Z,2026-06-09T13:40:20.192576Z,2026-06-09T13:41:32.910515Z,202,completed,3768,72002,0616728b7286:1:57a10e54,1070382,000002a4971a636963e8a1c2cf7b384c2146e234a274d5b7a7bf83f2b5566aee,141.0,72864.941,8,
c442d1fd-0a42-40bb-ac8a-a0696a492cfe,bb50c866-dcd1-4d0a-ab01-376023303c77,426fdd7a-37cb-40d9-b4fc-e698563caa9d,1,workload-20260609T133920373955Z,61,2,2,2026-06-09T13:40:21.028577Z,2026-06-09T13:40:21.150575Z,2026-06-09T13:41:34.164394Z,202,completed,655,72014,0616728b7286:1:02543d82,191285,000004e356a623478b6d035b31c936ad1f3790e84c8e1651aa58fe0c2e575451,109.0,73135.817,10,
5562558e-51be-46f8-91f7-4c79c0d10c45,0bf75ff2-fb29-4b64-b6c3-63eb7910d024,426fdd7a-37cb-40d9-b4fc-e698563caa9d,1,workload-20260609T133920373955Z,62,2,2,2026-06-09T13:40:22.051583Z,2026-06-09T13:40:22.171586Z,2026-06-09T13:41:42.104230Z,202,completed,7353,78883,0616728b7286:1:d4782144,2327863,000004bbcff29e703c99b6633f03d12c2e846b56f0757cb3a88ab90aa693264c,125.0,80052.647,15,
a26c043f-9211-4eef-92da-a501e9364691,376690b5-dbd4-4075-9ad4-359138b5d2dd,426fdd7a-37cb-40d9-b4fc-e698563caa9d,1,workload-20260609T133920373955Z,63,2,2,2026-06-09T13:40:23.042944Z,2026-06-09T13:40:23.165946Z,2026-06-09T13:41:41.620228Z,202,completed,1008,77474,0616728b7286:1:cac84408,296439,00000cdf4a284cb890536e350ed9fa98ace5cdc68b323344811fb59e43d30c93,110.0,78577.284,16,
a187364e-2b3d-427a-8300-57a802188ea0,ed0c2ae5-3c28-4161-8b6b-023a0a9cf468,426fdd7a-37cb-40d9-b4fc-e698563caa9d,1,workload-20260609T133920373955Z,64,2,2,2026-06-09T13:40:24.038747Z,2026-06-09T13:40:24.180087Z,2026-06-09T13:41:44.058979Z,202,completed,2975,79795,0616728b7286:1:54b67000,1014336,00000a1315e876f19da47863d4491dd8fa5f507e27688e8bb55ac5212b4fd03c,140.0,80020.232,18,
31b7254e-2041-4d22-87d4-1224b841ecf3,4395a28a-3bdf-4bed-8792-f30fbda5956e,426fdd7a-37cb-40d9-b4fc-e698563caa9d,1,workload-20260609T133920373955Z,65,2,2,2026-06-09T13:40:25.054085Z,2026-06-09T13:40:25.189085Z,2026-06-09T13:41:46.227926Z,202,completed,4012,80218,0616728b7286:1:6d3b846d,1225536,00000cc20584cc8d81237a647dc8acee56362084c31779cf9a157ac59649d7df,141.0,81173.841,19,
4a7a8096-8ef8-4392-b795-ac8309dbd530,7c5d5abd-397b-420f-b6b8-c69e19e4249b,426fdd7a-37cb-40d9-b4fc-e698563caa9d,1,workload-20260609T133920373955Z,66,2,2,2026-06-09T13:40:26.037085Z,2026-06-09T13:40:26.163086Z,2026-06-09T13:41:44.787541Z,202,completed,2071,77504,f112958ae7d8:1:2ce6e16f,1547711,00000ec25c18f5fb2136fe86ebef074ff30105af4b75ec03d2ae02f3b5c948f9,125.0,78750.456,19,
632ccec4-1ec3-4659-8da5-42591e4dd1ef,d8e5fb2a-5a49-4a66-80c5-5af0ae5afa74,426fdd7a-37cb-40d9-b4fc-e698563caa9d,1,workload-20260609T133920373955Z,67,2,2,2026-06-09T13:40:27.041043Z,2026-06-09T13:40:27.181046Z,2026-06-09T13:41:43.544227Z,202,completed,1518,76097,f112958ae7d8:1:b100218a,950252,00000aea7910bea5f32586f070d1b8c3e86dee271f07b4a252b7550c41dda719,140.0,76503.184,16,
de62a524-c0fa-4605-9f25-7f5e66b9a46b,703f0b26-f2f1-42c8-85be-f2440507c43c,426fdd7a-37cb-40d9-b4fc-e698563caa9d,1,workload-20260609T133920373955Z,68,2,2,2026-06-09T13:40:28.050331Z,2026-06-09T13:40:28.171333Z,2026-06-09T13:41:44.179222Z,202,completed,129,75555,f112958ae7d8:1:e9963bba,106320,00000bed85face736b5c895194adc7e96882afa1983754fb83396013f143f08f,125.0,76128.891,18,
d7bbfffe-d620-4d0b-8fda-bb61f80c6fd9,9f808cfe-fca9-430c-ba86-e9386ee637ac,426fdd7a-37cb-40d9-b4fc-e698563caa9d,1,workload-20260609T133920373955Z,69,2,2,2026-06-09T13:40:29.045381Z,2026-06-09T13:40:29.180381Z,2026-06-09T13:41:46.070544Z,202,completed,1674,76619,f112958ae7d8:1:fe84b0ea,1300555,00000c21079ce08590842e43c122ca868152d6ab541ead98c61dccb3f08b9296,125.0,77025.163,18,
16a28352-d2ba-4055-8041-94068749dbf4,293f3ae2-21f6-4a7f-ba05-f49b6b1626b4,426fdd7a-37cb-40d9-b4fc-e698563caa9d,1,workload-20260609T133920373955Z,70,2,2,2026-06-09T13:40:30.054429Z,2026-06-09T13:40:30.173447Z,2026-06-09T13:41:44.534527Z,202,completed,147,74046,f112958ae7d8:1:050a9db9,93577,000007719b428f34478d68a5dea09ddd96f7fd956d463fcbdae169594c2ddca1,125.0,74480.098,19,
5a991855-de40-4a1e-b7ee-3454a8e34777,aa66cb06-7090-4c9c-a553-eef1bc660e32,426fdd7a-37cb-40d9-b4fc-e698563caa9d,1,workload-20260609T133920373955Z,71,2,2,2026-06-09T13:40:31.048194Z,2026-06-09T13:40:31.200194Z,2026-06-09T13:41:48.581766Z,202,completed,3503,76651,0616728b7286:1:d45057fb,1173412,000009caae0d87bc58c14f68c984e902f72a7eea95b745acc1a8d0d4eda6aabb,157.0,77533.572,21,
f8fe50d0-1d2f-4031-bac3-8dfd3c638b9b,16461be8-249f-435b-904f-b0d462b0ee13,426fdd7a-37cb-40d9-b4fc-e698563caa9d,1,workload-20260609T133920373955Z,72,2,2,2026-06-09T13:40:32.032302Z,2026-06-09T13:40:32.156304Z,2026-06-09T13:41:48.279059Z,202,completed,3378,75854,f112958ae7d8:1:c71c51bd,2784055,0000010a130853b14afbf16c2a074a1d6cfa3400f4ae3d2ebf2226440f8f2700,125.0,76246.757,22,
a094afe7-d609-49a9-8c8d-2d66e38cff0e,7154a314-eb5b-4ecd-8ab0-a5b23ed4d429,426fdd7a-37cb-40d9-b4fc-e698563caa9d,1,workload-20260609T133920373955Z,73,2,2,2026-06-09T13:40:33.037554Z,2026-06-09T13:40:33.174554Z,2026-06-09T13:41:58.977255Z,202,completed,12464,85296,0616728b7286:1:6d043351,4348748,000002643133d769f4787b3ac7b2751c1e7fc60b580bfcdd61a377f284f0ce45,140.0,85939.701,27,
dfc4465b-0c21-4a60-9f4b-2d00ebabbbf1,e85669cc-fcb2-458b-8e82-ed1843fa63d6,426fdd7a-37cb-40d9-b4fc-e698563caa9d,1,workload-20260609T133920373955Z,74,2,2,2026-06-09T13:40:34.048555Z,2026-06-09T13:40:34.180555Z,2026-06-09T13:41:46.945042Z,202,completed,253,72268,f112958ae7d8:1:6c35ff9d,164027,000006ad155bce7126d57fe4f13a133f190ba4a2d5bd07ffdfcd99c37a35459c,125.0,72896.487,20,
09937673-35dc-4f03-9882-0bb9c3c1f4aa,14302659-d71c-4201-bc87-c436578b227f,426fdd7a-37cb-40d9-b4fc-e698563caa9d,1,workload-20260609T133920373955Z,75,2,2,2026-06-09T13:40:35.045206Z,2026-06-09T13:40:35.163719Z,2026-06-09T13:41:47.008043Z,202,completed,14,71694,f112958ae7d8:1:d99b6a0f,10093,0000094bab3f50ac4c1152e20078c503e39c4d9078ba39a59e908171c37c7364,110.0,71962.837,21,
5b0c45aa-cbad-4635-a3ba-ddaa391b4897,6794d0f7-8527-47f2-bb42-0ea8f78225c2,426fdd7a-37cb-40d9-b4fc-e698563caa9d,1,workload-20260609T133920373955Z,76,2,2,2026-06-09T13:40:36.051719Z,2026-06-09T13:40:36.188718Z,2026-06-09T13:41:48.973769Z,202,completed,855,71902,f112958ae7d8:1:5ba91116,541734,00000d4b644dd909e71121fcdcfc0c67e727310e96e9edbc76efb46317d36623,141.0,72922.05,23,
4d43d205-a6e3-479a-aba5-26391c8f52fc,b4041225-ecd4-489b-8c3c-9119de54b650,426fdd7a-37cb-40d9-b4fc-e698563caa9d,1,workload-20260609T133920373955Z,77,2,2,2026-06-09T13:40:37.046720Z,2026-06-09T13:40:37.182718Z,2026-06-09T13:41:49.163767Z,202,completed,210,71071,0616728b7286:1:51554721,63313,00000efb628b188af099d1e15e69c395e7eb5f4201528b7b0dc24d879374adc5,125.0,72117.047,22,
1ffb5813-86e0-4c53-af02-50faef26f092,6db0586d-40e1-4443-ace7-67de3d196540,426fdd7a-37cb-40d9-b4fc-e698563caa9d,1,workload-20260609T133920373955Z,78,2,2,2026-06-09T13:40:38.046005Z,2026-06-09T13:40:38.186075Z,2026-06-09T13:41:50.910115Z,202,completed,1061,71702,f112958ae7d8:1:e68f7096,846659,00000b3f7327856f2b9304f9ec7c2c6873091be9f873a4d6c2aac4a806552e2f,141.0,72864.11,23,
d742e3cf-a986-42d0-8607-6d0ddde6c55a,0bed8850-aada-47cc-bf06-bbf5c0d3153f,426fdd7a-37cb-40d9-b4fc-e698563caa9d,1,workload-20260609T133920373955Z,79,2,2,2026-06-09T13:40:39.038670Z,2026-06-09T13:40:39.161671Z,2026-06-09T13:41:48.967770Z,202,completed,247,69509,0616728b7286:1:5753d553,74743,00000f67de9c64d25a407b359558dc8a6e804e0bd863e9ff7ad151f1ac49f5c1,125.0,69929.1,21,
0b70c2d7-dbac-401a-a2c3-1a78bf32a0eb,99d9844c-a358-49d5-aa59-f2d95f930799,426fdd7a-37cb-40d9-b4fc-e698563caa9d,1,workload-20260609T133920373955Z,80,2,2,2026-06-09T13:40:40.050682Z,2026-06-09T13:40:40.456072Z,2026-06-09T13:41:49.225766Z,202,completed,158,68792,f112958ae7d8:1:39e59fab,101987,00000ed0522a8aae0baca94eb1725fc378ca7454f9d100df1a322466e6292394,407.0,69175.084,21,
01d2c77f-bd3d-4492-ad32-94818d10a754,f188f9c9-f44b-47b7-9c48-49172546c86d,426fdd7a-37cb-40d9-b4fc-e698563caa9d,1,workload-20260609T133920373955Z,81,2,2,2026-06-09T13:40:41.049265Z,2026-06-09T13:40:41.195267Z,2026-06-09T13:41:52.550114Z,202,completed,3127,70976,0616728b7286:1:f79c229a,977873,000009063f2a88e18c47c2448df8945fce3a46397898dbca761daf295bbaa877,141.0,71500.849,25,
35642a74-764d-4e15-ad1b-db39642f6518,a807f4ac-e0ba-48d1-af14-55d02a3fcd57,426fdd7a-37cb-40d9-b4fc-e698563caa9d,1,workload-20260609T133920373955Z,82,2,2,2026-06-09T13:40:42.045268Z,2026-06-09T13:40:43.892366Z,2026-06-09T13:41:51.844110Z,202,completed,1707,68852,f112958ae7d8:1:0dd18ec3,1506588,0000031fabede153216db0c8567aac869b66f88493d02404621b08c453e3be64,1844.0,69798.842,24,
e9793611-30c4-4d15-adb3-21d02a38b3aa,ccc85c12-c26b-453a-9132-000f03ce657a,426fdd7a-37cb-40d9-b4fc-e698563caa9d,1,workload-20260609T133920373955Z,83,2,2,2026-06-09T13:40:43.039367Z,2026-06-09T13:40:43.204368Z,2026-06-09T13:41:51.432113Z,202,completed,283,67407,f112958ae7d8:1:00c49fc8,177722,00000e8fc94157a71ef51d55bd935aa7a040caa7df2ce17cb125cd86852882bc,172.0,68392.746,24,
11445758-857a-4206-a3c1-effe383d8c37,51b5950e-ecec-4a60-a48c-1091ba85b6b2,426fdd7a-37cb-40d9-b4fc-e698563caa9d,1,workload-20260609T133920373955Z,84,2,2,2026-06-09T13:40:44.036365Z,2026-06-09T13:40:44.192367Z,2026-06-09T13:41:54.015170Z,202,completed,3006,69759,f112958ae7d8:1:c353cc99,2063126,000001564256e22b19c7810401a266fc8f26e8fba9958a956779c5a21d6668a6,156.0,69978.805,26,
51a550eb-6532-461c-b9f2-10421b42550e,6670952a-4b26-4b59-923d-6f88d09d7441,426fdd7a-37cb-40d9-b4fc-e698563caa9d,1,workload-20260609T133920373955Z,85,2,2,2026-06-09T13:40:45.046042Z,2026-06-09T13:40:45.201045Z,2026-06-09T13:41:54.431469Z,202,completed,2624,68823,f112958ae7d8:1:c9344329,1641170,000004db63eca859dbab1fc1b6d9f88f34745e27ceec02623ad33481c6978958,157.0,69385.427,27,
a1668bb5-eeb7-4aba-a3c8-0653df657e6c,d02e3c03-a723-4b89-b50a-1a33c980346a,426fdd7a-37cb-40d9-b4fc-e698563caa9d,1,workload-20260609T133920373955Z,86,2,2,2026-06-09T13:40:46.045960Z,2026-06-09T13:40:46.225960Z,2026-06-09T13:41:56.387525Z,202,completed,2863,69196,0616728b7286:1:e873f4c8,916011,0000005db5d1a7d6995635200fa2def44af080a99a6b846998c0da92a54c256b,172.0,70341.565,28,
9a10000c-9629-4c90-8b4c-149b79967983,e52393eb-8073-46e7-84bc-c5f5bad2ac9b,426fdd7a-37cb-40d9-b4fc-e698563caa9d,1,workload-20260609T133920373955Z,87,2,2,2026-06-09T13:40:47.054815Z,2026-06-09T13:40:47.215025Z,2026-06-09T13:41:56.796524Z,202,completed,2152,69248,f112958ae7d8:1:98f0411a,1506149,0000048f0b8d896d81d412c52c2329687d931ee24aab0e80ae2556c1de159848,172.0,69741.709,28,
fe231a94-e318-4854-a9a4-249cb61c13fa,74a95ca4-da3b-4936-abe7-4f4809ec4286,426fdd7a-37cb-40d9-b4fc-e698563caa9d,1,workload-20260609T133920373955Z,88,2,2,2026-06-09T13:40:48.037590Z,2026-06-09T13:40:48.177586Z,2026-06-09T13:41:55.833525Z,202,completed,781,67100,f112958ae7d8:1:1459f2dc,468098,0000086f74c5a69947249f7c0571ea8fd3fa100eb8006031257f85c39ce4977f,140.0,67795.935,28,
69db0d15-c360-46a5-836c-caa282a3d379,1dede25e-ef9d-416a-a8e9-2d9b47164af0,426fdd7a-37cb-40d9-b4fc-e698563caa9d,1,workload-20260609T133920373955Z,89,2,2,2026-06-09T13:40:49.038151Z,2026-06-09T13:40:49.182852Z,2026-06-09T13:42:00.232268Z,202,completed,3983,70251,f112958ae7d8:1:de885633,2940940,000007f2d7ca27f41602362f3ed1f3ad4bd966ab7cc36285e03a73248048c872,140.0,71194.117,31,
03a413dd-5b14-4ad4-a4f4-28aee1459026,6f51d370-583f-45b6-a7ea-2b9aceb8363e,426fdd7a-37cb-40d9-b4fc-e698563caa9d,1,workload-20260609T133920373955Z,90,2,2,2026-06-09T13:40:50.053307Z,2026-06-09T13:40:50.219570Z,2026-06-09T13:41:57.746693Z,202,completed,935,66380,0616728b7286:1:f98a44f9,300345,00000681770f73418d71b5ea98250650c6dc2938cae5367aa986e7f675968705,172.0,67693.386,29,
6652846b-32dc-4142-990e-d6e22a4ab1ef,78675bbe-a748-4167-aa0c-e3634d84f4c1,426fdd7a-37cb-40d9-b4fc-e698563caa9d,1,workload-20260609T133920373955Z,91,2,2,2026-06-09T13:40:51.037088Z,2026-06-09T13:40:51.165091Z,2026-06-09T13:41:57.791693Z,202,completed,65,65687,f112958ae7d8:1:3985951e,39222,00000c682d40aba91f1a43c9dc4e5d9883f62e71afb11dacdd6db592fbf4caab,125.0,66754.605,30,
4a737f15-a2b5-4963-9ff7-06df2db72a8b,6b9c74b6-0f64-4bc0-9df7-7386630dbcc8,426fdd7a-37cb-40d9-b4fc-e698563caa9d,1,workload-20260609T133920373955Z,92,2,2,2026-06-09T13:40:52.053562Z,2026-06-09T13:40:52.180562Z,2026-06-09T13:41:58.638249Z,202,completed,1181,65852,0616728b7286:1:fb623ef1,381608,00000284a6cf907f52a98101b966faedc607cb350990813c163e4efd27d92708,125.0,66584.687,29,
d9b68d1f-aa18-46d6-aab4-a91621c2f74e,0f8abd90-da78-446f-825a-71ff21600c8c,426fdd7a-37cb-40d9-b4fc-e698563caa9d,1,workload-20260609T133920373955Z,93,2,2,2026-06-09T13:40:53.052561Z,2026-06-09T13:40:53.189563Z,2026-06-09T13:41:58.830254Z,202,completed,1305,65326,f112958ae7d8:1:7b4da1bf,769065,00000a1f9694da4ac45c74c06397818b3c523b424d25be46d3da5c45e1a45c44,141.0,65777.693,31,
bbdca816-aa4f-4809-a7f1-bb2075e2b039,a18b12cb-6c95-4b33-89c4-7b2ebd487a02,426fdd7a-37cb-40d9-b4fc-e698563caa9d,1,workload-20260609T133920373955Z,94,2,2,2026-06-09T13:40:54.046793Z,2026-06-09T13:40:54.166792Z,2026-06-09T13:41:59.025250Z,202,completed,206,64365,0616728b7286:1:becef8e2,123322,00000a82d4dfbb88b266492b1c34ac05da564e3dc561edc68932774855df3989,110.0,64978.457,30,
f4aea119-9b4d-4f62-9c8e-d74166709299,0436ab42-38e7-4cde-ac7f-1560c7e62bf6,426fdd7a-37cb-40d9-b4fc-e698563caa9d,1,workload-20260609T133920373955Z,95,2,2,2026-06-09T13:40:55.045793Z,2026-06-09T13:40:55.307791Z,2026-06-09T13:42:02.602512Z,202,completed,3304,66903,f112958ae7d8:1:68f8116b,2051520,000000c2c523d87698cfb970da32ecac40d0709342105a6e75e981bee6e1875b,250.0,67556.719,34,
9fe78eda-7580-4e50-b3a2-95893508d9ba,096a7de8-3b12-4c87-a835-5ab3ccdd6e9e,426fdd7a-37cb-40d9-b4fc-e698563caa9d,1,workload-20260609T133920373955Z,96,2,2,2026-06-09T13:40:56.048916Z,2026-06-09T13:40:56.170917Z,2026-06-09T13:42:01.226285Z,202,completed,1136,64047,0616728b7286:1:c59a5292,597225,00000cc9bc11651b94991fd14ebc25d329c28d177da6f5b761f84b4c555b86b9,125.0,65177.369,33,
02480eaf-c35f-4995-bd27-05d450e493a7,702c9307-cc83-4de4-a087-6a8995839425,426fdd7a-37cb-40d9-b4fc-e698563caa9d,1,workload-20260609T133920373955Z,97,2,2,2026-06-09T13:40:57.042687Z,2026-06-09T13:40:57.401847Z,2026-06-09T13:42:00.467266Z,202,completed,429,62170,0616728b7286:1:6821e9a8,137104,0000007c74e08490744c48e6613032b81cf7285b7c80802a2f3e5c158b0698c0,359.0,63424.579,32,
c8a373f8-ed6f-4042-b947-7cb415266aeb,0aea3afa-b0c5-4076-a8f9-f12c496ab297,426fdd7a-37cb-40d9-b4fc-e698563caa9d,1,workload-20260609T133920373955Z,98,2,2,2026-06-09T13:40:58.054591Z,2026-06-09T13:40:58.412348Z,2026-06-09T13:42:00.044269Z,202,completed,14,61604,0616728b7286:1:f746f2b1,4303,0000024978657df18a77b7b06b5bba49f647dac6f02cea3cb4f0968339a84db3,360.0,61989.678,31,
fe54a743-0c6a-46a3-8f80-2f8388a89e17,204f2acc-8ead-4529-86a8-d0e4feab352e,426fdd7a-37cb-40d9-b4fc-e698563caa9d,1,workload-20260609T133920373955Z,99,2,2,2026-06-09T13:40:59.041224Z,2026-06-09T13:40:59.184223Z,2026-06-09T13:42:02.994543Z,202,completed,2897,63329,f112958ae7d8:1:161a89bb,1924970,0000049f51ac771b01adbe0980973045dafb33f2dd62fd18e05eef05bfee127d,156.0,63953.319,34,
0ac0358a-12b4-4b57-bd7c-8b64d28f8585,11f48fbc-7fa3-448f-b078-99f543f4db5a,426fdd7a-37cb-40d9-b4fc-e698563caa9d,1,workload-20260609T133920373955Z,100,2,2,2026-06-09T13:41:00.038225Z,2026-06-09T13:41:00.180628Z,2026-06-09T13:42:01.378286Z,202,completed,1169,60980,0616728b7286:1:09eb31da,507303,00000f3fe1d1170330bff9264d97c770a143f143495b2d25d3bcce8e6a1e915f,140.0,61340.061,33,
e1e149e2-32c6-458e-8093-985e2cbe946d,e0f6b410-1e08-4c81-8eb5-77b192829ba6,426fdd7a-37cb-40d9-b4fc-e698563caa9d,1,workload-20260609T133920373955Z,101,2,2,2026-06-09T13:41:01.051021Z,2026-06-09T13:41:01.170023Z,2026-06-09T13:42:01.293284Z,202,completed,726,60045,0616728b7286:1:f51523f9,223750,00000ab5fe0797f29478bdfdb1a06aa95eecd5ff7a0bc5e61bdd22e6deb603d8,125.0,60242.263,32,
269e8c86-61f5-46cf-bc89-f404179d8713,b8a73504-7567-4ee6-9352-52f4fcf0c834,426fdd7a-37cb-40d9-b4fc-e698563caa9d,1,workload-20260609T133920373955Z,102,2,2,2026-06-09T13:41:02.038235Z,2026-06-09T13:41:02.235106Z,2026-06-09T13:42:01.842722Z,202,completed,22,59608,0616728b7286:1:d0f191ca,14342,00000f7c73ddf91d8784ef6f8182aaec4857cd91511b28668803caf716109321,203.0,59804.487,34,
9450ebc5-0d22-4001-881b-5b5e0c9c7038,f7fe81ba-2e67-4b46-bead-6d8efd460b56,426fdd7a-37cb-40d9-b4fc-e698563caa9d,1,workload-20260609T133920373955Z,103,2,2,2026-06-09T13:41:03.036309Z,2026-06-09T13:41:03.179843Z,2026-06-09T13:42:03.477304Z,202,completed,1297,59798,0616728b7286:1:181ae56f,551955,000009ef283413acf330bba88a709b3bdf7105578cb3c89086795302a83d4ec3,140.0,60440.995,34,
6c2a3524-9eba-422d-ae6f-ee5849689fcd,f4776640-820c-4adf-82e6-87cc7eef72cf,426fdd7a-37cb-40d9-b4fc-e698563caa9d,1,workload-20260609T133920373955Z,104,2,2,2026-06-09T13:41:04.054047Z,2026-06-09T13:41:04.201064Z,2026-06-09T13:42:06.640335Z,202,completed,3634,61628,0616728b7286:1:8e0076e2,1586195,00000f3febca0b75c7b58fddfbdf288288ea7673ebac1cfe8ca393aa1850085d,157.0,62586.288,37,
1d2bc5e6-722d-492f-8959-923af1a6cf02,02f58485-9460-4e1f-a275-2559e21fe20d,426fdd7a-37cb-40d9-b4fc-e698563caa9d,1,workload-20260609T133920373955Z,105,2,2,2026-06-09T13:41:05.055111Z,2026-06-09T13:41:05.176088Z,2026-06-09T13:42:04.437247Z,202,completed,1248,58701,f112958ae7d8:1:dc426d18,988359,00000d4263ceabf4f4d301cf6bf5812808048861ada7063a357e1e9e6eba15ad,125.0,59382.136,36,
264e5de8-f38d-49cb-8512-5fcedc3cb298,f105fe71-d967-4d55-a056-6f8c91acd221,426fdd7a-37cb-40d9-b4fc-e698563caa9d,1,workload-20260609T133920373955Z,106,2,2,2026-06-09T13:41:06.037833Z,2026-06-09T13:41:06.178833Z,2026-06-09T13:42:04.718251Z,202,completed,597,57308,f112958ae7d8:1:b9383a2c,368226,00000472bdd7b64a399883c19858c1cc38f024f488c3c6e455197bc811efa1dc,140.0,58680.418,33,
a8a442ea-ff78-4aa5-aa7e-14d23a23ff59,74bd4a40-0c51-4b03-9a48-d18cfaac35b9,426fdd7a-37cb-40d9-b4fc-e698563caa9d,1,workload-20260609T133920373955Z,107,2,2,2026-06-09T13:41:07.040833Z,2026-06-09T13:41:07.172835Z,2026-06-09T13:42:04.455251Z,202,completed,718,56737,0616728b7286:1:aa9ec70c,238891,000006712b6b6848f73b1a95a2b06df8d2d2b507a3f745b9521e5e92c7410d5f,140.0,57414.418,35,
a29ee4ae-e7db-475b-a179-75386f49f052,de58e5bd-3142-4413-8d22-7bbe5787a1ae,426fdd7a-37cb-40d9-b4fc-e698563caa9d,1,workload-20260609T133920373955Z,108,2,2,2026-06-09T13:41:08.046390Z,2026-06-09T13:41:08.180383Z,2026-06-09T13:42:08.001412Z,202,completed,3350,59035,f112958ae7d8:1:836e04e1,2455618,0000094d61711ab89dd6cb2892ee73bb742222931befc975dee352c07970691c,125.0,59955.022,38,
0ad56dea-78ff-4628-98ed-98fe663293db,e1af23b8-39c1-4570-ab44-a5c6d327561e,426fdd7a-37cb-40d9-b4fc-e698563caa9d,1,workload-20260609T133920373955Z,109,2,2,2026-06-09T13:41:09.046381Z,2026-06-09T13:41:09.188386Z,2026-06-09T13:42:07.540411Z,202,completed,2261,57374,f112958ae7d8:1:aebddbfb,1377308,0000063642392c97ce669fac5a79f6a8d57271084ba7b69216c38bf4c84af587,141.0,58494.03,37,
bb5f3c6e-9357-4e49-a332-9c4acbb36ec0,e87911a5-0777-4f12-b1fd-f5eaa7f0d6f8,426fdd7a-37cb-40d9-b4fc-e698563caa9d,1,workload-20260609T133920373955Z,110,2,2,2026-06-09T13:41:10.046028Z,2026-06-09T13:41:10.171026Z,2026-06-09T13:42:05.161247Z,202,completed,423,54439,0616728b7286:1:ea38c01a,139180,00000cb33e13a2e2c81c5bad28a6228f00fba432c6617da1650b92186b6fdc19,125.0,55115.219,36,
0e6bdeca-2793-4e38-9f97-7195700fd91d,87123ddd-1167-4f82-aa27-7fd5d5be0dab,426fdd7a-37cb-40d9-b4fc-e698563caa9d,1,workload-20260609T133920373955Z,111,2,2,2026-06-09T13:41:11.043028Z,2026-06-09T13:41:11.165026Z,2026-06-09T13:42:06.433302Z,202,completed,345,54172,0616728b7286:1:d3c89dd2,114102,00000b9cd6e56713f7de7e3d0dd318749f193b9e0d0383972a4b3806529e04f6,110.0,55390.274,37,
f85c658a-7d29-462d-b517-bbb38ab5c129,48034a9f-0e7e-4cda-b4b0-66af719378de,426fdd7a-37cb-40d9-b4fc-e698563caa9d,1,workload-20260609T133920373955Z,112,2,2,2026-06-09T13:41:12.052543Z,2026-06-09T13:41:12.175542Z,2026-06-09T13:42:07.541413Z,202,completed,1251,54746,0616728b7286:1:a9cf7196,658016,000003feb863afc935f84d4c79e9a42a01791a59891f111d6bced5005b00d4af,125.0,55488.87,38,
60c121dc-f200-43bb-acec-2765052fb342,2e89f195-e883-4c0a-9969-80aabde3aa84,426fdd7a-37cb-40d9-b4fc-e698563caa9d,1,workload-20260609T133920373955Z,113,2,2,2026-06-09T13:41:13.033066Z,2026-06-09T13:41:13.170065Z,2026-06-09T13:42:06.865333Z,202,completed,292,53328,0616728b7286:1:c11ecbc5,98161,00000c260c1de61ac8a854cf3a502906ca12e0387f1e37ab92e501cf63a11c9f,140.0,53832.267,37,
e6eb0e7b-8da5-4e33-b590-c86a709e1cd6,62a87ba9-c975-4e69-80ab-c9c7cf674923,426fdd7a-37cb-40d9-b4fc-e698563caa9d,1,workload-20260609T133920373955Z,114,2,2,2026-06-09T13:41:14.031786Z,2026-06-09T13:41:14.191790Z,2026-06-09T13:42:11.475567Z,202,completed,3599,56286,0616728b7286:1:b6ebea80,1443834,00000473b4fb3fd2ecee183898afe2aeb0e6d12abba35545e8288df6bb6e404c,156.0,57443.781,42,
9569f8e7-1b71-4561-b671-13267f187147,645995a5-589c-4564-8c10-de136a4fb81f,426fdd7a-37cb-40d9-b4fc-e698563caa9d,1,workload-20260609T133920373955Z,115,2,2,2026-06-09T13:41:15.036786Z,2026-06-09T13:41:15.171787Z,2026-06-09T13:42:08.698414Z,202,completed,1580,53238,f112958ae7d8:1:a1086d95,1194112,000007b8b6b9d0051b7ebc79ce60103d66e2437bfc80c6ffb01a7f64ef946807,140.0,53661.628,40,
4aeb2c3c-8185-4d40-90e8-e05866f8e16f,f12a9978-84fe-49b2-b3c5-565464522a6a,426fdd7a-37cb-40d9-b4fc-e698563caa9d,1,workload-20260609T133920373955Z,116,2,2,2026-06-09T13:41:16.034789Z,2026-06-09T13:41:16.173826Z,2026-06-09T13:42:08.077413Z,202,completed,182,51197,0616728b7286:1:80e36802,56802,0000071d29d452e1e51f8403a1198e1bff6ad18af7cac98aaa03e1ad8ec821cc,140.0,52042.624,35,
d20c0fb4-ddb4-4daf-8d5c-4977acd93a1f,4f0d42dc-a552-48d8-88e6-c7e8b8fd7a9d,426fdd7a-37cb-40d9-b4fc-e698563caa9d,1,workload-20260609T133920373955Z,117,2,2,2026-06-09T13:41:17.034467Z,2026-06-09T13:41:17.172467Z,2026-06-09T13:42:10.160048Z,202,completed,1707,52154,f112958ae7d8:1:59cbe137,1208370,00000fc1511f363ed6a9beb7554f6c8d9db705e98f761e71a8e612a405749612,140.0,53125.581,41,
dd2058d2-509d-48de-b639-78c2d6574c8e,be31a915-369c-49bb-b06c-ba7a64901914,426fdd7a-37cb-40d9-b4fc-e698563caa9d,1,workload-20260609T133920373955Z,118,2,2,2026-06-09T13:41:18.045469Z,2026-06-09T13:41:18.205470Z,2026-06-09T13:42:09.084934Z,202,completed,799,50357,0616728b7286:1:0621407a,261108,00000178626da1830bfbce14ee4cf8e42e62707235f67bcb571b3ff3e63e4a22,157.0,51039.465,40,
d67d3558-117e-476a-afe2-86680c004b5b,d6847985-3fbd-4381-a2f7-b12d1944e681,426fdd7a-37cb-40d9-b4fc-e698563caa9d,1,workload-20260609T133920373955Z,119,2,2,2026-06-09T13:41:19.037043Z,2026-06-09T13:41:19.160047Z,2026-06-09T13:42:11.107044Z,202,completed,1422,50869,f112958ae7d8:1:8f956a58,1324676,0000068d43c05880748937adba5f5327e63838c7662ec874ca59bdf45e583f9e,125.0,52070.001,42,
89ecd698-f5ad-404f-b9f2-e5e8bdb6992a,b1327344-6eb6-4133-9daf-dea8de0b2c0f,426fdd7a-37cb-40d9-b4fc-e698563caa9d,1,workload-20260609T133920373955Z,120,2,2,2026-06-09T13:41:20.048056Z,2026-06-09T13:41:20.187057Z,2026-06-09T13:42:10.935046Z,202,completed,1794,50351,0616728b7286:1:6fd87f33,640425,00000c5bac1aafa06b39d531d40fdf493634a7dcf66332fceb61214b776e641b,141.0,50886.99,40,
fd3b5a41-4513-4ebe-95b6-35d1d7d4643a,9ac5d32f-2db6-4869-90be-e811afc1906d,426fdd7a-37cb-40d9-b4fc-e698563caa9d,10,workload-20260609T133920373955Z,1,2,2,2026-06-09T13:43:11.780788Z,2026-06-09T13:43:11.941790Z,2026-06-09T13:43:24.054398Z,202,completed,784,1147,f112958ae7d8:1:6419dce5,541319,00000459910aa2f285e71c1e1b64a2665b1f70962d0e452a0e8b9b555747ebca,156.0,12273.61,1,
99ca9642-adfa-4bf5-9b3c-71a511da84be,562da0d9-a815-42ef-9c84-7ee976fb4a7d,426fdd7a-37cb-40d9-b4fc-e698563caa9d,10,workload-20260609T133920373955Z,2,2,2,2026-06-09T13:43:11.890786Z,2026-06-09T13:43:12.062790Z,2026-06-09T13:43:24.105401Z,202,completed,2018,2369,f112958ae7d8:1:c6556fdc,1476737,000005260cc9d58e4156237771b760d5f883779e7862c3336e1e4c928242ddff,172.0,12214.615,1,
b99f4835-e9a0-4ac5-8cfc-f7dd7af28253,d220a3c0-17a2-4650-b07a-1a906912c964,426fdd7a-37cb-40d9-b4fc-e698563caa9d,10,workload-20260609T133920373955Z,3,2,2,2026-06-09T13:43:12.000786Z,2026-06-09T13:43:12.136790Z,2026-06-09T13:43:24.177398Z,202,completed,2825,3299,0616728b7286:1:dc31dacf,922760,00000868503288202e5d5d2c706849b275ecc2e8fba94fc17eda8a544d29ab42,141.0,12176.612,1,
d6b0273c-c81b-4985-8b87-1c3000288301,da8e88b7-0e31-4711-9231-518df6dadc88,426fdd7a-37cb-40d9-b4fc-e698563caa9d,10,workload-20260609T133920373955Z,4,2,2,2026-06-09T13:43:12.095785Z,2026-06-09T13:43:12.218790Z,2026-06-09T13:43:24.162401Z,202,completed,3347,3862,0616728b7286:1:1b4eabba,1111567,00000aaf80725db9fd99e1fc91de9be9e8009fdda9ad5cb6d24ae8d6c8b02c51,125.0,12066.616,1,
2f22b9f2-1b2e-48e4-a799-8c5ee762384c,af3999d4-0056-49d1-aab5-4fb08837c2d5,426fdd7a-37cb-40d9-b4fc-e698563caa9d,10,workload-20260609T133920373955Z,5,2,2,2026-06-09T13:43:12.190786Z,2026-06-09T13:43:12.324790Z,2026-06-09T13:43:24.123402Z,202,completed,212,1187,f112958ae7d8:1:047a4cf0,133941,000006afeb7d497ecaa7ba252980fea5a4ece653801229f9259041f46110545b,141.0,11932.616,1,
d6e3dbcc-3c57-422d-bd4d-5178cf6bd128,f39abe6c-5466-4a7a-b974-6524d6b4f7e8,426fdd7a-37cb-40d9-b4fc-e698563caa9d,10,workload-20260609T133920373955Z,6,2,2,2026-06-09T13:43:12.283785Z,2026-06-09T13:43:12.422790Z,2026-06-09T13:43:24.162401Z,202,completed,3644,4973,f112958ae7d8:1:0fdac4ef,2592833,00000a5dacc978dc46e13b1511fb9572d267fa9425163c20a960c2f582bfc8bf,140.0,11878.616,1,
0881e38c-90f9-4cd7-ba1c-85f036d079ef,40c9deec-6858-44d9-ae1f-b0aa137c566b,426fdd7a-37cb-40d9-b4fc-e698563caa9d,10,workload-20260609T133920373955Z,7,2,2,2026-06-09T13:43:12.378787Z,2026-06-09T13:43:12.512790Z,2026-06-09T13:43:24.179398Z,202,completed,90,2333,f112958ae7d8:1:34ab2de6,52829,00000a67a170778f45523eafa3f8c89c3720e155258bbac42a6e5840ed3dd7f8,141.0,11800.611,1,
6bc858cc-228a-42d3-8027-e340e9a35d92,c03dc43b-2970-4b6d-9d6a-c98f7c1dfb3f,426fdd7a-37cb-40d9-b4fc-e698563caa9d,10,workload-20260609T133920373955Z,8,2,2,2026-06-09T13:43:12.488786Z,2026-06-09T13:43:12.610788Z,2026-06-09T13:43:24.158402Z,202,completed,1041,3615,f112958ae7d8:1:0efbb086,588784,00000b057cc349e46c19ebe847bfd857f828b5ac36d8e3e54f2e61b0120a36b5,125.0,11669.616,1,
01eba6cf-4480-4654-a392-ec529e5ef0f7,da0c01ce-0a8f-4137-916f-5b3dc28ba133,426fdd7a-37cb-40d9-b4fc-e698563caa9d,10,workload-20260609T133920373955Z,9,2,2,2026-06-09T13:43:12.597787Z,2026-06-09T13:43:12.717790Z,2026-06-09T13:43:24.163402Z,202,completed,605,3772,0616728b7286:1:81f71dfc,241663,000009493070a541a6954af82cb15cd835334364231d926fe0eac6c4f4c96515,125.0,11565.615,1,
de95f1b2-615c-4e18-b203-282524d0004c,25ae96e2-22ce-42f5-9001-2f291d0111b6,426fdd7a-37cb-40d9-b4fc-e698563caa9d,10,workload-20260609T133920373955Z,10,2,2,2026-06-09T13:43:12.691790Z,2026-06-09T13:43:12.825788Z,2026-06-09T13:43:24.207398Z,202,completed,1923,5358,0616728b7286:1:5350b6a7,715843,00000671ceebf7de1b734d22d83afe9ca8283da5efd1dedeb8c855c187fe27c0,141.0,11515.608,1,
22672384-bf22-431e-9a74-634ad177972c,dedbfbfe-12bb-438d-8539-4ba8c848fd94,426fdd7a-37cb-40d9-b4fc-e698563caa9d,10,workload-20260609T133920373955Z,11,2,2,2026-06-09T13:43:12.784788Z,2026-06-09T13:43:12.915790Z,2026-06-09T13:43:24.197399Z,202,completed,1621,5125,f112958ae7d8:1:4b38084e,1037549,00000f1ccfe6595f847bd966a082df5724cc6ed3cd67309d99ac3888fe5397b7,125.0,11412.611,1,
ff6ac3ca-64ed-40c5-883d-9fbdea6985ef,cc65fad9-4774-45df-9bfb-171b1096e202,426fdd7a-37cb-40d9-b4fc-e698563caa9d,10,workload-20260609T133920373955Z,12,2,2,2026-06-09T13:43:12.893787Z,2026-06-09T13:43:13.029791Z,2026-06-09T13:43:24.196401Z,202,completed,4984,8760,0616728b7286:1:40d25457,1621212,00000c3968e8bbfc274e9f37e124d54734dc792a39c4541afe29157bf7e26b01,141.0,11302.614,1,
14d56c05-815e-4df7-a535-b9b80148fb32,d586ccee-4c99-4edc-844d-0b56938f6b22,426fdd7a-37cb-40d9-b4fc-e698563caa9d,10,workload-20260609T133920373955Z,13,2,2,2026-06-09T13:43:13.004791Z,2026-06-09T13:43:13.129788Z,2026-06-09T13:43:24.200401Z,202,completed,1678,6231,f112958ae7d8:1:0bc2ef1a,1331559,0000029ab91afc9a16d1bd3136f136c5ec08b204309336f7e2acbbdafd7f1657,125.0,11195.61,1,
9bd20142-7bbd-40ee-ae16-21faaf20c32c,6ed34135-b7f8-426c-9abc-480889b136bc,426fdd7a-37cb-40d9-b4fc-e698563caa9d,10,workload-20260609T133920373955Z,14,2,2,2026-06-09T13:43:13.081790Z,2026-06-09T13:43:13.220788Z,2026-06-09T13:43:24.263402Z,202,completed,273,5496,f112958ae7d8:1:09913a03,157920,00000941d3256d85fc1928c38927fcedadf4642824c5a41c4549ae6e04b3e596,140.0,11181.612,1,
0a9e2661-ba1e-4e94-8b91-e5c37dec66ac,1dd4f244-ceb0-41d4-879c-28946ded961b,426fdd7a-37cb-40d9-b4fc-e698563caa9d,10,workload-20260609T133920373955Z,15,2,2,2026-06-09T13:43:13.190790Z,2026-06-09T13:43:13.323787Z,2026-06-09T13:43:24.216402Z,202,completed,2370,7530,0616728b7286:1:392f6826,704964,000008f17c248e9ffb09f1788927e38c400c56058fd0b171e145cedab9f5a207,125.0,11025.612,1,
f8fc2d79-39aa-47e8-8671-9c5b698a13ef,fea0685f-a90a-491b-8826-6866d92b23cd,426fdd7a-37cb-40d9-b4fc-e698563caa9d,10,workload-20260609T133920373955Z,16,2,2,2026-06-09T13:43:13.299788Z,2026-06-09T13:43:13.432788Z,2026-06-09T13:43:24.173402Z,202,completed,1863,7355,f112958ae7d8:1:2fff2bf7,1299949,00000504aca8df972db1b8b724281fc7efa31f3fd95759f28382a8659b44073e,125.0,10873.614,1,
f119ff69-f510-4321-86bb-5093a49e8901,c7dc0e31-b756-4f22-9190-c72816332308,426fdd7a-37cb-40d9-b4fc-e698563caa9d,10,workload-20260609T133920373955Z,17,2,2,2026-06-09T13:43:13.393789Z,2026-06-09T13:43:13.512838Z,2026-06-09T13:43:24.248402Z,202,completed,2347,8414,f112958ae7d8:1:561e3a3b,1503582,000009cdfdcf28530854c66dbdc23c93d5e1a10121759f7500660dfb9ed1886c,125.0,10854.613,1,
e4cdd340-e7ed-4bb4-b428-3617c261d1b0,dd65b755-23a0-4c11-8a3b-269e3d3bb1f8,426fdd7a-37cb-40d9-b4fc-e698563caa9d,10,workload-20260609T133920373955Z,18,2,2,2026-06-09T13:43:13.501835Z,2026-06-09T13:43:13.635839Z,2026-06-09T13:43:24.265402Z,202,completed,2165,9632,f112958ae7d8:1:afe64d9a,1527352,00000ae08156d383b497f85842c403aa4a679911f916a69b3e90d9511b90ebcc,125.0,10763.567,1,
8561a647-4321-4c81-b5a3-e23630377a08,f0a51576-0508-4ba8-b995-48e70d63de8d,426fdd7a-37cb-40d9-b4fc-e698563caa9d,10,workload-20260609T133920373955Z,19,2,2,2026-06-09T13:43:13.580835Z,2026-06-09T13:43:13.703838Z,2026-06-09T13:43:32.660456Z,202,completed,10448,18000,0616728b7286:1:0b6adc1c,3094339,00000ac8254a9117c52807af35eb53b764b9417f93ab0f9f715da1b6bcb53fa7,125.0,19079.621,4,
f3aa7dec-c26f-405b-8f10-7f34205fea75,e3f82ad0-2beb-4a47-8948-dd416e82d2d5,426fdd7a-37cb-40d9-b4fc-e698563caa9d,10,workload-20260609T133920373955Z,20,2,2,2026-06-09T13:43:13.703838Z,2026-06-09T13:43:13.833901Z,2026-06-09T13:43:37.736888Z,202,completed,15693,23851,0616728b7286:1:7f620d7e,4864015,00000c60134df2f839bdd9cbbe8a2bbd96ee5a4234c9b6eb3e74a8d9a7d40111,125.0,24033.05,7,
d03839b9-8736-4f17-872f-5d7e31b10d68,9e4ce79a-e916-4024-b43d-18b9a979b213,426fdd7a-37cb-40d9-b4fc-e698563caa9d,10,workload-20260609T133920373955Z,21,2,2,2026-06-09T13:43:13.798900Z,2026-06-09T13:43:13.933648Z,2026-06-09T13:43:24.218402Z,202,completed,406,8674,f112958ae7d8:1:e2fedf81,241004,0000053e4dd3743e64abbdfd3f7a5fad8ebc0f1966e85ae65e86ad76b1a7719d,141.0,10419.502,1,
f16f97d0-10af-47fd-89e2-839d7ee6b0db,70a5d9c6-a829-401a-bc78-39aa0cc17cd9,426fdd7a-37cb-40d9-b4fc-e698563caa9d,10,workload-20260609T133920373955Z,22,2,2,2026-06-09T13:43:13.892648Z,2026-06-09T13:43:14.012221Z,2026-06-09T13:43:24.246401Z,202,completed,934,9912,f112958ae7d8:1:264a0f9c,729033,00000e712f28e97541073b99b35e4b4bd6dab0e11db887dcdc6a8e9086be2fe5,125.0,10353.753,1,
b2abafe8-e7c0-4a86-aee6-a6ff41566489,2dfdc6bf-a436-47e5-8671-04f848946e1c,426fdd7a-37cb-40d9-b4fc-e698563caa9d,10,workload-20260609T133920373955Z,23,2,2,2026-06-09T13:43:13.985648Z,2026-06-09T13:43:14.122218Z,2026-06-09T13:43:28.162300Z,202,completed,4203,13760,f112958ae7d8:1:275ac145,2740149,000008563639f7ea0dde8952dcf861698a4fbcda59e50f02b6d08fb29d58eb02,140.0,14176.652,2,
a12d0f77-ff48-48e3-a218-46fef5b6f5f9,6dac216f-23c1-429c-b0aa-f41ea14f248a,426fdd7a-37cb-40d9-b4fc-e698563caa9d,10,workload-20260609T133920373955Z,24,2,2,2026-06-09T13:43:14.078221Z,2026-06-09T13:43:14.211218Z,2026-06-09T13:43:29.901261Z,202,completed,4353,14317,f112958ae7d8:1:19402a75,2737680,0000002ea40db40eb0832f5dfdd33671eb0973d2139f08537a0ac5811c9b8d41,125.0,15823.04,3,
acb61d4d-cb6a-45f3-9757-cafc2998e494,d97fe87c-4a3e-447f-b8d3-384e42f22a9c,426fdd7a-37cb-40d9-b4fc-e698563caa9d,10,workload-20260609T133920373955Z,25,2,2,2026-06-09T13:43:14.188217Z,2026-06-09T13:43:14.329218Z,2026-06-09T13:43:31.271303Z,202,completed,2560,16310,f112958ae7d8:1:e89b1cc9,1754381,00000f39d66df99d75358201b4712d733e2d6f40d4a4d5720e46dc034eb38b77,141.0,17083.086,4,
867ba065-9d90-4477-b0f4-ad0b8976ae0f,46a7e3d1-1a3b-4ed3-976d-f0202b6287fb,426fdd7a-37cb-40d9-b4fc-e698563caa9d,10,workload-20260609T133920373955Z,26,2,2,2026-06-09T13:43:14.296217Z,2026-06-09T13:43:14.434217Z,2026-06-09T13:43:30.886302Z,202,completed,816,15288,f112958ae7d8:1:c1f14a0a,488163,00000cf706d20b9fb18b11d8e8e8ba0cc4ba8c5b6c9106da769a5f1e13f8e9a6,141.0,16590.085,4,
3791a799-f486-4999-9934-b7ac2111aea9,25a098d3-1b10-4b9b-b231-d1d63add72e8,426fdd7a-37cb-40d9-b4fc-e698563caa9d,10,workload-20260609T133920373955Z,27,2,2,2026-06-09T13:43:14.389218Z,2026-06-09T13:43:14.510218Z,2026-06-09T13:43:33.227457Z,202,completed,795,16184,f112958ae7d8:1:df33b358,502970,0000079306fda26d50ca49a5a11b8418f0a50755cd90fadde5781dd8f206404e,109.0,18838.239,4,
e4b68936-3550-4be9-a7ab-8f6203a03f67,0fbe1606-2a32-4904-abf3-f759cb3646a2,426fdd7a-37cb-40d9-b4fc-e698563caa9d,10,workload-20260609T133920373955Z,28,2,2,2026-06-09T13:43:14.483218Z,2026-06-09T13:43:14.601221Z,2026-06-09T13:43:33.925301Z,202,completed,1243,17785,f112958ae7d8:1:b85f016c,819274,000003ef32abe43bb58a9c67d7a30c6ae4811cea199a3b91e9fad838948ac839,109.0,19442.083,6,
b3994f9d-7ebd-4ca5-9bda-41fc9940c3b3,aec089e1-1df9-4616-9b35-be4d89dcfed4,426fdd7a-37cb-40d9-b4fc-e698563caa9d,10,workload-20260609T133920373955Z,29,2,2,2026-06-09T13:43:14.592220Z,2026-06-09T13:43:14.727221Z,2026-06-09T13:43:31.302301Z,202,completed,198,16526,f112958ae7d8:1:9c53bcbc,107549,0000034373f886fda668d7f96dd81e770abcd2d994a07275d8597ed5c2f74930,125.0,16710.081,4,
a2c54a3c-f239-4716-9ba8-241293456374,567640d6-48f5-4683-a2e7-2231f0fc1e71,426fdd7a-37cb-40d9-b4fc-e698563caa9d,10,workload-20260609T133920373955Z,30,2,2,2026-06-09T13:43:14.702221Z,2026-06-09T13:43:14.837220Z,2026-06-09T13:43:32.766456Z,202,completed,804,17631,f112958ae7d8:1:8e3fa1df,454194,000000641fe014233d2ffe0131068e3e4ae6f6a7cc207057ab4308aae88c400a,125.0,18064.235,6,
a7e55bd3-b40b-467f-9e51-196db6c16391,be67e00c-8850-4122-94b4-1f3e187e485e,426fdd7a-37cb-40d9-b4fc-e698563caa9d,10,workload-20260609T133920373955Z,31,2,2,2026-06-09T13:43:14.796221Z,2026-06-09T13:43:14.931222Z,2026-06-09T13:43:33.627300Z,202,completed,971,18000,0616728b7286:1:27247af3,286083,00000300c40e963fc6033f373a232ae1582a5211356f322c6fbe1421f2d3e268,125.0,18831.079,5,
5d318a78-e6f3-4120-821b-d8003b2a649f,c8bb005d-29a0-436a-9027-ea3dd17f19cc,426fdd7a-37cb-40d9-b4fc-e698563caa9d,10,workload-20260609T133920373955Z,32,2,2,2026-06-09T13:43:14.891219Z,2026-06-09T13:43:15.044108Z,2026-06-09T13:43:35.399314Z,202,completed,1121,18941,f112958ae7d8:1:652368a8,705614,0000089a868224f8d2a3d15e6e0d7e5141f3f498828179196252dab65eb98243,156.0,20508.095,6,
a23937d8-bdf7-49e3-9cbd-3565c4a4244a,c5d91f51-ebe0-401f-94bc-105adf4c4513,426fdd7a-37cb-40d9-b4fc-e698563caa9d,10,workload-20260609T133920373955Z,33,2,2,2026-06-09T13:43:15.001109Z,2026-06-09T13:43:15.151108Z,2026-06-09T13:43:36.639361Z,202,completed,3308,20984,f112958ae7d8:1:23155993,2151227,000007dc87b86c1411bbf2d4c51759d17b220b02be68dcdd6be40e0db9c71bf7,141.0,21638.252,5,
2ab943d8-9ff8-4b28-9c95-223ba0b6c74a,298b4bd0-0a6f-49e6-9564-1a656a4eddde,426fdd7a-37cb-40d9-b4fc-e698563caa9d,10,workload-20260609T133920373955Z,34,2,2,2026-06-09T13:43:15.094111Z,2026-06-09T13:43:15.226110Z,2026-06-09T13:43:34.284301Z,202,completed,800,18865,0616728b7286:1:277b8d04,247861,000005e8dff6088c69f3908f35c2f4fe89689837508ba57af7fcd2319fc53523,125.0,19190.19,5,
69100a06-ee8a-44bf-86a6-033970fe023c,74ab8f2c-c0c3-4bb2-98b6-4dcc9890f696,426fdd7a-37cb-40d9-b4fc-e698563caa9d,10,workload-20260609T133920373955Z,35,2,2,2026-06-09T13:43:15.205106Z,2026-06-09T13:43:15.328110Z,2026-06-09T13:43:38.382888Z,202,completed,3208,22067,f112958ae7d8:1:6fb28c9e,2054152,000002a242a1082e1d03e6af594dd3aa705c0fbdd279e899ae95ecd3c8a62588,125.0,23177.782,8,
3b5e1618-21b1-45fd-94a4-f535f27942f5,fd103f4d-f19c-4789-8add-56d7b6397531,426fdd7a-37cb-40d9-b4fc-e698563caa9d,10,workload-20260609T133920373955Z,36,2,2,2026-06-09T13:43:15.299107Z,2026-06-09T13:43:15.435108Z,2026-06-09T13:43:35.898314Z,202,completed,930,19840,0616728b7286:1:53f0902c,286118,000001007e3a53c3d73693c140646b90be516e48daa2d6c34604ee04f18e0e1d,141.0,20599.207,8,
c16c78b3-8bda-481e-b5b0-6bba8022c345,752f8936-a4c0-466b-8d3c-7cc55cac603b,426fdd7a-37cb-40d9-b4fc-e698563caa9d,10,workload-20260609T133920373955Z,37,2,2,2026-06-09T13:43:15.394107Z,2026-06-09T13:43:15.529126Z,2026-06-09T13:43:47.853454Z,202,completed,10937,31252,0616728b7286:1:1c7d11f8,3321291,00000a2357fc07664c9d48e933892bb9961996962f3a4be4d7e239e2fff46e18,141.0,32459.347,17,
30b00979-5e55-4df8-a497-5446c52a765a,e4aa3f5a-3741-4c36-b96b-e9517c7c9498,426fdd7a-37cb-40d9-b4fc-e698563caa9d,10,workload-20260609T133920373955Z,38,2,2,2026-06-09T13:43:15.489154Z,2026-06-09T13:43:15.606126Z,2026-06-09T13:43:37.086885Z,202,completed,114,20887,f112958ae7d8:1:bdc7f978,65840,00000fe023f8766376fd0af0b2863c1c981abd7329619efde1dee31f7d4765c1,125.0,21597.731,6,
cb5f71ca-1cf3-4acb-83ae-84779e3d848c,aacab65a-76c1-45fa-be21-d2beac285d8b,426fdd7a-37cb-40d9-b4fc-e698563caa9d,10,workload-20260609T133920373955Z,39,2,2,2026-06-09T13:43:15.583123Z,2026-06-09T13:43:15.707126Z,2026-06-09T13:43:40.287887Z,202,completed,3144,24262,f112958ae7d8:1:a175d2a6,2115197,000000e554d6171376b6ea5a160b122ed9879c5d085f5e7e6b2f86c6799b5503,125.0,24704.764,9,
baa90ab1-a666-4825-b1ac-7084fd6a745d,b1e4e944-b145-4b56-a3b3-1352fe40c018,426fdd7a-37cb-40d9-b4fc-e698563caa9d,10,workload-20260609T133920373955Z,40,2,2,2026-06-09T13:43:15.680123Z,2026-06-09T13:43:15.810127Z,2026-06-09T13:43:40.095887Z,202,completed,1538,23504,f112958ae7d8:1:111f52ab,829842,0000083615eea083d77ce47445eea1d38f3f2578f146c353d488bcb4620e31b6,141.0,24415.764,9,
4ba0e54a-6ed5-4e9b-aef7-3f8a9d20aae7,e9cebcd0-f451-43db-b340-3076c5147a8e,426fdd7a-37cb-40d9-b4fc-e698563caa9d,10,workload-20260609T133920373955Z,41,2,2,2026-06-09T13:43:15.791123Z,2026-06-09T13:43:15.925655Z,2026-06-09T13:43:45.619240Z,202,completed,7206,29199,0616728b7286:1:ccf1116e,1958356,00000295a1eae5f155a8486bf08c5a47a09bb06d4355327ed51dafde4246e4e9,140.0,29828.117,16,
fce0de25-cba0-4adc-884b-642954afa406,df4d53d1-191d-4e83-bc20-c18165b8c1e7,426fdd7a-37cb-40d9-b4fc-e698563caa9d,10,workload-20260609T133920373955Z,42,2,2,2026-06-09T13:43:15.886125Z,2026-06-09T13:43:16.020620Z,2026-06-09T13:43:45.898242Z,202,completed,6023,29575,f112958ae7d8:1:97e9469d,3774987,00000bd19b62b837eb2912915b69714497ad9394195696ec07d2aeed690a428f,141.0,30012.117,14,
5c16f205-0df5-4b6b-81ad-08601112ecf6,015197b6-7f6c-434f-8fc3-1e5baa5638da,426fdd7a-37cb-40d9-b4fc-e698563caa9d,10,workload-20260609T133920373955Z,43,2,2,2026-06-09T13:43:15.994616Z,2026-06-09T13:43:16.116620Z,2026-06-09T13:43:42.590583Z,202,completed,1565,25777,f112958ae7d8:1:ecd26e68,933846,00000071c992812dd7d922ee09847ae321480a206b20965baef864d5aef3de5b,125.0,26595.967,13,
ddafada1-080b-4b52-a16e-544edbe0b5ba,0aeb7a91-6bb0-4fec-9b12-175c9fb9506b,426fdd7a-37cb-40d9-b4fc-e698563caa9d,10,workload-20260609T133920373955Z,44,2,2,2026-06-09T13:43:16.102616Z,2026-06-09T13:43:16.235621Z,2026-06-09T13:43:50.099094Z,202,completed,7077,33279,f112958ae7d8:1:2572871e,4670046,00000e86cc255d3fe4eefcc964027e09b273ce8a7cea1da23a9ce293476ba089,141.0,33996.478,20,
7e65d8f3-a557-433c-8fba-2c5510b239d2,e935b071-ec23-4b20-92b9-347b1afdfc5c,426fdd7a-37cb-40d9-b4fc-e698563caa9d,10,workload-20260609T133920373955Z,45,2,2,2026-06-09T13:43:16.195618Z,2026-06-09T13:43:16.353619Z,2026-06-09T13:43:46.917468Z,202,completed,915,30019,0616728b7286:1:195bb980,247992,0000015731bd1390fb000bb9ad05fc3077cfc892ebda181203578b1413bf1305,156.0,30721.85,14,
7b2470a6-1717-4325-a47a-11e27d6eede4,7ea2841a-7801-4e3b-a0c7-e77dfb58f957,426fdd7a-37cb-40d9-b4fc-e698563caa9d,10,workload-20260609T133920373955Z,46,2,2,2026-06-09T13:43:16.289618Z,2026-06-09T13:43:16.429621Z,2026-06-09T13:43:48.965456Z,202,completed,2007,31609,f112958ae7d8:1:0da42160,1147271,000009e0a132be47266a9c08186a0bf48c9d4fbbfd0ac388737f68c109a646bc,140.0,32675.838,18,
57ba7238-7fb6-4e5b-933b-0e1a83c8913e,47d1b272-2488-4b5b-89a4-95e2863b44cc,426fdd7a-37cb-40d9-b4fc-e698563caa9d,10,workload-20260609T133920373955Z,47,2,2,2026-06-09T13:43:16.400617Z,2026-06-09T13:43:16.522617Z,2026-06-09T13:43:47.638110Z,202,completed,236,30323,0616728b7286:1:cafd3768,132011,00000d9ec69d9373d6d625e10def4c8e3310b63c3282315ab912c31916ed40e6,125.0,31237.493,18,
9df87124-e21d-4bda-9d48-f879d56592cf,422fbfec-ee08-4840-856c-82ab4f5f1ab8,426fdd7a-37cb-40d9-b4fc-e698563caa9d,10,workload-20260609T133920373955Z,48,2,2,2026-06-09T13:43:16.495616Z,2026-06-09T13:43:16.627621Z,2026-06-09T13:43:47.899452Z,202,completed,9,30777,0616728b7286:1:526bd0f2,6427,00000e5d8da6a26e35931fa88bf5303462806e7973ad172246b0815c935affb9,140.0,31403.836,17,
1487639f-49df-4023-8c4b-66f1d843a31b,66b7e174-b4c3-4ef2-ab09-dbae0aa25a04,426fdd7a-37cb-40d9-b4fc-e698563caa9d,10,workload-20260609T133920373955Z,49,2,2,2026-06-09T13:43:16.589619Z,2026-06-09T13:43:16.726620Z,2026-06-09T13:43:49.194455Z,202,completed,716,31348,0616728b7286:1:0799bfa6,331538,00000c9ea8f77ee2356cec339146705afb5c87cd389f5e31bc3ea40b94109a73,140.0,32604.836,19,
f3f0d1f3-9405-46f2-b59d-572b476146dd,e3b4bb24-047c-4a5a-8e95-bf4b68c481c6,426fdd7a-37cb-40d9-b4fc-e698563caa9d,10,workload-20260609T133920373955Z,50,2,2,2026-06-09T13:43:16.699617Z,2026-06-09T13:43:16.817621Z,2026-06-09T13:43:49.953096Z,202,completed,1327,32169,0616728b7286:1:00ab8955,509545,000008393812be212cf6d4f7360dd13cedef114e75a13d215c6f2758786e740f,109.0,33253.479,18,
392a426b-3ce6-4d98-b826-15d0a477dd97,6f5a31e9-e5eb-4a26-be8d-a21b4e7f707f,426fdd7a-37cb-40d9-b4fc-e698563caa9d,10,workload-20260609T133920373955Z,51,2,2,2026-06-09T13:43:16.793616Z,2026-06-09T13:43:16.925621Z,2026-06-09T13:43:49.180456Z,202,completed,412,31767,f112958ae7d8:1:0e9b53a4,229979,00000ff74a6a4f59333c86b9eb381ff1ae46a7b5e9db4a967de37be96e76df01,125.0,32386.84,16,
1d58b058-2d16-402e-833d-eabddc489ea5,8e1d7e1e-00cc-4b0b-824c-a618354e33cd,426fdd7a-37cb-40d9-b4fc-e698563caa9d,10,workload-20260609T133920373955Z,52,2,2,2026-06-09T13:43:16.887616Z,2026-06-09T13:43:17.018622Z,2026-06-09T13:43:52.962973Z,202,completed,3539,34919,0616728b7286:1:d2d34021,1061706,00000df118f511d2ca1ebdfa8b6d3aaa6b0cdf7aefcd7e97f02491c30b6c8ffe,125.0,36075.357,20,
52fb65b1-6521-4c7e-b5f4-b703bcceec98,7c52019d-83d2-492e-a223-9bc6ea196b77,426fdd7a-37cb-40d9-b4fc-e698563caa9d,10,workload-20260609T133920373955Z,53,2,2,2026-06-09T13:43:16.997616Z,2026-06-09T13:43:17.131620Z,2026-06-09T13:43:49.507456Z,202,completed,18,31973,f112958ae7d8:1:5dd7f562,10828,00000223c439d9bcb93c58fcee0e84d059c3a1ba036ca963f633e7d14162a4d8,125.0,32509.84,17,
12478bb0-9e13-444c-8404-2f4cd9e16fdc,c60a2da5-707a-4e20-bf19-5bcf9f02c058,426fdd7a-37cb-40d9-b4fc-e698563caa9d,10,workload-20260609T133920373955Z,54,2,2,2026-06-09T13:43:17.092616Z,2026-06-09T13:43:17.209619Z,2026-06-09T13:43:53.879075Z,202,completed,3307,35568,0616728b7286:1:4b9a2a49,1136826,000000544954fca5dd9cd12a91ea39d1f626a67f3affd52764c7251139679327,110.0,36786.459,20,
67db1443-50ec-4469-81b4-32c3bc27ce93,b008c90a-161c-4e85-9f05-96560eb142d4,426fdd7a-37cb-40d9-b4fc-e698563caa9d,10,workload-20260609T133920373955Z,55,2,2,2026-06-09T13:43:17.201616Z,2026-06-09T13:43:17.338620Z,2026-06-09T13:43:49.851489Z,202,completed,203,32273,f112958ae7d8:1:34d0aaa4,221562,00000ea0056e45d2dee50657ff494c533e21d1c097c813b5e8ccccc563fe629f,125.0,32649.873,19,
003aa372-1288-418c-a19b-16e5baa2a0eb,f5f5d662-3bf5-4a0c-889a-13df72ca1687,426fdd7a-37cb-40d9-b4fc-e698563caa9d,10,workload-20260609T133920373955Z,56,2,2,2026-06-09T13:43:17.296616Z,2026-06-09T13:43:17.417622Z,2026-06-09T13:43:51.623894Z,202,completed,1240,33622,f112958ae7d8:1:067c10ab,998460,0000054f7c22af66341a0dd5a045ea8aaa9c9c0868d786422b7fa70b0d60d163,110.0,34327.278,18,
5356f71b-f436-4b42-93e0-ab7dd0b3a323,8ab7f8d0-de44-4ebb-a2bd-cadd933a007f,426fdd7a-37cb-40d9-b4fc-e698563caa9d,10,workload-20260609T133920373955Z,57,2,2,2026-06-09T13:43:17.392616Z,2026-06-09T13:43:17.550621Z,2026-06-09T13:43:51.466097Z,202,completed,687,33133,f112958ae7d8:1:748da2ee,405328,00000cc6242e7a4a9132a95bcf9d904000edc02ee817515f8de65588b219f508,156.0,34073.481,19,
23835960-67f8-48c5-98a2-7e91523fa9d8,bc72379f-a5bf-43e1-90e3-ea9c9b38ae8d,426fdd7a-37cb-40d9-b4fc-e698563caa9d,10,workload-20260609T133920373955Z,58,2,2,2026-06-09T13:43:17.502618Z,2026-06-09T13:43:17.642621Z,2026-06-09T13:43:51.320095Z,202,completed,31,33494,f112958ae7d8:1:4075efe7,16471,0000048e975ac9a8ec81921e04cf0625399482ddd8bd7421e749000d4ea2c409,141.0,33817.477,19,
8d38159a-eb27-4d53-90a1-879eb7a5494c,6682801e-92ab-444a-8107-fa61dd3e0ae5,426fdd7a-37cb-40d9-b4fc-e698563caa9d,10,workload-20260609T133920373955Z,59,2,2,2026-06-09T13:43:17.598617Z,2026-06-09T13:43:17.718622Z,2026-06-09T13:43:51.923259Z,202,completed,401,34148,f112958ae7d8:1:90c86e85,269374,00000808048aadaae7e04c955f7b1fbd0ca9fd4da554311e79889cac7c00e414,125.0,34324.642,20,
0e88637f-189e-480b-8860-5c2096d8decb,ad909771-a855-447a-929f-f29e65193e20,426fdd7a-37cb-40d9-b4fc-e698563caa9d,10,workload-20260609T133920373955Z,60,2,2,2026-06-09T13:43:17.694622Z,2026-06-09T13:43:17.829622Z,2026-06-09T13:43:52.905973Z,202,completed,1103,34872,f112958ae7d8:1:36f3bd47,916511,00000085cec0edfff75f6504881aac792d813123f9aa9ab128b98006b9ba2606,141.0,35211.351,22,
06ecd87f-9d72-4fe4-a4be-74ab6dfb7995,494db0e4-c378-4756-ae02-bea4c6cdf987,426fdd7a-37cb-40d9-b4fc-e698563caa9d,10,workload-20260609T133920373955Z,61,2,2,2026-06-09T13:43:17.788618Z,2026-06-09T13:43:17.955619Z,2026-06-09T13:43:53.131987Z,202,completed,144,34368,f112958ae7d8:1:5eb3c618,79680,000008512229626365a1aecf4a34dc7f98495d68b0ca56f91bc214083b8f61f3,172.0,35343.369,21,
dc6c6c42-b294-4df6-bda8-1884b9ee06b7,efc4a98a-14c4-45e2-b145-5e071c62c3f4,426fdd7a-37cb-40d9-b4fc-e698563caa9d,10,workload-20260609T133920373955Z,62,2,2,2026-06-09T13:43:17.897616Z,2026-06-09T13:43:18.053620Z,2026-06-09T13:43:52.487974Z,202,completed,235,34340,0616728b7286:1:1a4a9ea7,65070,00000e02cd6706c05874c22a6d63e0e8f31735cdee557cdb7aab1e07a81f1fda,156.0,34590.358,22,
ec50c67d-9d34-4dfd-bec0-31fb071526bb,29a20850-f812-40fe-800d-0875b2a3bfa7,426fdd7a-37cb-40d9-b4fc-e698563caa9d,10,workload-20260609T133920373955Z,63,2,2,2026-06-09T13:43:17.992617Z,2026-06-09T13:43:18.113977Z,2026-06-09T13:43:54.156605Z,202,completed,393,34977,f112958ae7d8:1:702c4054,418054,00000b1388eedbad5242bce506eaa249daa4af79206af47ee3ab632dabd61af2,125.0,36163.988,21,
7a0138ec-196b-49a2-8192-d74e697a8719,95a3d121-6012-45b8-b648-7421aa14df59,426fdd7a-37cb-40d9-b4fc-e698563caa9d,10,workload-20260609T133920373955Z,64,2,2,2026-06-09T13:43:18.102042Z,2026-06-09T13:43:18.233978Z,2026-06-09T13:43:55.267988Z,202,completed,1429,35984,0616728b7286:1:6f5b789a,554933,00000326f6a48ff81ce3fd1a9a6b2cbceea8f352d4d7ea4a012071a986fc6c0d,141.0,37165.946,22,
b8c9594f-277f-4fc7-b189-d3f034bbb747,5f2fc223-02be-4ecf-9059-537c67947fac,426fdd7a-37cb-40d9-b4fc-e698563caa9d,10,workload-20260609T133920373955Z,65,2,2,2026-06-09T13:43:18.197976Z,2026-06-09T13:43:18.370978Z,2026-06-09T13:43:53.635030Z,202,completed,460,35234,f112958ae7d8:1:9fc4f526,484157,000007b29d26f4ac1e3c3d67203414c8439d3ca2d8e8a3c92db286d11ff412c7,172.0,35437.054,20,
b761d166-639b-482d-a3a2-347b4f12ee85,a3f0d84b-d67b-449c-bb3b-67ea8ee8d036,426fdd7a-37cb-40d9-b4fc-e698563caa9d,10,workload-20260609T133920373955Z,66,2,2,2026-06-09T13:43:18.291974Z,2026-06-09T13:43:18.421979Z,2026-06-09T13:43:54.623119Z,202,completed,1180,35887,0616728b7286:1:8c268be4,390146,00000a75cdf21e5dcf1cab4a8286d800e65cc0c69ec4dd128f76fb2300c8750e,140.0,36331.145,22,
de536156-bc69-4e03-b539-34a72852725c,9ceb94b5-2593-4078-9b0e-fd0583b35ff4,426fdd7a-37cb-40d9-b4fc-e698563caa9d,10,workload-20260609T133920373955Z,67,2,2,2026-06-09T13:43:18.402973Z,2026-06-09T13:43:18.526979Z,2026-06-09T13:43:56.400943Z,202,completed,2159,37094,f112958ae7d8:1:4a7dda77,1614359,00000fa52c9adf2d80e5db9eec55365f3f924a685fe702db8cdf73c6ba10b9aa,109.0,37997.97,23,
4916ad2f-de05-4837-9979-4fe3a61f5b33,510c74e2-5bee-4b0a-a649-b8c1de50fab5,426fdd7a-37cb-40d9-b4fc-e698563caa9d,10,workload-20260609T133920373955Z,68,2,2,2026-06-09T13:43:18.496977Z,2026-06-09T13:43:18.629978Z,2026-06-09T13:43:55.277988Z,202,completed,664,35842,f112958ae7d8:1:9e1fda38,365468,00000cf11a628e5e42e7b2a2422025c5ba846774cd9ee309cb6dec1e67b6fdac,125.0,36781.011,22,
f825bba3-0bd2-4d02-b22d-56e34fc5549b,19ebdf03-04bc-4a24-af84-71ea1485269b,426fdd7a-37cb-40d9-b4fc-e698563caa9d,10,workload-20260609T133920373955Z,69,2,2,2026-06-09T13:43:18.604974Z,2026-06-09T13:43:18.741978Z,2026-06-09T13:43:57.083944Z,202,completed,2299,38257,0616728b7286:1:6eae56b5,900255,000004c7d889fb866bbf988bf134af9d985923823078dba42e33db62ee401c6c,141.0,38478.97,26,
9d56ff1a-1c92-41bf-b52b-755b63969406,4256e509-ac89-4acd-9b25-8d89d8537b3c,426fdd7a-37cb-40d9-b4fc-e698563caa9d,10,workload-20260609T133920373955Z,70,2,2,2026-06-09T13:43:18.699974Z,2026-06-09T13:43:18.830978Z,2026-06-09T13:43:55.165974Z,202,completed,49,36010,0616728b7286:1:6f48d13a,16094,00000a19a8581302a783e9104511462311f653e89c9768ab723afc8270b640f0,125.0,36466.0,22,
8dd7ee99-540d-439b-ae54-3dfba0d18ae7,5e7eae41-9a29-4e79-b3ee-337ef2e731d6,426fdd7a-37cb-40d9-b4fc-e698563caa9d,10,workload-20260609T133920373955Z,71,2,2,2026-06-09T13:43:18.794974Z,2026-06-09T13:43:18.925979Z,2026-06-09T13:44:04.507460Z,202,completed,9428,45299,f112958ae7d8:1:92690f84,6500864,00000f5d92b2673f5211e6a09e721d4cbe64e39e47153c6ab1c6b9257bf6fa51,125.0,45712.486,32,
21a28225-1c0e-44cb-beb8-ce5baac9f227,a5146dab-2ae1-492f-80e9-993933c80991,426fdd7a-37cb-40d9-b4fc-e698563caa9d,10,workload-20260609T133920373955Z,72,2,2,2026-06-09T13:43:18.889977Z,2026-06-09T13:43:19.022975Z,2026-06-09T13:43:58.110150Z,202,completed,1844,38061,0616728b7286:1:037ff30b,579504,000008b08555bb6d6aa1dcabb68026816735665a1930d17188cf1473758868c8,125.0,39220.173,25,
6649dcc6-5725-4836-bb94-b199c6a211da,99e4315c-d2fb-488a-b311-db9849555321,426fdd7a-37cb-40d9-b4fc-e698563caa9d,10,workload-20260609T133920373955Z,73,2,2,2026-06-09T13:43:18.999975Z,2026-06-09T13:43:19.133978Z,2026-06-09T13:43:58.539148Z,202,completed,2276,39156,f112958ae7d8:1:c8752429,1303939,00000352b51bda64f9512029fa72e85a7376ce66eea5a27d199a6a849be94708,125.0,39539.173,25,
574d76be-de57-4bf9-8f3c-b9d0c4e87b17,b2293976-ddbc-4e0c-8255-912c0c4edd15,426fdd7a-37cb-40d9-b4fc-e698563caa9d,10,workload-20260609T133920373955Z,74,2,2,2026-06-09T13:43:19.093975Z,2026-06-09T13:43:19.226978Z,2026-06-09T13:43:58.538148Z,202,completed,205,38402,0616728b7286:1:f5e9dd19,92869,0000021112dd769d7429636a603c928f22ef4e726c421c15d315013180d9c6d4,125.0,39444.173,25,
9b59cf36-a1c4-4cf6-8d3e-03280e8beff5,72454edc-f19c-4788-8bf2-87cb4459b078,426fdd7a-37cb-40d9-b4fc-e698563caa9d,10,workload-20260609T133920373955Z,75,2,2,2026-06-09T13:43:19.204974Z,2026-06-09T13:43:19.334975Z,2026-06-09T13:44:04.228465Z,202,completed,6312,44388,0616728b7286:1:848b6752,2246768,0000051314e1233aae18e0513c400ffdd11378dce8a0f0aadcc12e8faa0a9e39,125.0,45023.491,30,
c1cb4c17-aead-4eb9-b365-b5c21acd5635,04b2bf7d-f324-4e7c-be32-8800f270b831,426fdd7a-37cb-40d9-b4fc-e698563caa9d,10,workload-20260609T133920373955Z,76,2,2,2026-06-09T13:43:19.296976Z,2026-06-09T13:43:19.416978Z,2026-06-09T13:44:01.048524Z,202,completed,2032,40627,0616728b7286:1:1b6ef2f5,628785,000003a3e496b99c696058322766427abc6db17685606cc329e90f67cdb17944,110.0,41751.548,28,
082ab946-a5cf-4103-96cb-741cd59cd228,670656f0-d8e2-4fe4-b058-5931eb58ad04,426fdd7a-37cb-40d9-b4fc-e698563caa9d,10,workload-20260609T133920373955Z,77,2,2,2026-06-09T13:43:19.389976Z,2026-06-09T13:43:19.527975Z,2026-06-09T13:44:00.306418Z,202,completed,762,39921,f112958ae7d8:1:166d63c7,435784,0000016312b920975bd7d9bce89aa6328aec9249d70a3f1d172bd9d241e9ac56,141.0,40916.442,26,
82a4da48-0df7-411e-9e70-56a3719965ae,b82f2659-70b6-47b6-b6b7-0b7260331816,426fdd7a-37cb-40d9-b4fc-e698563caa9d,10,workload-20260609T133920373955Z,78,2,2,2026-06-09T13:43:19.500974Z,2026-06-09T13:43:19.619978Z,2026-06-09T13:44:01.080506Z,202,completed,1090,41230,f112958ae7d8:1:e266636d,634253,0000046d6a29c9f016f1da68242eba15dd779287df9549e5acddb07b9bed310d,110.0,41579.532,27,
1b4da5ae-685c-438c-a62d-d5417e566e2e,7280714e-dd4a-476b-aa60-cd88049b7587,426fdd7a-37cb-40d9-b4fc-e698563caa9d,10,workload-20260609T133920373955Z,79,2,2,2026-06-09T13:43:19.579976Z,2026-06-09T13:43:19.715977Z,2026-06-09T13:44:02.099974Z,202,completed,1116,41805,0616728b7286:1:702b7df7,360189,000007db810bba80c7e3229ddf83a6820971059bb05c17f0d05821df560dee0a,140.0,42519.998,28,
4844e649-b793-421e-8db4-bb83fbb8dffb,39657b07-20d4-48ad-9116-5d8274d2451e,426fdd7a-37cb-40d9-b4fc-e698563caa9d,10,workload-20260609T133920373955Z,80,2,2,2026-06-09T13:43:19.705974Z,2026-06-09T13:43:19.847976Z,2026-06-09T13:44:02.122973Z,202,completed,918,42205,f112958ae7d8:1:7e47a1d1,519094,00000bd7d228d0386e94717f37855eae6704a04cb3d741332e5fb226a8b71433,140.0,42416.999,27,
2fc44a9a-ef9a-45f0-9bd2-5378aa9a8232,ed94f2e8-42f3-459c-b102-24021c9aeeb4,426fdd7a-37cb-40d9-b4fc-e698563caa9d,10,workload-20260609T133920373955Z,81,2,2,2026-06-09T13:43:19.782977Z,2026-06-09T13:43:19.916978Z,2026-06-09T13:44:09.025291Z,202,completed,6594,48485,0616728b7286:1:99ffb683,2152327,00000a91d6648d6ed1b0b74db150f69b154a81bcdf884ca2e680729a5d9c6558,125.0,49242.314,35,
9eaf72b7-1720-45d6-afdb-6958804e4d3b,46866865-3e3d-4226-8d86-468b282ecf66,426fdd7a-37cb-40d9-b4fc-e698563caa9d,10,workload-20260609T133920373955Z,82,2,2,2026-06-09T13:43:19.893974Z,2026-06-09T13:43:20.026978Z,2026-06-09T13:44:05.715978Z,202,completed,2702,45103,f112958ae7d8:1:95f053b5,1704326,000005fea34b83f033461e370c60d991b08d523d41e5edba48ab22f449fb0abc,125.0,45822.004,32,
5a5d8a39-c31f-4c2d-8d3c-0b082d2c55ac,470db398-0f41-4281-b652-ac11fbf2e6c1,426fdd7a-37cb-40d9-b4fc-e698563caa9d,10,workload-20260609T133920373955Z,83,2,2,2026-06-09T13:43:20.004975Z,2026-06-09T13:43:20.124978Z,2026-06-09T13:44:13.362063Z,202,completed,8212,52171,0616728b7286:1:7ed616dc,2611244,000009359faee8574a5ca104f7283a031e0458fa76246a75684ac4362e8516d6,125.0,53357.088,38,
95a350cb-34a2-4e15-b863-f47021770dcb,f5cd00af-2033-460b-bc12-2d8f4452c3b5,426fdd7a-37cb-40d9-b4fc-e698563caa9d,10,workload-20260609T133920373955Z,84,2,2,2026-06-09T13:43:20.099975Z,2026-06-09T13:43:20.238977Z,2026-06-09T13:44:06.441343Z,202,completed,1700,46089,f112958ae7d8:1:c091a7cc,1242571,00000ad294b2a55da073ac0b14c45ed993595afe0dda2b9582541ce965670423,141.0,46341.368,33,
179696a2-fe98-4511-a12d-261f687a98ca,8065d061-b590-4ce3-a163-9cd49313667b,426fdd7a-37cb-40d9-b4fc-e698563caa9d,10,workload-20260609T133920373955Z,85,2,2,2026-06-09T13:43:20.193974Z,2026-06-09T13:43:20.327048Z,2026-06-09T13:44:08.880290Z,202,completed,2341,47440,f112958ae7d8:1:4651afd6,1631871,000003877f1d22d621b611b4e20db2b98598d1216105aa3afae7002bb3bbadcb,141.0,48686.316,35,
5b066cfb-0f9d-4c15-b86a-3e7f566ce14b,fb2aa49d-820e-4ff4-939b-525a68f628b3,426fdd7a-37cb-40d9-b4fc-e698563caa9d,10,workload-20260609T133920373955Z,86,2,2,2026-06-09T13:43:20.288238Z,2026-06-09T13:43:20.421597Z,2026-06-09T13:44:08.168724Z,202,completed,1103,47421,f112958ae7d8:1:9976375d,673440,0000068ecada327cc228af76ee6fa07290bb6ac6a8b08175091f99db2262d593,140.0,47880.486,33,
93b0b0fc-536b-4209-8901-b586fa47bbe0,b5d77636-17c0-4be6-bfd9-e1387a23916f,426fdd7a-37cb-40d9-b4fc-e698563caa9d,10,workload-20260609T133920373955Z,87,2,2,2026-06-09T13:43:20.381594Z,2026-06-09T13:43:20.502606Z,2026-06-09T13:44:11.616277Z,202,completed,2238,50176,f112958ae7d8:1:608c6eac,1566756,000008ec3003683f85ba55f2561bb5817ac1a3b8d78983e4de185022e44ae336,125.0,51234.683,37,
35469393-949f-4523-afc4-2850cf2a2a3a,519d3f71-8c4e-4b1f-8cb6-dc02579be8c4,426fdd7a-37cb-40d9-b4fc-e698563caa9d,10,workload-20260609T133920373955Z,88,2,2,2026-06-09T13:43:20.489596Z,2026-06-09T13:43:20.621607Z,2026-06-09T13:44:10.011290Z,202,completed,1209,48740,f112958ae7d8:1:5977cb97,706629,000001851528fc81204a8d99d122a22cb22518376bf471f8cceb64e60a7e19aa,140.0,49521.694,35,
5f7940a6-d29c-4960-a2ff-5fb353bf111c,8e29ec07-d3d7-420a-8ef2-f4549e6c8753,426fdd7a-37cb-40d9-b4fc-e698563caa9d,10,workload-20260609T133920373955Z,89,2,2,2026-06-09T13:43:20.605606Z,2026-06-09T13:43:20.745606Z,2026-06-09T13:44:15.158298Z,202,completed,6093,54011,0616728b7286:1:236b485e,1938711,000008ab82f6d69e7c1a21b21ac56104e498b08f95109670db702e4408be7c83,125.0,54552.692,41,
090dea42-eb96-4107-a351-f3cea40c1f49,90680d12-9c26-427a-96c4-4697639599cd,426fdd7a-37cb-40d9-b4fc-e698563caa9d,10,workload-20260609T133920373955Z,90,2,2,2026-06-09T13:43:20.679608Z,2026-06-09T13:43:20.806609Z,2026-06-09T13:44:10.496289Z,202,completed,651,49456,f112958ae7d8:1:5465836b,366008,000004527958e693255f447e422dcfaa23e180c37d16f4c35e9e047addf6f60a,125.0,49816.681,37,
490f973f-bd2a-4999-97bf-c5a0e28c50b9,02fc2fb4-5794-42d0-83db-2891f091591f,426fdd7a-37cb-40d9-b4fc-e698563caa9d,10,workload-20260609T133920373955Z,91,2,2,2026-06-09T13:43:20.804605Z,2026-06-09T13:43:20.950609Z,2026-06-09T13:44:13.371588Z,202,completed,2032,51687,f112958ae7d8:1:db312e57,1440868,000001b231bb13c027eeed95fa667645891711ed9d3e7e0df0b07bacc347d674,157.0,52566.983,39,
ae93ad75-ba69-486f-a0c1-76c6efadeb71,c8d11b0a-d099-4c64-bd9e-45d8c3a7c461,426fdd7a-37cb-40d9-b4fc-e698563caa9d,10,workload-20260609T133920373955Z,92,2,2,2026-06-09T13:43:20.898608Z,2026-06-09T13:43:21.045608Z,2026-06-09T13:44:13.375928Z,202,completed,1708,51672,f112958ae7d8:1:40ba6eff,1105201,000000e840c32c4b167739f875f7ca013a0022ffd5d280a18aad493241722274,156.0,52477.32,38,
6b5fa84d-99e5-499d-b332-cee618f8565f,a0051de7-16f6-4609-b452-23954e70cffd,426fdd7a-37cb-40d9-b4fc-e698563caa9d,10,workload-20260609T133920373955Z,93,2,2,2026-06-09T13:43:20.993606Z,2026-06-09T13:43:21.131608Z,2026-06-09T13:44:17.093566Z,202,completed,3899,55303,0616728b7286:1:eed22e8f,1291321,000002051ab031b215e2bacf5a2f6e52a325168bda4906a79ff12cdb93f1bc16,140.0,56099.96,42,
5ffa72ee-d534-471a-962e-7309a51ea8c4,ec943227-2bed-4372-90cc-b36da0936cd2,426fdd7a-37cb-40d9-b4fc-e698563caa9d,10,workload-20260609T133920373955Z,94,2,2,2026-06-09T13:43:21.089607Z,2026-06-09T13:43:21.213609Z,2026-06-09T13:44:14.663298Z,202,completed,757,52475,f112958ae7d8:1:b186e42f,480655,000004adf1d8abf7d1f67015bb5fb79dec6ba3ba17b28ec5e6e12dded03a7c49,125.0,53573.691,40,
572202f1-b4bf-4ce5-af3d-68a8623dbfb6,25766738-0a76-458e-8155-c4aa77a575ac,426fdd7a-37cb-40d9-b4fc-e698563caa9d,10,workload-20260609T133920373955Z,95,2,2,2026-06-09T13:43:21.200606Z,2026-06-09T13:43:21.340609Z,2026-06-09T13:44:15.608565Z,202,completed,1647,53292,f112958ae7d8:1:20e11315,1126141,0000043205800864db26b2a5dbac1b8396a1e8a27f05780873be1b49bd70584d,140.0,54407.959,40,
6931996d-ffe9-43c0-bbb5-9449fd52df54,eba982a4-d078-4dfc-aab3-9c63ecb2045f,426fdd7a-37cb-40d9-b4fc-e698563caa9d,10,workload-20260609T133920373955Z,96,2,2,2026-06-09T13:43:21.292605Z,2026-06-09T13:43:21.432611Z,2026-06-09T13:44:15.810566Z,202,completed,918,53588,f112958ae7d8:1:2b82e04b,645389,00000baad22252d655eb4107406c22a6546a58cf70be4220a569a5554b3dea3e,140.0,54517.961,43,
064e3be9-e9a0-4640-a540-39457b79d9d7,dc1a0d2e-1e42-4234-9dd9-c30d117390da,426fdd7a-37cb-40d9-b4fc-e698563caa9d,10,workload-20260609T133920373955Z,97,2,2,2026-06-09T13:43:21.386606Z,2026-06-09T13:43:21.507609Z,2026-06-09T13:44:22.533218Z,202,completed,6859,60336,f112958ae7d8:1:3e271d1d,5047805,000009dbf84f11f28b734de277ea015390e27c1f40a6bc6bc15292af1e48d625,125.0,61146.612,47,
d51ca32a-a4c8-4624-97cb-9ae535c43b93,d857825d-cfa9-485b-8026-85e58ac259d8,426fdd7a-37cb-40d9-b4fc-e698563caa9d,10,workload-20260609T133920373955Z,98,2,2,2026-06-09T13:43:21.495607Z,2026-06-09T13:43:21.622606Z,2026-06-09T13:44:20.667844Z,202,completed,5327,58702,0616728b7286:1:36f1f5ec,1661338,00000e1a27cd9afebf8745b394b3e92ed41bbfabf05a700356f11519bb75ee15,140.0,59172.237,44,
93b56476-76f5-457b-8f29-4d8c2c8d8d32,a883b0a9-4777-4adb-81b2-cb35f5951eac,426fdd7a-37cb-40d9-b4fc-e698563caa9d,10,workload-20260609T133920373955Z,99,2,2,2026-06-09T13:43:21.604607Z,2026-06-09T13:43:21.751605Z,2026-06-09T13:44:17.293565Z,202,completed,1904,55451,f112958ae7d8:1:8f4ce79b,1154457,000004c20e7cbcbf1433f446927c73761bf25445bc88d60bb8fd3e0d9fd00732,156.0,55688.958,42,
b11c03ed-018e-458a-a0bc-dc2cb3fcb6f3,7c850632-cf45-406d-9598-7dd9f7139f36,426fdd7a-37cb-40d9-b4fc-e698563caa9d,10,workload-20260609T133920373955Z,100,2,2,2026-06-09T13:43:21.684606Z,2026-06-09T13:43:21.817609Z,2026-06-09T13:44:22.625219Z,202,completed,4804,59877,0616728b7286:1:fecb5179,1588981,000004fb52c24436845b2846171b1c9f9780d849c84eaaab0c1d63dcb95ae657,125.0,60940.613,46,
123a8758-b685-4bd5-b381-92d07bb1f78d,13b28fa2-6398-4259-8fc9-53531cd47017,426fdd7a-37cb-40d9-b4fc-e698563caa9d,10,workload-20260609T133920373955Z,101,2,2,2026-06-09T13:43:21.794607Z,2026-06-09T13:43:21.916608Z,2026-06-09T13:44:19.814580Z,202,completed,2010,57675,f112958ae7d8:1:3a4491aa,1203771,000002ff83f966ddf11f0cded2f41208243ecf2cc45d73b8a862d2cedf201ed5,110.0,58019.973,44,
55142346-2926-4f90-9897-4e870aefb0f6,57761fe8-fd97-4066-91ee-7068de6c1290,426fdd7a-37cb-40d9-b4fc-e698563caa9d,10,workload-20260609T133920373955Z,102,2,2,2026-06-09T13:43:21.888610Z,2026-06-09T13:43:22.026269Z,2026-06-09T13:44:20.821841Z,202,completed,569,58510,f112958ae7d8:1:e0f740e1,343010,00000f05fa4bc9835e29daee397417a9c9ff241f90f47d62d79fff867e7157d9,125.0,58933.231,43,
903056c6-ed01-4508-8274-c6982527bdec,7290d27e-333e-4455-9d76-a13370e6d126,426fdd7a-37cb-40d9-b4fc-e698563caa9d,10,workload-20260609T133920373955Z,103,2,2,2026-06-09T13:43:21.998610Z,2026-06-09T13:43:22.136266Z,2026-06-09T13:44:21.543841Z,202,completed,548,59127,0616728b7286:1:6fa95882,154902,00000a584e5e865d1116a345df4a3bcf1954c954d0c1bf2e6ee393511f870ba7,125.0,59545.231,45,
1e3cd081-7140-4aaa-9bf3-320838bc36df,33968fde-464e-4969-bf8b-b8e8ae3ea458,426fdd7a-37cb-40d9-b4fc-e698563caa9d,10,workload-20260609T133920373955Z,104,2,2,2026-06-09T13:43:22.107267Z,2026-06-09T13:43:22.239265Z,2026-06-09T13:44:21.938856Z,202,completed,7,58697,f112958ae7d8:1:04e9bb49,4623,0000036cd0f59c3f5eed858c86d0cd8fbf848d97bd51c9d8c5d4dc578b551038,125.0,59831.589,46,
ea6ae75e-8237-4a5e-a60e-b71a028a085e,98a2f720-dbd2-4443-9c30-2a54a57e94ab,426fdd7a-37cb-40d9-b4fc-e698563caa9d,10,workload-20260609T133920373955Z,105,2,2,2026-06-09T13:43:22.201267Z,2026-06-09T13:43:22.323266Z,2026-06-09T13:44:22.546219Z,202,completed,1116,59921,f112958ae7d8:1:4f73f786,844142,0000073e9c506a89cd70c1e31f331aefe4bd2d8609023d95193426aee503aa5f,109.0,60344.952,48,
067ef047-f187-492d-b78b-544a3c4b3128,a3583ca2-0b79-423c-acfb-96f3020db59a,426fdd7a-37cb-40d9-b4fc-e698563caa9d,10,workload-20260609T133920373955Z,106,2,2,2026-06-09T13:43:22.295266Z,2026-06-09T13:43:22.426266Z,2026-06-09T13:44:22.999219Z,202,completed,618,59669,0616728b7286:1:b17d5cdb,274604,00000cb3b8dd0a364892f13500555097e40523f0d0aff004e84487f4307068f0,125.0,60703.953,46,
409ec7bd-4abb-4374-b1af-8cc0aedf1d1c,f9a06115-0e2b-4f86-be50-0e27acc4586e,426fdd7a-37cb-40d9-b4fc-e698563caa9d,10,workload-20260609T133920373955Z,107,2,2,2026-06-09T13:43:22.404266Z,2026-06-09T13:43:22.527302Z,2026-06-09T13:44:23.722219Z,202,completed,1615,60973,0616728b7286:1:5b558c24,543787,000007b6ff4698cf6fc394c67584faa011524551292ed23e935ecae9fe335fad,125.0,61317.953,47,
221e537f-c447-4558-8b04-17d2e279e943,74776623-32d7-41cf-8543-b69961f73376,426fdd7a-37cb-40d9-b4fc-e698563caa9d,10,workload-20260609T133920373955Z,108,2,2,2026-06-09T13:43:22.496291Z,2026-06-09T13:43:22.630823Z,2026-06-09T13:44:24.045220Z,202,completed,926,60542,f112958ae7d8:1:11485852,640652,00000489fc504947a17fa728dbe156b9ae4f230977e65ae8ef49dedbe8a21ac8,125.0,61548.929,49,
ca50e954-f0f2-4ed3-bf03-5d59798f64c3,1babc5c4-1909-4fdd-9600-8d2642551b23,426fdd7a-37cb-40d9-b4fc-e698563caa9d,10,workload-20260609T133920373955Z,109,2,2,2026-06-09T13:43:22.590823Z,2026-06-09T13:43:22.725824Z,2026-06-09T13:44:28.244326Z,202,completed,4576,64385,0616728b7286:1:c829d7b7,1632577,0000015d26b6d78cca970fec022814db265c1126858d16208a821762ed790fed,125.0,65653.503,52,
79c2f138-be81-45d7-8cfd-2954f9536c9d,01afb7b4-568e-4507-a3ba-4bd18e26a468,426fdd7a-37cb-40d9-b4fc-e698563caa9d,10,workload-20260609T133920373955Z,110,2,2,2026-06-09T13:43:22.701822Z,2026-06-09T13:43:22.834824Z,2026-06-09T13:44:24.026219Z,202,completed,932,60746,f112958ae7d8:1:d7d5c48e,757729,000006dcacf82cb0312a7dd2f42388c557940369fbe88c7c3d5ee1b5076d4864,125.0,61324.397,47,
91e4614c-05f8-4462-bf23-fd6fbd9752ed,01e81773-2abd-4a35-98ad-829009475fb6,426fdd7a-37cb-40d9-b4fc-e698563caa9d,10,workload-20260609T133920373955Z,111,2,2,2026-06-09T13:43:22.796825Z,2026-06-09T13:43:22.937822Z,2026-06-09T13:44:25.613196Z,202,completed,1421,62068,f112958ae7d8:1:a6734fd7,1052212,00000d07993a8632676349548aa09d430042878dacebb0fabd14c5099727fc3f,141.0,62816.371,50,
7d69b0cc-4c11-4754-8091-49e62820a417,05384d2d-3b0e-497a-85e5-5735a368347d,426fdd7a-37cb-40d9-b4fc-e698563caa9d,10,workload-20260609T133920373955Z,112,2,2,2026-06-09T13:43:22.891826Z,2026-06-09T13:43:23.014611Z,2026-06-09T13:44:27.333323Z,202,completed,2806,63653,0616728b7286:1:87d274d5,907790,0000002195a6a78bcbcab4c59ae0728c2b7c78855976d98525deb13a39068f50,125.0,64441.497,52,
381af1d1-2a16-4c62-a14d-cd6602301c32,b13ff9ce-0f2b-418a-a823-c67d0c8ade8d,426fdd7a-37cb-40d9-b4fc-e698563caa9d,10,workload-20260609T133920373955Z,113,2,2,2026-06-09T13:43:22.987825Z,2026-06-09T13:43:23.107609Z,2026-06-09T13:44:26.387194Z,202,completed,2141,62798,f112958ae7d8:1:2722478f,1492766,000001af243da342d8815b445c485cceb2f4b00d5b887a90232aa58d00039e0a,125.0,63399.369,52,
9b62a447-5830-43ce-a208-da53d1388c33,f25c775a-1480-42e3-bb32-dd6090d19938,426fdd7a-37cb-40d9-b4fc-e698563caa9d,10,workload-20260609T133920373955Z,114,2,2,2026-06-09T13:43:23.082610Z,2026-06-09T13:43:23.215611Z,2026-06-09T13:44:26.274195Z,202,completed,803,62798,f112958ae7d8:1:efe1131e,534427,00000d170061f3cec7c780ebee4179032ed134b81f1e87f7e73e0f2e4fdf8af2,140.0,63191.585,51,
47b7cdcc-7e84-436b-8249-1aad54354875,fbb55087-79f7-4666-a7d9-aa71bb1d9f22,426fdd7a-37cb-40d9-b4fc-e698563caa9d,10,workload-20260609T133920373955Z,115,2,2,2026-06-09T13:43:23.193610Z,2026-06-09T13:43:23.320160Z,2026-06-09T13:44:27.387327Z,202,completed,644,63631,f112958ae7d8:1:e8bb7453,687708,000006da41e62be578a0e5f315c719c43e95bca68569d323deedce452cf8dc2a,125.0,64193.717,50,
d9fcde78-e2a2-40c2-9f57-4a3d20ece980,0c5af783-5180-4bc3-ad7f-4779cf14f4c4,426fdd7a-37cb-40d9-b4fc-e698563caa9d,10,workload-20260609T133920373955Z,116,2,2,2026-06-09T13:43:23.287159Z,2026-06-09T13:43:23.412163Z,2026-06-09T13:44:27.510325Z,202,completed,68,63081,f112958ae7d8:1:e8acddd0,41805,00000e0fa529dc151c47140a3e56b991375d2f593f0c9a3a813c43a74ebb185a,125.0,64223.166,51,
d7e623f5-c89c-4c53-b2dc-96acc5a757a9,aa12afa7-b8f0-40d1-9685-eac49d43af30,426fdd7a-37cb-40d9-b4fc-e698563caa9d,10,workload-20260609T133920373955Z,117,2,2,2026-06-09T13:43:23.394160Z,2026-06-09T13:43:23.520685Z,2026-06-09T13:44:27.149313Z,202,completed,45,63496,f112958ae7d8:1:7d8e39e4,29443,0000017ae97de072b0f26d351cb2a09834ff2fe49d1796cdc4e7f377a570c141,125.0,63755.153,52,
cf376929-46d8-4ce7-aed4-7c79862cc6c2,6bc40fd3-7a77-4107-a3d9-8f4812db3e55,426fdd7a-37cb-40d9-b4fc-e698563caa9d,10,workload-20260609T133920373955Z,118,2,2,2026-06-09T13:43:23.473160Z,2026-06-09T13:43:23.605684Z,2026-06-09T13:44:30.482192Z,202,completed,2929,66562,0616728b7286:1:cd9dea15,1965574,000007913a7fcb62801fee285f41c573bfb0f80ab105e2dffac76e7e21a4aff9,141.0,67009.032,54,
52c777e5-09d9-4075-8d87-7ade8d8d07c8,e431ba4d-e692-4b57-877a-328316fb8d25,426fdd7a-37cb-40d9-b4fc-e698563caa9d,10,workload-20260609T133920373955Z,119,2,2,2026-06-09T13:43:23.596684Z,2026-06-09T13:43:23.742401Z,2026-06-09T13:44:28.368323Z,202,completed,826,64305,f112958ae7d8:1:b8627e06,583258,00000d7724fb745d43ff9512f8ad732e21326a5c7640f366a3f02f9ddf757410,141.0,64771.639,51,
77b9d25e-2ac6-4770-9b33-f7fe5b59fc99,5e299c46-af0e-4353-9e76-135163676081,426fdd7a-37cb-40d9-b4fc-e698563caa9d,10,workload-20260609T133920373955Z,120,2,2,2026-06-09T13:43:23.691696Z,2026-06-09T13:43:23.824400Z,2026-06-09T13:44:28.306328Z,202,completed,627,64289,f112958ae7d8:1:5037824b,361400,00000dfffaabad0d5fd73f565c5fc53225a8d61378ca42fafaf393d77af9fd97,141.0,64614.632,52,
e3d6c77e-140a-4849-8e2f-445092e6fe78,e7b068eb-256f-4378-8928-062014beb7fd,426fdd7a-37cb-40d9-b4fc-e698563caa9d,50,workload-20260609T133920373955Z,1,2,2,2026-06-09T13:45:30.833046Z,2026-06-09T13:45:31.031048Z,2026-06-09T13:45:33.653196Z,202,completed,1656,2026,f112958ae7d8:1:25b23742,935451,000001f7f37b6c0a47b4a20cdf4a9aa659829e12841c6793029db945cfb49960,203.0,2820.15,1,
52110bae-c26f-4ed4-8c22-2428f2d30a95,2dbc7e5d-aed0-49d7-b5d2-a7534b6e1c06,426fdd7a-37cb-40d9-b4fc-e698563caa9d,50,workload-20260609T133920373955Z,2,2,2,2026-06-09T13:45:30.863048Z,2026-06-09T13:45:31.022049Z,2026-06-09T13:45:33.651196Z,202,completed,1029,1327,f112958ae7d8:1:3aa09a33,513082,00000e3e8e8520a5cfee9b0cc0e28e396df9107c9a0be95623153545ecb7b202,156.0,2788.148,1,
426c142d-1549-4bd0-acef-6802e40356ba,c8075976-05de-44c3-93ea-88d5eed7df22,426fdd7a-37cb-40d9-b4fc-e698563caa9d,50,workload-20260609T133920373955Z,3,2,2,2026-06-09T13:45:30.865047Z,2026-06-09T13:45:31.037050Z,2026-06-09T13:45:35.015042Z,202,completed,2983,3554,0616728b7286:1:6244e70e,1111463,000006e2b0e0bb027299c689e6152846ceb704853d1547015567b2b44c3e5fc0,172.0,4149.995,2,
a2a05b9b-f081-42d5-af99-6281b375fba2,bc65a109-cead-4f5a-bba7-96b5535b22cf,426fdd7a-37cb-40d9-b4fc-e698563caa9d,50,workload-20260609T133920373955Z,4,2,2,2026-06-09T13:45:30.875046Z,2026-06-09T13:45:31.059049Z,2026-06-09T13:45:33.700032Z,202,completed,755,1629,0616728b7286:1:dc486c03,224336,000001445d2bf59734d4bc86cfc06d3d36fbe77f503b3944e24b7fcc5b740c69,188.0,2824.986,1,
295e5596-6658-4540-842d-15f0564ba799,fc8ebeb5-0737-43f7-b11d-dbbc4ef4f879,426fdd7a-37cb-40d9-b4fc-e698563caa9d,50,workload-20260609T133920373955Z,5,2,2,2026-06-09T13:45:30.913048Z,2026-06-09T13:45:31.101049Z,2026-06-09T13:45:39.398036Z,202,completed,2840,4378,f112958ae7d8:1:ff9c7e0e,1645439,00000f77dd633bbd9d699b30830f5a5b3af90082fb38e11cb9c0f9957dd0e5ed,187.0,8484.988,3,
ed9b4393-dfb9-4939-9978-76d21e77166c,ac65ba16-8e90-404f-aed4-513986e3e887,426fdd7a-37cb-40d9-b4fc-e698563caa9d,50,workload-20260609T133920373955Z,6,2,2,2026-06-09T13:45:30.942048Z,2026-06-09T13:45:31.117046Z,2026-06-09T13:45:39.322038Z,202,completed,3241,5150,0616728b7286:1:1996354e,1068293,000002e6a3365a20d55e18419630ef7f9548a1f135ab38383ad795b6054d91d7,172.0,8379.99,2,
88632769-3ba3-4193-bdb5-9b34dcac66b6,15e4044a-b76d-46f9-9e25-2854b7ad3e2b,426fdd7a-37cb-40d9-b4fc-e698563caa9d,50,workload-20260609T133920373955Z,7,2,2,2026-06-09T13:45:30.946050Z,2026-06-09T13:45:31.120051Z,2026-06-09T13:45:40.601762Z,202,completed,5246,7488,f112958ae7d8:1:585cd5d9,2771873,0000055294ecf328ffb336256bb4e73f3ec66c460c0c448e7f27619b7b3d941b,172.0,9655.712,3,
45f2308c-7216-4d99-bcae-1e0dfaa2dde2,8b04d9ed-d985-41c3-bc78-5268c2c71eec,426fdd7a-37cb-40d9-b4fc-e698563caa9d,50,workload-20260609T133920373955Z,8,2,2,2026-06-09T13:45:30.959050Z,2026-06-09T13:45:31.118046Z,2026-06-09T13:45:40.097764Z,202,completed,2666,6309,0616728b7286:1:37a5526a,956884,000004ae59775cbe1595d7895513e5b1acb9461174e426c20d2521153232506a,156.0,9138.714,3,
0ccb9073-8c9a-453a-bec8-86e1fcece8ff,1bf1025f-edad-4ae2-8cfa-5bf278de23ea,426fdd7a-37cb-40d9-b4fc-e698563caa9d,50,workload-20260609T133920373955Z,9,2,2,2026-06-09T13:45:30.981049Z,2026-06-09T13:45:31.146050Z,2026-06-09T13:45:40.220764Z,202,completed,2186,6760,f112958ae7d8:1:e664c472,974025,000004487297c32ca5922ec9581750d64be552cf6b169187d5649165c30fa485,156.0,9239.715,2,
a54cf891-dc32-4259-a65d-422f0edc71b5,558a24f0-52ce-412d-9f4f-e55988e2dec7,426fdd7a-37cb-40d9-b4fc-e698563caa9d,50,workload-20260609T133920373955Z,10,2,2,2026-06-09T13:45:30.996050Z,2026-06-09T13:45:31.174054Z,2026-06-09T13:45:43.249293Z,202,completed,5956,11385,0616728b7286:1:c9759937,2056107,00000720fa4e564edcf45c9051c6c7ef2c47511f3b8eb3bb13973600c847eba0,172.0,12253.243,5,
ff26f593-a5ab-4a22-aa28-96bf09f8d28e,756d81fe-4931-4850-9463-fa80763caae2,426fdd7a-37cb-40d9-b4fc-e698563caa9d,50,workload-20260609T133920373955Z,11,2,2,2026-06-09T13:45:31.017047Z,2026-06-09T13:45:31.177047Z,2026-06-09T13:45:39.804037Z,202,completed,1836,8422,0616728b7286:1:6760ac34,579003,0000039363f3da4993b885f142e48e30cbcac8d498329668944a79ffa5d7a2ec,156.0,8786.99,4,
00b91843-07bb-417c-9f9b-cb7b8115a6e9,4e3b0b4a-a8a1-4888-9136-259e7003c502,426fdd7a-37cb-40d9-b4fc-e698563caa9d,50,workload-20260609T133920373955Z,12,2,2,2026-06-09T13:45:31.055050Z,2026-06-09T13:45:31.191051Z,2026-06-09T13:45:42.794292Z,202,completed,3591,10667,f112958ae7d8:1:33e65732,2178664,00000e1de9906d29a1a07868cbd1cf6535553c11d8939ab7b38641f030b71b63,141.0,11739.242,6,
3801f966-fa08-4b4f-9d67-81346af65da2,99d5cf6d-1603-4652-bcb9-1502491e8cb4,426fdd7a-37cb-40d9-b4fc-e698563caa9d,50,workload-20260609T133920373955Z,13,2,2,2026-06-09T13:45:31.059049Z,2026-06-09T13:45:31.200877Z,2026-06-09T13:45:40.212764Z,202,completed,3,7817,f112958ae7d8:1:9b2a0b9b,1526,00000518dbf086af739bdcef7d9d53c8530c26a149f3b2aa183b847662cd5bd3,141.0,9153.715,4,
77b92d80-3819-4bed-8624-eeb52934f7dd,8c94d26b-577c-4a58-a0ec-0d25adeb592d,426fdd7a-37cb-40d9-b4fc-e698563caa9d,50,workload-20260609T133920373955Z,14,2,2,2026-06-09T13:45:31.097046Z,2026-06-09T13:45:31.237297Z,2026-06-09T13:45:40.470764Z,202,completed,72,8872,0616728b7286:1:e4a1a4d3,21495,00000e2486fff98b6873543f4bfc132141c9ae695dbb3893352653d425007716,141.0,9373.718,4,
855182ff-e76c-42e9-a328-96aeeb6f7534,11c5b1b6-dd72-4f2b-aad8-8a18549355c6,426fdd7a-37cb-40d9-b4fc-e698563caa9d,50,workload-20260609T133920373955Z,15,2,2,2026-06-09T13:45:31.098048Z,2026-06-09T13:45:31.250295Z,2026-06-09T13:45:41.429596Z,202,completed,1824,9943,f112958ae7d8:1:b01898f4,848410,000001fdecb9481f97586f3c0aad9ac70240260375baad804219f2e3b1ec85a4,156.0,10331.548,5,
4eb3b437-76c1-4dbf-b785-4a9eb0441186,5eef230d-6bef-4063-b8ac-0258445616b8,426fdd7a-37cb-40d9-b4fc-e698563caa9d,50,workload-20260609T133920373955Z,16,2,2,2026-06-09T13:45:31.142046Z,2026-06-09T13:45:31.291295Z,2026-06-09T13:45:43.859295Z,202,completed,2476,11698,0616728b7286:1:6d1c74c9,847152,000004a6362a5754d13187592f1c10b4be12e12a3346343ee5903039655080ee,141.0,12717.249,6,
ce6c0e3d-b292-41a5-8988-5300f6ba34ac,3a43ac1a-5ad4-4f05-a002-00061215e3e4,426fdd7a-37cb-40d9-b4fc-e698563caa9d,50,workload-20260609T133920373955Z,17,2,2,2026-06-09T13:45:31.143048Z,2026-06-09T13:45:31.289299Z,2026-06-09T13:45:45.614621Z,202,completed,3246,13508,f112958ae7d8:1:717b4518,1823345,0000025b096aa14fa1338227c8efe821e356356ba41dfce5684e37cd7c27c372,141.0,14471.573,8,
a3c0f1bd-13b0-4201-9eb9-6d9cbabc1263,f7031301-ded0-456e-b38f-954ae67676ae,426fdd7a-37cb-40d9-b4fc-e698563caa9d,50,workload-20260609T133920373955Z,18,2,2,2026-06-09T13:45:31.174054Z,2026-06-09T13:45:31.302294Z,2026-06-09T13:45:48.231297Z,202,completed,5181,16019,f112958ae7d8:1:539aa6b5,3211703,0000073d4efe86a95503e3b76411c680c2d33b477f9ac9919c9be1a13e4f8268,125.0,17057.243,10,
03318bd8-5881-40ab-99f8-0fe6f2e6094f,4bcf39a4-7691-4000-98bd-feb369f9b541,426fdd7a-37cb-40d9-b4fc-e698563caa9d,50,workload-20260609T133920373955Z,19,2,2,2026-06-09T13:45:31.191051Z,2026-06-09T13:45:31.329299Z,2026-06-09T13:45:45.466622Z,202,completed,1832,13328,0616728b7286:1:3d322d6c,633373,000008cd40656d2ed2c56012ee13b617dbd7e0a88fb36ba38b6149ad96bd9ddf,141.0,14275.571,9,
614156af-2594-47a6-acca-a76f2eebe0e2,9db0dddb-bdf8-4667-9141-7591bd5d96c9,426fdd7a-37cb-40d9-b4fc-e698563caa9d,50,workload-20260609T133920373955Z,20,2,2,2026-06-09T13:45:31.200877Z,2026-06-09T13:45:31.333295Z,2026-06-09T13:45:45.398621Z,202,completed,2074,13970,0616728b7286:1:d7234127,660787,000005ba0e3af7b541d91fd78a74c4ab2ee1da58cb7e2e6b74c4e4afd9c5f588,125.0,14197.744,8,
af1ecc73-3d01-43ff-a776-8c3405db6e14,e3b8cd77-7c9e-48d6-b1bb-5fcb388cb8c7,426fdd7a-37cb-40d9-b4fc-e698563caa9d,50,workload-20260609T133920373955Z,21,2,2,2026-06-09T13:45:31.233295Z,2026-06-09T13:45:31.380299Z,2026-06-09T13:45:47.460713Z,202,completed,2244,15790,0616728b7286:1:770be378,878782,000008080a42e7f4befbc30c91d307dcf2c53da38df4ac3eec4ff7e1e6c3af22,140.0,16227.418,9,
47b2fb5d-8286-401f-906b-20a719836585,7c736cfd-becb-4b01-9a1d-1f67bf443a15,426fdd7a-37cb-40d9-b4fc-e698563caa9d,50,workload-20260609T133920373955Z,22,2,2,2026-06-09T13:45:31.234296Z,2026-06-09T13:45:31.361297Z,2026-06-09T13:45:46.508622Z,202,completed,690,14341,f112958ae7d8:1:dbcf0073,357509,00000ce95ea8667ce3c55d0dfffd5faadcbcd35797a901e1511bb241db87e106,125.0,15274.326,9,
df73ebb0-eb19-454f-9189-d942860e722e,d01a41f6-027b-4aa9-ba92-bcf48ba9516b,426fdd7a-37cb-40d9-b4fc-e698563caa9d,50,workload-20260609T133920373955Z,23,2,2,2026-06-09T13:45:31.280295Z,2026-06-09T13:45:31.421298Z,2026-06-09T13:45:47.130715Z,202,completed,600,15250,f112958ae7d8:1:1c56c78a,305859,0000033a408f6e5176ceec4163fb7a933356c29c98b3065f86fb761ed5abb8f5,140.0,15850.42,8,
67eae8e8-636f-42e5-9be2-c76c365c46e1,a4c02791-7492-4f8b-b230-844e2a9668a3,426fdd7a-37cb-40d9-b4fc-e698563caa9d,50,workload-20260609T133920373955Z,24,2,2,2026-06-09T13:45:31.281294Z,2026-06-09T13:45:31.418298Z,2026-06-09T13:45:46.924718Z,202,completed,311,14569,0616728b7286:1:34bc8f36,98843,00000a6d95355e71a36c1fed07163d292aa0ad5ceefb28d833b7ed1c37be2e63,140.0,15643.424,10,
dbe0013e-8b00-4c70-a918-475da5b280c4,88a7185c-a76f-444c-8771-3ef7897dec30,426fdd7a-37cb-40d9-b4fc-e698563caa9d,50,workload-20260609T133920373955Z,25,2,2,2026-06-09T13:45:31.302294Z,2026-06-09T13:45:31.425297Z,2026-06-09T13:45:47.745717Z,202,completed,900,15811,0616728b7286:1:daa60bc9,281004,00000fab4ee1d4b2daccdb40d6351ee4da6968009023e2d23131dbe1636f906c,125.0,16443.423,10,
c6d0e082-14f0-44c6-a128-41c129a70fdf,ef48f3d1-c04d-4032-8d0c-65c226d56566,426fdd7a-37cb-40d9-b4fc-e698563caa9d,50,workload-20260609T133920373955Z,26,2,2,2026-06-09T13:45:31.329299Z,2026-06-09T13:45:31.451298Z,2026-06-09T13:45:47.497717Z,202,completed,331,15943,f112958ae7d8:1:6a122517,157203,0000018a39af5e1b19af26ee5d8abe835083a94c1b81d7ec65647dad3563172d,125.0,16168.418,10,
8a491124-5afb-443c-a586-02e431910f6c,1206b1ff-5e0b-4b7c-b8a0-94ccdec96dc0,426fdd7a-37cb-40d9-b4fc-e698563caa9d,50,workload-20260609T133920373955Z,27,2,2,2026-06-09T13:45:31.357298Z,2026-06-09T13:45:31.495298Z,2026-06-09T13:45:51.842442Z,202,completed,3653,19918,f112958ae7d8:1:02fde8b0,2543187,00000e4444eb6739aca8c05606b754febbe53bc0a433f406dad6a75be4cad5b1,125.0,20485.144,13,
d161dde8-4f9b-48f2-9e9a-8f6c47be4979,f2303b15-7970-4d66-9da6-7e071b4ca84f,426fdd7a-37cb-40d9-b4fc-e698563caa9d,50,workload-20260609T133920373955Z,28,2,2,2026-06-09T13:45:31.359296Z,2026-06-09T13:45:31.499296Z,2026-06-09T13:45:48.333295Z,202,completed,596,16573,0616728b7286:1:31c96de2,214127,000009b9581dc554818f571cd65af013a445d82786ad26f9e99fbe68d1538aa4,140.0,16973.999,10,
af55018e-51cb-488a-a7ac-38b314bbb18c,a1dc5ef4-fb22-4e0f-a3a3-c106b7dc2114,426fdd7a-37cb-40d9-b4fc-e698563caa9d,50,workload-20260609T133920373955Z,29,2,2,2026-06-09T13:45:31.380299Z,2026-06-09T13:45:31.515298Z,2026-06-09T13:45:57.010790Z,202,completed,8699,24822,0616728b7286:1:69354706,3004239,00000dcde2e6473219f53df67d24e6c745d33d19eca123544872a207a3360b0f,141.0,25630.491,18,
f2a21269-df5b-46ad-8d03-ab16071b3cad,f180e3eb-069c-4cf4-b744-e8c2e58f37ae,426fdd7a-37cb-40d9-b4fc-e698563caa9d,50,workload-20260609T133920373955Z,30,2,2,2026-06-09T13:45:31.418298Z,2026-06-09T13:45:31.555298Z,2026-06-09T13:45:48.679296Z,202,completed,504,16857,f112958ae7d8:1:eeff55e4,279401,0000006a955df1a7730e540375c4ff999baccb3f5ff8a90e6fbf8da076099000,125.0,17260.998,10,
5834302a-19c5-40a9-81aa-38a292fa3796,09e32789-d0cc-4ca5-837e-bcb36aa456db,426fdd7a-37cb-40d9-b4fc-e698563caa9d,50,workload-20260609T133920373955Z,31,2,2,2026-06-09T13:45:31.421298Z,2026-06-09T13:45:31.558298Z,2026-06-09T13:45:53.372734Z,202,completed,4697,21451,0616728b7286:1:029b93f1,1332041,0000022652c02fb32d6a7a51a697669b91b15946abb5a1c158c80828724ae120,125.0,21951.436,15,
6bcd04c7-5b0b-4db3-9a51-d24f74d15f91,01c0394d-99b6-4e9a-8dcc-61c447ed82e0,426fdd7a-37cb-40d9-b4fc-e698563caa9d,50,workload-20260609T133920373955Z,32,2,2,2026-06-09T13:45:31.451298Z,2026-06-09T13:45:31.615298Z,2026-06-09T13:45:50.746444Z,202,completed,170,18658,f112958ae7d8:1:f09a60d9,88295,000004bb61031670a1db23a5db8f636abe1525257032987b8fcf8b9fd7dc353f,156.0,19295.146,11,
09a8e7fd-ff62-460a-a529-15196f022fe5,abeefb97-f0ee-476b-87ef-4a888f9978c1,426fdd7a-37cb-40d9-b4fc-e698563caa9d,50,workload-20260609T133920373955Z,33,2,2,2026-06-09T13:45:31.452298Z,2026-06-09T13:45:31.612297Z,2026-06-09T13:45:50.177440Z,202,completed,1012,18248,f112958ae7d8:1:2bad13b1,531656,0000078f76de6ea04f8c65c3f73c899a6b8fd2ac2ca1902d4331b663400fabf4,156.0,18725.142,11,
d13165c3-6bd0-4f7c-bf3f-e1c6ab71e4de,26fd6397-faeb-4d9a-b67d-c736e6d72fcd,426fdd7a-37cb-40d9-b4fc-e698563caa9d,50,workload-20260609T133920373955Z,34,2,2,2026-06-09T13:45:31.495298Z,2026-06-09T13:45:31.619297Z,2026-06-09T13:45:52.789215Z,202,completed,1173,20212,f112958ae7d8:1:e36d3f3b,811072,00000b0b3e0d9113e189eead186e32344c72bf628241556bc2525fd0d5ff3ce4,125.0,21293.917,14,
9a11e289-515b-4e66-820b-1dab4255a522,4e68d264-1ac7-4bee-823f-f6690c0331b6,426fdd7a-37cb-40d9-b4fc-e698563caa9d,50,workload-20260609T133920373955Z,35,2,2,2026-06-09T13:45:31.496298Z,2026-06-09T13:45:31.629298Z,2026-06-09T13:45:52.885211Z,202,completed,591,20626,f112958ae7d8:1:fe9ee62b,508319,00000590bf855c8dc1fdc1eaa04f425f279c8f1282fbcbb23d1983a3174780a7,125.0,21388.913,14,
e3b3f4bd-7f22-4ed4-b308-33d4ea9d8e0c,9251653b-e6d7-4528-beb5-386f51b8ee2b,426fdd7a-37cb-40d9-b4fc-e698563caa9d,50,workload-20260609T133920373955Z,36,2,2,2026-06-09T13:45:31.515298Z,2026-06-09T13:45:31.649297Z,2026-06-09T13:45:53.118212Z,202,completed,148,20692,f112958ae7d8:1:3b0c3e5e,84096,00000ac88270aa25299ce40b359c3ecc8dfc5220445450dd55297068f0003acc,125.0,21602.914,13,
ed81abaa-93b5-4d1c-9d87-d457e0ce2392,0a1ebd75-fff3-4f95-857c-b53293648414,426fdd7a-37cb-40d9-b4fc-e698563caa9d,50,workload-20260609T133920373955Z,37,2,2,2026-06-09T13:45:31.555298Z,2026-06-09T13:45:31.692819Z,2026-06-09T13:45:54.167736Z,202,completed,727,21590,f112958ae7d8:1:d509932a,548361,00000d2de4711ebc6b50a7feb28b4ba3abc78cdf8014223138c420aaef0be751,141.0,22612.438,16,
250f3420-744e-47b8-af6e-f1f564e3d7ec,bfc80fd8-2fa4-4004-8caf-61f06e4513fd,426fdd7a-37cb-40d9-b4fc-e698563caa9d,50,workload-20260609T133920373955Z,38,2,2,2026-06-09T13:45:31.612297Z,2026-06-09T13:45:31.769815Z,2026-06-09T13:45:55.520496Z,202,completed,1675,23376,f112958ae7d8:1:346f724e,1056501,00000f78ee883c39db51097c32d356cc45b683672f4151597d78a5453ee79cbf,156.0,23908.199,15,
0b814da8-54a9-4aa0-b54a-acb862b885c6,ebd5cbfe-e569-4c2f-825f-a3c6ed84de96,426fdd7a-37cb-40d9-b4fc-e698563caa9d,50,workload-20260609T133920373955Z,39,2,2,2026-06-09T13:45:31.615298Z,2026-06-09T13:45:31.741818Z,2026-06-09T13:45:53.004212Z,202,completed,130,21110,f112958ae7d8:1:9622c6c7,65022,00000f2095f9bcf771391ea69e265d6a640231f745014b8edf3c5e8c6c65a794,125.0,21388.914,9,
2801d4e8-25c7-4824-8325-0ecbe9df75f2,075b1d15-5a68-4339-b863-1b41fcc2be0b,426fdd7a-37cb-40d9-b4fc-e698563caa9d,50,workload-20260609T133920373955Z,40,2,2,2026-06-09T13:45:31.616298Z,2026-06-09T13:45:31.746816Z,2026-06-09T13:45:53.580736Z,202,completed,226,21743,0616728b7286:1:67293fa8,76629,00000e8c12696e52db3ca8af5f26c5be01aeb3be7dfec94884ce047f67c853d6,140.0,21964.438,15,
d0cd519c-a917-4fa8-8930-3cf28cc1beca,316cf897-0806-429a-808b-d5bc00a61df7,426fdd7a-37cb-40d9-b4fc-e698563caa9d,50,workload-20260609T133920373955Z,41,2,2,2026-06-09T13:45:31.629298Z,2026-06-09T13:45:31.753817Z,2026-06-09T13:45:54.725076Z,202,completed,1390,22707,f112958ae7d8:1:550c77c4,843381,00000c46b8042a1cd924acf8ab401ea6a62c6127c0b2e4cc6aa240d1c4b43afc,125.0,23095.778,14,
65e966c9-8438-47b5-b154-dab3b9d8d2a4,3e32b21a-80a9-4030-9cbd-eb28ce9893cc,426fdd7a-37cb-40d9-b4fc-e698563caa9d,50,workload-20260609T133920373955Z,42,2,2,2026-06-09T13:45:31.649297Z,2026-06-09T13:45:31.783816Z,2026-06-09T13:45:54.852077Z,202,completed,595,22625,0616728b7286:1:39215bd4,182768,0000086f336449e7b2884678aa7787a0f043f8303a1803989f254736ac98d676,141.0,23202.78,16,
cfc93f9b-0d3d-49b1-b0c9-c43c42264620,57ef3719-e558-4e5b-ad41-794f0a61fcab,426fdd7a-37cb-40d9-b4fc-e698563caa9d,50,workload-20260609T133920373955Z,43,2,2,2026-06-09T13:45:31.683817Z,2026-06-09T13:45:31.854819Z,2026-06-09T13:46:01.114060Z,202,completed,4990,28099,f112958ae7d8:1:5be20400,3112529,0000015fc7f5ff91e122a7cf503acdf7d2db3a81d33ce4817aeeb02ef8337816,156.0,29430.243,21,
b24a2b74-fdad-4b09-9e4e-886c936ac765,1b871b57-3860-4b41-925f-76fb30a56b4c,426fdd7a-37cb-40d9-b4fc-e698563caa9d,50,workload-20260609T133920373955Z,44,2,2,2026-06-09T13:45:31.684818Z,2026-06-09T13:45:31.818816Z,2026-06-09T13:45:58.684123Z,202,completed,3526,26302,0616728b7286:1:e0d616ce,1376815,00000eb1ac5830e7eaa89747d5f6c2fadfbb770ec8c63ed69f49307dd7f40b34,125.0,26999.305,19,
ad6eb7e5-85f6-45c6-b795-7fd04a215f19,22eef004-4e84-44b7-bded-d7861fb9f367,426fdd7a-37cb-40d9-b4fc-e698563caa9d,50,workload-20260609T133920373955Z,45,2,2,2026-06-09T13:45:31.728818Z,2026-06-09T13:45:31.849820Z,2026-06-09T13:45:57.736370Z,202,completed,474,25795,0616728b7286:1:7345e8fd,134198,00000090c417a73e60102b097b035a718d0ad0e9698dfad912af7e7035c39321,125.0,26007.552,19,
771a74e3-1679-4739-9b67-15d06cdd2af9,b1066b19-7fd6-47f5-a41c-65cfb538b61a,426fdd7a-37cb-40d9-b4fc-e698563caa9d,50,workload-20260609T133920373955Z,46,2,2,2026-06-09T13:45:31.729818Z,2026-06-09T13:45:31.868819Z,2026-06-09T13:45:57.971941Z,202,completed,1777,25486,f112958ae7d8:1:fece3a1e,920199,000005c39dd89b4bf3fe2ec0e166595913980975796c81fab1ec5b2e0dae70e3,141.0,26242.123,19,
22ad5576-6616-4efe-a259-7aebadb62104,ed23dac4-291a-4725-a345-8df0273fcc86,426fdd7a-37cb-40d9-b4fc-e698563caa9d,50,workload-20260609T133920373955Z,47,2,2,2026-06-09T13:45:31.731820Z,2026-06-09T13:45:31.873820Z,2026-06-09T13:45:57.835945Z,202,completed,328,25152,0616728b7286:1:424c14fc,89577,000001494f367fef144c9509caf665eec05e463d119d95d5cbe270c3363bce23,140.0,26104.125,19,
3ba9e7d5-e225-44ef-b160-d0a76b8cac24,4622cc05-ce8c-4fd5-9031-86951d98d0ed,426fdd7a-37cb-40d9-b4fc-e698563caa9d,50,workload-20260609T133920373955Z,48,2,2,2026-06-09T13:45:31.769815Z,2026-06-09T13:45:31.907819Z,2026-06-09T13:46:00.209712Z,202,completed,1902,27624,f112958ae7d8:1:d84d25e7,998556,00000b35db9f96d2a321f9224153a46e4fdd358b14fabfcd40e5de97c042a1a8,141.0,28439.897,21,
339d24d2-a5b9-43f3-86ed-68182d2771c7,2bb35d86-17cc-4866-bc5c-08e3c3c1ea1e,426fdd7a-37cb-40d9-b4fc-e698563caa9d,50,workload-20260609T133920373955Z,49,2,2,2026-06-09T13:45:31.783816Z,2026-06-09T13:45:31.917818Z,2026-06-09T13:46:00.007708Z,202,completed,1619,27774,0616728b7286:1:7007e9fb,651946,000005e26ac8ed5865d5d242506caed788bea5744253ba33377d2249d5d61ce3,140.0,28223.892,19,
a92be6d4-feb5-4032-bd80-2022798a4583,854f2893-8c82-428a-93b3-2c47d4d6f0df,426fdd7a-37cb-40d9-b4fc-e698563caa9d,50,workload-20260609T133920373955Z,50,2,2,2026-06-09T13:45:31.818816Z,2026-06-09T13:45:31.938820Z,2026-06-09T13:45:59.550710Z,202,completed,108,26585,0616728b7286:1:9c74c2bf,31375,000000ca8708e7ec7c9366b8bba4872b001964f1e136f2ba12fe6c1625758a0d,125.0,27731.894,19,
ee3383a2-c16d-4e13-8532-edcdd17a4cde,f6204caa-6f33-4c79-8395-5dff2a8c7652,426fdd7a-37cb-40d9-b4fc-e698563caa9d,50,workload-20260609T133920373955Z,51,2,2,2026-06-09T13:45:31.836816Z,2026-06-09T13:45:31.960817Z,2026-06-09T13:46:05.361147Z,202,completed,5862,32586,0616728b7286:1:8ec70375,2049815,0000066d27c2e74151eef79d8179f3539f0ae5896a444c00655c0177d86ed9b0,125.0,33524.331,24,
20147f84-a0f7-46b1-88a9-08f69d41cb5d,93080925-9cd3-4973-871e-8fcf1c683a23,426fdd7a-37cb-40d9-b4fc-e698563caa9d,50,workload-20260609T133920373955Z,52,2,2,2026-06-09T13:45:31.849820Z,2026-06-09T13:45:31.985819Z,2026-06-09T13:46:02.335202Z,202,completed,1352,29201,f112958ae7d8:1:265df82b,1100234,00000c188c4324f72bbc2926afc1d873bc7f0a7a855263d9750ffea64f5d4950,141.0,30485.382,22,
22d5f6a2-697e-4afe-92f9-f11124639409,d6f176ae-5d14-4fb3-8087-e9a4aa4a2579,426fdd7a-37cb-40d9-b4fc-e698563caa9d,50,workload-20260609T133920373955Z,53,2,2,2026-06-09T13:45:31.869819Z,2026-06-09T13:45:32.009821Z,2026-06-09T13:46:03.001203Z,202,completed,2405,30378,0616728b7286:1:fee354eb,785989,0000000712f9a022045a91877b78674ae3736a00e62201fe150c19414f29209f,140.0,31131.384,23,
acafd766-b1a1-43ff-a25c-60d19202beca,2b9f1f28-2ec5-4087-8f40-599977a85125,426fdd7a-37cb-40d9-b4fc-e698563caa9d,50,workload-20260609T133920373955Z,54,2,2,2026-06-09T13:45:31.873820Z,2026-06-09T13:45:32.012818Z,2026-06-09T13:46:02.436201Z,202,completed,792,29295,f112958ae7d8:1:26fd2933,455430,000006f9a383fda26205043133005493c6f8f5d529bbfed906689252df8f7272,141.0,30562.381,23,
ba468b87-cf75-4f4c-8b8d-eece2d28e215,8846369e-b774-42e9-8724-1823497349b7,426fdd7a-37cb-40d9-b4fc-e698563caa9d,50,workload-20260609T133920373955Z,55,2,2,2026-06-09T13:45:31.907819Z,2026-06-09T13:45:32.026816Z,2026-06-09T13:46:11.972027Z,202,completed,9769,39443,f112958ae7d8:1:2a41440f,6912490,000002d00e6bd4c05c8d2b5102dee75e87572a689139954a1af68426f52dc43f,109.0,40064.208,30,
5154e3e9-06da-4d2a-bfcf-0f098d35b741,1bdfdcdb-3fbd-4aef-a71a-16050f718ced,426fdd7a-37cb-40d9-b4fc-e698563caa9d,50,workload-20260609T133920373955Z,56,2,2,2026-06-09T13:45:31.927817Z,2026-06-09T13:45:32.048819Z,2026-06-09T13:46:04.651547Z,202,completed,2661,32307,f112958ae7d8:1:fba0e82c,1490126,00000d7ab4e18b1f7ab6d31629833803df82b5b51ce8b0e82d03946854245d38,125.0,32723.73,24,
f3dd4dd6-556f-4530-a61f-f0ed7ee13718,44398bfd-b9a9-4e2b-8495-7680595e08f4,426fdd7a-37cb-40d9-b4fc-e698563caa9d,50,workload-20260609T133920373955Z,57,2,2,2026-06-09T13:45:31.938820Z,2026-06-09T13:45:32.079818Z,2026-06-09T13:46:05.986149Z,202,completed,3085,33642,0616728b7286:1:b973fbce,1030961,00000d20029484a65ed2a3b89e08ccee290e45776699cd342f41b7630dfca1bf,141.0,34047.329,24,
bbc9ca48-d1ae-4db1-93f4-69b605e5e847,d1cf346e-84ad-4cd0-abb3-d151ae919ea1,426fdd7a-37cb-40d9-b4fc-e698563caa9d,50,workload-20260609T133920373955Z,58,2,2,2026-06-09T13:45:31.960817Z,2026-06-09T13:45:32.097817Z,2026-06-09T13:46:06.153149Z,202,completed,602,33223,f112958ae7d8:1:f98fd3e8,304595,00000e7f8ff21d77cf31b7e337a541a14e8de5c618e225d20211a629ef988ca4,140.0,34192.332,25,
97877758-f2d0-4a1b-81df-cb3c0ed9237f,d5cabd36-8553-4332-a44e-0770928ed42f,426fdd7a-37cb-40d9-b4fc-e698563caa9d,50,workload-20260609T133920373955Z,59,2,2,2026-06-09T13:45:31.985819Z,2026-06-09T13:45:32.120820Z,2026-06-09T13:46:08.457009Z,202,completed,2789,35529,0616728b7286:1:d6149ec0,960903,0000011b494315c6baaea06f111f323c3b92cf98155c2a90a29bdc6920c2fc5f,125.0,36471.19,28,
c92cdfd4-99ab-4e48-bf7c-611b4a06aa59,2917a77d-97a8-48bf-be26-0b121b496105,426fdd7a-37cb-40d9-b4fc-e698563caa9d,50,workload-20260609T133920373955Z,60,2,2,2026-06-09T13:45:32.009821Z,2026-06-09T13:45:32.148815Z,2026-06-09T13:46:09.502033Z,202,completed,3192,37075,0616728b7286:1:3afaccf4,1122639,000009e108564a0ae35f1c1efd5f5ca1effebe9c34a452d3796e3496c97cb014,141.0,37492.212,28,
5a8bc5a6-a6c5-4f87-8ab4-28081380ac0b,f4ee4553-ce9e-4832-9b51-082a553dc58f,426fdd7a-37cb-40d9-b4fc-e698563caa9d,50,workload-20260609T133920373955Z,61,2,2,2026-06-09T13:45:32.012818Z,2026-06-09T13:45:32.143820Z,2026-06-09T13:46:06.209151Z,202,completed,224,33595,f112958ae7d8:1:2130b6c6,131535,00000e0c1386d53b531dc7235deaabe7c81808170c46915dd7fff33f928bbfc9,125.0,34196.333,26,
e9a6b334-e400-4bda-903d-b6c8f8dcdddc,f16b37e3-c2a1-490b-a0ed-54df217e662d,426fdd7a-37cb-40d9-b4fc-e698563caa9d,50,workload-20260609T133920373955Z,62,2,2,2026-06-09T13:45:32.048819Z,2026-06-09T13:45:32.182832Z,2026-06-09T13:46:06.195149Z,202,completed,73,33989,f112958ae7d8:1:4bd61999,42772,00000d97db145b770f8867ca5cc174db4783856d153a6231f3da574b56fc0917,125.0,34146.33,26,
7c5b2a95-2a20-43b9-851d-acab6a8c587e,df4c98fe-7df7-4f44-ac90-bbd68a8c4658,426fdd7a-37cb-40d9-b4fc-e698563caa9d,50,workload-20260609T133920373955Z,63,2,2,2026-06-09T13:45:32.079818Z,2026-06-09T13:45:32.202830Z,2026-06-09T13:46:09.628895Z,202,completed,1608,36570,f112958ae7d8:1:9ca4d89f,867195,0000021e55c1693082d97586d68d1385f8d969f80459cc3811234ae417b242f1,125.0,37549.077,28,
50ec05ee-e609-490d-a054-2355f246254f,24e984ea-4fb9-4db7-b7aa-97b9777edfd3,426fdd7a-37cb-40d9-b4fc-e698563caa9d,50,workload-20260609T133920373955Z,64,2,2,2026-06-09T13:45:32.080820Z,2026-06-09T13:45:32.213835Z,2026-06-09T13:46:07.405885Z,202,completed,279,34658,f112958ae7d8:1:7953b08f,162329,000006dd2a5f6c20e894cdd05779d2f646cb13f2d9d37e097e65c61ef7bece26,125.0,35325.065,26,
3b90adc0-eeae-4b61-a4db-d83367b5907b,2c6a7860-3eb0-42fc-927e-c6ff97ddc220,426fdd7a-37cb-40d9-b4fc-e698563caa9d,50,workload-20260609T133920373955Z,65,2,2,2026-06-09T13:45:32.098817Z,2026-06-09T13:45:32.221831Z,2026-06-09T13:46:08.663012Z,202,completed,234,35829,0616728b7286:1:9389c8cf,73647,00000632b8166ccb9e85507525ee05ee20bb2ce66535f8ff377b0d5519ee4e2c,125.0,36564.195,27,
8ba328c7-aba8-43a2-a245-0935adbe9c89,d46b9348-afce-49fc-a20a-a04fff249364,426fdd7a-37cb-40d9-b4fc-e698563caa9d,50,workload-20260609T133920373955Z,66,2,2,2026-06-09T13:45:32.143820Z,2026-06-09T13:45:32.279835Z,2026-06-09T13:46:11.267330Z,202,completed,1829,38048,0616728b7286:1:566d9989,787892,000003f0cec3c21a2e3e3e91b5e8b78bce2d0e9c06a8bb8a37dfd46c659fca2f,141.0,39123.51,30,
19a7ad99-024a-4aad-8df4-e5f7ec6fad66,bb4d2b1c-4725-429a-81a5-4c6ab808fdf1,426fdd7a-37cb-40d9-b4fc-e698563caa9d,50,workload-20260609T133920373955Z,67,2,2,2026-06-09T13:45:32.145820Z,2026-06-09T13:45:32.304834Z,2026-06-09T13:46:10.978330Z,202,completed,1026,37894,f112958ae7d8:1:f21d8dd3,578370,000004700698683e43018b44db3e443b23d98446ee83b08e7964be88d062907d,156.0,38832.51,30,
ff908a3c-6287-4032-b80d-5f38f94800c0,3962dda7-1765-4a85-82d4-900bfddce6ac,426fdd7a-37cb-40d9-b4fc-e698563caa9d,50,workload-20260609T133920373955Z,68,2,2,2026-06-09T13:45:32.182832Z,2026-06-09T13:45:32.307834Z,2026-06-09T13:46:11.973025Z,202,completed,1230,39180,0616728b7286:1:3c282fee,505357,000006ef2dfd5c1e73e14ed5357c6c1f2e4eb9e882c13f492eb981837c128d1f,125.0,39790.193,31,
3a7b2f5c-0f1e-4a83-907d-aad19ebb0937,cfa846bd-87ae-4977-a0f7-15456c36db88,426fdd7a-37cb-40d9-b4fc-e698563caa9d,50,workload-20260609T133920373955Z,69,2,2,2026-06-09T13:45:32.183834Z,2026-06-09T13:45:32.317831Z,2026-06-09T13:46:10.119895Z,202,completed,331,37560,0616728b7286:1:ae55c5a7,104005,00000722609b88f728050c1e1664fecf942f75c91586567a7e4e940537bf7f51,125.0,37936.061,29,
d5519b91-8beb-4a75-8c01-1118ea68e431,3f2e39b4-9ab0-45e3-bafe-b7b1a53c9d91,426fdd7a-37cb-40d9-b4fc-e698563caa9d,50,workload-20260609T133920373955Z,70,2,2,2026-06-09T13:45:32.202830Z,2026-06-09T13:45:32.322834Z,2026-06-09T13:46:10.655327Z,202,completed,99,38249,f112958ae7d8:1:88237a2f,62131,0000071be65a7d4bf40ad676f4d75b370fad2ff270f2f3d2d5611a1604938171,109.0,38452.497,30,
562e5ab7-ce7a-472b-95b1-89e0ef2bdb88,543b4838-5ad5-4abe-ae5b-0e12c1bd547d,426fdd7a-37cb-40d9-b4fc-e698563caa9d,50,workload-20260609T133920373955Z,71,2,2,2026-06-09T13:45:32.221831Z,2026-06-09T13:45:32.358833Z,2026-06-09T13:46:13.925028Z,202,completed,3198,41344,0616728b7286:1:8e063bf3,1114287,0000043c47fc41d95851cb1603bb08f75b397c4199330f9f0ae959677bd2a750,141.0,41703.197,32,
e9554e02-b40f-42fb-a272-e780d9421daa,800fefef-8118-466a-9ea0-2f4507584922,426fdd7a-37cb-40d9-b4fc-e698563caa9d,50,workload-20260609T133920373955Z,72,2,2,2026-06-09T13:45:32.254835Z,2026-06-09T13:45:32.394832Z,2026-06-09T13:46:15.885820Z,202,completed,3994,42387,f112958ae7d8:1:f6e7b5e7,2920072,0000099dffa9e6e8ca6edb8bb7e08884fad82e47c6ddc4baf9e9508cbbece8d7,141.0,43630.985,33,
63a30621-b491-4d69-9bf5-363e04303b61,52fe18c5-be8b-45e7-9074-b6f766e6e360,426fdd7a-37cb-40d9-b4fc-e698563caa9d,50,workload-20260609T133920373955Z,73,2,2,2026-06-09T13:45:32.279835Z,2026-06-09T13:45:32.415835Z,2026-06-09T13:46:20.809092Z,202,completed,8752,48139,0616728b7286:1:c81f5b80,2767117,00000019e3b540ffe2ba4bcde835702ac572b3cdcc922a089fe81040b8867a22,125.0,48529.257,38,
a0abe897-cdc6-4b25-8572-f562c33636be,a1205b92-8d58-4d24-b639-53b79e4cabae,426fdd7a-37cb-40d9-b4fc-e698563caa9d,50,workload-20260609T133920373955Z,74,2,2,2026-06-09T13:45:32.280834Z,2026-06-09T13:45:32.400835Z,2026-06-09T13:46:12.959029Z,202,completed,726,40011,f112958ae7d8:1:40fb3985,431665,0000073401571c447bf635621589e7f1e936f58d666e237bd5afe9e7667a716b,109.0,40678.195,31,
7ca52712-71f7-487b-aae5-95deb9e0a1c1,5e36977f-f360-4791-8bab-0f8fcf140d3e,426fdd7a-37cb-40d9-b4fc-e698563caa9d,50,workload-20260609T133920373955Z,75,2,2,2026-06-09T13:45:32.304834Z,2026-06-09T13:45:32.421835Z,2026-06-09T13:46:14.371807Z,202,completed,791,41141,f112958ae7d8:1:bc18a802,461506,00000abdd47d00f91bdf4bebe8b7790713858b00976ee06df00ec94e098ba58f,125.0,42066.973,33,
8fa974e9-ac1b-4406-a267-bf37ec22b662,ff0be7ca-29ba-4e56-b5db-9db32ee33f48,426fdd7a-37cb-40d9-b4fc-e698563caa9d,50,workload-20260609T133920373955Z,76,2,2,2026-06-09T13:45:32.349832Z,2026-06-09T13:45:32.578834Z,2026-06-09T13:46:26.420839Z,202,completed,9003,52768,f112958ae7d8:1:46b1c61b,6228380,00000e62510373e2981fb44d2c73b86dd3a5f7339f5890b3140d45bc881e1df9,235.0,54071.007,43,
a83fce38-0f4d-43b6-8097-a711f6a4f8cb,edbb67f6-8855-4060-929c-52d294100967,426fdd7a-37cb-40d9-b4fc-e698563caa9d,50,workload-20260609T133920373955Z,77,2,2,2026-06-09T13:45:32.351833Z,2026-06-09T13:45:32.472833Z,2026-06-09T13:46:19.336971Z,202,completed,4727,46132,0616728b7286:1:9eed11f4,1371827,000003034462cf79258bfc03376fcb20fecc92ee6dffb7e91c28aa62bc34dd76,125.0,46985.138,36,
371d5625-4214-4b2a-a21e-212852e8d1b6,c637d78c-e6b5-426b-8ce3-4384514fbf2c,426fdd7a-37cb-40d9-b4fc-e698563caa9d,50,workload-20260609T133920373955Z,78,2,2,2026-06-09T13:45:32.358833Z,2026-06-09T13:45:32.492834Z,2026-06-09T13:46:16.407819Z,202,completed,1974,43616,f112958ae7d8:1:112465dd,1332372,00000ea47df0170529cc0f1a29e4f6469fe988fcb160aeef531c91dd59838443,125.0,44048.986,34,
deed44b4-4d19-40ea-8ea7-b92ceca3a14b,85ddfdf0-acfe-4104-871f-4073981bc177,426fdd7a-37cb-40d9-b4fc-e698563caa9d,50,workload-20260609T133920373955Z,79,2,2,2026-06-09T13:45:32.395831Z,2026-06-09T13:45:32.532832Z,2026-06-09T13:46:15.907816Z,202,completed,568,43160,f112958ae7d8:1:7d005452,317291,00000dc75010b62ff98f96a33dc761a6515fa5bc63a0dd8b5c06c7fda961846f,141.0,43511.985,33,
ed624e78-39f1-4ffb-9d28-f54c21b6454b,c3175d80-1d86-4a23-aee2-e6530b0d30b5,426fdd7a-37cb-40d9-b4fc-e698563caa9d,50,workload-20260609T133920373955Z,80,2,2,2026-06-09T13:45:32.415835Z,2026-06-09T13:45:32.550833Z,2026-06-09T13:46:16.583819Z,202,completed,330,43973,f112958ae7d8:1:6756adc0,381839,00000a555386be83613f4205e1cf525b11be460b6baeb9734fefe12d3074bf19,140.0,44167.984,34,
416fae0c-b7d3-47f2-b668-749110378135,cafb5d2a-aca4-4fc3-bbf6-243d59046c8a,426fdd7a-37cb-40d9-b4fc-e698563caa9d,50,workload-20260609T133920373955Z,81,2,2,2026-06-09T13:45:32.421835Z,2026-06-09T13:45:32.574833Z,2026-06-09T13:46:18.841323Z,202,completed,1290,45634,f112958ae7d8:1:bc6060e7,815135,0000032c531202bb84c56f1ba3c01e4371cbbba9d1ba792a2e3e1dcb8b090f6b,157.0,46419.488,36,
470e2f49-7a1e-410f-a4be-7a2aeb26488f,90ae58ac-414f-42bf-860c-729d78265684,426fdd7a-37cb-40d9-b4fc-e698563caa9d,50,workload-20260609T133920373955Z,82,2,2,2026-06-09T13:45:32.459832Z,2026-06-09T13:45:32.645831Z,2026-06-09T13:46:23.469323Z,202,completed,3971,50353,0616728b7286:1:20c0d4d7,1207337,000002aca1525ae8ec55a801348cbe1eea919b930a1924750a21db8794172859,187.0,51009.491,41,
b86b02d7-71ce-4957-8d60-508dbcfa7f64,4143d99c-9b82-4c07-ade2-1505355d4edc,426fdd7a-37cb-40d9-b4fc-e698563caa9d,50,workload-20260609T133920373955Z,83,2,2,2026-06-09T13:45:32.460833Z,2026-06-09T13:45:32.602833Z,2026-06-09T13:46:19.704088Z,202,completed,140,46048,f112958ae7d8:1:712aad2d,80307,00000700cba052c5de528385fdd371e0b66a6b9feb37ab0b8fd4ebb3dcf2544b,140.0,47243.255,37,
47e15520-dcb5-472b-a1fa-3298ad18045f,d78d0a78-cee7-4804-84b2-eb7d91f21c9f,426fdd7a-37cb-40d9-b4fc-e698563caa9d,50,workload-20260609T133920373955Z,84,2,2,2026-06-09T13:45:32.492834Z,2026-06-09T13:45:32.629833Z,2026-06-09T13:46:21.981322Z,202,completed,1804,48188,f112958ae7d8:1:6e266b6f,1036943,00000d3d69bb024c48190426c89b65889278b152adb68877f9590d5673f4b539,140.0,49488.488,38,
864ecee8-9ad3-4bc0-a3b4-43e526af9132,b603aba6-5799-477a-a178-5e729241c3c5,426fdd7a-37cb-40d9-b4fc-e698563caa9d,50,workload-20260609T133920373955Z,85,2,2,2026-06-09T13:45:32.522831Z,2026-06-09T13:45:32.647834Z,2026-06-09T13:46:24.555733Z,202,completed,2444,50743,0616728b7286:1:7aaa1d77,860075,00000844c52123a85f21c0eca4819e54168e4dded1a1d1372525c396ad0df03f,125.0,52032.902,41,
93900937-5e95-4542-aa8c-ebfc90cc444d,654ee781-78b0-4abc-b1bc-dd34d7fbe402,426fdd7a-37cb-40d9-b4fc-e698563caa9d,50,workload-20260609T133920373955Z,86,2,2,2026-06-09T13:45:32.523832Z,2026-06-09T13:45:32.648836Z,2026-06-09T13:46:22.232320Z,202,completed,732,49069,f112958ae7d8:1:94e5d6a6,414804,00000eb83604c32edf9a1b5c0b07bdd07ebf72ca46fc8c978ef1c74433283f1f,125.0,49708.488,40,
4546f3b1-8422-4ab3-af0c-a9fed329b894,93f9c9fc-8ee9-4dc5-a6d5-4e569ec12341,426fdd7a-37cb-40d9-b4fc-e698563caa9d,50,workload-20260609T133920373955Z,87,2,2,2026-06-09T13:45:32.550833Z,2026-06-09T13:45:32.669848Z,2026-06-09T13:46:22.254319Z,202,completed,207,49482,f112958ae7d8:1:ad029e20,126363,000007d137c8d8913b7e6265e12bd139e33a681f8b7ab4c65851d2e87e7fdffd,125.0,49703.486,40,
545fc10b-d9c8-44b5-92ea-a821822a8315,3530b988-61e0-4e77-9e84-40ecafe63561,426fdd7a-37cb-40d9-b4fc-e698563caa9d,50,workload-20260609T133920373955Z,88,2,2,2026-06-09T13:45:32.574833Z,2026-06-09T13:45:32.714848Z,2026-06-09T13:46:31.300575Z,202,completed,8564,58227,f112958ae7d8:1:6e3a2abf,5514536,00000a6012b70da30566ea3eecc118595328996522b2de7f16e876360c5388cd,140.0,58725.742,46,
02f188dd-a943-40e8-b075-c05c0eec5912,7175d4c3-7bcb-41f1-a81f-551d963923cb,426fdd7a-37cb-40d9-b4fc-e698563caa9d,50,workload-20260609T133920373955Z,89,2,2,2026-06-09T13:45:32.576833Z,2026-06-09T13:45:32.712845Z,2026-06-09T13:46:26.232820Z,202,completed,2025,52811,0616728b7286:1:36412690,792845,0000091327975938889b5ead944d3201948f65dd70eecc77d036c493fb5a3bba,125.0,53655.987,44,
2072b2db-2ff3-4495-92a0-a951d29fb513,bf325581-8d19-494f-b0c9-8ed455706736,426fdd7a-37cb-40d9-b4fc-e698563caa9d,50,workload-20260609T133920373955Z,90,2,2,2026-06-09T13:45:32.602833Z,2026-06-09T13:45:32.740846Z,2026-06-09T13:46:25.395738Z,202,completed,1435,52358,0616728b7286:1:b8b7d66b,445263,000007cc2345156ba055e09ef52d1f41c88e68dc39ce560f0a27d3b2c47d6af1,141.0,52792.905,43,
48ec26d8-976c-45db-a416-bc9993f6c100,89f8cbfe-a632-41c6-8a31-91b8181d1b74,426fdd7a-37cb-40d9-b4fc-e698563caa9d,50,workload-20260609T133920373955Z,91,2,2,2026-06-09T13:45:32.630832Z,2026-06-09T13:45:32.762849Z,2026-06-09T13:46:26.308828Z,202,completed,535,53195,0616728b7286:1:ecdddad4,304311,0000023fd4254b6b67964db343ae50369d259a7f544e72110acdb005eabfe9a7,141.0,53677.996,42,
ba6e1dc9-cc9a-4b0b-8384-bcb7d3040403,42a88e15-377b-4249-95fe-159390230421,426fdd7a-37cb-40d9-b4fc-e698563caa9d,50,workload-20260609T133920373955Z,92,2,2,2026-06-09T13:45:32.645831Z,2026-06-09T13:45:32.782848Z,2026-06-09T13:46:26.784839Z,202,completed,273,53224,f112958ae7d8:1:a014e27d,160094,00000b213f31e0fb4dccd1e13b10cfa606849cb5027b068d0a51c591b6a50dbe,141.0,54139.008,43,
2154c610-a2bf-4e73-b6ed-4c7e95c19b1a,c05b2793-9709-4be1-ae60-8b00ec3cc9f9,426fdd7a-37cb-40d9-b4fc-e698563caa9d,50,workload-20260609T133920373955Z,93,3,2,2026-06-09T13:45:32.669848Z,2026-06-09T13:45:32.807848Z,2026-06-09T13:46:34.780735Z,202,completed,8353,61343,0616728b7286:1:251be23b,3121802,00000e660614ae2bba560eb7458da176bdfceec0372407f6819a7256f37f0744,125.0,62110.887,51,
f2a427bf-9c4d-4137-9043-64f53370114e,5813e4f4-e3de-415d-ab4e-36c7a05c3e16,426fdd7a-37cb-40d9-b4fc-e698563caa9d,50,workload-20260609T133920373955Z,94,2,2,2026-06-09T13:45:32.693846Z,2026-06-09T13:45:32.815845Z,2026-06-09T13:46:27.991005Z,202,completed,1313,54810,0616728b7286:1:af525d99,420137,0000087a92a49b54912d7ce0e44af6513951aafe428c8ed2ec0592e22545ec89,125.0,55297.159,46,
3441df8a-fbf0-4ddf-aeb1-b482da246370,409b8252-87f4-4da1-8274-1aff52553726,426fdd7a-37cb-40d9-b4fc-e698563caa9d,50,workload-20260609T133920373955Z,95,2,2,2026-06-09T13:45:32.712845Z,2026-06-09T13:45:32.853846Z,2026-06-09T13:46:31.414189Z,202,completed,4547,58147,f112958ae7d8:1:3b275ff0,2678226,00000f45550b9a8bc43a53c04d8c49d7b7d241c368962c37946d2c35027650b4,140.0,58701.344,48,
2032e268-65a3-4ccb-87f6-bfb820435c5d,1a3be5ae-d215-4eef-b9a6-5378b20800b7,426fdd7a-37cb-40d9-b4fc-e698563caa9d,50,workload-20260609T133920373955Z,96,2,2,2026-06-09T13:45:32.714848Z,2026-06-09T13:45:32.856845Z,2026-06-09T13:46:31.966773Z,202,completed,3549,58714,0616728b7286:1:a3b2cc8a,1083420,00000f593a78099f57f40b6078e2ddde9e63406abe520fea205430975c457dcd,141.0,59251.925,43,GET /pow/1a3be5ae-d215-4eef-b9a6-5378b20800b7 returned HTTP 503
ee212eb6-6ff2-4f05-82d3-2f3fefd23ae1,a2780bd5-2310-4cb7-8ea1-172f5e2b2340,426fdd7a-37cb-40d9-b4fc-e698563caa9d,50,workload-20260609T133920373955Z,97,2,2,2026-06-09T13:45:32.740846Z,2026-06-09T13:45:32.864848Z,2026-06-09T13:46:31.786256Z,202,completed,162,58631,f112958ae7d8:1:5212b43b,137591,00000467b36a6e8edb30d98231253bb0b635143fe99406aa39e9d65934823756,125.0,59045.41,47,
74f3090e-cc99-4958-b4a0-6d2bca7d55f5,4efd28ba-2a22-4a9d-9df0-f51238807730,426fdd7a-37cb-40d9-b4fc-e698563caa9d,50,workload-20260609T133920373955Z,98,2,2,2026-06-09T13:45:32.762849Z,2026-06-09T13:45:32.881847Z,2026-06-09T13:46:32.345775Z,202,completed,812,59291,f112958ae7d8:1:aea40ac6,629155,00000ccc29ec8199c5ac901b23e8e815c5ac9db2e05e827bb7db9bd638981c84,109.0,59582.926,49,
6a18bf3d-db1d-4888-96cd-72defed47073,0d7c0551-8b06-4652-b0a9-365a10be5bfc,426fdd7a-37cb-40d9-b4fc-e698563caa9d,50,workload-20260609T133920373955Z,99,3,2,2026-06-09T13:45:32.782848Z,2026-06-09T13:45:32.917849Z,2026-06-09T13:46:34.795735Z,202,completed,2124,61173,f112958ae7d8:1:e29e259a,1549536,00000b638d22d6470f7d5930ce02c3a34a4b68a533bf5c0e75e00690f6b2f826,125.0,62012.887,51,
47eb2b55-4f38-425d-8d1b-d36ed862a255,f04d0691-2500-4b0d-b372-6a04ed3f10c8,426fdd7a-37cb-40d9-b4fc-e698563caa9d,50,workload-20260609T133920373955Z,100,3,2,2026-06-09T13:45:32.807848Z,2026-06-09T13:45:32.942848Z,2026-06-09T13:46:33.093649Z,202,completed,1050,60042,0616728b7286:1:b2cbff26,329045,000009eb249540b220b9db8f4dc3a35e5d69f711a7cca51c8bd74c8b7d6ea593,141.0,60285.801,50,
7714554e-14bb-4037-a0c4-cbc84e2d3011,0ee03a0b-e3da-4eaf-825f-8c2c3da0379e,426fdd7a-37cb-40d9-b4fc-e698563caa9d,50,workload-20260609T133920373955Z,101,3,2,2026-06-09T13:45:32.834848Z,2026-06-09T13:45:32.970847Z,2026-06-09T13:46:34.720735Z,202,completed,1041,60705,f112958ae7d8:1:25b6d0db,628210,000001e9e4a848b1b3306ca57358e0a23ffa559c1da0dfbfaf4f810834880e6b,140.0,61885.887,49,
1e44da62-9f72-48e3-88cf-ffd408c2b52d,8e5acdb4-852d-4159-b06e-b58546f44cd2,426fdd7a-37cb-40d9-b4fc-e698563caa9d,50,workload-20260609T133920373955Z,102,3,2,2026-06-09T13:45:32.853846Z,2026-06-09T13:45:32.986848Z,2026-06-09T13:46:35.833611Z,202,completed,1768,62073,0616728b7286:1:6e0818f5,651059,000008c7d3d421bfec58a7db34d3f97818ea5e1ad39be04306c49c369ee84ac7,141.0,62979.765,51,
499f3911-8221-4834-a87b-60cb9f2c1a51,d4ec87a1-0232-41ba-b572-9154819e1ddb,426fdd7a-37cb-40d9-b4fc-e698563caa9d,50,workload-20260609T133920373955Z,103,3,2,2026-06-09T13:45:32.856845Z,2026-06-09T13:45:32.991848Z,2026-06-09T13:46:35.610611Z,202,completed,391,61503,f112958ae7d8:1:abea0801,428427,000008158375fed9ab7bdbe5d23326ab904d437903b0971dd4696fd0504eb770,125.0,62753.766,50,
a7eeb32c-d84c-4db9-b559-d03ff4a8090e,c6324397-4a5b-4e79-8546-24452a75b594,426fdd7a-37cb-40d9-b4fc-e698563caa9d,50,workload-20260609T133920373955Z,104,3,2,2026-06-09T13:45:32.882846Z,2026-06-09T13:45:33.005847Z,2026-06-09T13:46:35.728612Z,202,completed,581,61895,f112958ae7d8:1:1d008853,541455,00000544079616213cfd1777f8770ab64ce12c79a4c11feefb1df6efb907c9be,125.0,62845.766,50,
c1a912f6-412c-4ac7-9629-28ca097d9c15,568c65a4-c838-4322-84bd-85a5ca43785b,426fdd7a-37cb-40d9-b4fc-e698563caa9d,50,workload-20260609T133920373955Z,105,3,2,2026-06-09T13:45:32.917849Z,2026-06-09T13:45:33.051848Z,2026-06-09T13:46:38.913738Z,202,completed,3507,64931,0616728b7286:1:3f90fc67,752109,000006ef8737e33ed644b16e396220fc2e897e8d4ea5e94c3ad09c003b6f0fc5,140.0,65995.889,55,
24a67417-ab9c-4538-8a25-01b8eceba9b3,b181d3f5-e589-48d2-a6f9-d391a4b3d370,426fdd7a-37cb-40d9-b4fc-e698563caa9d,50,workload-20260609T133920373955Z,106,3,2,2026-06-09T13:45:32.919846Z,2026-06-09T13:45:33.054846Z,2026-06-09T13:46:35.945608Z,202,completed,1124,62766,f112958ae7d8:1:9028f238,797000,00000c0bb64dae4315328a6fde67e5142ed6edcaba687f1a6ab903ae8d6fba3f,125.0,63025.762,51,
883ef8ba-8bfe-4f53-9f62-b49c1533a636,7de799b2-20d0-429b-9931-1e921bd1bac5,426fdd7a-37cb-40d9-b4fc-e698563caa9d,50,workload-20260609T133920373955Z,107,3,2,2026-06-09T13:45:32.942848Z,2026-06-09T13:45:33.064848Z,2026-06-09T13:46:38.007703Z,202,completed,1794,63923,f112958ae7d8:1:1b7b022b,1183281,00000775d55e6deab885aff520da22134ff20c333bd986afde29932039131af0,125.0,65064.855,54,
71f772ae-7f1e-4e53-ad6b-3650dbb0ace2,23088aab-52f5-4026-855c-13701ed79972,426fdd7a-37cb-40d9-b4fc-e698563caa9d,50,workload-20260609T133920373955Z,108,3,2,2026-06-09T13:45:32.970847Z,2026-06-09T13:45:33.093849Z,2026-06-09T13:46:38.074702Z,202,completed,2808,64937,0616728b7286:1:00d32cf2,483487,0000014a1012f531bd339fb7b9f0e1f14aa1f45066853ff3f2e3c4f036d78af2,125.0,65103.855,53,
099a0340-d211-4e35-b631-38c0460d0dd7,7f91d7d3-02ad-4b2d-b8bb-f6dd6066400f,426fdd7a-37cb-40d9-b4fc-e698563caa9d,50,workload-20260609T133920373955Z,109,3,2,2026-06-09T13:45:32.986848Z,2026-06-09T13:45:33.119849Z,2026-06-09T13:46:38.125703Z,202,completed,1818,64789,f112958ae7d8:1:d4b1a1f6,1293975,000007a5983f246b41136d962bd9fd0e7ac241cc243b00ba3e799ed87a848632,125.0,65138.855,53,
5993d6ab-1d8c-4d7c-b050-7c03ec834f8f,463b127f-25a2-436b-bc2d-3096ee3b8665,426fdd7a-37cb-40d9-b4fc-e698563caa9d,50,workload-20260609T133920373955Z,110,3,2,2026-06-09T13:45:33.005847Z,2026-06-09T13:45:33.143848Z,2026-06-09T13:46:40.163200Z,202,completed,1736,65939,f112958ae7d8:1:4df6456f,1214241,000000aa7263fa986feddfc69c5b4b88e8b379b58dcc8af6b8c26d5dc2089a14,141.0,67157.353,55,
4a2fe879-1833-4d05-9212-fa78e3662171,5bdf0055-aad4-4107-8ee0-78bfacf59fe9,426fdd7a-37cb-40d9-b4fc-e698563caa9d,50,workload-20260609T133920373955Z,111,3,2,2026-06-09T13:45:33.039849Z,2026-06-09T13:45:33.180848Z,2026-06-09T13:46:39.339738Z,202,completed,1015,65984,f112958ae7d8:1:678399e1,731723,0000091c1c20ff88d348c527d7682476418549834cd5ca4667780f980d0ec55a,140.0,66299.889,53,
365edb4f-9aaa-4721-add4-2d1272f64f92,ede74ae2-5aa1-4af8-a39d-298cd81183b1,426fdd7a-37cb-40d9-b4fc-e698563caa9d,50,workload-20260609T133920373955Z,112,3,2,2026-06-09T13:45:33.051848Z,2026-06-09T13:45:33.187846Z,2026-06-09T13:46:41.127200Z,202,completed,2477,67635,0616728b7286:1:5623a4c4,664758,0000070adc37b2400f8cda99738235cd110ef8361fd86d17ae4138758153bf66,141.0,68075.352,56,
7bea56b7-eb06-4e19-aea0-b5f7fd208892,8e1140c6-1f8a-4246-9278-01800cc71e75,426fdd7a-37cb-40d9-b4fc-e698563caa9d,50,workload-20260609T133920373955Z,113,3,2,2026-06-09T13:45:33.064848Z,2026-06-09T13:45:33.185848Z,2026-06-09T13:46:40.953197Z,202,completed,2296,67692,0616728b7286:1:8bd57806,566326,00000a7d0dca8b0da89034036f36e0d06c054bcad597687b0938d7297a2ee9ee,125.0,67888.349,56,
d0193395-f225-4b82-960d-cb097943668d,3eec2e27-7504-44bb-8d97-233a84b07a58,426fdd7a-37cb-40d9-b4fc-e698563caa9d,50,workload-20260609T133920373955Z,114,3,2,2026-06-09T13:45:33.093849Z,2026-06-09T13:45:33.239847Z,2026-06-09T13:46:41.552804Z,202,completed,1202,67414,f112958ae7d8:1:e8081c08,782987,0000000e22ead8334943bb4b125205b01fc11bb4b318f16a77554528ccd8a557,141.0,68458.955,57,
9b46b571-6612-4033-8ef9-39fbf9b0f53b,f4aeea66-de6b-4f7a-b718-11508b5a7c2f,426fdd7a-37cb-40d9-b4fc-e698563caa9d,50,workload-20260609T133920373955Z,115,3,2,2026-06-09T13:45:33.094848Z,2026-06-09T13:45:33.240846Z,2026-06-09T13:46:41.429801Z,202,completed,1133,67490,f112958ae7d8:1:9d082e10,692677,00000905759370a99f51720e00e57f3caefd0bcff5cb25f6cb9ddc0d7314c326,141.0,68334.953,56,
9d9d5536-84b7-49d0-ba26-a99f577a1f3a,a8bf495c-dd5e-40d4-b3af-03e4fd58fcfe,426fdd7a-37cb-40d9-b4fc-e698563caa9d,50,workload-20260609T133920373955Z,116,3,2,2026-06-09T13:45:33.143848Z,2026-06-09T13:45:33.284847Z,2026-06-09T13:46:42.203986Z,202,completed,119,67971,f112958ae7d8:1:4c2147a6,125939,00000c9b6898d1f3c793d696f508a244b9571e32765fb5f8b9b4d424e016f7aa,141.0,69060.138,56,
e74e8070-d72c-49aa-b56d-ee8806828c2c,79a24002-965b-4052-bcaf-5ea46b7db9ca,426fdd7a-37cb-40d9-b4fc-e698563caa9d,50,workload-20260609T133920373955Z,117,3,2,2026-06-09T13:45:33.144846Z,2026-06-09T13:45:33.282846Z,2026-06-09T13:46:42.031802Z,202,completed,318,68388,f112958ae7d8:1:06de199c,343372,0000080fbde475de8873d51176b9830e35b00b539d1141cc218d885d907f1044,141.0,68886.956,56,
a60a21d3-e0f8-4ddb-9695-a88be166acd7,9fa06e2a-c2e7-4fc0-b5dc-cfdd4db3b689,426fdd7a-37cb-40d9-b4fc-e698563caa9d,50,workload-20260609T133920373955Z,118,3,2,2026-06-09T13:45:33.180848Z,2026-06-09T13:45:33.322847Z,2026-06-09T13:46:43.119563Z,202,completed,1490,69337,0616728b7286:1:c301022f,791766,00000ef3ec1608b1adbe84f89eaf8f22c35f992464c1b1f65d53d08b25f78df0,141.0,69938.715,57,
1d20704f-78a3-4b2e-811f-997c54906a39,5d8b6e89-fa57-4e96-9b64-8586b0bb5729,426fdd7a-37cb-40d9-b4fc-e698563caa9d,50,workload-20260609T133920373955Z,119,3,2,2026-06-09T13:45:33.185848Z,2026-06-09T13:45:33.324847Z,2026-06-09T13:46:42.675984Z,202,completed,538,68587,0616728b7286:1:c61c9037,174834,00000b2e026d7f28027f033621d385672c4b1cf22fdd3152ba998d1e7352687e,141.0,69490.136,57,
8ef97f82-d9ae-4e26-a5f3-2539aac90fc4,d9089975-82af-450f-a4c6-5d2c9d0672a9,426fdd7a-37cb-40d9-b4fc-e698563caa9d,50,workload-20260609T133920373955Z,120,3,2,2026-06-09T13:45:33.224847Z,2026-06-09T13:45:33.345846Z,2026-06-09T13:46:43.798083Z,202,completed,1459,69685,f112958ae7d8:1:251d6b7b,1682498,0000021a862be23a973641293eda386159d14519fb03fe1a79f8b7911f38a055,125.0,70573.236,58,
4fd5d1eb-11c3-40e0-8044-e4052887e905,9361fbe2-2a34-45f6-afe5-fa0357740f8f,426fdd7a-37cb-40d9-b4fc-e698563caa9d,100,workload-20260609T133920373955Z,1,4,2,2026-06-09T13:47:44.101169Z,2026-06-09T13:47:44.268173Z,2026-06-09T13:47:47.929666Z,202,completed,2184,2997,0616728b7286:1:88489e8f,752179,000005cb578d17304d18e5902d9f7582e6011a1597d852205bfad0956aa85d7a,172.0,3828.497,2,
3cd6dd30-a1d4-42eb-9558-60b9aaff28e4,46cb9ef2-2508-4073-8564-954f34b2fb7b,426fdd7a-37cb-40d9-b4fc-e698563caa9d,100,workload-20260609T133920373955Z,2,4,2,2026-06-09T13:47:44.102171Z,2026-06-09T13:47:44.277172Z,2026-06-09T13:47:45.843732Z,202,completed,268,820,0616728b7286:1:e24e1842,108137,0000024ffdcb17d7535e52aa44639ce09c4cec95108c45324e2dce682b2dfdb9,172.0,1741.561,1,
01c92dd7-6d02-4c6e-997c-b9bdfbb68d19,eaf677c9-c0c0-4efe-913d-2ab8be39b9a9,426fdd7a-37cb-40d9-b4fc-e698563caa9d,100,workload-20260609T133920373955Z,3,4,2,2026-06-09T13:47:44.133170Z,2026-06-09T13:47:44.307173Z,2026-06-09T13:47:48.100662Z,202,completed,2073,2811,846f4f1cc24e:1:afdb4871,1590485,000002b418ca41986ad2707158d67833cb187551b17d714548d64ab517c4e352,172.0,3967.492,3,
8b7ccb99-1f62-47d2-96b2-65a4f6727431,64ef8681-4a8a-40b4-8214-e96b2493bcf9,426fdd7a-37cb-40d9-b4fc-e698563caa9d,100,workload-20260609T133920373955Z,4,4,2,2026-06-09T13:47:44.134172Z,2026-06-09T13:47:44.339196Z,2026-06-09T13:47:48.090666Z,202,completed,1764,3043,0616728b7286:1:1dc1e28a,517365,00000d7b47ef26a3ea1722b51ee4dff6233d30a973c89437e64ae42acfafbc7f,204.0,3956.494,3,
0e932bac-5099-4b9b-850f-f7c665222770,c734248f-a9c3-478a-b948-0c51ac37ae97,426fdd7a-37cb-40d9-b4fc-e698563caa9d,100,workload-20260609T133920373955Z,5,4,2,2026-06-09T13:47:44.137170Z,2026-06-09T13:47:44.300170Z,2026-06-09T13:47:45.844732Z,202,completed,686,1465,846f4f1cc24e:1:9e7f082c,433046,000006bfd9c5f1d87e32ba5bc3a1b380894944179fb36486a3824e767036c28b,156.0,1707.562,1,
497a2800-91e0-4ac1-afdc-fdb4d4e79ab9,bfe4dab2-f78e-46f8-9291-53bd64a827ce,426fdd7a-37cb-40d9-b4fc-e698563caa9d,100,workload-20260609T133920373955Z,6,4,2,2026-06-09T13:47:44.138171Z,2026-06-09T13:47:44.297170Z,2026-06-09T13:47:46.025730Z,202,completed,441,1256,f112958ae7d8:1:fe655866,193579,00000ab2f4012b48da08e1126dd5d9cdca39485eda47e8358751904ac1b81c77,156.0,1887.559,1,
83046603-cb17-43d5-b968-806682b1e63d,c1c2f9bf-25b7-44a2-8c07-5cbca72321b1,426fdd7a-37cb-40d9-b4fc-e698563caa9d,100,workload-20260609T133920373955Z,7,4,2,2026-06-09T13:47:44.140171Z,2026-06-09T13:47:44.308173Z,2026-06-09T13:47:46.999664Z,202,completed,720,1716,f112958ae7d8:1:1f8c16d0,450785,000008eb36f07860ef4379227cea44318cb1bed25e1d4cfa455d14a5baa7af0b,156.0,2859.493,2,
d44c3571-a6c4-4129-b012-7fff68c0ac80,85e80d94-c2ed-4c90-94ee-4b537ae671db,426fdd7a-37cb-40d9-b4fc-e698563caa9d,100,workload-20260609T133920373955Z,8,4,2,2026-06-09T13:47:44.168169Z,2026-06-09T13:47:44.350187Z,2026-06-09T13:47:46.979663Z,202,completed,159,1742,f112958ae7d8:1:0cca45b2,167233,00000a454950c3d4819d2617b3c4688db2811bd52d858024118f350b7daeeb33,172.0,2811.494,2,
4357b6ae-835a-4df7-9489-637a8bcfffc5,82140df3-b2cc-4bf1-a782-dd844be20df4,426fdd7a-37cb-40d9-b4fc-e698563caa9d,100,workload-20260609T133920373955Z,9,4,2,2026-06-09T13:47:44.170173Z,2026-06-09T13:47:44.347184Z,2026-06-09T13:47:47.322666Z,202,completed,186,1845,846f4f1cc24e:1:d7f5e465,118801,000007b01ff2c53ef6b7d949210213cc3ee67ecc985366cf1b34817888d79cea,172.0,3152.493,2,
4e0a1f81-f774-416c-abba-450f9fc81338,9e020893-0496-4756-8a91-f42686cd444e,426fdd7a-37cb-40d9-b4fc-e698563caa9d,100,workload-20260609T133920373955Z,10,4,2,2026-06-09T13:47:44.172173Z,2026-06-09T13:47:44.348184Z,2026-06-09T13:47:48.261663Z,202,completed,1174,3284,f112958ae7d8:1:accdf3de,672613,00000e1db4ad96f3f60958f674cf82f4bb9204031d35f166b8cb5dbd71e18be5,172.0,4089.49,3,
8272a62a-ee8f-44f2-ae0c-20725c029da3,010e17ab-ab7d-4d99-b6f0-bb4764400a41,426fdd7a-37cb-40d9-b4fc-e698563caa9d,100,workload-20260609T133920373955Z,11,4,2,2026-06-09T13:47:44.204169Z,2026-06-09T13:47:44.363188Z,2026-06-09T13:47:49.296258Z,202,completed,2483,4593,f112958ae7d8:1:09072a0d,1596091,00000542219d8ad5be1d81f3e1319dc8f9ccd37509560255ed40d3ff0a332d47,156.0,5092.089,4,
17bb1e56-2024-4eb2-a860-4e2ef9b0bf40,ca5700aa-a9cb-4c9d-907b-37b57e25d79f,426fdd7a-37cb-40d9-b4fc-e698563caa9d,100,workload-20260609T133920373955Z,12,4,2,2026-06-09T13:47:44.205170Z,2026-06-09T13:47:44.381187Z,2026-06-09T13:47:51.766222Z,202,completed,3627,6640,846f4f1cc24e:1:b4364e01,2635528,000008a03c02a4aa3671b715f0f6305a837626bbb3c0da5ec12781d35e8bbba7,171.0,7561.052,6,
453f2f1c-5466-4b2f-95cf-691d743fce0f,0ad92d1b-06f9-4dc8-b5b4-556465871b32,426fdd7a-37cb-40d9-b4fc-e698563caa9d,100,workload-20260609T133920373955Z,13,4,2,2026-06-09T13:47:44.207170Z,2026-06-09T13:47:44.380187Z,2026-06-09T13:47:48.122666Z,202,completed,794,2800,846f4f1cc24e:1:684eafaf,588388,000000f8d8312cf6b94eedab186c93f443440312ecbc530bcd10f2908ff12468,171.0,3915.496,3,
8490c15b-3f3a-4710-9270-4cd5e8da04e9,dab9ecc7-71e7-47ef-ab54-6b327680de13,426fdd7a-37cb-40d9-b4fc-e698563caa9d,100,workload-20260609T133920373955Z,14,4,2,2026-06-09T13:47:44.239171Z,2026-06-09T13:47:44.421188Z,2026-06-09T13:47:49.433260Z,202,completed,964,4269,0616728b7286:1:39ac87b4,311659,000009d873c35265a5d6ed281ff950ec803853aed756990d0b5e075bd12906fc,187.0,5194.089,4,
091041d8-2931-4d67-9337-ba1df8594979,3cc5bed7-088e-4ba0-aca3-19beef6d4c6b,426fdd7a-37cb-40d9-b4fc-e698563caa9d,100,workload-20260609T133920373955Z,15,4,2,2026-06-09T13:47:44.240174Z,2026-06-09T13:47:44.396188Z,2026-06-09T13:47:50.180261Z,202,completed,1223,4696,0616728b7286:1:4520df7f,447550,000007de25abf0541d1e4602c676ada9ea8cd7d9dd50c2b4d65db8deb2c6a5a6,156.0,5940.087,4,
cc593a94-fba5-4ab5-ac05-88c58441ea6e,3b8fed24-aabf-4200-9676-ff82e10a9f05,426fdd7a-37cb-40d9-b4fc-e698563caa9d,100,workload-20260609T133920373955Z,16,4,2,2026-06-09T13:47:44.242174Z,2026-06-09T13:47:44.412189Z,2026-06-09T13:47:49.470259Z,202,completed,747,4136,f112958ae7d8:1:72bb52b0,401039,000006eb7ba4657704a7b47109f85b2f93a58d7a1369ef29f475bf4d3bda92b6,172.0,5228.085,4,
26449d20-45c9-45c9-bfa6-7dfd6e1190c7,62192090-10a5-486c-a470-b57c89232376,426fdd7a-37cb-40d9-b4fc-e698563caa9d,100,workload-20260609T133920373955Z,17,4,2,2026-06-09T13:47:44.246171Z,2026-06-09T13:47:44.463361Z,2026-06-09T13:47:50.424258Z,202,completed,1091,5816,f112958ae7d8:1:5466f214,936792,000002e5c8dd280758f88336dc8e3f112a3f9d299bd99f9c1673ae552158ea07,204.0,6178.087,5,
d2eb22f3-18d2-4e9e-9752-02ad0831f3b7,fbd7f9a1-d811-4719-be1f-3c408f46a408,426fdd7a-37cb-40d9-b4fc-e698563caa9d,100,workload-20260609T133920373955Z,18,4,2,2026-06-09T13:47:44.247173Z,2026-06-09T13:47:44.464360Z,2026-06-09T13:47:50.401261Z,202,completed,1221,5831,0616728b7286:1:561041ec,476519,000004725838fa5e8bb869e0090179a88ab866fbf646b81bd11dd89ff2bca346,204.0,6154.088,5,
90ddd374-92d7-4bf2-a4cb-d16b81bb74d6,360fe233-0259-4b07-8a73-c0288307cd95,426fdd7a-37cb-40d9-b4fc-e698563caa9d,100,workload-20260609T133920373955Z,19,4,2,2026-06-09T13:47:44.268173Z,2026-06-09T13:47:44.403188Z,2026-06-09T13:47:48.237662Z,202,completed,55,3290,846f4f1cc24e:1:c1efebc1,34492,00000cd3a698f6b8f75a9fd31d454740f343e6631cc476dc27f03042d95e85e3,141.0,3969.489,3,
cb79fa10-cd7a-4e98-9456-d5172fdee719,f1f38bb4-61ec-4d08-8614-70d8fe960b63,426fdd7a-37cb-40d9-b4fc-e698563caa9d,100,workload-20260609T133920373955Z,20,4,2,2026-06-09T13:47:44.278173Z,2026-06-09T13:47:44.429188Z,2026-06-09T13:47:50.583260Z,202,completed,1938,5442,846f4f1cc24e:1:6b87130e,1235632,00000cb5b865c01927f6274489ec4d475a5b55d760955014670d8af0d2185cf7,140.0,6305.087,5,
5ae6036d-cfef-4e50-bc59-de710c282291,80f1a51d-3757-4f3d-bf4b-4a6c2fd85b7b,426fdd7a-37cb-40d9-b4fc-e698563caa9d,100,workload-20260609T133920373955Z,21,4,2,2026-06-09T13:47:44.279174Z,2026-06-09T13:47:44.487361Z,2026-06-09T13:47:56.219815Z,202,completed,6251,11432,0616728b7286:1:1a498bfd,2062155,000005d25149f26d0fbab780505e8a4b9b5a179f931909cd35f2305365b09732,203.0,11940.641,10,
d49b899e-7dc5-4818-9e3e-1383e4342383,f1dcc6b5-2c54-41ec-8f37-c3f2f1c71f85,426fdd7a-37cb-40d9-b4fc-e698563caa9d,100,workload-20260609T133920373955Z,22,4,2,2026-06-09T13:47:44.297170Z,2026-06-09T13:47:44.481361Z,2026-06-09T13:47:49.486261Z,202,completed,59,4953,f112958ae7d8:1:5d06ed49,27617,00000fc7804ea6c4355f1debfe16370e774edef3789416b41bb9a89353bc098c,188.0,5189.091,4,
e84a0f4a-c68c-4c11-a34d-8e8f82c04b18,d5a79c02-0320-4d64-a488-64e158cb6631,426fdd7a-37cb-40d9-b4fc-e698563caa9d,100,workload-20260609T133920373955Z,23,4,2,2026-06-09T13:47:44.312170Z,2026-06-09T13:47:44.490362Z,2026-06-09T13:47:50.544259Z,202,completed,176,5363,f112958ae7d8:1:fd6c1c87,101325,000008cdbaca3c5fb75b37ebb11bcb222f05753e1379fc11158f34dab1b6f302,172.0,6232.089,5,
334beb17-a1c2-44d2-80bc-43fdbe60c58a,70a75c67-6e22-4fc3-b034-c03afeec19db,426fdd7a-37cb-40d9-b4fc-e698563caa9d,100,workload-20260609T133920373955Z,24,4,2,2026-06-09T13:47:44.314173Z,2026-06-09T13:47:44.431184Z,2026-06-09T13:47:56.225813Z,202,completed,5969,11633,f112958ae7d8:1:717921f6,3764065,000003d221966fa397f65164c118b930ba51540075e41386e64264ed268c006f,109.0,11911.64,10,
17d4cc1b-ec91-4301-abf7-641a28699ebc,976b45d1-97b7-46ac-a829-5b4627b04555,426fdd7a-37cb-40d9-b4fc-e698563caa9d,100,workload-20260609T133920373955Z,25,4,2,2026-06-09T13:47:44.339196Z,2026-06-09T13:47:44.513358Z,2026-06-09T13:47:52.696260Z,202,completed,2402,7963,846f4f1cc24e:1:0c5e36b5,1633095,00000cf5f2d4327abd1d030e66ed3d6f774e76e08036ac71fcb1bc0506f2f5a0,187.0,8357.064,7,
9b626971-19e8-4603-ac6c-d466f1609bab,feb52f3a-4dfa-426d-8fa1-3b3fc65e5cb0,426fdd7a-37cb-40d9-b4fc-e698563caa9d,100,workload-20260609T133920373955Z,26,4,2,2026-06-09T13:47:44.340187Z,2026-06-09T13:47:44.472363Z,2026-06-09T13:47:55.273798Z,202,completed,3884,9922,f112958ae7d8:1:4ac151d9,2235868,0000032da3eea2b3c95da19086fe4fef3316e547449449c5aa8c5efa26d3ff1f,125.0,10933.611,9,
766b50ce-f3dc-4cf4-8f18-01a45fc4ee01,b6aaec70-c235-4b9e-b63e-3cccb2b9e594,426fdd7a-37cb-40d9-b4fc-e698563caa9d,100,workload-20260609T133920373955Z,27,4,2,2026-06-09T13:47:44.341188Z,2026-06-09T13:47:44.525363Z,2026-06-09T13:47:54.821801Z,202,completed,941,9462,846f4f1cc24e:1:f4851cdd,826097,00000d3543fe940604a0d6288a104b12181d7c400c35445cdae5ade8692bb0a1,172.0,10480.613,8,
062101d8-b647-4ab9-a659-705d15f0b938,cdc29076-76a7-4009-9fae-e5c247922ac7,426fdd7a-37cb-40d9-b4fc-e698563caa9d,100,workload-20260609T133920373955Z,28,4,2,2026-06-09T13:47:44.363188Z,2026-06-09T13:47:44.535362Z,2026-06-09T13:47:56.202816Z,202,completed,4962,10966,0616728b7286:1:992bc85b,1486291,00000f0e59d7bf7af3568875c63d4537a3f557cc09fa057caa6350f3e7047923,172.0,11839.628,10,
acebd7e6-21ec-47c1-a73c-0e6981494ad0,fb99a0ca-cb5a-4579-8a70-c27acd5b9c1c,426fdd7a-37cb-40d9-b4fc-e698563caa9d,100,workload-20260609T133920373955Z,29,4,2,2026-06-09T13:47:44.364187Z,2026-06-09T13:47:44.509358Z,2026-06-09T13:47:53.219257Z,202,completed,1798,8609,846f4f1cc24e:1:50f7742b,1230486,000008bfe841f617b3f28b7658b9642c0798f382cf84de980950dc547bc62dd2,140.0,8855.07,7,
c82f5aa8-efff-44df-85c6-91993a2576fd,efe5ec5d-3f16-4909-aeb5-ad1f81014fcb,426fdd7a-37cb-40d9-b4fc-e698563caa9d,100,workload-20260609T133920373955Z,30,4,2,2026-06-09T13:47:44.376183Z,2026-06-09T13:47:44.561374Z,2026-06-09T13:47:54.264156Z,202,completed,129,9028,846f4f1cc24e:1:030e3f13,82150,00000be21a8f888bfe634dc2183c0c2b5353d4bc3a3035a9b2c0947d243cf932,188.0,9887.973,8,
e2af6c8d-0301-4838-b9a6-463760714927,3c11fdce-336b-4f3d-b0fe-2b8ff52e5ec4,426fdd7a-37cb-40d9-b4fc-e698563caa9d,100,workload-20260609T133920373955Z,31,4,2,2026-06-09T13:47:44.396188Z,2026-06-09T13:47:44.539362Z,2026-06-09T13:47:55.666815Z,202,completed,683,10678,846f4f1cc24e:1:9ea1f9da,613299,000007060b8f560bba8053200b81f1d300dac9c22e5c94ad1e5d0ce0238b0ebe,141.0,11270.627,9,
f796088b-d912-4fe0-bc89-46e6756f9bd9,7aa53237-a3c9-4cf2-8861-8956ce4bd925,426fdd7a-37cb-40d9-b4fc-e698563caa9d,100,workload-20260609T133920373955Z,32,4,2,2026-06-09T13:47:44.397189Z,2026-06-09T13:47:44.568360Z,2026-06-09T13:47:55.038798Z,202,completed,102,9508,846f4f1cc24e:1:5e0c7765,120344,00000f180c0bccc9ce511062c7ad17f651567385b9479bb74e9514b8c71360c2,172.0,10641.609,9,
04a7a036-13fc-4ae6-886b-60121bf6f3c9,2c84875a-90c9-4c5b-9247-cf42acd5645e,426fdd7a-37cb-40d9-b4fc-e698563caa9d,100,workload-20260609T133920373955Z,33,4,2,2026-06-09T13:47:44.403188Z,2026-06-09T13:47:44.570362Z,2026-06-09T13:47:54.827797Z,202,completed,170,10013,846f4f1cc24e:1:897c1cc7,164298,00000695ef47308dbb5b308c37ae1601b5a1d22d7d9f9cab11f311803865a462,156.0,10424.609,8,
ee7eb91d-e4a6-4ece-8e04-ee20c08e5ae0,c0296fb9-81a3-4c44-961c-786143c12c61,426fdd7a-37cb-40d9-b4fc-e698563caa9d,100,workload-20260609T133920373955Z,34,4,2,2026-06-09T13:47:44.421188Z,2026-06-09T13:47:44.592118Z,2026-06-09T13:48:00.177400Z,202,completed,4968,15050,f112958ae7d8:1:f41daf59,3171300,0000046e923a0e4bebc802ad11e8ef00f1b6e6bcb3cc00f572b9b07277472e7a,172.0,15756.212,13,
edcfecb2-0c66-4657-a538-ead5cbdb9a31,e94bf9d1-fb8a-47fe-8b76-196c5b5ebbed,426fdd7a-37cb-40d9-b4fc-e698563caa9d,100,workload-20260609T133920373955Z,35,4,2,2026-06-09T13:47:44.422187Z,2026-06-09T13:47:44.569363Z,2026-06-09T13:47:57.871401Z,202,completed,2404,12775,846f4f1cc24e:1:00d7ce82,1657868,00000891f74ed5760dd6662c8e1b9fbf04fce33f9401527b9460ba1722044e9f,141.0,13449.214,11,
2df04a43-dd86-4477-8dad-8a1c5c5ab203,b29cc9b4-e017-4759-9e25-089c0d67470a,426fdd7a-37cb-40d9-b4fc-e698563caa9d,100,workload-20260609T133920373955Z,36,4,2,2026-06-09T13:47:44.457359Z,2026-06-09T13:47:44.589440Z,2026-06-09T13:47:59.166401Z,202,completed,2861,13700,846f4f1cc24e:1:e44da961,1949929,00000f9ff653e275c385de81c5bc79d8cb56326889a69c8b345ff2294c3e6303,125.0,14709.042,12,
548ce200-4e16-49b5-9fb8-9781dd0e9389,ae4dd369-30fa-4d5c-9a6c-fa6c231254d8,426fdd7a-37cb-40d9-b4fc-e698563caa9d,100,workload-20260609T133920373955Z,37,4,2,2026-06-09T13:47:44.458359Z,2026-06-09T13:47:44.582443Z,2026-06-09T13:47:58.094404Z,202,completed,1505,13102,0616728b7286:1:eb9eb0a0,676393,00000f6f416151538ad266bcad714c25b5141c5bbcdb90e3209dcb1d6ae81141,125.0,13636.045,11,
d4bf89c7-26eb-4d50-928c-7b40fa7ec8ab,1e680b2f-44d4-4047-a706-8623451fdce8,426fdd7a-37cb-40d9-b4fc-e698563caa9d,100,workload-20260609T133920373955Z,38,4,2,2026-06-09T13:47:44.459361Z,2026-06-09T13:47:44.603360Z,2026-06-09T13:47:57.385816Z,202,completed,575,11711,0616728b7286:1:cb2e125d,313312,00000061af60f63ad2fbf6a5925aa12acd73f02c2a9b5cda28f8d89231c1d00e,140.0,12926.455,11,
afc67c7e-8686-4a05-ad27-8c808e601f28,940a2dca-a203-41d9-bf82-31c0f8719a43,426fdd7a-37cb-40d9-b4fc-e698563caa9d,100,workload-20260609T133920373955Z,39,4,2,2026-06-09T13:47:44.472363Z,2026-06-09T13:47:44.604957Z,2026-06-09T13:47:57.220815Z,202,completed,98,12129,0616728b7286:1:a4046895,32590,000004a9544d5f7df5b4af614103da15e53555843f8a589340bd4b8a6fc4f29c,125.0,12748.452,10,
b17771c0-c1aa-41df-b52b-0b78f68d9336,116aa8b3-a989-4d3e-b31a-849aad22d424,426fdd7a-37cb-40d9-b4fc-e698563caa9d,100,workload-20260609T133920373955Z,40,4,2,2026-06-09T13:47:44.473362Z,2026-06-09T13:47:44.614153Z,2026-06-09T13:47:58.737405Z,202,completed,1480,13138,f112958ae7d8:1:66f4746c,829784,00000a6dc597407fb6aaa8a9431874231de7911946fd6e2f29886880e3c4b784,141.0,14264.043,12,
a0082a0d-d874-415f-b1d2-8771757cb215,5633df48-d8d5-4556-b866-4aea3f8ebf15,426fdd7a-37cb-40d9-b4fc-e698563caa9d,100,workload-20260609T133920373955Z,41,4,2,2026-06-09T13:47:44.487361Z,2026-06-09T13:47:44.624150Z,2026-06-09T13:48:08.598187Z,202,completed,11101,23549,0616728b7286:1:c0826f74,3812806,00000d1cd39304ec3be2e9f7679efb8f5331897813b6d95be9d9fbf6bf69f37e,140.0,24110.826,21,
4af7a968-ffda-4abf-8a55-c329d9417cd0,30769249-8c6c-4aac-a8f5-ffb81003856e,426fdd7a-37cb-40d9-b4fc-e698563caa9d,100,workload-20260609T133920373955Z,42,4,2,2026-06-09T13:47:44.509358Z,2026-06-09T13:47:44.647153Z,2026-06-09T13:47:59.699402Z,202,completed,1081,14061,846f4f1cc24e:1:9c52e4e0,830511,00000147a43c0bc1a5bb03c4f48dec7957d0c63780f85174ef7863317a543dd1,141.0,15190.044,13,
57f33d1a-41e6-4d57-a9e1-27391b7fc7c5,69329690-161c-41fe-8fdf-3c2948a0786d,426fdd7a-37cb-40d9-b4fc-e698563caa9d,100,workload-20260609T133920373955Z,43,4,2,2026-06-09T13:47:44.510359Z,2026-06-09T13:47:44.652153Z,2026-06-09T13:47:59.356404Z,202,completed,320,13775,f112958ae7d8:1:63545f35,190271,00000a37c720790936ede2804a6860d7c678f0af964357de0005c48f9be3b8d7,141.0,14846.045,12,
e326e007-ecd8-4834-aeba-8ff0cd925b5c,5fe14e14-6d92-4b9a-aff9-26f0573b974d,426fdd7a-37cb-40d9-b4fc-e698563caa9d,100,workload-20260609T133920373955Z,44,4,2,2026-06-09T13:47:44.513358Z,2026-06-09T13:47:44.656153Z,2026-06-09T13:48:05.493556Z,202,completed,6983,20240,0616728b7286:1:6135f26e,2240437,000005bc7a72b1c685057c4e7a23ae79dadf03a20c071a49e3c549f48a635677,141.0,20980.198,18,
06b14581-ee19-413a-98fc-f271bd656463,cca2956e-2ae2-45c0-b593-405fac9e68ea,426fdd7a-37cb-40d9-b4fc-e698563caa9d,100,workload-20260609T133920373955Z,45,4,2,2026-06-09T13:47:44.535362Z,2026-06-09T13:47:44.714731Z,2026-06-09T13:48:05.053836Z,202,completed,4863,19937,846f4f1cc24e:1:77818c9f,3154750,000000efc2426a6143b7df933d0a19c58da597a9c5a3a4277a3e4a78b1f9e031,172.0,20518.474,17,
f586abcd-b1a6-45bc-8f5c-563e4dd24b55,73d7ceea-f754-4938-ba64-4149d3289cbe,426fdd7a-37cb-40d9-b4fc-e698563caa9d,100,workload-20260609T133920373955Z,46,4,2,2026-06-09T13:47:44.536362Z,2026-06-09T13:47:44.659171Z,2026-06-09T13:47:59.692404Z,202,completed,55,14106,846f4f1cc24e:1:88837520,34316,00000bbed1a3c98eb7a9a50d4506243436c1b93edfed2ba97331ef4201998fe6,125.0,15156.042,13,
e94dff3e-75d9-43e5-b778-763bf64166e8,b548ffa2-f749-4dc2-b43d-e98ac1f5c73f,426fdd7a-37cb-40d9-b4fc-e698563caa9d,100,workload-20260609T133920373955Z,47,4,2,2026-06-09T13:47:44.561374Z,2026-06-09T13:47:44.691734Z,2026-06-09T13:47:59.937404Z,202,completed,289,14659,846f4f1cc24e:1:f706a55e,253274,00000bb13ed46e8a38de4d638694916f4049447ea8650d2303b2d4c833f03acc,125.0,15376.03,13,
918dd230-a2fb-4d40-9fc6-e7b59aee7c0b,349badf7-3d4a-455e-bc85-29f08a57da28,426fdd7a-37cb-40d9-b4fc-e698563caa9d,100,workload-20260609T133920373955Z,48,4,2,2026-06-09T13:47:44.562362Z,2026-06-09T13:47:44.706733Z,2026-06-09T13:47:59.698401Z,202,completed,201,14757,846f4f1cc24e:1:8e96091e,143544,00000e4f3432b3281a5a91b48d55660f79b7f623e3815a7cda5b8f3cd38d65fe,141.0,15136.039,13,
3b91fd0d-a669-470c-85a5-f3e7a1eb2ec3,d5e1d596-c5c2-409a-adff-ab00410ea064,426fdd7a-37cb-40d9-b4fc-e698563caa9d,100,workload-20260609T133920373955Z,49,4,2,2026-06-09T13:47:44.563362Z,2026-06-09T13:47:44.685732Z,2026-06-09T13:48:01.975607Z,202,completed,2311,16485,f112958ae7d8:1:e7b6e0cc,1560498,00000774a150918fc8725e237737dce4e88475c7e4ae214b87fecfe5ab1a9275,125.0,17412.245,15,
9691d11c-343c-4e2d-8cc1-37297a9e9e0c,110ca424-06b5-4ffb-b562-4fede31515ea,426fdd7a-37cb-40d9-b4fc-e698563caa9d,100,workload-20260609T133920373955Z,50,4,2,2026-06-09T13:47:44.582443Z,2026-06-09T13:47:44.718732Z,2026-06-09T13:48:01.246603Z,202,completed,1451,16511,846f4f1cc24e:1:6d50ea63,843884,0000086323cfbd1cc41d1439d1318c3b49988a34153123493876597b67987250,140.0,16664.16,14,
3561b5a5-9cea-4fad-99c1-7d072291f20c,9e623da7-84f9-4cda-beda-b463e9b55ac4,426fdd7a-37cb-40d9-b4fc-e698563caa9d,100,workload-20260609T133920373955Z,51,4,2,2026-06-09T13:47:44.583510Z,2026-06-09T13:47:44.722732Z,2026-06-09T13:48:01.152607Z,202,completed,760,16041,f112958ae7d8:1:5a746bc4,412606,00000d77d0bb189a87774a18d6e8792e51d83a23f0dfef81c8c1ccaed6bbfad3,140.0,16569.097,14,
9003af55-1be9-4514-916c-c15e5b7af46c,26169bf2-e8da-4d45-9b8c-7531907373ee,426fdd7a-37cb-40d9-b4fc-e698563caa9d,100,workload-20260609T133920373955Z,52,4,2,2026-06-09T13:47:44.592118Z,2026-06-09T13:47:44.743734Z,2026-06-09T13:48:01.967604Z,202,completed,445,16882,f112958ae7d8:1:8bbea0b7,458706,00000afb656f6f0e748f56d4b4db4f46fbcba9499341206417afa52ec6b528af,141.0,17375.486,15,
1c36db9c-700a-4072-874b-2faa73e307a7,53a1e0da-a840-4a1e-87ad-cec9f4ff49c0,426fdd7a-37cb-40d9-b4fc-e698563caa9d,100,workload-20260609T133920373955Z,53,4,2,2026-06-09T13:47:44.614153Z,2026-06-09T13:47:44.755734Z,2026-06-09T13:48:05.502560Z,202,completed,3063,19954,846f4f1cc24e:1:85131ea0,1829367,000009c09ed14c535f270aa7da137530854df1f866c54d60357ab57a2570dcb3,140.0,20888.407,18,
ba7bc3f8-38a8-43ad-9158-13a1eeda6301,700a1dc1-18dd-4198-83c3-d160f7ac5da5,426fdd7a-37cb-40d9-b4fc-e698563caa9d,100,workload-20260609T133920373955Z,54,4,2,2026-06-09T13:47:44.615153Z,2026-06-09T13:47:44.765734Z,2026-06-09T13:48:04.337833Z,202,completed,2754,19526,f112958ae7d8:1:08ee4138,1751863,000007449f95b7346eebd5cfa3f6f25a43cb988f7a161c999a9983c86ad0795c,156.0,19722.68,17,
ab8a83c9-275d-4a36-b5d7-0295ef84c4e9,8cbb8a5e-12b5-4f22-8126-a64df0fcc0fd,426fdd7a-37cb-40d9-b4fc-e698563caa9d,100,workload-20260609T133920373955Z,55,4,2,2026-06-09T13:47:44.624150Z,2026-06-09T13:47:44.748732Z,2026-06-09T13:48:05.099836Z,202,completed,2642,19952,f112958ae7d8:1:fd7998ac,1705702,0000028990971af978bf8ca57de90f368fc379e85cbc60d79d8f8b2f6797339f,125.0,20475.686,17,
f0fb15c1-11b1-4c2d-8559-0c413575a934,b244caf1-dad7-4101-b302-25fdec906f2a,426fdd7a-37cb-40d9-b4fc-e698563caa9d,100,workload-20260609T133920373955Z,56,4,2,2026-06-09T13:47:44.647153Z,2026-06-09T13:47:44.790733Z,2026-06-09T13:48:07.329561Z,202,completed,1942,21843,f112958ae7d8:1:74cf3815,1324244,0000056838fe5ae4b49461c9676709ae9a2432cddf2126f44543beb7e46c9c09,141.0,22682.408,19,
685d9daf-ffbb-48de-94f7-79775ae6291c,a5cd79b1-1ce4-415f-ae55-c3696fc86fbd,426fdd7a-37cb-40d9-b4fc-e698563caa9d,100,workload-20260609T133920373955Z,57,4,2,2026-06-09T13:47:44.649153Z,2026-06-09T13:47:44.797734Z,2026-06-09T13:48:08.355189Z,202,completed,3285,23438,f112958ae7d8:1:7077d851,2290014,000006f2f99d920d7e773ac40a133e4ceeda3adf8035048e62b3bff466452baf,156.0,23706.036,20,
87441192-0797-4cd6-a772-61574d8971bf,464f4e40-e66d-4e45-8726-ccee33e9a08c,426fdd7a-37cb-40d9-b4fc-e698563caa9d,100,workload-20260609T133920373955Z,58,4,2,2026-06-09T13:47:44.656153Z,2026-06-09T13:47:44.794733Z,2026-06-09T13:48:05.731560Z,202,completed,48,20399,846f4f1cc24e:1:fdd42e00,52188,00000083b8283b932926cf6ca6320e35858e0b1d7e3ac6b02c9b643ebf67865f,140.0,21075.407,18,
350bd471-d573-45db-aee6-fe19696b30ab,7cf90f19-6cf9-4484-abfa-2acfdf3ced10,426fdd7a-37cb-40d9-b4fc-e698563caa9d,100,workload-20260609T133920373955Z,59,4,2,2026-06-09T13:47:44.685732Z,2026-06-09T13:47:44.814732Z,2026-06-09T13:48:06.310560Z,202,completed,158,20486,0616728b7286:1:7a13c6ad,46635,0000097eb57661b2ac3c75137b852aa0d34c9462b8ec9097716ad05f8d9045de,125.0,21624.828,19,
1a10f3a6-9928-4328-add0-77686657d445,f695a9ce-87f6-4f24-a68c-a16da5835bdb,426fdd7a-37cb-40d9-b4fc-e698563caa9d,100,workload-20260609T133920373955Z,60,4,2,2026-06-09T13:47:44.686731Z,2026-06-09T13:47:44.817734Z,2026-06-09T13:48:05.960560Z,202,completed,52,20438,846f4f1cc24e:1:a3b3fa5a,56216,000002b8318a753aa45ec05a71c9679e5171264057e9050cbc24759318bd85af,125.0,21273.829,18,
15d221c7-ec1d-4086-99bd-e7543d6bc177,0524255d-1ac6-4069-a4c8-3026fbd5e601,426fdd7a-37cb-40d9-b4fc-e698563caa9d,100,workload-20260609T133920373955Z,61,4,2,2026-06-09T13:47:44.687735Z,2026-06-09T13:47:44.812732Z,2026-06-09T13:48:06.510560Z,202,completed,216,20946,846f4f1cc24e:1:f2a8c0ec,192625,000006bb2dcdeb03d4968e28f4d98c36a78de859c720d7d9b69b6ff17b3757f9,125.0,21822.825,19,
5900771a-e2d7-4fca-aded-6e348b5a1113,b86ff195-eea6-49b9-94f1-2674c39a7d27,426fdd7a-37cb-40d9-b4fc-e698563caa9d,100,workload-20260609T133920373955Z,62,4,2,2026-06-09T13:47:44.707730Z,2026-06-09T13:47:44.840735Z,2026-06-09T13:48:07.405407Z,202,completed,1053,21907,0616728b7286:1:9334b648,320855,00000cb8f0c132d1e0235da4f93520aa71b2031c8ae9626e65443ce61527ed08,140.0,22697.677,19,
bf4d6fed-4d37-47ba-8155-8bcc7b166c61,18c25855-1bd2-44f8-b10e-58e2455ee62b,426fdd7a-37cb-40d9-b4fc-e698563caa9d,100,workload-20260609T133920373955Z,63,4,2,2026-06-09T13:47:44.708732Z,2026-06-09T13:47:44.846734Z,2026-06-09T13:48:06.266560Z,202,completed,100,20995,846f4f1cc24e:1:54921487,57420,0000090ec79696bf9ab947dfc6415f4d44c9890720667e398c69c0f120a298bc,140.0,21557.828,18,
4f2a7e00-3c95-409d-a47d-4b4fa38578ab,4d105868-7d05-4eea-9acc-ef022dd21696,426fdd7a-37cb-40d9-b4fc-e698563caa9d,100,workload-20260609T133920373955Z,64,4,2,2026-06-09T13:47:44.718732Z,2026-06-09T13:47:44.852735Z,2026-06-09T13:48:06.789558Z,202,completed,55,21488,846f4f1cc24e:1:f69db51a,60877,00000cce0efe4be9fa95042b47e07aea2a9044b710b51c7b5ddada80d61b7db2,125.0,22070.826,19,
91e654dc-393d-475b-a2af-a38e8197ca07,84c7b635-9fa1-49e3-a31d-7b8920c125e0,426fdd7a-37cb-40d9-b4fc-e698563caa9d,100,workload-20260609T133920373955Z,65,4,2,2026-06-09T13:47:44.719733Z,2026-06-09T13:47:44.878735Z,2026-06-09T13:48:08.021187Z,202,completed,797,22131,846f4f1cc24e:1:858af7b6,682812,000005f03270d5c948e97a846926e0050dbe83c3a9e29dcb53af09316b97b606,156.0,23301.454,20,
8621c159-c786-4ba3-8482-6636701331a1,fc149a3a-87c0-4e0c-9470-be37c23fe240,426fdd7a-37cb-40d9-b4fc-e698563caa9d,100,workload-20260609T133920373955Z,66,4,2,2026-06-09T13:47:44.743734Z,2026-06-09T13:47:44.874734Z,2026-06-09T13:48:07.966185Z,202,completed,612,22678,f112958ae7d8:1:4f8324cd,353173,000000929dec11068f5c44de600b41ee4862300b3920b4d86a5ffc5594b598b7,140.0,23222.451,20,
7d3d3070-2b27-499e-9d18-bbb2f51b8f07,6c8ae5a5-635e-4e78-b325-44ae299e1745,426fdd7a-37cb-40d9-b4fc-e698563caa9d,100,workload-20260609T133920373955Z,67,4,2,2026-06-09T13:47:44.748732Z,2026-06-09T13:47:44.884735Z,2026-06-09T13:48:08.428188Z,202,completed,1233,23025,846f4f1cc24e:1:dd06ef74,876403,0000044fd8ca4e7f4d0e42968de7e525653492f6a1cde49d61cd730e2fc00aef,125.0,23679.456,20,
f8f9a14d-cf6b-4fe5-9e2a-28eae4811d02,be59ecf0-036e-4c8f-9705-f2fbb37ee300,426fdd7a-37cb-40d9-b4fc-e698563caa9d,100,workload-20260609T133920373955Z,68,4,2,2026-06-09T13:47:44.750732Z,2026-06-09T13:47:44.887734Z,2026-06-09T13:48:09.817129Z,202,completed,2517,24725,0616728b7286:1:f9524765,869536,00000a27b3887415ab64c7cd2da34729a46995d56c91476193566a2ddf18a6a8,141.0,25066.397,22,
1c5af4c8-4b09-44b9-9f0b-f0a16082f3a6,311dbb00-b061-452d-b9f5-85accc2bdd95,426fdd7a-37cb-40d9-b4fc-e698563caa9d,100,workload-20260609T133920373955Z,69,4,2,2026-06-09T13:47:44.765734Z,2026-06-09T13:47:44.901731Z,2026-06-09T13:48:08.062190Z,202,completed,693,23072,846f4f1cc24e:1:58468195,496553,0000032a7629ac80d6cc869485f1fdf6d96699c54e782777217a1be8a94ea237,125.0,23296.456,19,
1634a9ab-5d16-4e46-b3e4-e199f9a6afcd,f5fa27d8-59a1-428f-bd04-197d530313bb,426fdd7a-37cb-40d9-b4fc-e698563caa9d,100,workload-20260609T133920373955Z,70,4,2,2026-06-09T13:47:44.790733Z,2026-06-09T13:47:44.913731Z,2026-06-09T13:48:10.273359Z,202,completed,1336,24941,846f4f1cc24e:1:d5947ec6,914256,00000e11098b494fb2f0d6e5453784d77b58944882cf93a25402c13e9be96550,125.0,25482.626,22,
15e28960-f70e-4014-bf17-10678c1a6c4a,8dfc02fd-8c8e-483d-ab85-e4147b8aa47e,426fdd7a-37cb-40d9-b4fc-e698563caa9d,100,workload-20260609T133920373955Z,71,4,2,2026-06-09T13:47:44.792735Z,2026-06-09T13:47:44.927731Z,2026-06-09T13:48:10.506372Z,202,completed,1519,24463,f112958ae7d8:1:4ec18eae,1000461,00000d6915201b67804dfe85209f2450e0c11b365c707d9b0a801145b79b64c0,140.0,25713.637,22,
605474bd-a73b-4bf5-a68c-d89a2746d550,bd4fd675-c1f7-4ea2-9b41-7946127bcc26,426fdd7a-37cb-40d9-b4fc-e698563caa9d,100,workload-20260609T133920373955Z,72,4,2,2026-06-09T13:47:44.794733Z,2026-06-09T13:47:44.931735Z,2026-06-09T13:48:10.055359Z,202,completed,1116,24529,846f4f1cc24e:1:a6eafb9f,692884,000006c53f1a180f5c1f44a9472891585ea82da8a8d906df24b3ebb93832c00c,125.0,25260.626,22,
67767be5-0b79-4a75-99a3-5edd08936b79,31818511-636b-47b2-ab24-9c2d50447fcc,426fdd7a-37cb-40d9-b4fc-e698563caa9d,100,workload-20260609T133920373955Z,73,4,2,2026-06-09T13:47:44.812732Z,2026-06-09T13:47:44.951733Z,2026-06-09T13:48:10.624382Z,202,completed,883,24513,f112958ae7d8:1:693b9d0e,531845,00000015a99466a05bb0ab663f77b388876dac99a5422c24911036fcf9c2c697,141.0,25811.65,22,
d2e0c7d0-d606-423f-827c-195c59c4fa7c,b3849b9d-eeb4-467b-8442-255b01cf46d1,426fdd7a-37cb-40d9-b4fc-e698563caa9d,100,workload-20260609T133920373955Z,74,4,2,2026-06-09T13:47:44.814732Z,2026-06-09T13:47:44.936733Z,2026-06-09T13:48:10.846842Z,202,completed,1932,25771,0616728b7286:1:d6ddd6c1,766512,00000b61aa81c7511e7509700b9c76b9ddba042b958ffc6e917eda9e10a9d306,125.0,26032.11,22,
e9b244d6-17c3-49a0-81eb-da994547010c,fd228daa-831a-4770-912f-55ba62a077df,426fdd7a-37cb-40d9-b4fc-e698563caa9d,100,workload-20260609T133920373955Z,75,4,2,2026-06-09T13:47:44.840735Z,2026-06-09T13:47:44.994731Z,2026-06-09T13:48:11.299843Z,202,completed,1393,26033,846f4f1cc24e:1:af65308b,1051475,00000125ace651a96ce1d9fe73503761d19fe54da0f803bba54dde0b2f0b472a,141.0,26459.108,23,
ae39f4e2-8f00-4217-8966-0600134c8ae5,0a8de489-9492-4f0b-aad1-a0367ba47d71,426fdd7a-37cb-40d9-b4fc-e698563caa9d,100,workload-20260609T133920373955Z,76,4,2,2026-06-09T13:47:44.841735Z,2026-06-09T13:47:44.979733Z,2026-06-09T13:48:11.897502Z,202,completed,1875,26681,f112958ae7d8:1:df79f559,1138512,000003bf6bd62170998902c6916d68ef1dac63ee64131a7d75e0ca70c8a1a9b6,125.0,27055.767,23,
e0abe586-f189-4a3e-9bd4-e16850c99424,0b0e6a91-eee9-44cb-9847-dacbf850b735,426fdd7a-37cb-40d9-b4fc-e698563caa9d,100,workload-20260609T133920373955Z,77,4,2,2026-06-09T13:47:44.843734Z,2026-06-09T13:47:44.985732Z,2026-06-09T13:48:11.974498Z,202,completed,1314,26012,f112958ae7d8:1:211e3f97,774194,00000d92c820ee35aacd4765a3b606cd2d6609300e3a2cf4b23a751927b5fe08,141.0,27130.764,23,
aedfeadb-bd00-4dc4-9249-ff386e2a8e7c,c3683a73-8918-4807-9bea-bbaff4336bc5,426fdd7a-37cb-40d9-b4fc-e698563caa9d,100,workload-20260609T133920373955Z,78,4,2,2026-06-09T13:47:44.874734Z,2026-06-09T13:47:45.015733Z,2026-06-09T13:48:10.407359Z,202,completed,279,25278,0616728b7286:1:25bb003b,85932,00000711beb67cc3fbe3ecf08ffb2d593059d1e2681d74b3c531cd8e58322c25,141.0,25532.625,22,
ba27de42-7aed-4745-9769-40b878ae4754,714dab94-4425-41e7-9176-20428ced1709,426fdd7a-37cb-40d9-b4fc-e698563caa9d,100,workload-20260609T133920373955Z,79,4,2,2026-06-09T13:47:44.875735Z,2026-06-09T13:47:45.043730Z,2026-06-09T13:48:12.358503Z,202,completed,1122,26442,846f4f1cc24e:1:4d5428d0,748625,000008d625078839218267dc12eed6d27c93d80a7f2253d45d52cb738b9ee670,172.0,27482.768,24,
d35a18bd-c71f-4d85-a682-9503c39fe00f,bbdf39ab-3e4d-4b75-9bb6-7a5d349d7ba3,426fdd7a-37cb-40d9-b4fc-e698563caa9d,100,workload-20260609T133920373955Z,80,4,2,2026-06-09T13:47:44.878735Z,2026-06-09T13:47:45.022731Z,2026-06-09T13:48:15.967591Z,202,completed,5017,30533,0616728b7286:1:b51865a1,1814554,0000002e56e96c0ba86868574b99d27fc049189584655db22271f99620917400,141.0,31088.856,27,
99a75ace-58a1-4f37-afe0-018377afb9f7,a35408d4-6869-4476-9d1a-8b58d8c23613,426fdd7a-37cb-40d9-b4fc-e698563caa9d,100,workload-20260609T133920373955Z,81,4,2,2026-06-09T13:47:44.887734Z,2026-06-09T13:47:45.033732Z,2026-06-09T13:48:12.360501Z,202,completed,534,26731,f112958ae7d8:1:9599b5c1,352206,00000d687a79844fe7fe3dc876932cc49496af6cc3285016354332891d58c32c,141.0,27472.767,24,
7e523b9f-4ff1-422b-a1cf-76c0efbcad56,9ce8e687-ba47-41fa-b08f-6d29617d9bc9,426fdd7a-37cb-40d9-b4fc-e698563caa9d,100,workload-20260609T133920373955Z,82,4,2,2026-06-09T13:47:44.889735Z,2026-06-09T13:47:45.028732Z,2026-06-09T13:48:12.451501Z,202,completed,829,26864,0616728b7286:1:6b1bbb44,255123,0000040efa446179b50741ddecbc43827771a629a23c9da2a46e76c3fc62b73e,141.0,27561.766,24,
407c2fc1-fa5b-41e2-ac8c-943385aacf9a,5d308327-3f35-40bf-8c77-c70dcc6f933d,426fdd7a-37cb-40d9-b4fc-e698563caa9d,100,workload-20260609T133920373955Z,83,4,2,2026-06-09T13:47:44.913731Z,2026-06-09T13:47:45.038729Z,2026-06-09T13:48:11.977502Z,202,completed,354,26870,846f4f1cc24e:1:f7a479b1,403480,00000dc6dedf9d5941c77ac844f50019e91c3643e34ba80c275564a0ad8e3bbc,125.0,27063.771,23,
11163053-401f-45c4-8768-d2e4772be831,acf3ed0d-706b-4540-bc37-9b6b2d62d84b,426fdd7a-37cb-40d9-b4fc-e698563caa9d,100,workload-20260609T133920373955Z,84,4,2,2026-06-09T13:47:44.927731Z,2026-06-09T13:47:45.061729Z,2026-06-09T13:48:12.568498Z,202,completed,530,27278,846f4f1cc24e:1:b895f965,541828,000006a1a57a3864bea8c3935801cc02c66925ba3e43c703f6105e655e0ae5e8,141.0,27640.767,24,
744db91b-a34c-41bd-aeb7-d6a68fe1594e,d4bc5a1a-1824-4bb1-b3a8-84767b6b1f99,426fdd7a-37cb-40d9-b4fc-e698563caa9d,100,workload-20260609T133920373955Z,85,4,2,2026-06-09T13:47:44.928731Z,2026-06-09T13:47:45.124731Z,2026-06-09T13:48:17.084828Z,202,completed,3919,31070,f112958ae7d8:1:5e92f091,2744202,00000161e2c166a1205aa4a8521e558541b3f219e52a4e1d5ca4986407edadd9,203.0,32156.097,28,
e4830f45-47cf-4092-a758-41d76567a40a,5dda257e-bfc5-4b6c-b9c0-1d88ab8aa25a,426fdd7a-37cb-40d9-b4fc-e698563caa9d,100,workload-20260609T133920373955Z,86,4,2,2026-06-09T13:47:44.937732Z,2026-06-09T13:47:45.127730Z,2026-06-09T13:48:17.083826Z,202,completed,4479,31654,0616728b7286:1:423bb32c,1495009,00000df7ae0207c11a08910728571cda1b29dbd750bcb6dc974ec535e8ed5939,187.0,32146.094,28,
df64521f-f63f-482a-b7c9-a73de72d154a,8077dd6a-2347-43ab-a48c-feafe24f76e5,426fdd7a-37cb-40d9-b4fc-e698563caa9d,100,workload-20260609T133920373955Z,87,4,2,2026-06-09T13:47:44.951733Z,2026-06-09T13:47:45.072730Z,2026-06-09T13:48:14.151591Z,202,completed,1339,28460,f112958ae7d8:1:3d167bb0,867202,0000027f67f44906cd82131ff03e54fbefca8be3668d0abb4013000d681ba6c7,109.0,29199.858,25,
51b9bee6-3f75-4404-b147-e85460674447,72ef6216-d7a3-45ac-af24-2186ecd054d4,426fdd7a-37cb-40d9-b4fc-e698563caa9d,100,workload-20260609T133920373955Z,88,4,2,2026-06-09T13:47:44.953735Z,2026-06-09T13:47:45.122730Z,2026-06-09T13:48:13.065504Z,202,completed,154,27323,846f4f1cc24e:1:934833ac,117934,00000a90b617b636a26d1c58921e6959d4de40838e1d46517b93fc2245fa8da6,171.0,28111.769,24,
8e485305-2f55-4b2c-bdfa-07d4746ca9b8,ee42f75f-e5f2-42b4-8655-9de8d087a7c1,426fdd7a-37cb-40d9-b4fc-e698563caa9d,100,workload-20260609T133920373955Z,89,4,2,2026-06-09T13:47:44.979733Z,2026-06-09T13:47:45.120730Z,2026-06-09T13:48:15.055591Z,202,completed,1633,29343,846f4f1cc24e:1:f31549ad,1082086,000006d0e3b2a0f271fd7110b0ffab07f6cc00675f4f98a19f82112c9b1445a7,141.0,30075.858,26,
33d1669e-f144-4c0a-813d-4fbe63154fc1,3b22e433-18f1-4796-b430-b860ae1f8643,426fdd7a-37cb-40d9-b4fc-e698563caa9d,100,workload-20260609T133920373955Z,90,4,2,2026-06-09T13:47:44.980730Z,2026-06-09T13:47:45.132732Z,2026-06-09T13:48:17.515825Z,202,completed,3897,31836,846f4f1cc24e:1:c4c15b70,2898311,000005064940bb95d13fc871555a1a7d32f8bb0c705e9846be29411b7e7872a6,140.0,32535.095,28,
fa22c3a2-7e36-422b-bfee-64495ec25c0a,f9b92fe7-81b0-48b9-8411-46633367fa28,426fdd7a-37cb-40d9-b4fc-e698563caa9d,100,workload-20260609T133920373955Z,91,4,2,2026-06-09T13:47:44.982732Z,2026-06-09T13:47:45.126731Z,2026-06-09T13:48:16.337588Z,202,completed,1945,30606,f112958ae7d8:1:410c4213,1173883,00000d879fd70d3ebb4385df3546f914ce94ee07319fd7eb9f39bfd5f4d69650,140.0,31354.856,27,
aa3157d2-42c9-434c-b955-16514b2dacd0,b844ed0e-b3c6-40f4-a5d6-45fb4cf4112b,426fdd7a-37cb-40d9-b4fc-e698563caa9d,100,workload-20260609T133920373955Z,92,4,2,2026-06-09T13:47:45.016732Z,2026-06-09T13:47:45.150729Z,2026-06-09T13:48:16.063591Z,202,completed,294,29944,846f4f1cc24e:1:1d12e1b7,184492,00000325f45c73cf5fefc73b90ad83293ff96804a5376acd5c5acc635c3ac3bc,125.0,31046.859,27,
573efa32-912f-4410-b5e4-4d1fac7518d2,8076dbf2-1ca4-4d7f-9624-af9aefe360f3,426fdd7a-37cb-40d9-b4fc-e698563caa9d,100,workload-20260609T133920373955Z,93,4,2,2026-06-09T13:47:45.017733Z,2026-06-09T13:47:45.206730Z,2026-06-09T13:48:17.086828Z,202,completed,376,31817,f112958ae7d8:1:c5627bcd,233881,0000084fd61cdecf8593aca054f5daa51d7e4d345f26805cabbd922bc97ae974,188.0,32069.095,28,
03419543-2239-4b39-9834-819c66b5bbef,59d7bf7e-7e5e-4ff0-87e8-3da7c7931ee8,426fdd7a-37cb-40d9-b4fc-e698563caa9d,100,workload-20260609T133920373955Z,94,4,2,2026-06-09T13:47:45.018732Z,2026-06-09T13:47:45.185730Z,2026-06-09T13:48:18.749829Z,202,completed,2020,32778,0616728b7286:1:9f98a582,772986,0000058cc54aa4ce658edeeac5a248358e02afb3335f3b15c74701f63468baa5,172.0,33731.097,29,
70c2b3ca-4cba-4e05-8752-ed6eb8257243,0702c7e4-1263-4bcc-8e8a-8e9c570c46ce,426fdd7a-37cb-40d9-b4fc-e698563caa9d,100,workload-20260609T133920373955Z,95,4,2,2026-06-09T13:47:45.028732Z,2026-06-09T13:47:45.204730Z,2026-06-09T13:48:19.195351Z,202,completed,1574,33162,846f4f1cc24e:1:dc9a13eb,1194533,0000094a13e727f85ceba3f5a0b6300e73d40ab06f47620d1d9dcb4f776a3266,172.0,34166.619,30,
476284e1-4ec9-437d-8ddc-698df92cc3ee,1ce1cadc-8bc4-4319-b9ad-e46dba955550,426fdd7a-37cb-40d9-b4fc-e698563caa9d,100,workload-20260609T133920373955Z,96,4,2,2026-06-09T13:47:45.030732Z,2026-06-09T13:47:45.201730Z,2026-06-09T13:48:20.514348Z,202,completed,2481,34342,9d8c9f4c40ba:1:58314b29,859706,00000814be017a58fa6e10e5baef5096bc8f463b570f3d7ddc493139b893d248,172.0,35483.616,31,
e99efb16-2d73-4340-a56c-7060bd191251,7466313a-1297-4233-90fc-214f9bd85aa0,426fdd7a-37cb-40d9-b4fc-e698563caa9d,100,workload-20260609T133920373955Z,97,4,2,2026-06-09T13:47:45.043730Z,2026-06-09T13:47:45.176729Z,2026-06-09T13:48:17.319827Z,202,completed,1125,31351,846f4f1cc24e:1:114ac2d0,689117,00000a35eacb3b21fa89637e3fbed22358150d7024a252924c48fcdba9971592,125.0,32276.097,28,
a714b3a3-a6c4-460c-8b07-18b5fde5a9b3,c9674bb7-63d6-4c1f-afcb-7807a5996d6d,426fdd7a-37cb-40d9-b4fc-e698563caa9d,100,workload-20260609T133920373955Z,98,4,2,2026-06-09T13:47:45.061729Z,2026-06-09T13:47:45.183731Z,2026-06-09T13:48:24.607032Z,202,completed,7122,38374,f112958ae7d8:1:16d29ef1,4766805,0000015be6dcfc5bf3c0660039f2ef30d5ed70ea9216f847e35db34263634099,125.0,39545.303,34,
e4768e95-504d-471f-a077-90bbe87373f1,529a6ac1-0882-45e9-bafa-6967aec6e238,426fdd7a-37cb-40d9-b4fc-e698563caa9d,100,workload-20260609T133920373955Z,99,4,2,2026-06-09T13:47:45.062729Z,2026-06-09T13:47:45.195731Z,2026-06-09T13:48:16.314590Z,202,completed,236,31045,f112958ae7d8:1:252ca866,238988,00000d2d1d7f25df67f53774ae8726f326b12e6d9b9a7f0001c623409e01366f,125.0,31251.861,27,
9ef223e8-c2f4-4118-a89b-fc10d8c47f66,873a9c4b-8775-424d-a3af-b0b91629ed47,426fdd7a-37cb-40d9-b4fc-e698563caa9d,100,workload-20260609T133920373955Z,100,4,2,2026-06-09T13:47:45.105731Z,2026-06-09T13:47:45.247731Z,2026-06-09T13:48:24.465034Z,202,completed,6382,38379,846f4f1cc24e:1:ae64d746,4338099,000008986662ed037dfd62c959d633996fa3ef4337d1a41ee944f14dc4d289a1,140.0,39359.303,34,
dc4daa77-9101-4907-a949-7312683de144,23416960-0dd3-4b6b-8c86-523dec3aafb3,426fdd7a-37cb-40d9-b4fc-e698563caa9d,100,workload-20260609T133920373955Z,101,4,2,2026-06-09T13:47:45.106733Z,2026-06-09T13:47:45.272730Z,2026-06-09T13:48:19.493347Z,202,completed,1999,33950,f112958ae7d8:1:fd8c2163,1189152,0000098a86c6091fe1061b0a848c328c7cdb2e25dd760d08b40c0ba6bd39a0aa,156.0,34386.614,30,
71c4e6eb-119e-4359-9751-f48b201b29c7,94d8c187-05a7-4ccc-8631-fa1081ac377d,426fdd7a-37cb-40d9-b4fc-e698563caa9d,100,workload-20260609T133920373955Z,102,4,2,2026-06-09T13:47:45.107731Z,2026-06-09T13:47:45.242729Z,2026-06-09T13:48:18.438826Z,202,completed,7,33139,0616728b7286:1:7b8f0972,2605,000004374df0763b46559f138b54a6457c0321e3bb965801ad5cb2c314c73451,125.0,33331.095,28,
ab6f5cd0-4b7a-48c3-8320-241fefa36e7e,2b5f7126-958a-401f-abe4-4f2d382d33d0,426fdd7a-37cb-40d9-b4fc-e698563caa9d,100,workload-20260609T133920373955Z,103,4,2,2026-06-09T13:47:45.109730Z,2026-06-09T13:47:45.248730Z,2026-06-09T13:48:20.513347Z,202,completed,2510,34324,0616728b7286:1:fe402fbf,1048070,00000f83bcda10bd2520e882d523e999d164e0194faf8bbfc09408f52575410a,140.0,35403.617,31,
d848dded-c019-48aa-b643-6936e4fd9add,48bacdb8-6ab3-47b8-b0b6-077c57355c55,426fdd7a-37cb-40d9-b4fc-e698563caa9d,100,workload-20260609T133920373955Z,104,4,2,2026-06-09T13:47:45.112733Z,2026-06-09T13:47:45.252730Z,2026-06-09T13:48:21.372871Z,202,completed,3906,35739,9d8c9f4c40ba:1:548f8be1,1425451,00000a21c5168321a0376640eba4ac985e70db8fd1754dca4e032d2f3866886b,140.0,36260.138,31,
1d588e8d-6e6d-45dc-8528-a3c0fe694c68,419268c9-f760-4844-9e6e-12ad108391e1,426fdd7a-37cb-40d9-b4fc-e698563caa9d,100,workload-20260609T133920373955Z,105,4,2,2026-06-09T13:47:45.122730Z,2026-06-09T13:47:45.259731Z,2026-06-09T13:48:22.655366Z,202,completed,3956,37271,846f4f1cc24e:1:0da75fbb,2477684,000005ff9cda253dd68219ce1dc305768e6b77c8a300f2fcc943d186094b7e9c,125.0,37532.636,33,
bb3c88cb-cecd-4afe-b518-f31674dee959,d7a6b0a6-8e10-484a-a612-20d91cef4f4d,426fdd7a-37cb-40d9-b4fc-e698563caa9d,100,workload-20260609T133920373955Z,106,4,2,2026-06-09T13:47:45.150729Z,2026-06-09T13:47:45.269732Z,2026-06-09T13:48:21.852366Z,202,completed,1708,35846,f112958ae7d8:1:094d0525,1040795,00000858bf2621698d8cfbac74fb1457936b27974f62fabd3a92090902cad356,125.0,36701.637,32,
6c6909c6-7138-46eb-937b-512fbe13ebb9,fa032c09-2386-4acd-8d46-8b5c5fd5101a,426fdd7a-37cb-40d9-b4fc-e698563caa9d,100,workload-20260609T133920373955Z,107,4,2,2026-06-09T13:47:45.151731Z,2026-06-09T13:47:45.273730Z,2026-06-09T13:48:26.183357Z,202,completed,7140,40631,0616728b7286:1:5e7cb3e3,2355706,00000eb383f652c85cb219c88012ccf2c16b6774bb4f680bced1555ae00a3fda,125.0,41031.626,36,
e6d5664d-7c70-41cb-8cfb-1c82b58b86ce,9dcce481-7e1c-4607-aa0b-f02049e473e9,426fdd7a-37cb-40d9-b4fc-e698563caa9d,100,workload-20260609T133920373955Z,108,4,2,2026-06-09T13:47:45.153732Z,2026-06-09T13:47:45.299729Z,2026-06-09T13:48:24.369032Z,202,completed,4081,38555,9d8c9f4c40ba:1:f95e7f07,1538017,00000490c977b3141d55c8e04dd5bde5f892672566fba3c327bdec746e22c6f2,140.0,39215.3,34,
6819a272-ec8f-41fa-981e-f848ef2d43da,783580f4-ee7d-40c0-800d-8672905721b1,426fdd7a-37cb-40d9-b4fc-e698563caa9d,100,workload-20260609T133920373955Z,109,4,2,2026-06-09T13:47:45.176729Z,2026-06-09T13:47:45.325731Z,2026-06-09T13:48:21.746362Z,202,completed,248,36107,9d8c9f4c40ba:1:a0ae02d8,87464,00000c45931e68f6ce2acbdadeb5924fa20af81e76f93d0be84d90663f7307e7,157.0,36569.633,32,
0524dfac-33d7-4820-adf9-8b0c46bf8f0b,8087bcb5-b53e-4fa0-aaa5-d902742c3845,426fdd7a-37cb-40d9-b4fc-e698563caa9d,100,workload-20260609T133920373955Z,110,4,2,2026-06-09T13:47:45.177729Z,2026-06-09T13:47:45.314731Z,2026-06-09T13:48:23.910036Z,202,completed,3636,38176,0616728b7286:1:6eab4ac4,1076412,00000ed5c5a702cda6db24295b899180689703a1c68b68a868b634db1ed688eb,141.0,38732.307,34,
0f300fd2-e05c-4490-9a2e-d72adee02abc,6a427b14-fb74-4539-b9a7-27444333dc23,426fdd7a-37cb-40d9-b4fc-e698563caa9d,100,workload-20260609T133920373955Z,111,4,2,2026-06-09T13:47:45.185730Z,2026-06-09T13:47:45.319732Z,2026-06-09T13:48:23.936034Z,202,completed,2246,38322,f112958ae7d8:1:cbffa573,1400273,000005fd6d2be7507bfb7232a0ab4f28fc6661c457d22b83ee631d9b8b0e0e07,125.0,38750.304,34,
94a441ab-c97b-4d77-b69e-8fe3ff2f2fbd,6b4c4fd8-202c-4c1a-980f-f70cfaf216a0,426fdd7a-37cb-40d9-b4fc-e698563caa9d,100,workload-20260609T133920373955Z,112,4,2,2026-06-09T13:47:45.201730Z,2026-06-09T13:47:45.336732Z,2026-06-09T13:48:26.244371Z,202,completed,4015,40544,9d8c9f4c40ba:1:e67e25b1,1850748,00000590f0e6a973caa66e2d811679d8c2f53cda515b087b047473aa9828044e,125.0,41042.641,36,
4e855cff-6243-4dda-8d1b-aa6e3bb42978,d82f8817-6acc-4ae0-a355-ea6e5318d9b8,426fdd7a-37cb-40d9-b4fc-e698563caa9d,100,workload-20260609T133920373955Z,113,4,2,2026-06-09T13:47:45.202729Z,2026-06-09T13:47:45.339730Z,2026-06-09T13:48:23.237366Z,202,completed,159,37611,846f4f1cc24e:1:5a9e3e89,95979,0000021f4b5330048f1ace1b71f53b4f4aa6b811f1db8c927a0afd0070f55415,125.0,38034.637,33,
363eda10-f505-4778-8274-a507e86fba2d,8a6f5200-8cff-4971-b83f-367c8384affc,426fdd7a-37cb-40d9-b4fc-e698563caa9d,100,workload-20260609T133920373955Z,114,4,2,2026-06-09T13:47:45.230729Z,2026-06-09T13:47:45.355733Z,2026-06-09T13:48:27.354386Z,202,completed,3523,41917,0616728b7286:1:f6d105ce,1630545,000006571d52fd2dd99744a04f232f306ab57691d5ac44d9e9a64f08acf1f908,125.0,42123.657,37,
0cf63035-e94b-419c-858c-2237869cffbc,b60aad73-94d2-4c33-929c-1a18795cf9cf,426fdd7a-37cb-40d9-b4fc-e698563caa9d,100,workload-20260609T133920373955Z,115,4,2,2026-06-09T13:47:45.231731Z,2026-06-09T13:47:45.369734Z,2026-06-09T13:48:25.512729Z,202,completed,689,39184,846f4f1cc24e:1:ecdda521,438174,00000b96fcde75ce2a5ab34d0c4aa654359b4f013c97e73245f87e60c53e4e79,125.0,40280.998,35,
ed9831f7-e1ad-42c7-8157-2bcc44c6f1a6,6def416e-b6a8-4b2c-9d7c-c7a1781b7b0c,426fdd7a-37cb-40d9-b4fc-e698563caa9d,100,workload-20260609T133920373955Z,116,4,2,2026-06-09T13:47:45.232729Z,2026-06-09T13:47:45.367732Z,2026-06-09T13:48:30.190685Z,202,completed,6109,44079,846f4f1cc24e:1:609a87b4,6460638,0000090599872e68f1436ef855ccc2ac889e9b99de7cfeaa0cb4c603f844eb12,125.0,44957.956,39,
d3796953-88dd-47ed-bf73-114cc1a4b783,d072c9f8-3387-43b1-8374-d2e0ad33deb4,426fdd7a-37cb-40d9-b4fc-e698563caa9d,100,workload-20260609T133920373955Z,117,4,2,2026-06-09T13:47:45.248730Z,2026-06-09T13:47:45.518735Z,2026-06-09T13:48:25.639392Z,202,completed,810,40119,f112958ae7d8:1:cef19ae8,492164,000006a76de7b76233af9868aec6d93f29b64d5e02c4649bdb6f8766bf9d25f9,266.0,40390.662,35,
00a1765b-7d9b-447c-8833-a63bf3fec655,0310470e-a107-45d5-913d-2fc1892f37cd,426fdd7a-37cb-40d9-b4fc-e698563caa9d,100,workload-20260609T133920373955Z,118,4,2,2026-06-09T13:47:45.249731Z,2026-06-09T13:47:45.380734Z,2026-06-09T13:48:27.468386Z,202,completed,2636,41271,f112958ae7d8:1:a759b448,2320571,00000baab32b03f83fea4ea09956f2fd348cb3fe42b3675121f08c9fc2fa05c1,125.0,42218.655,37,
483468ab-d1e8-4364-a3eb-c88da44a9d27,124ca3bb-6830-4d3d-9b65-a9f042062700,426fdd7a-37cb-40d9-b4fc-e698563caa9d,100,workload-20260609T133920373955Z,119,4,2,2026-06-09T13:47:45.269732Z,2026-06-09T13:47:45.403734Z,2026-06-09T13:48:25.165674Z,202,completed,506,39018,f112958ae7d8:1:74d10c9c,316126,000002a42ef21e7f3753a5e83814a0fd9932442c1c56091ffbc1c5a11d1b51e3,141.0,39895.942,35,
8ed22153-fc49-4dc0-ae54-9de71fe1eedb,3314f3e0-04c1-4436-895e-07c137d0533c,426fdd7a-37cb-40d9-b4fc-e698563caa9d,100,workload-20260609T133920373955Z,120,4,2,2026-06-09T13:47:45.293732Z,2026-06-09T13:47:45.427732Z,2026-06-09T13:48:25.639392Z,202,completed,541,39394,9d8c9f4c40ba:1:d7d7dd88,190233,000008e50e4c9d968a4b99cacdf9ade11ad4268ad32db1edeb7cffbcee71564a,125.0,40345.66,35,
681e5baf-3b8e-44ac-9e1f-b44dd522d660,3e00ca82-8c27-4b92-95ba-ef83c92368da,426fdd7a-37cb-40d9-b4fc-e698563caa9d,200,workload-20260609T133920373955Z,1,4,2,2026-06-09T13:49:30.536414Z,2026-06-09T13:49:30.714418Z,2026-06-09T13:49:34.625472Z,202,completed,760,1401,0616728b7286:1:ae8ad59f,267831,0000016e09dfdf86658be6ebaa86272990f3dbe44703386a79b3cd498a8e8984,172.0,4089.058,2,
57eb53dd-578c-4c23-95b0-1b7708802477,28d5faed-4b0b-4205-9815-fcb18b93afc7,426fdd7a-37cb-40d9-b4fc-e698563caa9d,200,workload-20260609T133920373955Z,2,4,2,2026-06-09T13:49:30.537440Z,2026-06-09T13:49:30.712416Z,2026-06-09T13:49:33.557532Z,202,completed,810,1457,846f4f1cc24e:1:03755ee9,729084,000008af3a513a1251dcddc251641f2566d6969b9b345f406fbba94192b90304,172.0,3020.092,2,
39ebdd20-2ccb-43a8-a2e3-08c3f7bbceb0,1970f335-fda8-4b67-820e-8978fb36785c,426fdd7a-37cb-40d9-b4fc-e698563caa9d,200,workload-20260609T133920373955Z,3,4,2,2026-06-09T13:49:30.539418Z,2026-06-09T13:49:30.717418Z,2026-06-09T13:49:31.787418Z,202,completed,283,894,9d8c9f4c40ba:1:71dbbff2,136771,0000031939c894222c336211249eff2460f1bff03b7859b710f047be905737e3,187.0,1248.0,1,
786bfcde-5297-46fb-a47b-5d382172e3c7,db6e673f-2641-45ce-b180-dedac0de724e,426fdd7a-37cb-40d9-b4fc-e698563caa9d,200,workload-20260609T133920373955Z,4,4,2,2026-06-09T13:49:30.541418Z,2026-06-09T13:49:30.708419Z,2026-06-09T13:49:32.925532Z,202,completed,266,1022,846f4f1cc24e:1:28fa5719,154174,0000061a3e22148a71145aa215211c30fb7cad10e064d5db1e66deb0138ada58,172.0,2384.114,2,
b2482363-d4e8-4eee-84a8-d4c1811ed7ea,b672b2c7-b8c8-4481-bb3e-93f6c64b738d,426fdd7a-37cb-40d9-b4fc-e698563caa9d,200,workload-20260609T133920373955Z,5,4,2,2026-06-09T13:49:30.552416Z,2026-06-09T13:49:30.722418Z,2026-06-09T13:49:35.701474Z,202,completed,3461,4226,9d8c9f4c40ba:1:9ca9ab6d,1329696,00000e0c0f860bc7bb827f7a3b613c30fb3a27e05de34480bd26dff37cf69b3b,172.0,5149.058,3,
777eb35d-2756-438a-8ac4-757f75e1f797,bc3b9879-c550-454b-b56e-676015b4fcb9,426fdd7a-37cb-40d9-b4fc-e698563caa9d,200,workload-20260609T133920373955Z,6,4,2,2026-06-09T13:49:30.554418Z,2026-06-09T13:49:30.721418Z,2026-06-09T13:49:36.836475Z,202,completed,5277,6040,f112958ae7d8:1:9a0e2255,3483520,00000a4f92cb20bbdc493def35ee5578835ac3537e2a7658263750ab610ad65e,172.0,6282.057,4,
3e0eccf0-2922-48de-a896-9f4de8f5c467,de301737-1797-43f8-8e83-34b7f9fdbc40,426fdd7a-37cb-40d9-b4fc-e698563caa9d,200,workload-20260609T133920373955Z,7,4,2,2026-06-09T13:49:30.555419Z,2026-06-09T13:49:30.786417Z,2026-06-09T13:49:33.578531Z,202,completed,169,1972,846f4f1cc24e:1:40d83775,147295,0000055019fb6185630d03a87cf3af870d4a80a8d49f0c6e1bf582a9c4920786,235.0,3023.112,2,
0d7e1da4-3351-4c6b-8f00-6887d1c2682c,5ed6a2a9-a202-4f77-af2b-c1bc59d4f6e6,426fdd7a-37cb-40d9-b4fc-e698563caa9d,200,workload-20260609T133920373955Z,8,4,2,2026-06-09T13:49:30.571415Z,2026-06-09T13:49:30.747418Z,2026-06-09T13:49:33.269533Z,202,completed,914,1727,f112958ae7d8:1:fcb98e88,629741,000002b1299fa6cdf613c6ebf660c08d19ba9133a60f900636d2c90b5c58573a,187.0,2698.118,2,
9acc3d88-ff09-4643-a616-16d2e744e3fd,ee60e41a-b74c-4271-ab85-9087ac03d298,426fdd7a-37cb-40d9-b4fc-e698563caa9d,200,workload-20260609T133920373955Z,9,4,2,2026-06-09T13:49:30.573414Z,2026-06-09T13:49:30.738419Z,2026-06-09T13:49:34.960472Z,202,completed,131,1473,846f4f1cc24e:1:4c354be3,118266,00000225b02176cf28cd7c97f4d73bb32ea9f7225784e9fb5566e5b7e3228e21,172.0,4387.058,1,
d85b789a-5231-40be-bd1e-03f4d20dac34,ae4e0b6b-c0c7-483a-ab38-10b1531ca444,426fdd7a-37cb-40d9-b4fc-e698563caa9d,200,workload-20260609T133920373955Z,10,4,2,2026-06-09T13:49:30.575415Z,2026-06-09T13:49:30.734417Z,2026-06-09T13:49:34.141473Z,202,completed,1965,3032,9d8c9f4c40ba:1:edefde6b,655627,00000909ec668a5f2edbb08728cf8395bac2505adcddb02ecb4b14fd7eb337e1,156.0,3566.058,2,
029adad2-f7c1-4acf-ac66-49aa7080903c,ac6e828e-a02f-4da2-8307-28f9c784b47c,426fdd7a-37cb-40d9-b4fc-e698563caa9d,200,workload-20260609T133920373955Z,11,4,2,2026-06-09T13:49:30.577415Z,2026-06-09T13:49:30.742418Z,2026-06-09T13:49:33.180531Z,202,completed,721,1451,0616728b7286:1:7b916deb,255329,0000001d1ad94ffbb7b4748e756701a08b47da98d507536504bd17c2e601a234,156.0,2603.116,2,
db91ebbc-d683-4e57-9838-f16223812b02,29e88387-0760-4d25-a158-d24e5b7262c1,426fdd7a-37cb-40d9-b4fc-e698563caa9d,200,workload-20260609T133920373955Z,12,4,2,2026-06-09T13:49:30.578414Z,2026-06-09T13:49:30.853416Z,2026-06-09T13:49:36.713472Z,202,completed,1195,5505,846f4f1cc24e:1:1d0d2e88,877304,00000bd52c830104f6c9159c83b199810d64d2255191e8c5e200f9ec11b83431,265.0,6135.058,3,
445fce9c-bce1-4643-b7aa-d60d63ceb423,2bcfa6e8-1bbd-4ec9-91d4-fa237ec3069f,426fdd7a-37cb-40d9-b4fc-e698563caa9d,200,workload-20260609T133920373955Z,13,4,2,2026-06-09T13:49:30.581415Z,2026-06-09T13:49:30.782418Z,2026-06-09T13:49:38.870574Z,202,completed,4438,6069,0616728b7286:1:dfd880ec,1601616,000000dde7ed723dc5f81c6f09959d87364cac3bd8f8a35ed43399686028318d,203.0,8289.159,5,
7bfa5449-0889-45d1-883f-9e7ee63dbcc2,103d62ef-0aca-4944-a375-b9c2ae9f0380,426fdd7a-37cb-40d9-b4fc-e698563caa9d,200,workload-20260609T133920373955Z,14,4,2,2026-06-09T13:49:30.592420Z,2026-06-09T13:49:30.769417Z,2026-06-09T13:49:33.537532Z,202,completed,118,2043,846f4f1cc24e:1:ad6da3e9,87789,00000dbacea06b29f016e91d8cbc8dd58563e18c4c8763f99ea611a1d34b4793,172.0,2945.112,2,
1ac17d11-d669-4927-85eb-d88448b6182e,456d1859-32b2-4082-97b1-53bd70de03f1,426fdd7a-37cb-40d9-b4fc-e698563caa9d,200,workload-20260609T133920373955Z,15,4,2,2026-06-09T13:49:30.594418Z,2026-06-09T13:49:30.796417Z,2026-06-09T13:49:35.068472Z,202,completed,1160,3100,f112958ae7d8:1:fbd4e1a5,734109,00000fda0c3613c101ad01e99678cf00a36bda0eb31abeab1f4a0ecc9ab7c678,203.0,4474.054,3,
41609adb-b8bc-4ce6-bb55-44223796fd5a,6ee36f76-b512-448d-94df-da00bcbeb09b,426fdd7a-37cb-40d9-b4fc-e698563caa9d,200,workload-20260609T133920373955Z,16,4,2,2026-06-09T13:49:30.595418Z,2026-06-09T13:49:30.793417Z,2026-06-09T13:49:35.391472Z,202,completed,1412,3199,0616728b7286:1:5e663c33,433464,000002e9ee65b845537d2fe2dc220b30c7be61ef6d1692e5dc81c785ee8ff447,203.0,4796.054,2,
2d34d0d6-e25c-4038-b7ed-bc2ad21284d0,f401c1b1-ce0f-4b85-b2f8-0599cd16ea83,426fdd7a-37cb-40d9-b4fc-e698563caa9d,200,workload-20260609T133920373955Z,17,4,2,2026-06-09T13:49:30.605416Z,2026-06-09T13:49:30.795416Z,2026-06-09T13:49:35.652472Z,202,completed,1294,3669,846f4f1cc24e:1:a613ceaa,986729,00000e31bd1afd203e203c80516575e99ca98e82699143ecef93c9f1f1a5fc44,187.0,5047.056,3,
e6c6a6f6-082d-4375-bb4c-e035de2d76d0,b323f39c-7273-4731-8c00-e5b60cd1b7f8,426fdd7a-37cb-40d9-b4fc-e698563caa9d,200,workload-20260609T133920373955Z,18,4,2,2026-06-09T13:49:30.606414Z,2026-06-09T13:49:30.777418Z,2026-06-09T13:49:34.353472Z,202,completed,133,2516,846f4f1cc24e:1:975378fe,126180,00000c44fdbd83319cb3a25b42e2dd8e32d3fa1a0c1ba8967a819ff1b8e9019f,172.0,3747.058,2,
4b0b6107-5f14-4487-b495-a17763dc953e,1872c24f-3615-42d5-892a-51c6a013ae4a,426fdd7a-37cb-40d9-b4fc-e698563caa9d,200,workload-20260609T133920373955Z,19,4,2,2026-06-09T13:49:30.608415Z,2026-06-09T13:49:30.827414Z,2026-06-09T13:49:36.073471Z,202,completed,1185,4061,846f4f1cc24e:1:7bb9919f,871919,0000048392c05a9850624bda7a72ccdcca9f84ff86c735e9685523184bfe0a58,219.0,5465.056,1,
8f263690-b3fc-4978-970d-034d8e2f9e91,408ccc12-47d8-434c-885a-685b30a5476d,426fdd7a-37cb-40d9-b4fc-e698563caa9d,200,workload-20260609T133920373955Z,20,4,2,2026-06-09T13:49:30.625414Z,2026-06-09T13:49:30.826416Z,2026-06-09T13:49:36.665475Z,202,completed,993,4337,0616728b7286:1:c2e365b7,315073,000005c9428ef9055b4e29f7f1b7d9745bae380627d3629040b60b0f7ddaef1b,204.0,6040.061,3,
bac113fd-442d-488f-829b-725d2023e79a,7607c73d-d6d9-48a1-832c-af2ad46adb49,426fdd7a-37cb-40d9-b4fc-e698563caa9d,200,workload-20260609T133920373955Z,21,4,2,2026-06-09T13:49:30.627418Z,2026-06-09T13:49:30.789419Z,2026-06-09T13:49:38.436575Z,202,completed,3560,6916,f112958ae7d8:1:f006850a,2310588,000003207859714d3b0f1827b21f2a1c883f9549e80f47d5140e45a2a5565460,157.0,7809.157,5,
848fed1c-60b5-447e-aef3-7ced7442dc1a,37bae83b-ec81-492e-a477-9f60bc04bf8d,426fdd7a-37cb-40d9-b4fc-e698563caa9d,200,workload-20260609T133920373955Z,22,4,2,2026-06-09T13:49:30.631418Z,2026-06-09T13:49:30.805418Z,2026-06-09T13:49:36.748474Z,202,completed,1842,5094,9d8c9f4c40ba:1:0bf08957,731215,00000e10d218bf026f8bd15efe8ebb9c56543134c4f48249dc2b1a4bf36f97a4,172.0,6117.056,3,
f708bb8e-7cd8-45a3-9af7-a1f861f21426,920718a2-4b9f-4776-babe-f0ef86186602,426fdd7a-37cb-40d9-b4fc-e698563caa9d,200,workload-20260609T133920373955Z,23,4,2,2026-06-09T13:49:30.638414Z,2026-06-09T13:49:30.809417Z,2026-06-09T13:49:35.130472Z,202,completed,269,4115,846f4f1cc24e:1:4ed5ceec,289406,0000070951dd535688f2b432a07c0b238fac7d9fa201027c8a6f9669ce8ea099,172.0,4492.058,3,
fb3396ab-8794-41ca-ac91-b51d07aef71d,e1051c17-665d-473e-ab03-ec1640263257,426fdd7a-37cb-40d9-b4fc-e698563caa9d,200,workload-20260609T133920373955Z,24,4,2,2026-06-09T13:49:30.640418Z,2026-06-09T13:49:30.812417Z,2026-06-09T13:49:44.720360Z,202,completed,8865,13403,9d8c9f4c40ba:1:3a1a91ab,3251354,00000e6cfb2f862e21404bdebbe22949a0cb48f4141257bf9dae04ce1d771006,172.0,14079.942,10,
8bcd8cb5-50b9-4d80-90fa-84bf605543d4,09988ffa-0278-4195-9fdc-40e7e7143b91,426fdd7a-37cb-40d9-b4fc-e698563caa9d,200,workload-20260609T133920373955Z,25,4,2,2026-06-09T13:49:30.642416Z,2026-06-09T13:49:30.878416Z,2026-06-09T13:49:35.879475Z,202,completed,451,4836,846f4f1cc24e:1:99b08774,276454,000007789b422875ee7c0debca5d3b0feb1600250d07a0c59e539aa038e8ea87,234.0,5237.059,2,
f4cfd910-0039-4dec-9385-dc2b7490e256,d0321c9e-49a2-448b-acfe-3725259ddc24,426fdd7a-37cb-40d9-b4fc-e698563caa9d,200,workload-20260609T133920373955Z,26,4,2,2026-06-09T13:49:30.661414Z,2026-06-09T13:49:30.856416Z,2026-06-09T13:49:39.105572Z,202,completed,1206,7533,f112958ae7d8:1:c1544781,867073,00000ebd51a2384f4215370da90202a4aecaa535a35906bdd96bce2e1c496dd6,203.0,8444.158,4,
47dc5aa8-9c73-4dd5-b9c1-857e82cdd53e,0481022c-f0ec-40de-8c76-26e658b852e9,426fdd7a-37cb-40d9-b4fc-e698563caa9d,200,workload-20260609T133920373955Z,27,4,2,2026-06-09T13:49:30.663415Z,2026-06-09T13:49:30.910416Z,2026-06-09T13:49:38.125574Z,202,completed,208,6943,846f4f1cc24e:1:5728b07a,123385,00000cf8e1df67627a48704bcc6b951c8137a1cb45152a59098f65ea72e47c50,250.0,7462.159,5,
e1c5f2ab-306f-4f84-b5fb-07cd7d031f9f,68b7deb3-45f8-4cea-a863-ab5c1448e4d0,426fdd7a-37cb-40d9-b4fc-e698563caa9d,200,workload-20260609T133920373955Z,28,4,2,2026-06-09T13:49:30.665415Z,2026-06-09T13:49:30.840416Z,2026-06-09T13:49:38.897575Z,202,completed,364,6113,846f4f1cc24e:1:5856e9fb,222667,000004dfd030ba49499972ea63bdf9b3ed17e855a650d2f3d27721fc9ad610ef,187.0,8232.16,5,
74db0d2b-abfa-45f5-a9f6-37462f776001,69be311d-64e9-4515-aebb-3a64eef5890e,426fdd7a-37cb-40d9-b4fc-e698563caa9d,200,workload-20260609T133920373955Z,29,4,2,2026-06-09T13:49:30.667414Z,2026-06-09T13:49:30.852417Z,2026-06-09T13:49:39.333574Z,202,completed,2448,7771,846f4f1cc24e:1:ced8aa0f,1993751,000003f62a4f879d0cef88942f95d4734ff6a22c2a65f03fe001660bc60bce76,187.0,8666.16,3,
6894024b-7ede-4f60-a6fa-76cda31dadff,071be3e6-4cf0-4f4a-ab9b-bc098a8061b0,426fdd7a-37cb-40d9-b4fc-e698563caa9d,200,workload-20260609T133920373955Z,30,4,2,2026-06-09T13:49:30.669414Z,2026-06-09T13:49:30.921415Z,2026-06-09T13:49:39.065576Z,202,completed,307,7585,f112958ae7d8:1:fccd4214,195375,00000362bd705b4930bdd0bf18ed8fc099fae557ed0e1d01c6bfb99dfe0c1806,250.0,8396.162,4,
045a009f-570d-4628-888d-98061f182761,067da1d4-2888-4b64-b5de-c43944856902,426fdd7a-37cb-40d9-b4fc-e698563caa9d,200,workload-20260609T133920373955Z,31,4,2,2026-06-09T13:49:30.671415Z,2026-06-09T13:49:30.957416Z,2026-06-09T13:49:39.017575Z,202,completed,165,7331,846f4f1cc24e:1:fe9c4095,105270,0000025abf98410c46a818468c93d1f1e3b45cbe99d065e0753f54aa44434528,282.0,8346.16,4,
99543cc3-f1f1-47f7-9941-88e2394852a3,939bf15b-be52-4eb7-8345-f548fbd9f906,426fdd7a-37cb-40d9-b4fc-e698563caa9d,200,workload-20260609T133920373955Z,32,4,2,2026-06-09T13:49:30.673416Z,2026-06-09T13:49:30.833416Z,2026-06-09T13:49:41.803519Z,202,completed,5061,10460,9d8c9f4c40ba:1:73266a23,1684273,00000f2378328a46718aaec659784e50531dbad9032f4af14640f998ec49ff00,157.0,11130.103,9,
9aaa1fc9-9a40-4af1-8e04-9ebf3d53b776,31796695-0e53-425d-9954-b9db88f11f57,426fdd7a-37cb-40d9-b4fc-e698563caa9d,200,workload-20260609T133920373955Z,33,4,2,2026-06-09T13:49:30.697418Z,2026-06-09T13:49:30.857415Z,2026-06-09T13:49:41.854521Z,202,completed,2661,10491,f112958ae7d8:1:1d3ce351,1776150,00000276a3e1c12b2e110ef88a6dfd9b8d98f1549296853285116dcfb79b2126,172.0,11157.103,9,
e6844b35-a9ed-4e99-bd25-604a2c739ede,bb4ace4b-2b55-4c8e-87b6-997a7617d363,426fdd7a-37cb-40d9-b4fc-e698563caa9d,200,workload-20260609T133920373955Z,34,4,2,2026-06-09T13:49:30.699417Z,2026-06-09T13:49:31.036419Z,2026-06-09T13:49:46.260278Z,202,completed,4733,15172,846f4f1cc24e:1:3c65f68b,2876705,00000f2b1e2637c070bd34e8d4dc3a6c0292978cff6c0287a6e3d0e989719928,328.0,15560.861,12,
2ab22316-0a1c-46c9-bf1b-fec75007c187,3e9c19ff-e0f0-4702-99f8-d8bc1eadae74,426fdd7a-37cb-40d9-b4fc-e698563caa9d,200,workload-20260609T133920373955Z,35,4,2,2026-06-09T13:49:30.701415Z,2026-06-09T13:49:30.866416Z,2026-06-09T13:49:42.350518Z,202,completed,1298,10884,f112958ae7d8:1:0057b47a,893923,000003bded107ba4cf5f30fe47fa88eff28669098231ff9eef616bd9eda4baaf,156.0,11649.103,8,
77ea0dae-5a4d-4ac8-9321-96418b21de6f,256387f9-4cb3-4aec-b84a-18f591162d39,426fdd7a-37cb-40d9-b4fc-e698563caa9d,200,workload-20260609T133920373955Z,36,4,2,2026-06-09T13:49:30.703417Z,2026-06-09T13:49:30.888416Z,2026-06-09T13:49:42.079521Z,202,completed,65,10126,846f4f1cc24e:1:f83aaf44,69988,0000071a6dee4c871000cb4bc437fe10c79afb2a04ed45f2a47d26ef6a8331ae,187.0,11376.104,8,
1f3e97e1-6bbc-4907-a74b-1503d20cbd0f,0427adaa-8fef-492d-8dba-55626ddbd8a8,426fdd7a-37cb-40d9-b4fc-e698563caa9d,200,workload-20260609T133920373955Z,37,4,2,2026-06-09T13:49:30.705418Z,2026-06-09T13:49:30.866416Z,2026-06-09T13:49:44.937363Z,202,completed,6087,13831,0616728b7286:1:d1366833,1898415,0000078da352d30cbb33486256b1879f801d7b0594e8473c6200143d808c6539,156.0,14231.945,11,
13a288e7-f7ed-4ce5-94f6-03f5cf6583d7,082ae669-cd20-4465-a074-da5d3a7352b2,426fdd7a-37cb-40d9-b4fc-e698563caa9d,200,workload-20260609T133920373955Z,38,4,2,2026-06-09T13:49:30.708419Z,2026-06-09T13:49:30.854417Z,2026-06-09T13:49:37.936573Z,202,completed,1574,6052,0616728b7286:1:3e129df0,488024,0000061f859d1518a3946905cdf3dbcd46c28c330fbeb7bade44b0f65b6a1237,140.0,7228.154,4,
924b68b2-d601-420b-98e5-f9652cba368b,17b54727-0723-401b-85aa-659aea66a66f,426fdd7a-37cb-40d9-b4fc-e698563caa9d,200,workload-20260609T133920373955Z,39,4,2,2026-06-09T13:49:30.715421Z,2026-06-09T13:49:30.859417Z,2026-06-09T13:49:39.273573Z,202,completed,956,7337,0616728b7286:1:2a7a7d57,297378,000002b3e9c5b6aadceca71adbb0856ddc6c981490b1eb0598e89cd52cdfa78c,141.0,8558.152,6,
155587a8-dc75-408c-8295-7ead45ce8295,0f8ded36-e676-4b62-a99d-cbe0108be2ea,426fdd7a-37cb-40d9-b4fc-e698563caa9d,200,workload-20260609T133920373955Z,40,4,2,2026-06-09T13:49:30.717418Z,2026-06-09T13:49:30.846417Z,2026-06-09T13:49:37.636576Z,202,completed,180,6538,846f4f1cc24e:1:9fd12769,114283,0000099e122c27da3256eed0300371cabd5b12754a5232b98d43d2e44eb19da1,125.0,6919.158,5,
9cb1a510-99f2-4e30-82c6-19bccc5a9ace,18fcc925-af23-43a5-b781-f55966a60db2,426fdd7a-37cb-40d9-b4fc-e698563caa9d,200,workload-20260609T133920373955Z,41,4,2,2026-06-09T13:49:30.718419Z,2026-06-09T13:49:30.862417Z,2026-06-09T13:49:45.430361Z,202,completed,7333,13780,0616728b7286:1:7fca5312,2392264,00000134204f4497e8034a86024dbe1f312bcac0d43b1352bd9786c00d39588d,141.0,14711.942,12,
9148c1a6-d5a3-4a40-93df-13c6e53f47ec,94fe81dd-1935-4458-801f-1db8a29e8920,426fdd7a-37cb-40d9-b4fc-e698563caa9d,200,workload-20260609T133920373955Z,42,4,2,2026-06-09T13:49:30.731418Z,2026-06-09T13:49:30.868416Z,2026-06-09T13:49:39.622977Z,202,completed,65,7818,846f4f1cc24e:1:7a4f61e9,71345,00000fd6cc527071a777003396455e17dc391acf55224911c74f4c15c368b020,125.0,8891.559,5,
76306a74-73aa-43a3-a649-45f9a382f820,98bf1ca9-ec7c-426b-a521-9b0634cad623,426fdd7a-37cb-40d9-b4fc-e698563caa9d,200,workload-20260609T133920373955Z,43,4,2,2026-06-09T13:49:30.734417Z,2026-06-09T13:49:30.976420Z,2026-06-09T13:49:41.520976Z,202,completed,270,10180,846f4f1cc24e:1:2b49e3f9,298049,00000309a809e0e25c54ce02ab6fc30c1099a3b8610f3ae6a5722764d7d9a382,234.0,10786.559,7,
eec49df3-e727-440a-802a-5f097b794326,473d5e62-bc49-4294-8d85-f66e675a7515,426fdd7a-37cb-40d9-b4fc-e698563caa9d,200,workload-20260609T133920373955Z,44,4,2,2026-06-09T13:49:30.738419Z,2026-06-09T13:49:30.981418Z,2026-06-09T13:49:50.389619Z,202,completed,8617,18981,846f4f1cc24e:1:a9b06787,5642184,00000b1a5dfe11e47c74bc8f3eaede5d3e0b4374fcb360406efd547b68f96fd1,250.0,19651.2,15,
2f2a1c43-db5f-4359-9bcd-578474b74234,40e95238-c6e7-480a-a6d3-258755b4fa17,426fdd7a-37cb-40d9-b4fc-e698563caa9d,200,workload-20260609T133920373955Z,45,4,2,2026-06-09T13:49:30.747418Z,2026-06-09T13:49:30.875417Z,2026-06-09T13:49:40.588976Z,202,completed,1450,9562,846f4f1cc24e:1:3167f639,967677,000007fd70ece3d51c21d4f0bf848dd8e1adcb1f9d291daa33e424681b9db5a4,125.0,9841.558,6,
a30306fc-aa62-49b7-93cf-6381235175d0,ffd153bd-0b7f-43d0-a6c7-3f8d282bb88a,426fdd7a-37cb-40d9-b4fc-e698563caa9d,200,workload-20260609T133920373955Z,46,4,2,2026-06-09T13:49:30.749418Z,2026-06-09T13:49:30.885416Z,2026-06-09T13:49:41.090975Z,202,completed,1437,9318,f112958ae7d8:1:958c82dd,861339,00000629520831ddfef7a46f78db2e611a4f382de38df32875423399c4b62fd0,125.0,10341.557,7,
a1276ace-198e-4f8d-8e18-4c8a1b54d7dc,ea2961be-17f5-4827-9d15-3a3c4e5d2eba,426fdd7a-37cb-40d9-b4fc-e698563caa9d,200,workload-20260609T133920373955Z,47,4,2,2026-06-09T13:49:30.750417Z,2026-06-09T13:49:30.871417Z,2026-06-09T13:49:41.050978Z,202,completed,1274,9625,846f4f1cc24e:1:047fa387,766451,000006def3a4586e6c9706d6ad7d898dc33888b07eda832cac6fa9199931c703,125.0,10300.561,6,
ad4ef835-91a7-4214-8340-2c6658170700,c56eb24e-1691-40ae-a2c1-2d7cc88d73af,426fdd7a-37cb-40d9-b4fc-e698563caa9d,200,workload-20260609T133920373955Z,48,4,2,2026-06-09T13:49:30.769417Z,2026-06-09T13:49:30.893416Z,2026-06-09T13:49:54.806556Z,202,completed,13121,23705,9d8c9f4c40ba:1:a3e51579,4879335,00000c02d3578f0397fe15bd9a773c49f2ba67f02246624560b7c852cff4d970,125.0,24037.139,19,
e3333e79-aa99-447a-bf9c-c8940ff617c2,cff2ef69-d95d-43b6-9dc1-928e01e61976,426fdd7a-37cb-40d9-b4fc-e698563caa9d,200,workload-20260609T133920373955Z,49,4,2,2026-06-09T13:49:30.770415Z,2026-06-09T13:49:30.945418Z,2026-06-09T13:49:48.334108Z,202,completed,2088,16236,0616728b7286:1:64502eba,775148,000000a0a4c305d4e1d1b4a997374cbda2b62b574707008853e4d458f85b44b4,172.0,17563.693,13,
601159db-f237-43e7-8796-8fad8fc82330,296362b1-f078-47b0-9a85-3885d3859250,426fdd7a-37cb-40d9-b4fc-e698563caa9d,200,workload-20260609T133920373955Z,50,4,2,2026-06-09T13:49:30.772418Z,2026-06-09T13:49:30.945418Z,2026-06-09T13:49:45.996278Z,202,completed,859,14859,f112958ae7d8:1:3bbd5060,643990,0000043f23d5dfd42c5c19bb045c1de553d70f7a734604e4f8d67c026671f004,172.0,15223.86,10,
57dfdd42-e9b1-428b-a5e0-a4eb0de94fba,80b561c0-655b-4d5e-b8c9-40e15960b139,426fdd7a-37cb-40d9-b4fc-e698563caa9d,200,workload-20260609T133920373955Z,51,4,2,2026-06-09T13:49:30.777418Z,2026-06-09T13:49:30.903416Z,2026-06-09T13:49:44.622360Z,202,completed,3054,13662,f112958ae7d8:1:709ad6f6,2170474,00000ecfb3fdf6376634be0d3bc4cfc9dae5dca625d4339e344e7f2d9a9fc3aa,125.0,13844.942,10,
6988bc86-67a4-483b-9047-4988540edd1f,f7899b58-fd0a-4eef-bc4a-896cf10d5ec3,426fdd7a-37cb-40d9-b4fc-e698563caa9d,200,workload-20260609T133920373955Z,52,4,2,2026-06-09T13:49:30.779418Z,2026-06-09T13:49:30.951416Z,2026-06-09T13:49:48.294107Z,202,completed,1526,17010,846f4f1cc24e:1:e59e007b,906606,0000086dff58c5ed7edf4903c2d5edb22962ca2445ef7ad9345b29512e9e46ab,172.0,17514.689,13,
9a184ad5-4af4-4db5-91a6-3c210bfc9fba,15e03070-26d7-42b1-b632-336a346f90f5,426fdd7a-37cb-40d9-b4fc-e698563caa9d,200,workload-20260609T133920373955Z,53,4,2,2026-06-09T13:49:30.782418Z,2026-06-09T13:49:30.901417Z,2026-06-09T13:49:44.402362Z,202,completed,1891,12995,f112958ae7d8:1:2817069a,1180534,00000c5a1dd7394339d1d7ee9ca269dda51dc90ef42848c67a228d3787baa4a5,109.0,13619.944,10,
dc005ba0-3c59-4e81-95b4-40325bcd8295,aa5bbc36-7a75-4d28-95c9-5b7f4febe71d,426fdd7a-37cb-40d9-b4fc-e698563caa9d,200,workload-20260609T133920373955Z,54,4,2,2026-06-09T13:49:30.783418Z,2026-06-09T13:49:30.956417Z,2026-06-09T13:49:49.293104Z,202,completed,2070,17491,f112958ae7d8:1:f948521b,1213175,000003fba1a29741f376bce76174cf4fd4fe1e8f7f532e2379dde7186dc68b5f,172.0,18509.686,14,
ed698e3e-2b1d-46a9-af07-e86ada5e8f00,50bf493b-d979-4053-a47a-acedac520560,426fdd7a-37cb-40d9-b4fc-e698563caa9d,200,workload-20260609T133920373955Z,55,4,2,2026-06-09T13:49:30.796417Z,2026-06-09T13:49:30.947414Z,2026-06-09T13:49:45.673363Z,202,completed,356,13708,f112958ae7d8:1:62d7133c,218073,00000f31c7826806d6d09a0959211962e14a47ef2e4f9d84c425c9718567b4e9,141.0,14876.946,10,
3d299265-2a50-4ea0-bb5d-7d96c2da4bb7,6c45f62c-be3d-456a-b9cd-7f3683c7d149,426fdd7a-37cb-40d9-b4fc-e698563caa9d,200,workload-20260609T133920373955Z,56,4,2,2026-06-09T13:49:30.798420Z,2026-06-09T13:49:30.944419Z,2026-06-09T13:49:46.760278Z,202,completed,1792,15452,9d8c9f4c40ba:1:55bb1c0d,599044,0000010731bf45d98a96d03372847bb6f31923c01e7dc28596d33e4b2f3d95cd,141.0,15961.858,10,
6e9b78e8-ec6e-4777-99db-d0271c4b9530,a8a84340-859a-41c6-bde0-3dc0690f536d,426fdd7a-37cb-40d9-b4fc-e698563caa9d,200,workload-20260609T133920373955Z,57,4,2,2026-06-09T13:49:30.799418Z,2026-06-09T13:49:31.056418Z,2026-06-09T13:49:46.073278Z,202,completed,270,14919,f112958ae7d8:1:212747af,239819,00000cc259a45be89cd3eb756fe3f3a223f289fc43d72cc1ecc64e7955f67378,250.0,15273.86,11,
6fa8ebf3-5692-41a4-8953-d70265bc799d,67a20207-d3bf-4abb-9bf1-131feb88c806,426fdd7a-37cb-40d9-b4fc-e698563caa9d,200,workload-20260609T133920373955Z,58,4,2,2026-06-09T13:49:30.812417Z,2026-06-09T13:49:30.936420Z,2026-06-09T13:49:45.516362Z,202,completed,385,14439,f112958ae7d8:1:a7b84e48,214294,00000ba7e7734d4c55a3da10ef3f749187d86bde20e160f0e9756db9f0176949,125.0,14703.945,12,
64526df7-7e43-4c9d-aea1-e5dcb76642f8,a11f1cbf-f776-4558-ac3a-a4497f5d1480,426fdd7a-37cb-40d9-b4fc-e698563caa9d,200,workload-20260609T133920373955Z,59,4,2,2026-06-09T13:49:30.813416Z,2026-06-09T13:49:31.043419Z,2026-06-09T13:49:49.536365Z,202,completed,1970,18432,0616728b7286:1:ddd537a2,588146,0000082441d927b3809c4bbc63ea7ac620d7e9be2e2a3e3cc0ad257da9107bf9,234.0,18722.949,15,
8997b229-f485-4404-be32-499f388cacea,75e74eb4-be07-416c-bd84-d1a716af3102,426fdd7a-37cb-40d9-b4fc-e698563caa9d,200,workload-20260609T133920373955Z,60,4,2,2026-06-09T13:49:30.815416Z,2026-06-09T13:49:30.939418Z,2026-06-09T13:49:55.072551Z,202,completed,9311,23618,0616728b7286:1:18bb5971,3018852,00000151eac95d40eee9380a3ce48c7ce6609f939c5108c3774175b41d883d17,125.0,24257.135,18,
47826a79-2e6e-4ef2-a343-a38561a23954,82961833-3519-49ba-9dd9-9b9a17b9def8,426fdd7a-37cb-40d9-b4fc-e698563caa9d,200,workload-20260609T133920373955Z,61,4,2,2026-06-09T13:49:30.827414Z,2026-06-09T13:49:30.967419Z,2026-06-09T13:49:50.191362Z,202,completed,2782,18596,9d8c9f4c40ba:1:2f6f069b,902484,00000e101338acea93f17688655c2b0f064bfb166acee46e7ca26f5208d18070,140.0,19363.948,15,
cc7db1f7-36a2-4c28-807d-29512d188c24,22335e31-7a29-4236-9ed8-197e55d6c1b4,426fdd7a-37cb-40d9-b4fc-e698563caa9d,200,workload-20260609T133920373955Z,62,4,2,2026-06-09T13:49:30.829417Z,2026-06-09T13:49:30.974416Z,2026-06-09T13:49:48.788104Z,202,completed,2157,17428,f112958ae7d8:1:c6859788,1345547,0000038533bacd5b3864f2941e9b4f1d0f4a88fa7c43bb1730ea13aa32c450fd,140.0,17958.687,13,
aad2ee7f-e2b1-4cb3-b92b-2d0a302396c4,fcd4faad-f153-4f6b-8efa-fc11753cffe2,426fdd7a-37cb-40d9-b4fc-e698563caa9d,200,workload-20260609T133920373955Z,63,4,2,2026-06-09T13:49:30.830416Z,2026-06-09T13:49:30.960418Z,2026-06-09T13:49:50.553623Z,202,completed,1586,18967,846f4f1cc24e:1:a701071c,949172,00000d9c03dc822d3aa3b383c9c57e0b59c8c8b277b88468c48ca938b248b662,125.0,19723.207,14,
fe715abd-c543-46b6-9183-26b1d8286908,5f2facbe-002d-4095-86b9-f3c77a42be58,426fdd7a-37cb-40d9-b4fc-e698563caa9d,200,workload-20260609T133920373955Z,64,4,2,2026-06-09T13:49:30.841416Z,2026-06-09T13:49:30.966419Z,2026-06-09T13:49:49.281104Z,202,completed,415,18262,f112958ae7d8:1:66b24eff,307938,000006d07a827a1b992d2a5d807b6eeb979d3482e49b30494ee810a652a45b69,125.0,18439.688,15,
0b58d099-4a82-41a9-a917-4aad713df7db,57528446-2d20-4e0d-9f51-6ede13aa7a01,426fdd7a-37cb-40d9-b4fc-e698563caa9d,200,workload-20260609T133920373955Z,65,4,2,2026-06-09T13:49:30.842417Z,2026-06-09T13:49:31.005418Z,2026-06-09T13:49:49.464364Z,202,completed,442,18319,f112958ae7d8:1:4037cac4,324331,0000036fefe8253a744732077c2b9d1a03627a61d3b19e5ab42491d46cecc87e,156.0,18621.947,15,
3643c6e1-579c-472d-abbb-5bc2ddb023a1,892431dd-bf43-49e9-afa2-bb14961087e0,426fdd7a-37cb-40d9-b4fc-e698563caa9d,200,workload-20260609T133920373955Z,66,4,2,2026-06-09T13:49:30.843417Z,2026-06-09T13:49:31.002417Z,2026-06-09T13:49:50.292621Z,202,completed,172,18850,f112958ae7d8:1:8565de60,169207,00000979909e9fcd9dcb0d40bce2ece5564b99d26e041329707f9451a6a23001,156.0,19449.204,15,
8f3f809c-da30-452a-858d-bf70ce10138d,480ee5f3-cce1-49b0-98c6-3e36929854dd,426fdd7a-37cb-40d9-b4fc-e698563caa9d,200,workload-20260609T133920373955Z,67,4,2,2026-06-09T13:49:30.857415Z,2026-06-09T13:49:31.013415Z,2026-06-09T13:49:50.625623Z,202,completed,29,18893,f112958ae7d8:1:f48f8431,19300,00000d184324ddac255b087ba08a8cc69c2815467458244cbd358f0ba70f825c,156.0,19768.208,15,
e91237de-1d55-4038-be2e-4632e17a510a,3e5d7c0c-a7b8-48cb-a951-6e5aca84bbe5,426fdd7a-37cb-40d9-b4fc-e698563caa9d,200,workload-20260609T133920373955Z,68,4,2,2026-06-09T13:49:30.859417Z,2026-06-09T13:49:31.106414Z,2026-06-09T13:49:53.354987Z,202,completed,2226,21317,846f4f1cc24e:1:4e2efce3,1593366,000007b015f4ddc5cd069c814ea641d12d0596a80a58e4ccf5c800b219a33f35,250.0,22495.57,18,
443af68f-7309-4b1d-b42a-7faaf272f015,33fb65b1-37e8-42fc-a529-d0f7c0072ea1,426fdd7a-37cb-40d9-b4fc-e698563caa9d,200,workload-20260609T133920373955Z,69,4,2,2026-06-09T13:49:30.862417Z,2026-06-09T13:49:31.020418Z,2026-06-09T13:49:55.427553Z,202,completed,5164,23997,0616728b7286:1:8ffc23e6,1677194,0000000e2c790e01750ade23c4cc3af9574299ff3d726939e4d78f27f4f99112,156.0,24565.136,20,
b27db9ab-b7c3-4a32-91c7-44ebb3f0305d,98b5a701-8bad-4105-9719-ca69e86027ee,426fdd7a-37cb-40d9-b4fc-e698563caa9d,200,workload-20260609T133920373955Z,70,4,2,2026-06-09T13:49:30.871417Z,2026-06-09T13:49:30.998419Z,2026-06-09T13:49:52.801619Z,202,completed,2497,21661,f112958ae7d8:1:2d90b255,2060640,00000cc57eccb93f28f74b3317186c8763a3bdc2b2acd82950d2d5eca0cdecf7,125.0,21930.202,16,
b5541980-cee1-4739-8390-a46677ec9d69,e88eb676-4a73-4173-b229-65b3db8049ee,426fdd7a-37cb-40d9-b4fc-e698563caa9d,200,workload-20260609T133920373955Z,71,4,2,2026-06-09T13:49:30.873416Z,2026-06-09T13:49:31.017415Z,2026-06-09T13:49:54.588554Z,202,completed,3911,22703,9d8c9f4c40ba:1:be0a6efe,1350066,00000545a2183fd8eec02b5f0191c30e9befe9a42ada5819571294549c409f7f,141.0,23715.138,18,
a42d9eed-fe8f-490e-bffd-3e6acf2fe7d0,54ff127e-16fa-4158-94f3-c6e06bef5e4a,426fdd7a-37cb-40d9-b4fc-e698563caa9d,200,workload-20260609T133920373955Z,72,4,2,2026-06-09T13:49:30.876417Z,2026-06-09T13:49:31.037415Z,2026-06-09T13:49:52.933623Z,202,completed,980,20782,f112958ae7d8:1:da11c2cd,605126,000004244a8127a1be3b6acbaf410d24ac2880c2a369fcb68023c328df393157,157.0,22057.206,17,
14273662-990a-4f58-afcf-ca158e425ed1,2f4625ad-0908-42d9-979e-fc34f90db609,426fdd7a-37cb-40d9-b4fc-e698563caa9d,200,workload-20260609T133920373955Z,73,4,2,2026-06-09T13:49:30.888416Z,2026-06-09T13:49:31.022418Z,2026-06-09T13:49:51.776625Z,202,completed,315,19658,846f4f1cc24e:1:a5ffca01,198216,00000f7e5605c9eb3a85a6201a19b582279b92d512499c29d6a7324549bafc7f,125.0,20888.209,17,
855c81f5-d7a6-4353-ac52-5965cb01a09b,f844674d-a350-4318-924b-7fc667651a40,426fdd7a-37cb-40d9-b4fc-e698563caa9d,200,workload-20260609T133920373955Z,74,4,2,2026-06-09T13:49:30.889417Z,2026-06-09T13:49:31.155418Z,2026-06-09T13:49:53.837554Z,202,completed,756,22448,846f4f1cc24e:1:4abcc079,460871,00000d434d0f1f60541215a6a42d0ba06a6af2c93b405b9dda472b6aaac43959,266.0,22948.137,19,
07d2034b-2e2d-48c4-95c4-b37ef772e9d8,7e4ffd4e-ab50-49a9-a04a-597a8de50d3a,426fdd7a-37cb-40d9-b4fc-e698563caa9d,200,workload-20260609T133920373955Z,75,4,2,2026-06-09T13:49:30.891416Z,2026-06-09T13:49:31.029419Z,2026-06-09T13:49:51.292623Z,202,completed,332,19617,f112958ae7d8:1:f64ed3de,184327,00000de601ffe4bd2c93a71ba66544f67560113cf791de975919822f07d58742,141.0,20401.207,16,
7d782aec-ae50-4871-87d2-759b739129cb,84db1413-c094-43db-adcc-a5e9fe5f7ebf,426fdd7a-37cb-40d9-b4fc-e698563caa9d,200,workload-20260609T133920373955Z,76,4,2,2026-06-09T13:49:30.903416Z,2026-06-09T13:49:31.147418Z,2026-06-09T13:49:53.550553Z,202,completed,85,22192,f112958ae7d8:1:b2facd38,91746,0000018ecc9e99ab85ce8d54f54b8c7e44158737134f5775b0c305c3870463fc,234.0,22647.137,18,
bcc405c9-e2c9-46fb-b7d4-900deda533ab,274dab12-108c-45fe-9d82-f0fbd9fa20e3,426fdd7a-37cb-40d9-b4fc-e698563caa9d,200,workload-20260609T133920373955Z,77,4,2,2026-06-09T13:49:30.904416Z,2026-06-09T13:49:31.089419Z,2026-06-09T13:49:57.560444Z,202,completed,6384,26405,846f4f1cc24e:1:8bcbe1b3,4595938,00000332c315328118678b8b9a2afe57c2a993c0b8dfb81298f054e6ed86e658,172.0,26656.028,21,
240551f1-c46d-462c-a1cc-7e2314b5b248,836a7818-d0cd-4515-97b6-7c31a66223f4,426fdd7a-37cb-40d9-b4fc-e698563caa9d,200,workload-20260609T133920373955Z,78,4,2,2026-06-09T13:49:30.906415Z,2026-06-09T13:49:31.064418Z,2026-06-09T13:49:52.419621Z,202,completed,21,21196,f112958ae7d8:1:aaa2f555,14535,000001b42502b14cc28abfe15c5c300a472eb540a6ed45a235fb6483cd5e0a28,156.0,21513.206,16,
44223183-6971-4d6d-99a3-df4407da212c,fd090725-6c49-4c71-97c2-8e33329bbffd,426fdd7a-37cb-40d9-b4fc-e698563caa9d,200,workload-20260609T133920373955Z,79,4,2,2026-06-09T13:49:30.907417Z,2026-06-09T13:49:31.042419Z,2026-06-09T13:49:53.709555Z,202,completed,51,21704,f112958ae7d8:1:7a3bd1fc,29645,00000ed008471d3f2b5838151016c176803a9e96e6c217ee2969045d831a681d,125.0,22802.138,17,
4e53be06-a946-4691-add6-c7d6aa9e5e18,bd466410-b92e-4873-99b8-3bfe8b689c25,426fdd7a-37cb-40d9-b4fc-e698563caa9d,200,workload-20260609T133920373955Z,80,4,2,2026-06-09T13:49:30.921415Z,2026-06-09T13:49:31.070418Z,2026-06-09T13:49:53.413552Z,202,completed,137,22255,f112958ae7d8:1:296c4a86,159097,0000063ea725598c04818ef66fe68f4a429f5b1c0455897e3f340c58f45b78ec,141.0,22492.137,17,
015bf71e-ddec-4024-8768-e264760432ef,615a8b6c-bf5f-4b55-949b-4e1a9f9ab471,426fdd7a-37cb-40d9-b4fc-e698563caa9d,200,workload-20260609T133920373955Z,81,4,2,2026-06-09T13:49:30.923418Z,2026-06-09T13:49:31.069418Z,2026-06-09T13:49:59.264411Z,202,completed,4673,27125,f112958ae7d8:1:7153c8d1,3154523,0000065c2f9b19ef7d19790a80d671292ddbb58cae44c64ec4bb59f83cafc8f1,141.0,28340.993,23,
8fcd97e2-cc2a-4023-8b47-ad2d9c2659af,88a87803-b072-4696-96bb-b992f3edf935,426fdd7a-37cb-40d9-b4fc-e698563caa9d,200,workload-20260609T133920373955Z,82,4,2,2026-06-09T13:49:30.924419Z,2026-06-09T13:49:31.045418Z,2026-06-09T13:49:54.398553Z,202,completed,484,23016,f112958ae7d8:1:f5dcae0f,297969,0000076f65d08d23aa9f07121566fc98da8b29343a464e99215f9f8552089ee0,125.0,23474.134,18,
44d4c4b9-da19-4274-a0df-7ba9c9c1092d,89c096d0-b533-4a21-b70f-84094135e899,426fdd7a-37cb-40d9-b4fc-e698563caa9d,200,workload-20260609T133920373955Z,83,4,2,2026-06-09T13:49:30.936420Z,2026-06-09T13:49:31.173414Z,2026-06-09T13:49:55.147555Z,202,completed,577,23951,846f4f1cc24e:1:478fe475,351536,00000ca84f80679eae57da2d7f0a855cb08bc8acefdcde97f56e6eee6089d713,234.0,24211.135,18,
60203abf-a82a-4801-8840-bb3a461178b8,9e3ff288-bd4e-47be-bdb8-a9c7dba261b6,426fdd7a-37cb-40d9-b4fc-e698563caa9d,200,workload-20260609T133920373955Z,84,4,2,2026-06-09T13:49:30.939418Z,2026-06-09T13:49:31.077419Z,2026-06-09T13:49:54.590553Z,202,completed,314,23072,846f4f1cc24e:1:c8a592cb,194858,000009ef5fbd786c1d04795335adbc60abfd6f2117403b789a10633ad1a16581,141.0,23651.135,18,
b94451ba-8684-412b-8221-eb725642795c,16fbe291-d1ed-4c6e-98dd-c0a5027beaaf,426fdd7a-37cb-40d9-b4fc-e698563caa9d,200,workload-20260609T133920373955Z,85,4,2,2026-06-09T13:49:30.940418Z,2026-06-09T13:49:31.074415Z,2026-06-09T13:50:02.023896Z,202,completed,7854,30800,9d8c9f4c40ba:1:0d63cd8b,2951795,000002540eed0d7cbdd0d14ecbbf89fa40cb6fb71bced92d6241746f086427f4,141.0,31083.478,26,
0a606b03-bb52-471e-b2bb-785effbd6831,d0e82e04-f830-46cf-af52-c157fd24b5a4,426fdd7a-37cb-40d9-b4fc-e698563caa9d,200,workload-20260609T133920373955Z,86,4,2,2026-06-09T13:49:30.951416Z,2026-06-09T13:49:31.084417Z,2026-06-09T13:49:55.660447Z,202,completed,610,23920,f112958ae7d8:1:962b09fb,353427,000003d4d8d1230a53790959a18b68bf588f862f494e046108c0927ed4090046,125.0,24709.031,20,
e3516b4d-e365-4e97-90f6-a65eefc951b6,c53b9be1-bd06-46dc-8952-7ba5cb8b51f5,426fdd7a-37cb-40d9-b4fc-e698563caa9d,200,workload-20260609T133920373955Z,87,4,2,2026-06-09T13:49:30.953415Z,2026-06-09T13:49:31.094419Z,2026-06-09T13:49:57.471445Z,202,completed,2088,25932,9d8c9f4c40ba:1:3d3a44e4,704176,000008f3bc7495ea69d8f53edea9099af6cdde67c9a9bf5ed0b4d96d8f246703,140.0,26518.03,22,
dfa48c7f-af6d-4123-9381-6e5a4e6e683e,18b1447f-04ae-455b-8e63-379706c3b847,426fdd7a-37cb-40d9-b4fc-e698563caa9d,200,workload-20260609T133920373955Z,88,4,2,2026-06-09T13:49:30.957416Z,2026-06-09T13:49:31.083416Z,2026-06-09T13:49:55.961450Z,202,completed,516,24316,0616728b7286:1:1db362b2,307774,00000d6ddcfdb898447d17d85c364084c703421b50a32f58778329dac6c501ef,125.0,25004.034,20,
9a8c308a-62da-48c5-a803-b486b6558f0d,04cbfd8c-9196-4db7-874d-775c8be55af3,426fdd7a-37cb-40d9-b4fc-e698563caa9d,200,workload-20260609T133920373955Z,89,4,2,2026-06-09T13:49:30.967419Z,2026-06-09T13:49:31.114415Z,2026-06-09T13:49:59.156190Z,202,completed,3083,27234,0616728b7286:1:c0d6c319,1083895,000002253bc31237092bc27a8ca7be9e2939c762552ac0739375bf7a907a73f7,141.0,28188.771,22,
6b12b3be-710e-480a-a183-fbc345d8e337,3b533161-d8e8-42a1-9834-0eb602d5b16b,426fdd7a-37cb-40d9-b4fc-e698563caa9d,200,workload-20260609T133920373955Z,90,4,2,2026-06-09T13:49:30.969419Z,2026-06-09T13:49:31.186418Z,2026-06-09T13:49:59.592413Z,202,completed,800,27550,846f4f1cc24e:1:0e792ef9,702904,00000f5d7c722aaed641291ddb8db8c850ade25da9c1e4831f1ea940695e0f02,219.0,28622.994,24,
c0e3d487-1efe-4e62-a3e3-e03f26d7fb23,c39cea6d-ed38-4403-9083-afefa1879914,426fdd7a-37cb-40d9-b4fc-e698563caa9d,200,workload-20260609T133920373955Z,91,4,2,2026-06-09T13:49:30.970419Z,2026-06-09T13:49:31.111418Z,2026-06-09T13:49:59.068190Z,202,completed,3326,27474,f112958ae7d8:1:9d810523,2157617,0000096d98d8ec8965fc9790926bdf689e0532dd130e309a29b06ccc0366b752,141.0,28097.771,22,
5c852c3d-a4b3-43b2-a77e-a071cfd8b3e1,47024c69-3336-4270-9d57-cc8db475094e,426fdd7a-37cb-40d9-b4fc-e698563caa9d,200,workload-20260609T133920373955Z,92,4,2,2026-06-09T13:49:30.981418Z,2026-06-09T13:49:31.144416Z,2026-06-09T13:49:58.942192Z,202,completed,3119,27652,0616728b7286:1:0b75d90b,1062575,00000bec02cf273e10b6b8234ac154b87152685323b3b59e1117aeb63bac4910,156.0,27960.774,22,
b9d8e1b2-b75c-4867-aea8-8bb9a5aab42b,fcca725e-1a75-467e-896c-de8156904605,426fdd7a-37cb-40d9-b4fc-e698563caa9d,200,workload-20260609T133920373955Z,93,4,2,2026-06-09T13:49:30.982418Z,2026-06-09T13:49:31.120418Z,2026-06-09T13:49:58.011194Z,202,completed,2110,26390,846f4f1cc24e:1:f5692385,1355949,00000fe176424ea42d43e534846765c858c02623582c6985dcf8c6f8005494c9,125.0,27028.776,21,
c725b02f-5597-4ce1-80fd-a4ba1a88d0fb,e352253c-7d6d-4faf-8526-b3b151d665c2,426fdd7a-37cb-40d9-b4fc-e698563caa9d,200,workload-20260609T133920373955Z,94,4,2,2026-06-09T13:49:30.984418Z,2026-06-09T13:49:31.113416Z,2026-06-09T13:50:02.037069Z,202,completed,3958,30088,9d8c9f4c40ba:1:72fcd4fe,1374891,000003ea7c5af6e9c08f9bc0972ddcad40199cbde4183f8a3711ba8123e93d6c,125.0,31052.651,26,
2210b369-3cd8-473c-ab1f-82a3a3708f3c,2e02fb52-8d21-4b6f-ba48-40480f1c266b,426fdd7a-37cb-40d9-b4fc-e698563caa9d,200,workload-20260609T133920373955Z,95,4,2,2026-06-09T13:49:30.998419Z,2026-06-09T13:49:31.123418Z,2026-06-09T13:49:58.788190Z,202,completed,325,27103,846f4f1cc24e:1:c7db2f95,197760,0000059966c65ffabdb2cd8718b25659f692abfbec996fd97ded2bfd35283c43,125.0,27789.771,22,
fa96cfa7-b75d-4700-bbe1-6ad7aac7de67,4bf2637d-a312-495f-96e4-82fe8c951b1c,426fdd7a-37cb-40d9-b4fc-e698563caa9d,200,workload-20260609T133920373955Z,96,4,2,2026-06-09T13:49:31.000418Z,2026-06-09T13:49:31.134418Z,2026-06-09T13:50:00.876081Z,202,completed,1242,28602,f112958ae7d8:1:9eda23ff,906132,0000081269c75a33311c56b68705d63515e1d6553ebf13d4f711f7958d67dbd9,125.0,29875.663,23,
ee2b1335-1ed2-4ebe-9664-b5d12719a2a5,797587b3-c6b3-40ca-9dfb-2527a07b192d,426fdd7a-37cb-40d9-b4fc-e698563caa9d,200,workload-20260609T133920373955Z,97,4,2,2026-06-09T13:49:31.002417Z,2026-06-09T13:49:31.232416Z,2026-06-09T13:49:59.674416Z,202,completed,547,28418,846f4f1cc24e:1:33fdb09f,336734,000003bb918b9e3a2b55d9c97a92f64803cb94a3dedcbf1df08d13e981bb11f2,235.0,28671.999,22,
d2c4c029-0045-48dd-9792-32e981dc9285,f8c09070-02e0-48fb-b6f6-a04438e9f189,426fdd7a-37cb-40d9-b4fc-e698563caa9d,200,workload-20260609T133920373955Z,98,4,2,2026-06-09T13:49:31.013415Z,2026-06-09T13:49:31.157415Z,2026-06-09T13:50:01.323081Z,202,completed,1665,29500,f112958ae7d8:1:9851d5fd,1229453,000007c3ca4cac3eb1724edb5e28b1e59e3d5be172dbef976445895c97049180,141.0,30309.666,24,
34514595-4e14-4cd0-bbeb-1ea97fa3d6bc,e1132be5-72ec-445a-a23c-8321e6e9b782,426fdd7a-37cb-40d9-b4fc-e698563caa9d,200,workload-20260609T133920373955Z,99,4,2,2026-06-09T13:49:31.015414Z,2026-06-09T13:49:31.150417Z,2026-06-09T13:50:02.845552Z,202,completed,3549,30824,846f4f1cc24e:1:9ab86a50,2585628,00000a01f2ad4e0b94fc276efe0e6847203b4615ed515c13fa0725d1b6d13341,125.0,31830.138,26,
5322d814-b2cb-4b0e-97c3-1c052ae0e796,da4e7b96-90ff-46ac-98ca-0c4d361eafe3,426fdd7a-37cb-40d9-b4fc-e698563caa9d,200,workload-20260609T133920373955Z,100,4,2,2026-06-09T13:49:31.017415Z,2026-06-09T13:49:31.151419Z,2026-06-09T13:50:16.214899Z,202,completed,16249,43897,0616728b7286:1:a9aba720,6129517,00000d08c9fc5809045179dea850e03e99360f8acf11addf1a631a5b0310d66a,125.0,45197.484,38,
831fc328-b5b5-4d61-848d-b6553e5b93c4,732a8223-68ea-4351-9386-cb0021064a0f,426fdd7a-37cb-40d9-b4fc-e698563caa9d,200,workload-20260609T133920373955Z,101,4,2,2026-06-09T13:49:31.029419Z,2026-06-09T13:49:31.175415Z,2026-06-09T13:50:03.053554Z,202,completed,3054,31707,846f4f1cc24e:1:75412cc2,1971948,00000eafb23052a90fc644f58eeaf379fab48f1a49ca25c0edf1b33ac9d0feb1,140.0,32024.135,26,
a8e3f0ac-e6f8-4943-99f6-6507cbf68847,e2288369-cdff-4868-9885-12271a115c3d,426fdd7a-37cb-40d9-b4fc-e698563caa9d,200,workload-20260609T133920373955Z,102,4,2,2026-06-09T13:49:31.030419Z,2026-06-09T13:49:31.153418Z,2026-06-09T13:50:02.151556Z,202,completed,561,30346,f112958ae7d8:1:f467d2ce,388152,00000c25103f1251622579afaafe6b9fc28aec0768a7789a1e77f5d43b0fce61,125.0,31121.137,25,
f96c8866-3825-4687-8738-390a180565ec,e74156a3-a76e-4aac-935a-94ff62e4fd7f,426fdd7a-37cb-40d9-b4fc-e698563caa9d,200,workload-20260609T133920373955Z,103,4,2,2026-06-09T13:49:31.032417Z,2026-06-09T13:49:31.172414Z,2026-06-09T13:50:01.697078Z,202,completed,561,29570,f112958ae7d8:1:6279e2a7,387677,0000063f48cdee566a2b75bf217187ebc0906409e91f4310418ddc9e035bd818,140.0,30664.661,25,
a481aa7f-176b-427e-949e-01194bd72f80,7afca0f1-560e-4696-8668-b979bd1f232a,426fdd7a-37cb-40d9-b4fc-e698563caa9d,200,workload-20260609T133920373955Z,104,4,2,2026-06-09T13:49:31.033418Z,2026-06-09T13:49:31.184418Z,2026-06-09T13:50:03.442554Z,202,completed,3446,31273,0616728b7286:1:7cfeb780,1065057,000001df8c12b98d5a2ae79a95e4a47203edbc62d315acc7356e84037198757c,156.0,32409.136,26,
ddaf3136-b0e5-43d8-96f8-c981eb81cb6a,83b29938-7b5e-4aca-bf62-1e067f33cb2f,426fdd7a-37cb-40d9-b4fc-e698563caa9d,200,workload-20260609T133920373955Z,105,4,2,2026-06-09T13:49:31.045418Z,2026-06-09T13:49:31.223416Z,2026-06-09T13:50:08.845820Z,202,completed,5861,36881,9d8c9f4c40ba:1:f4a1675f,2287182,00000140e92c902706f10448cf276c705135117e0b190a0cfcd27f2b22e0eadc,172.0,37800.402,31,
75b59985-7cd2-4d15-b6a7-380ed8904afd,63193541-87e1-478e-8cbb-eb8c89df037c,426fdd7a-37cb-40d9-b4fc-e698563caa9d,200,workload-20260609T133920373955Z,106,4,2,2026-06-09T13:49:31.046418Z,2026-06-09T13:49:31.170415Z,2026-06-09T13:50:05.457933Z,202,completed,3774,34105,9d8c9f4c40ba:1:9db097a1,1433757,0000076e7937f2649a2e2808ec7a7cc928c4d0ca01dc65a9cc583fdbfe95f559,125.0,34411.515,28,
49f960bf-916a-47cc-89d0-ca80b155b10e,3875f074-6070-4dfd-93d6-c81aa45f1fef,426fdd7a-37cb-40d9-b4fc-e698563caa9d,200,workload-20260609T133920373955Z,107,4,2,2026-06-09T13:49:31.048419Z,2026-06-09T13:49:31.209418Z,2026-06-09T13:50:06.079944Z,202,completed,3774,33771,f112958ae7d8:1:6bf229bd,2908454,0000054341fb2c87dd78e946235537e5e424a321f382d4734478a3a353526f79,157.0,35031.525,29,
e7778146-d56f-4cd0-9708-7fa7c830fe38,c4505e67-0047-4700-a549-fd5911494abd,426fdd7a-37cb-40d9-b4fc-e698563caa9d,200,workload-20260609T133920373955Z,108,4,2,2026-06-09T13:49:31.064418Z,2026-06-09T13:49:31.207418Z,2026-06-09T13:50:02.419556Z,202,completed,375,30978,f112958ae7d8:1:9ec7560e,219410,000008725fb0a68b47243a9e1668e5a7d0aa00bf745d34df12086229ba3a8837,141.0,31355.138,24,
5ff2c3bb-debb-49bb-b22d-c9dc2d9a94d9,f750c16d-6526-40a1-83cc-f449354521a0,426fdd7a-37cb-40d9-b4fc-e698563caa9d,200,workload-20260609T133920373955Z,109,4,2,2026-06-09T13:49:31.066419Z,2026-06-09T13:49:31.254418Z,2026-06-09T13:50:04.210094Z,202,completed,933,32794,846f4f1cc24e:1:5fc72e02,589279,00000840e2539e2c071d743dc0b0fc4684539fdcef9977a6aad596fc7c7f45f8,187.0,33143.675,26,
2ee61585-165a-491b-84cc-1dcabcca3249,910606ad-55f8-46c0-bc74-6d0c04f9418f,426fdd7a-37cb-40d9-b4fc-e698563caa9d,200,workload-20260609T133920373955Z,110,4,2,2026-06-09T13:49:31.070418Z,2026-06-09T13:49:31.230418Z,2026-06-09T13:50:04.827938Z,202,completed,2432,33489,846f4f1cc24e:1:7063150d,1763215,000002113a4e990a17ae3c5aa65ddfcb5c949eb8a83397bfb71513e6ce8705ba,172.0,33757.52,28,
39b864e5-e292-4434-b245-24c147b4110c,f84e2588-519c-459a-83fe-e319fd7b33f1,426fdd7a-37cb-40d9-b4fc-e698563caa9d,200,workload-20260609T133920373955Z,111,4,2,2026-06-09T13:49:31.077419Z,2026-06-09T13:49:31.217418Z,2026-06-09T13:50:12.972609Z,202,completed,9690,41168,0616728b7286:1:253e2053,3083778,000009fdf8ea85a81d31f86b7d308ca1ffedc43c1d235f3108868fa5f93817ea,140.0,41895.19,33,
37fff855-0df3-4b05-b873-4d70d63c05f1,9921fbd3-6d8e-481e-a78d-3c2ef121c3e6,426fdd7a-37cb-40d9-b4fc-e698563caa9d,200,workload-20260609T133920373955Z,112,4,2,2026-06-09T13:49:31.078419Z,2026-06-09T13:49:31.219418Z,2026-06-09T13:50:03.167555Z,202,completed,718,31895,f112958ae7d8:1:3a53190a,452221,00000fde1a106f928c414d1718c08a2a564db0bee32705ac6438d9a608d09836,140.0,32089.136,27,
f73d7652-b984-4fe5-8dcd-f4144449f761,ae7b569e-efae-4f35-b595-ba7c43e9f60a,426fdd7a-37cb-40d9-b4fc-e698563caa9d,200,workload-20260609T133920373955Z,113,4,2,2026-06-09T13:49:31.080418Z,2026-06-09T13:49:31.221418Z,2026-06-09T13:50:05.550936Z,202,completed,1018,33313,f112958ae7d8:1:40b48164,641375,0000034fd9181c3a54eed9e9b23b7418da78ff7294499927d9939e6bce954570,140.0,34470.518,27,
39c50345-2d74-45de-bc7b-815a2ab7a51a,50fa402c-7ff4-4d0d-a2a0-b28da9620eab,426fdd7a-37cb-40d9-b4fc-e698563caa9d,200,workload-20260609T133920373955Z,114,4,2,2026-06-09T13:49:31.094419Z,2026-06-09T13:49:31.236419Z,2026-06-09T13:50:05.827930Z,202,completed,443,33527,846f4f1cc24e:1:54e67484,320592,00000844b295dd28c9cb3ec55c5d190c2e416dd644eb5035abcbfe37947aff51,141.0,34733.511,29,
e758bcc7-e5d7-40e8-90cb-7fd8187ccb7e,5ff5b866-d14e-43c7-9d7d-cb935d848f81,426fdd7a-37cb-40d9-b4fc-e698563caa9d,200,workload-20260609T133920373955Z,115,4,2,2026-06-09T13:49:31.096418Z,2026-06-09T13:49:31.234418Z,2026-06-09T13:50:06.582781Z,202,completed,1143,34790,f112958ae7d8:1:5914562d,1098202,00000e83a7a04dd821859bb725c4c4e66d1098170087be89ec40bf26470a5adc,141.0,35486.363,29,
c182437a-7f19-4cd5-af86-9bc581024d71,508879f1-bab3-4b7b-a76e-18eeed6ac3ed,426fdd7a-37cb-40d9-b4fc-e698563caa9d,200,workload-20260609T133920373955Z,116,4,2,2026-06-09T13:49:31.097418Z,2026-06-09T13:49:31.306417Z,2026-06-09T13:50:08.517823Z,202,completed,2040,36452,9d8c9f4c40ba:1:ff71e11e,699675,0000032eaba389cfd444f137a912bdc05c9fea925e986223f4df6fe12361edec,203.0,37420.405,30,
9e420418-2958-4e5b-ae1f-fed5dab1ee9b,cb5ec0c9-e706-4925-879a-329634506839,426fdd7a-37cb-40d9-b4fc-e698563caa9d,200,workload-20260609T133920373955Z,117,4,2,2026-06-09T13:49:31.106414Z,2026-06-09T13:49:31.238418Z,2026-06-09T13:50:07.728822Z,202,completed,1637,35395,846f4f1cc24e:1:a853b27b,1195264,0000013eb2f042d5ec0a2b4f82c87d51c588a3a13461566f90a753c04e44a280,125.0,36622.408,30,
36953358-cabd-4f7b-8290-aa456a608e6c,ed6fef02-5726-46f5-8ed2-6b6f07a99d36,426fdd7a-37cb-40d9-b4fc-e698563caa9d,200,workload-20260609T133920373955Z,118,4,2,2026-06-09T13:49:31.107418Z,2026-06-09T13:49:31.247417Z,2026-06-09T13:50:05.520936Z,202,completed,454,34249,846f4f1cc24e:1:a72080bf,328857,000004a0db6407038ff3db5959dcce20856443073f7d3c342a138fc9340c2501,140.0,34413.518,29,
021e53c5-34ce-41a0-a326-f7c434056ab0,34e38855-cadb-4dc6-b99d-06d66529481a,426fdd7a-37cb-40d9-b4fc-e698563caa9d,200,workload-20260609T133920373955Z,119,4,2,2026-06-09T13:49:31.108419Z,2026-06-09T13:49:31.243414Z,2026-06-09T13:50:06.754781Z,202,completed,339,34382,f112958ae7d8:1:c4936808,214040,000002b3fe3cefa2e81917961f2e19483c299ea0c86266c0543476865b1d8671,125.0,35646.362,29,
c0ed6a4b-9fcf-47e2-94af-72c7e5fd82af,f4d3efba-9475-4b51-8ad2-2d9d70ccd291,426fdd7a-37cb-40d9-b4fc-e698563caa9d,200,workload-20260609T133920373955Z,120,4,2,2026-06-09T13:49:31.123418Z,2026-06-09T13:49:31.308418Z,2026-06-09T13:50:07.206782Z,202,completed,952,35461,846f4f1cc24e:1:2a23c39b,602150,00000e34623905f90402b0f9665c83c04b85b09f0da2da6e9cf788898d3c445f,172.0,36083.364,29,
ced364fc-1bd4-46dd-aea7-e48d42428e05,6369d6d8-fb48-4ad3-b3de-e3de43effe76,426fdd7a-37cb-40d9-b4fc-e698563caa9d,300,workload-20260609T133920373955Z,1,4,2,2026-06-09T13:51:16.562174Z,2026-06-09T13:51:16.745175Z,2026-06-09T13:51:18.174999Z,202,completed,405,711,846f4f1cc24e:1:189affa8,273362,0000074da3efe8d658b81db1582bf0f02b2a2fc18d67809e0f20098a9a9c4168,172.0,1612.825,1,
82c9cabf-9b91-468c-8b34-f2b7503af0ff,bf74fb1d-0a33-4161-9a43-5251938d8e1a,426fdd7a-37cb-40d9-b4fc-e698563caa9d,300,workload-20260609T133920373955Z,2,4,2,2026-06-09T13:51:16.564173Z,2026-06-09T13:51:16.889177Z,2026-06-09T13:51:20.339715Z,202,completed,1994,2551,0616728b7286:1:b917c245,478883,0000042d0ba696c1866bab9ca7aaa1e35f6d2f6a90c01bf4a488b08a1fc6f856,328.0,3775.542,2,
e830b07c-e9e5-45ad-98f5-8a16b79a9617,ce72813d-0a87-49cb-9c02-866c8f584804,426fdd7a-37cb-40d9-b4fc-e698563caa9d,300,workload-20260609T133920373955Z,3,4,2,2026-06-09T13:51:16.565172Z,2026-06-09T13:51:16.727177Z,2026-06-09T13:51:18.323191Z,202,completed,1173,1394,0616728b7286:1:276c91bd,311589,00000a7a1d6a8a07e1ccc7d742978f06c376c9a65e61485745a23d421c60ac34,156.0,1758.019,1,
829d7959-ac37-4b73-9e2d-d9e7e52763a6,0ecd2573-08bd-416d-ad13-0c85ca61b322,426fdd7a-37cb-40d9-b4fc-e698563caa9d,300,workload-20260609T133920373955Z,4,4,2,2026-06-09T13:51:16.567173Z,2026-06-09T13:51:16.737178Z,2026-06-09T13:51:18.239129Z,202,completed,37,832,f112958ae7d8:1:844ab77e,43512,00000c91b2af4338286f6e043484c9eb27bc0729a90d6b5f60b2789278569463,172.0,1671.956,1,
25e99653-0e4f-4bc9-a4c7-a9de4178cfa5,aa63db60-d4e9-408e-af82-05851c76d018,426fdd7a-37cb-40d9-b4fc-e698563caa9d,300,workload-20260609T133920373955Z,5,4,2,2026-06-09T13:51:16.568175Z,2026-06-09T13:51:16.733177Z,2026-06-09T13:51:20.820714Z,202,completed,1139,1795,9d8c9f4c40ba:1:2d40f875,431153,0000003e9c11dcb254bf016ebf0dac3b83f6846b3344336d949b01eebb52f00f,172.0,4252.539,2,
db3bca75-18ff-4f59-8556-f42635e96143,32a1bc0c-420f-4e1c-b67e-bee26d91bd2f,426fdd7a-37cb-40d9-b4fc-e698563caa9d,300,workload-20260609T133920373955Z,6,4,2,2026-06-09T13:51:16.593172Z,2026-06-09T13:51:16.765177Z,2026-06-09T13:51:22.517333Z,202,completed,2413,3372,846f4f1cc24e:1:1f590c92,1716897,0000097774f8c7c4990963eee1639859d1787c4a1bc7be2bd678294e3f040cef,172.0,5924.161,2,
9bf930b1-d573-4571-9c99-475eb3fc565d,6e47b996-bb1d-4b29-bbac-6bd5146682a6,426fdd7a-37cb-40d9-b4fc-e698563caa9d,300,workload-20260609T133920373955Z,7,4,2,2026-06-09T13:51:16.594177Z,2026-06-09T13:51:16.780174Z,2026-06-09T13:51:27.752920Z,202,completed,7068,10445,0616728b7286:1:6ae66863,1770548,000002848f8dd8fe468f26feb2c59cfdb1dfc3c9e68347f31b2eb8672aedec39,188.0,11158.743,7,
8196ceb2-1b26-405a-b485-80b4d88340f7,721538f9-cc8a-499a-b35d-92b8f789b797,426fdd7a-37cb-40d9-b4fc-e698563caa9d,300,workload-20260609T133920373955Z,8,4,2,2026-06-09T13:51:16.595177Z,2026-06-09T13:51:16.754173Z,2026-06-09T13:51:22.211716Z,202,completed,844,3750,846f4f1cc24e:1:6bccb8e6,643203,00000ebfc6520b5614a52af63c56c7080d98b0edd93b7495c9ea44540838da6d,156.0,5616.539,3,
3d2fa784-7fe8-40ee-a4c5-8a38e6379324,e91497b4-9f77-4e9f-8b5c-5c3fc3388b20,426fdd7a-37cb-40d9-b4fc-e698563caa9d,300,workload-20260609T133920373955Z,9,4,2,2026-06-09T13:51:16.597177Z,2026-06-09T13:51:16.777175Z,2026-06-09T13:51:18.453191Z,202,completed,884,1076,846f4f1cc24e:1:43bcd571,695501,00000a536ec18db0eaabeb6a32944efed257954f79da68549219fcb02321f944,172.0,1856.014,1,
7dce3863-e169-4377-a62e-6be2a44085c8,dee39bdd-d004-4264-801d-ec7fd7aced0c,426fdd7a-37cb-40d9-b4fc-e698563caa9d,300,workload-20260609T133920373955Z,10,4,2,2026-06-09T13:51:16.598176Z,2026-06-09T13:51:16.779173Z,2026-06-09T13:51:23.124335Z,202,completed,2523,5285,0616728b7286:1:b780bf58,679330,0000016a48e4f0597725a79775329d8dfeb1c66309226552a96c65417e1b1b29,188.0,6526.159,4,
914a71e2-4e20-4239-87aa-2f7a07cb1c58,ca759575-ee37-4770-a2db-6a5ce5a3fcc0,426fdd7a-37cb-40d9-b4fc-e698563caa9d,300,workload-20260609T133920373955Z,11,4,2,2026-06-09T13:51:16.600176Z,2026-06-09T13:51:16.767175Z,2026-06-09T13:51:24.929270Z,202,completed,2858,6028,f112958ae7d8:1:e68ae99d,1781605,000005ffb9115f04afcfd32949f5ca070a8e449bda1a8915e29678be6c934182,172.0,8329.094,4,
c872b8d0-0b54-4203-a28c-f89b42af2dd2,71468715-f3ba-4b2a-bc31-1651857ebc02,426fdd7a-37cb-40d9-b4fc-e698563caa9d,300,workload-20260609T133920373955Z,12,4,2,2026-06-09T13:51:16.602177Z,2026-06-09T13:51:16.791173Z,2026-06-09T13:51:24.349337Z,202,completed,6324,7058,9d8c9f4c40ba:1:b10ef42f,2563048,000003c56e034cac71951eb396f18d8a8e5fcb652ece0186253f349122a8e5d2,188.0,7747.16,2,
7d05240c-32b7-4b5d-9686-7592ad9566ce,3fd3d470-3903-4466-9663-0919613703ce,426fdd7a-37cb-40d9-b4fc-e698563caa9d,300,workload-20260609T133920373955Z,13,4,2,2026-06-09T13:51:16.605177Z,2026-06-09T13:51:16.770177Z,2026-06-09T13:51:22.525334Z,202,completed,5019,5629,f112958ae7d8:1:4b741039,3550607,00000a1abeb246728e37cd0d318644021a57b3b49c1a5768130989e64d72712c,172.0,5920.157,3,
94aae959-e436-43e1-8b02-baa527d69e5b,afaf4dd9-440c-4b1b-9244-42251ddcbad9,426fdd7a-37cb-40d9-b4fc-e698563caa9d,300,workload-20260609T133920373955Z,14,4,2,2026-06-09T13:51:16.608175Z,2026-06-09T13:51:16.807174Z,2026-06-09T13:51:22.382334Z,202,completed,2269,4440,9d8c9f4c40ba:1:2d12a75d,779943,00000f8e5a20e37a01bd51e31442351caba1e580d2d431a398b257af6043c06b,187.0,5774.159,2,
9b8cb59a-1e4b-46f2-91e2-b71bfec55715,5d36927b-2726-4d75-a93f-1d5c60479852,426fdd7a-37cb-40d9-b4fc-e698563caa9d,300,workload-20260609T133920373955Z,15,4,2,2026-06-09T13:51:16.609177Z,2026-06-09T13:51:16.801178Z,2026-06-09T13:51:34.476614Z,202,completed,12007,17439,0616728b7286:1:d28128c8,3341166,0000087eb529b047c09ec8e03d157bc518653766e06d201c0cdc43fe8e85c823,187.0,17867.437,12,
b0e9b5d8-bbaf-43c9-bf81-bd9deb260684,6b21040f-b223-42ab-bbcb-0ba570ef08c8,426fdd7a-37cb-40d9-b4fc-e698563caa9d,300,workload-20260609T133920373955Z,16,4,2,2026-06-09T13:51:16.611175Z,2026-06-09T13:51:16.779173Z,2026-06-09T13:51:22.540334Z,202,completed,930,1984,f112958ae7d8:1:7f75078e,575496,000000a4facb5e05db18720c212553d8dff1ab731b317f1c3a266718779008a5,172.0,5929.159,1,
c7ba6928-73ff-4b52-972d-11dc5eb2e58a,ec852368-2587-4a71-adc6-1efb9ccd38b0,426fdd7a-37cb-40d9-b4fc-e698563caa9d,300,workload-20260609T133920373955Z,17,4,2,2026-06-09T13:51:16.612176Z,2026-06-09T13:51:16.826177Z,2026-06-09T13:51:22.353334Z,202,completed,1836,5390,846f4f1cc24e:1:ba72b553,1307190,0000067da75c6ce364660a0e01dbee263eb4b1a29f556c41b7824ca467445448,219.0,5741.158,3,
32ed4a43-a304-4795-abb2-5d65f6ee4274,8561d895-3847-4b63-b056-84f9ce86a25d,426fdd7a-37cb-40d9-b4fc-e698563caa9d,300,workload-20260609T133920373955Z,18,4,2,2026-06-09T13:51:16.614177Z,2026-06-09T13:51:16.806174Z,2026-06-09T13:51:21.513713Z,202,completed,1295,2932,0616728b7286:1:9d4a5ea9,339558,000009063c2e4a57b063d36901caba28528aaa6f3649e7e1a6a0c3d8d8d40a2d,187.0,4899.536,2,
57919fc5-8d1b-4200-af3c-88c7d4340ab9,bf9fc708-7ab1-413f-b2f2-699fc5c309ed,426fdd7a-37cb-40d9-b4fc-e698563caa9d,300,workload-20260609T133920373955Z,19,4,2,2026-06-09T13:51:16.615177Z,2026-06-09T13:51:16.798173Z,2026-06-09T13:51:20.982714Z,202,completed,1139,2470,846f4f1cc24e:1:9fb35615,697463,00000a6c019ea6de685b74d3fe63bdc90966217413aa36b0cadd685aaa4146cd,187.0,4367.537,1,
e26dae3d-0e9a-4cb5-8150-028af2a78f0d,80fd8a30-9ac8-4271-baa2-8a92d701e22b,426fdd7a-37cb-40d9-b4fc-e698563caa9d,300,workload-20260609T133920373955Z,20,4,2,2026-06-09T13:51:16.632178Z,2026-06-09T13:51:16.789173Z,2026-06-09T13:51:20.738715Z,202,completed,408,2680,f112958ae7d8:1:888ed29d,251445,0000001ed90cea369bd7af043c8f276fbaa1eda4cfbe722fcf9890b61e35678e,157.0,4106.537,1,
679ca62d-3cf7-416a-93ba-46807754189a,3b7cd32a-6386-42e2-948e-dcb099f18a0c,426fdd7a-37cb-40d9-b4fc-e698563caa9d,300,workload-20260609T133920373955Z,21,4,2,2026-06-09T13:51:16.634173Z,2026-06-09T13:51:16.816174Z,2026-06-09T13:51:22.495336Z,202,completed,100,4852,9d8c9f4c40ba:1:2b9bf390,35225,0000083554a76a61530740534bb687c5a7e4b0398b8c1adb44cf15496c80f692,188.0,5861.163,3,
77887249-2255-428c-844c-b8d6250a3576,e67ffa85-bc64-4073-9885-1ee9bf258051,426fdd7a-37cb-40d9-b4fc-e698563caa9d,300,workload-20260609T133920373955Z,22,4,2,2026-06-09T13:51:16.637174Z,2026-06-09T13:51:16.802173Z,2026-06-09T13:51:27.708921Z,202,completed,396,8973,f112958ae7d8:1:586a9c16,244158,000008f8d65b114a45b5206151d3592b91e91a930f930a2b71804c7c2436310d,156.0,11071.747,5,
2d87af0b-3785-478a-b6b9-1f8c171b228c,250a5bf8-0d02-49c8-a8bd-b5457b458835,426fdd7a-37cb-40d9-b4fc-e698563caa9d,300,workload-20260609T133920373955Z,23,4,2,2026-06-09T13:51:16.640174Z,2026-06-09T13:51:16.803173Z,2026-06-09T13:51:32.332192Z,202,completed,10173,15330,9d8c9f4c40ba:1:e4810327,3752354,0000034f67fa08967aabb4f79bad254b9cf9f8ab20eb79d63c4497bd7d221841,156.0,15692.018,10,
e27cd859-e20e-460b-ae09-1548a9a5e548,defea9be-e325-43c0-9fc5-3929f05665ee,426fdd7a-37cb-40d9-b4fc-e698563caa9d,300,workload-20260609T133920373955Z,24,4,2,2026-06-09T13:51:16.641174Z,2026-06-09T13:51:16.824177Z,2026-06-09T13:51:23.567333Z,202,completed,968,6544,846f4f1cc24e:1:e66f90cc,579834,0000043c560e94dee28b5c61b4473b1cc7f6fdc91c805ff550966fed97e9fa4e,188.0,6926.159,3,
f2e7d27f-e666-4572-a0bc-0e20b3acfd9c,728d7b76-c0b2-4e74-acdf-d07397d2e5d4,426fdd7a-37cb-40d9-b4fc-e698563caa9d,300,workload-20260609T133920373955Z,25,4,2,2026-06-09T13:51:16.643173Z,2026-06-09T13:51:16.835177Z,2026-06-09T13:51:28.617919Z,202,completed,6948,11096,846f4f1cc24e:1:d638d851,4582279,00000ec5d0c3498ead88a9638bd192e4716b6ea82cff113d2fcb0ee633705313,188.0,11974.746,8,
faaf44a9-0dd4-48b5-9234-535dd0a48f75,95d6aa4f-f039-4888-b6de-2aa0214698ea,426fdd7a-37cb-40d9-b4fc-e698563caa9d,300,workload-20260609T133920373955Z,26,4,2,2026-06-09T13:51:16.646173Z,2026-06-09T13:51:16.820178Z,2026-06-09T13:51:25.588268Z,202,completed,1423,7579,f112958ae7d8:1:f94e3a85,1164882,00000cf89c0a1b9e62cabbeca93f8715c0ef55a794e060aa416fd924819e66a9,172.0,8942.095,5,
f80d26f7-9b26-4584-abe3-265e5b8c75d8,35661ee4-ce39-4d1d-8f52-38b6791ca95e,426fdd7a-37cb-40d9-b4fc-e698563caa9d,300,workload-20260609T133920373955Z,27,4,2,2026-06-09T13:51:16.649174Z,2026-06-09T13:51:16.831177Z,2026-06-09T13:51:27.747920Z,202,completed,1119,10648,f112958ae7d8:1:2b952207,760794,0000051ebb7b11d1c38712c49153e5cc8ce46c024049d28b45f599491e993b18,188.0,11098.746,5,
b45a6b28-e035-4c03-b539-52363244b267,a0089455-1476-4b93-adb0-491bd68615e1,426fdd7a-37cb-40d9-b4fc-e698563caa9d,300,workload-20260609T133920373955Z,28,4,2,2026-06-09T13:51:16.651173Z,2026-06-09T13:51:16.850176Z,2026-06-09T13:51:24.887268Z,202,completed,821,7161,f112958ae7d8:1:49baabef,515557,000009a0bc66ef58d7f51a9918e7ed83ea235de404701e35d75ee91472551e2f,203.0,8236.095,5,
dc8c8377-ea8c-45d2-9cb4-0c223b714206,5c0ee5f0-3c42-4263-ab9f-5ed773d08bd6,426fdd7a-37cb-40d9-b4fc-e698563caa9d,300,workload-20260609T133920373955Z,29,4,2,2026-06-09T13:51:16.653173Z,2026-06-09T13:51:16.904178Z,2026-06-09T13:51:25.555269Z,202,completed,1017,8403,9d8c9f4c40ba:1:4c1afd90,336954,00000f503a87f58598624c28569e7ead14fec11880143d5d8e027aebd8d2f9c2,250.0,8902.096,5,
2676883c-7e9d-4cfa-8e35-5c1c4705ea2f,5b94bdec-3058-445d-9783-2c78a53beafa,426fdd7a-37cb-40d9-b4fc-e698563caa9d,300,workload-20260609T133920373955Z,30,4,2,2026-06-09T13:51:16.655174Z,2026-06-09T13:51:16.824177Z,2026-06-09T13:51:26.999916Z,202,completed,1533,8915,f112958ae7d8:1:7ee2d957,1366857,000004d77cd61eab4b31be13860114740ab4a7d50d09f534fd53014c5d19b12a,172.0,10344.742,4,
3f04d305-e38b-4635-890e-9bcd8ae0f243,377df91f-77e5-4b37-88db-b42167d2daab,426fdd7a-37cb-40d9-b4fc-e698563caa9d,300,workload-20260609T133920373955Z,31,4,2,2026-06-09T13:51:16.657173Z,2026-06-09T13:51:16.886176Z,2026-06-09T13:51:27.663920Z,202,completed,3838,10682,846f4f1cc24e:1:6f8060f4,2320972,00000f0a4d710fc15b24d0a97ffac48bff37c5a1a2a4a92258d8146fb6b6373d,218.0,11006.747,7,
62a4f0d6-ac48-4dcd-9dbf-154d7075cbdc,a8dba0e2-edda-4cde-a294-28e973480426,426fdd7a-37cb-40d9-b4fc-e698563caa9d,300,workload-20260609T133920373955Z,32,4,2,2026-06-09T13:51:16.658173Z,2026-06-09T13:51:16.840177Z,2026-06-09T13:51:29.243994Z,202,completed,1044,11963,846f4f1cc24e:1:2d69a1dc,847789,00000137b0ff9ef95878ca70b68cf810b31a9f407ef7eb2caa4bc02534b9ffa6,187.0,12585.821,7,
3ac4649b-7b5c-4aa7-8170-930cc36974ba,4da79dbc-8129-424a-b66a-761ba3d61cf7,426fdd7a-37cb-40d9-b4fc-e698563caa9d,300,workload-20260609T133920373955Z,33,4,2,2026-06-09T13:51:16.660173Z,2026-06-09T13:51:16.864174Z,2026-06-09T13:51:29.992992Z,202,completed,977,11982,f112958ae7d8:1:e9e29fed,620140,000001b455cb18edce60b33e9c7bc46ae564f2a1b581fab0284003659c4df0bb,203.0,13332.819,7,
a86c8057-4bf9-44c0-8298-ae690820f22a,29717cbc-3457-4c41-b503-f0ec9bf2c0bd,426fdd7a-37cb-40d9-b4fc-e698563caa9d,300,workload-20260609T133920373955Z,34,4,2,2026-06-09T13:51:16.668177Z,2026-06-09T13:51:16.949178Z,2026-06-09T13:51:26.386271Z,202,completed,301,8241,f112958ae7d8:1:912c9f6e,187402,000007a5948dea91ec047004663136a149bfa35227935fda4378f51a09674936,282.0,9718.094,5,
b218e6e3-25cb-440e-97e5-101aa8a305b1,cd1d2a9f-fae3-4a1b-ad89-470e59d6dfad,426fdd7a-37cb-40d9-b4fc-e698563caa9d,300,workload-20260609T133920373955Z,35,4,2,2026-06-09T13:51:16.669177Z,2026-06-09T13:51:16.953177Z,2026-06-09T13:51:27.185919Z,202,completed,932,10240,f112958ae7d8:1:e536b283,567458,000001a475bf89873236e8801aa016d795180ce1deae80095dc5664a5306654e,282.0,10516.742,5,
7c2658df-2da3-42d1-87e2-167787cfcfa5,ca737a1b-e3d3-4af4-9db5-a74cebcdafcc,426fdd7a-37cb-40d9-b4fc-e698563caa9d,300,workload-20260609T133920373955Z,36,4,2,2026-06-09T13:51:16.671177Z,2026-06-09T13:51:16.888177Z,2026-06-09T13:51:31.834994Z,202,completed,851,13882,846f4f1cc24e:1:df218c4e,523688,00000d9f2c397613bebc2cd6dacf704aee0f168b08696e399b3314dedf4667a8,219.0,15163.817,10,
388af1fc-389d-4651-a22c-10761c2e31a8,40c55ac5-43c9-4bfd-af43-50a74e422cca,426fdd7a-37cb-40d9-b4fc-e698563caa9d,300,workload-20260609T133920373955Z,37,4,2,2026-06-09T13:51:16.672177Z,2026-06-09T13:51:16.861177Z,2026-06-09T13:51:33.846193Z,202,completed,7718,16472,9d8c9f4c40ba:1:2d8766b3,2680332,00000b2bb2f9d80425c0ad43f0e370024b81e4761f9aee757144089d1cd8a975,188.0,17174.016,10,
6ee5508e-8fea-4086-b813-44fca366832a,ea199eae-ab2e-4890-a303-8c8c6960d2c1,426fdd7a-37cb-40d9-b4fc-e698563caa9d,300,workload-20260609T133920373955Z,38,4,2,2026-06-09T13:51:16.674177Z,2026-06-09T13:51:16.841174Z,2026-06-09T13:51:28.124919Z,202,completed,311,10723,f112958ae7d8:1:70cbe77a,362343,00000849f2b7ea9e9ad123034801a1b330f6b340c0cc56b052924b3441a7bf94,172.0,11450.742,8,
9fe1adb0-7cee-4396-a8d8-6940830abcc6,0fb660d1-6828-4c6e-ad7c-59c281d78ce3,426fdd7a-37cb-40d9-b4fc-e698563caa9d,300,workload-20260609T133920373955Z,39,4,2,2026-06-09T13:51:16.684173Z,2026-06-09T13:51:16.948176Z,2026-06-09T13:51:32.754193Z,202,completed,4007,14807,0616728b7286:1:7e8c2269,943475,000001757cc466b132e35d21cfed78b07709d081889abdd27f504c2101d6547c,250.0,16070.02,10,
f68f64c9-2737-46c0-92b6-6734347e5b46,0a7c5a2e-d9b1-4ff8-b4ba-593d2601bc34,426fdd7a-37cb-40d9-b4fc-e698563caa9d,300,workload-20260609T133920373955Z,40,4,2,2026-06-09T13:51:16.686173Z,2026-06-09T13:51:16.887176Z,2026-06-09T13:51:29.081994Z,202,completed,960,12053,f112958ae7d8:1:290873cc,621088,000001cc1655c70558158ee16be654428ec6f04953ec4996c5be54af61bc3e02,203.0,12395.821,6,
d41a6eab-28c6-4f67-ab09-046457d174cd,8ed71a73-7123-446b-a304-8bf153f1149e,426fdd7a-37cb-40d9-b4fc-e698563caa9d,300,workload-20260609T133920373955Z,41,4,2,2026-06-09T13:51:16.688173Z,2026-06-09T13:51:17.005176Z,2026-06-09T13:51:30.703990Z,202,completed,643,12741,846f4f1cc24e:1:69500346,578794,00000671d2adb47ac0cf73661476a44c0d818609b4bff4663776590679950442,312.0,14015.817,7,
fe361169-75f5-412f-bd03-9a1c3eb4c59b,973e7515-2b5d-4e82-8992-d637aef48bea,426fdd7a-37cb-40d9-b4fc-e698563caa9d,300,workload-20260609T133920373955Z,42,4,2,2026-06-09T13:51:16.689173Z,2026-06-09T13:51:17.003173Z,2026-06-09T13:51:31.047994Z,202,completed,699,13139,f112958ae7d8:1:5b7ba881,403000,0000051fb74a85b14d590fe6e6f0630e9c142a13c5d5dbb1b6e7301a715e2824,312.0,14358.821,8,
74de377c-1f05-4da7-948b-bd7ba595083a,eb40ade2-c9da-4cc1-88ae-b478605ab69d,426fdd7a-37cb-40d9-b4fc-e698563caa9d,300,workload-20260609T133920373955Z,43,4,2,2026-06-09T13:51:16.691174Z,2026-06-09T13:51:16.911177Z,2026-06-09T13:51:30.244992Z,202,completed,738,13077,f112958ae7d8:1:e0495eef,424320,00000b0d40b134c68356de7ed4cbdc6bc24f419846e155befcc0baf96107c5ee,219.0,13553.818,8,
3f63090e-5341-4c34-90fc-efe38b6bd54a,55aca9e1-75ab-4bef-8965-52c691d3616e,426fdd7a-37cb-40d9-b4fc-e698563caa9d,300,workload-20260609T133920373955Z,44,4,2,2026-06-09T13:51:16.703175Z,2026-06-09T13:51:16.905177Z,2026-06-09T13:51:31.501992Z,202,completed,167,13612,f112958ae7d8:1:6a9c9389,82236,000007202d89770af2862d8ef01fce8af194ee7c95e11cf313d512913db98069,203.0,14798.817,9,
9dbde09a-33d6-4a6c-b317-82e37beea710,1bc52c84-5532-4783-8ba6-18a289dcbebe,426fdd7a-37cb-40d9-b4fc-e698563caa9d,300,workload-20260609T133920373955Z,45,4,2,2026-06-09T13:51:16.706176Z,2026-06-09T13:51:17.052177Z,2026-06-09T13:51:34.752153Z,202,completed,3413,16782,f112958ae7d8:1:9b7a926d,2233225,00000d2cd25236428888b923195f7a7f0578f470a40315aca5c0e06c3a34cd7c,343.0,18045.977,12,
082778d9-1c21-4868-841b-30a5493f2eec,251e6efd-2c60-433a-820d-b458dc99ba1c,426fdd7a-37cb-40d9-b4fc-e698563caa9d,300,workload-20260609T133920373955Z,46,4,2,2026-06-09T13:51:16.708177Z,2026-06-09T13:51:16.925177Z,2026-06-09T13:51:34.890154Z,202,completed,3105,17204,f112958ae7d8:1:c1a16173,1870583,00000da315510a53dcdcc026db1fa30bebccb5124682055453ea3cbb4278333e,218.0,18181.977,13,
4916dd0c-60d4-4cf0-b904-688b59a5aed2,a49383ba-eb39-4059-b494-d4f75c37aaac,426fdd7a-37cb-40d9-b4fc-e698563caa9d,300,workload-20260609T133920373955Z,47,4,2,2026-06-09T13:51:16.710177Z,2026-06-09T13:51:17.051176Z,2026-06-09T13:51:36.007188Z,202,completed,3465,19098,9d8c9f4c40ba:1:208840c3,1309241,0000091ce21db0bf29ea7333d33458e34e77b471bf88d5fd4e45fe1db90d905b,343.0,19297.011,13,
5c9e94c0-f032-4511-b555-feb9a415403e,5b1b425a-ed81-481a-b47d-58525690ace4,426fdd7a-37cb-40d9-b4fc-e698563caa9d,300,workload-20260609T133920373955Z,48,4,2,2026-06-09T13:51:16.718174Z,2026-06-09T13:51:16.928177Z,2026-06-09T13:51:33.147191Z,202,completed,1417,15689,846f4f1cc24e:1:2fd202ae,952923,00000d26fe6bf7fbe2ce87a418f3a8bc1a3ed6481da0102b633ecab0f239e87d,203.0,16429.017,12,
66b490e1-9568-4ad0-a9bf-a7b940dccf6e,8a5b3850-f8ff-4932-9f96-880fba9c61ab,426fdd7a-37cb-40d9-b4fc-e698563caa9d,300,workload-20260609T133920373955Z,49,4,2,2026-06-09T13:51:16.720177Z,2026-06-09T13:51:17.081174Z,2026-06-09T13:51:35.140156Z,202,completed,2075,18136,846f4f1cc24e:1:6de10b6b,1232607,00000944bb47bd2964602239171f138bdc8ad656aabf943707198eddc6c727a0,360.0,18419.979,12,
51b44d74-4196-412a-92d3-9c53283114ad,f256e360-f2de-4078-af1d-f122e0d03cc1,426fdd7a-37cb-40d9-b4fc-e698563caa9d,300,workload-20260609T133920373955Z,50,4,2,2026-06-09T13:51:16.722177Z,2026-06-09T13:51:17.121173Z,2026-06-09T13:51:36.216188Z,202,completed,3373,19033,846f4f1cc24e:1:e4388e31,2458710,0000027cd26c9f9dc0cbf238430afd0995c36b4a2db7899226d7beec8ef89d79,406.0,19494.011,14,
22df4c24-3dcf-4e61-b850-5f7ac8e8f8d5,917ae723-1290-4a7b-a4c0-43df93216a4e,426fdd7a-37cb-40d9-b4fc-e698563caa9d,300,workload-20260609T133920373955Z,51,4,2,2026-06-09T13:51:16.724177Z,2026-06-09T13:51:16.912177Z,2026-06-09T13:51:38.082141Z,202,completed,49,20996,f112958ae7d8:1:0e655116,54080,0000009ea64f76a3b39457f9e0fae8ecd78c0e1f2bf2a59f0253cd1c923a31d4,188.0,21357.964,14,
2f120fd4-f044-448f-bd55-40cfaa155a1f,5e73724d-a4bc-42bc-9e60-a42d13f3010c,426fdd7a-37cb-40d9-b4fc-e698563caa9d,300,workload-20260609T133920373955Z,52,4,2,2026-06-09T13:51:16.727177Z,2026-06-09T13:51:16.956177Z,2026-06-09T13:51:30.251994Z,202,completed,887,12347,846f4f1cc24e:1:604bff62,671085,00000b07862e51fe03bc2e6ed96f3639144f394a44c4d3e64c99cc3d9bfdbd0d,235.0,13524.817,10,
17e19733-e3be-43c1-80db-08e1cff387ef,bf0cc3ab-7ebf-4082-bc40-21485b696cc1,426fdd7a-37cb-40d9-b4fc-e698563caa9d,300,workload-20260609T133920373955Z,53,4,2,2026-06-09T13:51:16.733177Z,2026-06-09T13:51:16.903175Z,2026-06-09T13:51:42.663733Z,202,completed,8289,25629,0616728b7286:1:4a36d8be,2408041,0000047a01fab93a0994345850a782f9975cc56f8937df79bb41dcd60ae43f4e,172.0,25930.556,20,
c9c82ae3-4936-4ec7-a917-865891765b83,936f6f97-e4ad-4edc-baf9-f39eeeff19c4,426fdd7a-37cb-40d9-b4fc-e698563caa9d,300,workload-20260609T133920373955Z,54,4,2,2026-06-09T13:51:16.734177Z,2026-06-09T13:51:17.134176Z,2026-06-09T13:51:35.614190Z,202,completed,451,18554,f112958ae7d8:1:9a1ca9f6,371482,000003f2b0c850d95e0a6bcdaaabe999dda8c97e14d819c676d90745db1da1f4,390.0,18880.013,12,
20ad5e98-7359-4e17-b3c8-468735680048,f0705c8f-5628-46d3-b092-3ecb8beea5ae,426fdd7a-37cb-40d9-b4fc-e698563caa9d,300,workload-20260609T133920373955Z,55,4,2,2026-06-09T13:51:16.737178Z,2026-06-09T13:51:17.033177Z,2026-06-09T13:51:32.636193Z,202,completed,2756,15285,846f4f1cc24e:1:b102f0ae,1888654,000000ee26d43996b4f37ee42d66f1a0d36ee7c0d63c5166bb0d7f38505dc927,297.0,15899.015,10,
a1e49b93-311b-4412-9858-c0ebac8d7c9e,f8cf2431-48cc-4030-989f-12cff14c9eee,426fdd7a-37cb-40d9-b4fc-e698563caa9d,300,workload-20260609T133920373955Z,56,4,2,2026-06-09T13:51:16.738176Z,2026-06-09T13:51:17.117175Z,2026-06-09T13:51:41.667734Z,202,completed,6514,24267,0616728b7286:1:34bf3b0d,1748922,00000242d94ee15b7c8a1dc82c628a276d7dd7221c74966507c7d754ba865e29,375.0,24929.558,16,
fedc6d84-6477-44cf-a991-a24f1a3ad395,2ac2a72d-c1ca-44fb-b530-783ab2f261f6,426fdd7a-37cb-40d9-b4fc-e698563caa9d,300,workload-20260609T133920373955Z,57,4,2,2026-06-09T13:51:16.740177Z,2026-06-09T13:51:16.927175Z,2026-06-09T13:51:35.424191Z,202,completed,335,17595,f112958ae7d8:1:68178aaa,368031,00000d2b43cccf7510f066a76ee8b4ee828b1d1197da38058ace536e120eb604,187.0,18684.014,13,
2b0fd36d-ee15-4aeb-9b0d-52a54ae0577c,97e1de73-6bd9-46d3-b1c4-fa6f580cabaf,426fdd7a-37cb-40d9-b4fc-e698563caa9d,300,workload-20260609T133920373955Z,58,4,2,2026-06-09T13:51:16.746173Z,2026-06-09T13:51:17.028177Z,2026-06-09T13:51:33.600191Z,202,completed,857,15927,0616728b7286:1:7ebb6363,239673,000000b1bb49db1d65cc7d7c56da942fda5cde4433a198ceff60768f835b1662,282.0,16854.018,10,
a83db522-f47c-48f9-bc72-f15da7b6b544,c0d986fc-b024-4e79-8a91-cd75b73c5b32,426fdd7a-37cb-40d9-b4fc-e698563caa9d,300,workload-20260609T133920373955Z,59,4,2,2026-06-09T13:51:16.747175Z,2026-06-09T13:51:16.963176Z,2026-06-09T13:51:36.437298Z,202,completed,401,18954,f112958ae7d8:1:0aa72c44,437092,00000e27053beb3497e800543284cd4f90d700cbec703b3cbaf84b14a3ccd20b,204.0,19690.123,13,
c279b036-da03-44bf-9215-7eb7b9780e38,f3e4570a-afbc-4b8f-899d-ce44643a4ef3,426fdd7a-37cb-40d9-b4fc-e698563caa9d,300,workload-20260609T133920373955Z,60,4,2,2026-06-09T13:51:16.749176Z,2026-06-09T13:51:16.992175Z,2026-06-09T13:51:44.969787Z,202,completed,8122,27465,846f4f1cc24e:1:841866a6,5164881,000003fd28d8f9cb4af0ea813fe27d7425e99a6a4b27b0348755e7383213b7d9,235.0,28220.611,21,
f32a1a66-bbc4-4dbb-8e73-b79e1aed97e6,16690618-86fd-4711-a585-05a87f130170,426fdd7a-37cb-40d9-b4fc-e698563caa9d,300,workload-20260609T133920373955Z,61,4,2,2026-06-09T13:51:16.751174Z,2026-06-09T13:51:17.007173Z,2026-06-09T13:51:38.290140Z,202,completed,1512,20964,9d8c9f4c40ba:1:f44984fc,517447,00000f7c4085d296e521ea5f1445d64174944246b7ab9801552e408e1503a6b8,250.0,21538.966,14,
0dd7b6c7-9db9-44e6-81ca-ed01e444090d,99e03535-bf2e-45cc-b684-5cbd9c0749ad,426fdd7a-37cb-40d9-b4fc-e698563caa9d,300,workload-20260609T133920373955Z,62,4,2,2026-06-09T13:51:16.762173Z,2026-06-09T13:51:16.964176Z,2026-06-09T13:51:40.480414Z,202,completed,275,23212,f112958ae7d8:1:b0d1cd67,172742,00000a908b54ae65aa105deba23eb347dedd6c7bd10c87c3cd233c9f275eaabc,188.0,23718.241,17,
9286e998-929a-473a-9f47-dbd044cf9277,f615df68-ac3c-45b0-ae10-59f84d903a94,426fdd7a-37cb-40d9-b4fc-e698563caa9d,300,workload-20260609T133920373955Z,63,4,2,2026-06-09T13:51:16.765177Z,2026-06-09T13:51:16.911177Z,2026-06-09T13:51:41.815734Z,202,completed,2723,24057,9d8c9f4c40ba:1:bd9be727,1017429,000009bee25f93c5386db46c028543aec61809d0c980fde05cf77668ade79a88,141.0,25050.557,19,
8a9f5b65-477f-434a-abee-7328ba3077be,601b6bdf-3167-46c7-93ec-d43133b78290,426fdd7a-37cb-40d9-b4fc-e698563caa9d,300,workload-20260609T133920373955Z,64,4,2,2026-06-09T13:51:16.767175Z,2026-06-09T13:51:17.119173Z,2026-06-09T13:51:35.476191Z,202,completed,132,17657,f112958ae7d8:1:5d916f35,147728,0000006ded33be6268ead1d3cb2b789005c99d0ea9a81616ec34cb5e6ae00b74,344.0,18709.016,12,
2b8089e8-d188-4431-9c75-d3d65421a86c,c13d8a14-faa4-4da0-8df5-d4181d0448fb,426fdd7a-37cb-40d9-b4fc-e698563caa9d,300,workload-20260609T133920373955Z,65,4,2,2026-06-09T13:51:16.770177Z,2026-06-09T13:51:16.933177Z,2026-06-09T13:51:38.465552Z,202,completed,4556,21402,9d8c9f4c40ba:1:97fc8635,1814618,000009d1810d6520544674708d6a659904dc9d1300ddee142f0a304dc6dc9d46,156.0,21695.375,14,
262ce28e-592e-450d-820e-43ee540d2a19,2d8d8a2b-768f-48ee-b162-393c1e0cf488,426fdd7a-37cb-40d9-b4fc-e698563caa9d,300,workload-20260609T133920373955Z,66,4,2,2026-06-09T13:51:16.771177Z,2026-06-09T13:51:17.027175Z,2026-06-09T13:51:39.835413Z,202,completed,427,21737,f112958ae7d8:1:1482c6d4,238083,0000078aa920d210aaec8e0d6610bc9884435506c3feedfa13ad693d0d069fb4,250.0,23064.236,15,
133ba9a2-525d-4c76-ad94-6c0557c886d1,16b6f251-4671-4dd0-95e7-dfe4d0511b29,426fdd7a-37cb-40d9-b4fc-e698563caa9d,300,workload-20260609T133920373955Z,67,4,2,2026-06-09T13:51:16.780174Z,2026-06-09T13:51:16.952176Z,2026-06-09T13:51:39.412411Z,202,completed,3106,21410,846f4f1cc24e:1:620ea7c6,2022186,00000ff2c1a754b83afa0359b370ebbe080129eef6dc3967e67705070f37f5cc,172.0,22632.237,16,
dcfefb8a-2643-4c1f-b6cb-104eb77bf63e,f6dedeed-4ef7-4d78-a33d-0c035a59698b,426fdd7a-37cb-40d9-b4fc-e698563caa9d,300,workload-20260609T133920373955Z,68,4,2,2026-06-09T13:51:16.782173Z,2026-06-09T13:51:16.951177Z,2026-06-09T13:51:35.351190Z,202,completed,284,18132,f112958ae7d8:1:388dbf7e,217344,00000e28eb4f0cfa0dc793a3056183d79c54db45685b4ea110e84781c4fdc362,172.0,18569.017,11,
5c5386c8-bc62-4fa2-b748-455e2cd57ed6,f442b6f3-1b27-4993-9973-ca9378da3e16,426fdd7a-37cb-40d9-b4fc-e698563caa9d,300,workload-20260609T133920373955Z,69,4,2,2026-06-09T13:51:16.783174Z,2026-06-09T13:51:16.954178Z,2026-06-09T13:51:37.137142Z,202,completed,887,19612,f112958ae7d8:1:02b53bc9,747046,00000ca6232c1b98f7f22bf4a9afd486b9e21c2feea12446906aeaea3d053ea9,172.0,20353.968,15,
02f9e7a4-b158-4caf-affc-5ed0dce548d0,6053936c-4a65-4b70-a51a-60b8a02365dd,426fdd7a-37cb-40d9-b4fc-e698563caa9d,300,workload-20260609T133920373955Z,70,4,2,2026-06-09T13:51:16.785173Z,2026-06-09T13:51:16.966177Z,2026-06-09T13:51:37.891139Z,202,completed,1567,20938,f112958ae7d8:1:c5da4655,1181755,00000908e75e61383aba4d7d1c90dd58990a843fe369392620151d7de52f122e,187.0,21105.966,13,
d2367230-119d-4c15-a6ab-7892a719f97d,575814c1-f09a-41f2-8c6e-c0ef419414c0,426fdd7a-37cb-40d9-b4fc-e698563caa9d,300,workload-20260609T133920373955Z,71,4,2,2026-06-09T13:51:16.787174Z,2026-06-09T13:51:17.030175Z,2026-06-09T13:51:42.946746Z,202,completed,58,24946,9d8c9f4c40ba:1:f5995999,42394,00000f2494e63b0e6c5eae1137647fdd3f79e006f81da872593d294fd04dbaac,250.0,26159.572,18,
dd39cbc7-16d3-4ed9-853a-4b33130d3be8,f3eb0b73-1e5c-449a-b755-8fe7cae4a225,426fdd7a-37cb-40d9-b4fc-e698563caa9d,300,workload-20260609T133920373955Z,72,4,2,2026-06-09T13:51:16.793174Z,2026-06-09T13:51:16.993173Z,2026-06-09T13:51:40.602411Z,202,completed,1202,22571,f112958ae7d8:1:5ece3fa9,1029690,000002d9a6ce5422dfc63a4aef4b585ea24cb60bf06dc8a6d551024327390813,188.0,23809.237,17,
76fafd93-0841-4174-b9db-1494561d704d,49a4acbf-c7ab-408c-bbc9-14484f910764,426fdd7a-37cb-40d9-b4fc-e698563caa9d,300,workload-20260609T133920373955Z,73,4,2,2026-06-09T13:51:16.794180Z,2026-06-09T13:51:17.164176Z,2026-06-09T13:51:38.214137Z,202,completed,617,20524,f112958ae7d8:1:09dfd060,384173,00000a955270f69c539cabaf950c1b4f14a169f5c6902c6e6181961328804dfe,360.0,21419.957,13,
7ec0456a-c10d-47d0-a8fa-cfb047f70163,1d92cf92-b1bd-4b90-8402-b48a77ce8187,426fdd7a-37cb-40d9-b4fc-e698563caa9d,300,workload-20260609T133920373955Z,74,4,2,2026-06-09T13:51:16.795174Z,2026-06-09T13:51:17.166175Z,2026-06-09T13:51:41.786732Z,202,completed,336,24201,f112958ae7d8:1:c946465a,321253,00000aec2cfc899099b27bad2a3d55f5f436258914475a664df89af0a0edefc4,360.0,24991.558,18,
8f754675-2698-4c08-8c8e-ab4c53513790,8476e841-7ed9-4e13-8546-9c718b149bd2,426fdd7a-37cb-40d9-b4fc-e698563caa9d,300,workload-20260609T133920373955Z,75,4,2,2026-06-09T13:51:16.798173Z,2026-06-09T13:51:17.025176Z,2026-06-09T13:51:41.517733Z,202,completed,2654,24466,9d8c9f4c40ba:1:d603ee84,1025804,00000a38508cc7b2da79c524d29925397f3419400731f5143c2958d1e8dd0cea,219.0,24719.56,18,
88758091-159f-4a38-8f15-417335106ab4,2e12fc8e-0ce3-43c2-8541-a6649e823f20,426fdd7a-37cb-40d9-b4fc-e698563caa9d,300,workload-20260609T133920373955Z,76,4,2,2026-06-09T13:51:16.816174Z,2026-06-09T13:51:17.037177Z,2026-06-09T13:51:41.962734Z,202,completed,3178,24791,846f4f1cc24e:1:3e6eedff,1915100,00000c3d831316a241f5f01e1e1dcdbfd3ea163031351448dd75169325fd5bca,219.0,25146.56,17,
2e2f1856-f716-4de5-af5f-6ea00dcd3f16,398df21c-12ef-41b8-8fca-990de9b5bb7a,426fdd7a-37cb-40d9-b4fc-e698563caa9d,300,workload-20260609T133920373955Z,77,4,2,2026-06-09T13:51:16.817198Z,2026-06-09T13:51:17.032177Z,2026-06-09T13:51:39.791413Z,202,completed,90,22137,f112958ae7d8:1:2fcaede8,54712,000007a61c5d020f89462c7a05d106b57d8462de726e8bdfb2d3a11bc54a6176,219.0,22974.215,15,
394576ae-e43b-4962-9137-831c9db895fb,f3506095-009b-4c64-ba49-726566a3b9f1,426fdd7a-37cb-40d9-b4fc-e698563caa9d,300,workload-20260609T133920373955Z,78,4,2,2026-06-09T13:51:16.820178Z,2026-06-09T13:51:17.049175Z,2026-06-09T13:51:41.542734Z,202,completed,1162,23614,f112958ae7d8:1:92fe6e02,1076809,00000ec8b1a80123876881a479a6adef7615a83b9cba5785a27d561be43fc2f7,234.0,24722.556,19,
05e12ac7-fc7b-4747-bf34-3f539b8d3a21,e5c0704a-4b98-4864-b9aa-8583da900eef,426fdd7a-37cb-40d9-b4fc-e698563caa9d,300,workload-20260609T133920373955Z,79,4,2,2026-06-09T13:51:16.826177Z,2026-06-09T13:51:17.006173Z,2026-06-09T13:51:41.279737Z,202,completed,130,24253,f112958ae7d8:1:228511bf,78426,0000039a75b1a5c1cb2b27537f5941eb5df472e58653040a7865ca6ac9a0e498,171.0,24453.56,16,
bce6e31d-1a7f-4967-92cb-f710e4cd0228,e9657de1-ec5d-48ee-9009-383b9ed2f9de,426fdd7a-37cb-40d9-b4fc-e698563caa9d,300,workload-20260609T133920373955Z,80,4,2,2026-06-09T13:51:16.828178Z,2026-06-09T13:51:17.407175Z,2026-06-09T13:51:47.112107Z,202,completed,788,29131,846f4f1cc24e:1:eb4b702f,528919,000002ab2fbdce79f92ea21c7f700bd830140175dfdf481135912235d0e29fbc,578.0,30283.929,21,
7ece5093-cb58-4ca8-aa6b-e4204dbff9ad,a2af460e-1e6c-48c0-b528-df3df4c16b58,426fdd7a-37cb-40d9-b4fc-e698563caa9d,300,workload-20260609T133920373955Z,81,4,2,2026-06-09T13:51:16.831177Z,2026-06-09T13:51:17.067175Z,2026-06-09T13:51:46.288109Z,202,completed,3635,28289,f112958ae7d8:1:d86d14ad,2211847,00000458447fda9b75daf392bd786736d8eb8a3c9526fa023d341e806ebc5052,234.0,29456.932,22,
8cb1acb1-aac7-4de0-b33f-7c99be6837cf,a676966a-a334-4d66-8d59-7855131e0561,426fdd7a-37cb-40d9-b4fc-e698563caa9d,300,workload-20260609T133920373955Z,82,4,2,2026-06-09T13:51:16.836177Z,2026-06-09T13:51:17.065173Z,2026-06-09T13:51:41.152733Z,202,completed,192,23681,f112958ae7d8:1:c3cade1a,167902,00000eeec0aff9de0f483ad2778af9da8d67caf8820bf1c0048acce1cb19cd4b,234.0,24316.556,17,
b1d97ece-4635-45b3-aaa8-d985db7378a3,3bd6b52e-3e33-40bf-a63b-a876f8d8dca4,426fdd7a-37cb-40d9-b4fc-e698563caa9d,300,workload-20260609T133920373955Z,83,4,2,2026-06-09T13:51:16.842174Z,2026-06-09T13:51:17.185174Z,2026-06-09T13:51:41.788737Z,202,completed,173,24468,9d8c9f4c40ba:1:147bff04,120953,000008e5b1af1f373c618620517bd61c185044c75f9aa4c0132639e7e1eac758,344.0,24946.563,18,
ed113523-1e15-4901-a568-cdaa7ac07634,271ad778-d7b3-4a89-89d8-0bf043da69d8,426fdd7a-37cb-40d9-b4fc-e698563caa9d,300,workload-20260609T133920373955Z,84,4,2,2026-06-09T13:51:16.844179Z,2026-06-09T13:51:17.254174Z,2026-06-09T13:51:51.726248Z,202,completed,6835,33512,0616728b7286:1:5120650b,1970743,00000d557e0e3209346b9275c564a56778911945ffc51f0b25b09b9986c8727c,406.0,34882.069,28,
ce5fbc81-3b86-4eca-adf2-535ce3b56d8c,7d887228-f284-49ec-b1a0-912567c9c852,426fdd7a-37cb-40d9-b4fc-e698563caa9d,300,workload-20260609T133920373955Z,85,4,2,2026-06-09T13:51:16.845177Z,2026-06-09T13:51:17.580175Z,2026-06-09T13:51:56.296082Z,202,completed,6238,38455,9d8c9f4c40ba:1:d52ce5a6,2278920,0000018c260196e77f99fc66447a9e8f2e65e7ae038ae3730a85fb3e9295508d,735.0,39450.905,30,
527369b6-7022-4f72-903a-8fd2e4d0c0aa,5730503d-bc88-4868-b91e-6058563fdfde,426fdd7a-37cb-40d9-b4fc-e698563caa9d,300,workload-20260609T133920373955Z,86,4,2,2026-06-09T13:51:16.850176Z,2026-06-09T13:51:17.035175Z,2026-06-09T13:51:46.051108Z,202,completed,3055,28013,846f4f1cc24e:1:b96be738,2061445,00000040da5857ca931f874c75698ff45a77cb0e573349e45b1b225c3a402b2e,188.0,29200.932,21,
ca99b397-d259-418b-933b-671ba70335d2,5f7cf36b-20cd-40eb-bc88-22fbb31ae5d8,426fdd7a-37cb-40d9-b4fc-e698563caa9d,300,workload-20260609T133920373955Z,87,4,2,2026-06-09T13:51:16.855176Z,2026-06-09T13:51:17.183176Z,2026-06-09T13:51:48.407948Z,202,completed,5820,30454,f112958ae7d8:1:8aeda0f2,3757331,00000398b9b054c0bc17b3dc658ff1798e02bdbe9a934cc269154a0a8c9bace6,328.0,31552.772,24,
50da382b-c834-46a7-b35d-ee5387f4cf3a,479db85e-5e4f-4d2f-90f5-ad754506a49d,426fdd7a-37cb-40d9-b4fc-e698563caa9d,300,workload-20260609T133920373955Z,88,4,2,2026-06-09T13:51:16.864174Z,2026-06-09T13:51:17.069176Z,2026-06-09T13:51:43.128745Z,202,completed,217,24998,9d8c9f4c40ba:1:2c978c62,147706,000000429c998e0f116bf924c160bb22571fe750c8bb40e4b596b1f0693628cc,203.0,26264.571,19,
b0c38d35-07df-40d2-9738-bf3d3f5bb2cc,617f9df3-4e29-4359-8e8f-b1d060719a32,426fdd7a-37cb-40d9-b4fc-e698563caa9d,300,workload-20260609T133920373955Z,89,4,2,2026-06-09T13:51:16.866175Z,2026-06-09T13:51:17.530176Z,2026-06-09T13:51:50.275775Z,202,completed,1620,32001,846f4f1cc24e:1:9f7b590d,1068801,000007049d0376b7dd2dfcdf7f262f242a6f4ce8076f42508896f464e0594253,672.0,33409.6,26,
bd66a1d3-0da7-41d2-af52-3522bb877db1,d77c4166-61ba-44c8-bd67-9ad583fa11eb,426fdd7a-37cb-40d9-b4fc-e698563caa9d,300,workload-20260609T133920373955Z,90,4,2,2026-06-09T13:51:16.868176Z,2026-06-09T13:51:17.097174Z,2026-06-09T13:51:45.377104Z,202,completed,2259,27586,9d8c9f4c40ba:1:27d94665,918706,0000063076303790c4a2f84530016b42d36415cef550b0a0bbdd22af96671292,234.0,28508.928,21,
6c3f8f47-5be8-4056-8b42-0a45029b2597,7ece11f1-001c-4c0e-946a-71f1bdc1d44b,426fdd7a-37cb-40d9-b4fc-e698563caa9d,300,workload-20260609T133920373955Z,91,4,2,2026-06-09T13:51:16.873176Z,2026-06-09T13:51:17.083173Z,2026-06-09T13:51:44.025481Z,202,completed,597,25974,9d8c9f4c40ba:1:faee4c77,239161,000001ddb96c62882e043709cc3f2e9b0c6e31c0d18ffde5a2f55e4a078c3974,204.0,27152.305,20,
35a82971-d0be-45ce-84e9-18407e5a99d1,e3226b7a-4fe1-4a12-ade4-edfd3ad4ce4c,426fdd7a-37cb-40d9-b4fc-e698563caa9d,300,workload-20260609T133920373955Z,92,4,2,2026-06-09T13:51:16.874176Z,2026-06-09T13:51:17.618175Z,2026-06-09T13:51:55.009254Z,202,completed,214,36890,846f4f1cc24e:1:02ee97c8,134524,0000065e49b4983d74a03c6971f7f5b71a2dad7fe7ac46f6b4520d6f11a6cb34,735.0,38135.078,30,
a883d3f0-a0ad-4c30-84e0-79b5f2992f45,53d9d2f6-ce24-4e8d-809b-4a918a525ca5,426fdd7a-37cb-40d9-b4fc-e698563caa9d,300,workload-20260609T133920373955Z,93,4,2,2026-06-09T13:51:16.876174Z,2026-06-09T13:51:17.136174Z,2026-06-09T13:51:44.026481Z,202,completed,904,26331,0616728b7286:1:ad662f66,403124,00000d78d60527a2611755f29a25f1bf73658cb4394f8ae0a94650d7e89d7de0,250.0,27150.307,20,
ce80df86-0e6b-4583-b53b-0fbbbd76145c,6eaa1069-3d33-4132-ba19-97924d091eb2,426fdd7a-37cb-40d9-b4fc-e698563caa9d,300,workload-20260609T133920373955Z,94,4,2,2026-06-09T13:51:16.878174Z,2026-06-09T13:51:17.372174Z,2026-06-09T13:51:46.162108Z,202,completed,70,28203,846f4f1cc24e:1:d14d3353,41371,0000062deb7fa1e8493972042700994ee63c3c86b0180e0a8d9cfa272587179d,500.0,29283.934,22,
1f528cdc-a029-4eab-9262-59490af32ae1,94516151-eac5-4fa4-b30a-0ec6a8ed6587,426fdd7a-37cb-40d9-b4fc-e698563caa9d,300,workload-20260609T133920373955Z,95,4,2,2026-06-09T13:51:16.890177Z,2026-06-09T13:51:17.320174Z,2026-06-09T13:51:45.983105Z,202,completed,763,28173,846f4f1cc24e:1:2b569454,612129,0000048111814be23616b656b544b3d996efd675b3cb73c1d4e1db61fadbdda8,422.0,29092.928,20,
ec983a2d-ed97-4662-833d-5c182bc04c3f,39a1bda4-8faf-4245-a0d3-154dc482dbc7,426fdd7a-37cb-40d9-b4fc-e698563caa9d,300,workload-20260609T133920373955Z,96,4,2,2026-06-09T13:51:16.892177Z,2026-06-09T13:51:17.573173Z,2026-06-09T13:51:50.825248Z,202,completed,945,32481,f112958ae7d8:1:35d45969,579690,00000602bc6e8801b11ceb38efe9695685ef33221903a231794a2a842c938969,672.0,33933.071,26,
713cc83b-5f28-4b1e-ade7-024a6d5ae37a,2b4792e9-359f-4b3a-a8b8-99f0abc082bb,426fdd7a-37cb-40d9-b4fc-e698563caa9d,300,workload-20260609T133920373955Z,97,4,2,2026-06-09T13:51:16.894178Z,2026-06-09T13:51:17.396177Z,2026-06-09T13:51:48.289945Z,202,completed,1957,30146,f112958ae7d8:1:f068d5fd,1284058,00000ad37978c99fa0b910ea96211aec0385ad45fed1f6e1033f8c3ae0376a03,500.0,31395.767,24,
68aedc86-4dd3-4841-befe-e827b48c4040,eb801ebd-e344-450a-8153-bec029863d96,426fdd7a-37cb-40d9-b4fc-e698563caa9d,300,workload-20260609T133920373955Z,98,4,2,2026-06-09T13:51:16.895176Z,2026-06-09T13:51:17.233173Z,2026-06-09T13:51:45.471109Z,202,completed,1538,27561,9d8c9f4c40ba:1:1d2f403c,598491,0000051e17692ac29f8c61b99628dbe3e0c2ef0ab42ddcd06d0beb72411bf6f8,344.0,28575.933,21,
043cc4bc-a843-4130-ad9b-4a9a9b31914b,997ca4a9-821e-49d0-b029-7fcc79e91355,426fdd7a-37cb-40d9-b4fc-e698563caa9d,300,workload-20260609T133920373955Z,99,4,2,2026-06-09T13:51:16.896177Z,2026-06-09T13:51:17.522176Z,2026-06-09T13:51:49.039948Z,202,completed,190,31221,f112958ae7d8:1:f1f7c77c,215333,000007a4a4181f54fc3c39c6edf2518409c7e4ceb70b00b0aadde153aed6371d,625.0,32143.771,24,
39a23f84-d395-477b-a575-47500336680d,d6aca334-04bc-4b11-a2b6-060f02e0000b,426fdd7a-37cb-40d9-b4fc-e698563caa9d,300,workload-20260609T133920373955Z,100,4,2,2026-06-09T13:51:16.912177Z,2026-06-09T13:51:17.409176Z,2026-06-09T13:51:50.050121Z,202,completed,3590,32098,9d8c9f4c40ba:1:21dd17dc,1461842,00000cb855b114df063902d30b8df82094f01bfeab54bc773c8a3db1a058cc6c,500.0,33137.944,26,
0892c7f9-f4c2-4d99-9492-bb8208b4b212,fdfc275c-a138-4451-b15c-70b761a23a49,426fdd7a-37cb-40d9-b4fc-e698563caa9d,300,workload-20260609T133920373955Z,101,4,2,2026-06-09T13:51:16.914177Z,2026-06-09T13:51:17.613177Z,2026-06-09T13:51:55.096084Z,202,completed,4298,37050,f112958ae7d8:1:4f6f481c,2754098,00000b3d8f58168cfa2fcc7b4b8cc68abf83041aef03b20bfdf4d7eccf4fe7b2,703.0,38181.907,29,
d43f94af-438b-4c01-8ae8-690d9bdebd01,11fe52a0-cfd6-4a14-999b-9ab4f17a62b4,426fdd7a-37cb-40d9-b4fc-e698563caa9d,300,workload-20260609T133920373955Z,102,4,2,2026-06-09T13:51:16.915177Z,2026-06-09T13:51:17.398176Z,2026-06-09T13:51:46.820107Z,202,completed,725,29174,846f4f1cc24e:1:cfe8601d,465558,00000b6465cfa7cc3605cbe942af1f5d84f643cdef5e32522097449e1989bc75,484.0,29904.93,22,
01075148-9f71-467c-883c-5302ad418cf7,ef0a8956-4606-4e0b-8440-5ca3b08eb549,426fdd7a-37cb-40d9-b4fc-e698563caa9d,300,workload-20260609T133920373955Z,103,4,2,2026-06-09T13:51:16.917177Z,2026-06-09T13:51:17.235174Z,2026-06-09T13:51:58.451244Z,202,completed,13534,40147,0616728b7286:1:ee763486,4204523,00000bbe6b58176066193b6b27e7a5a6047d7acc4b65bb70fd07997ff42e2a6e,328.0,41534.067,32,
ccbc6f61-45f5-4c3b-a685-3fb5dff513bd,20a299ad-ab33-479c-95bb-0c57d00be5ad,426fdd7a-37cb-40d9-b4fc-e698563caa9d,300,workload-20260609T133920373955Z,104,4,2,2026-06-09T13:51:16.918178Z,2026-06-09T13:51:17.634175Z,2026-06-09T13:51:54.508393Z,202,completed,2861,36293,0616728b7286:1:25f0d458,840661,00000a2fe39d72a38d1175b79caee463274d81631f967c25fb1f80fd0016c2fb,703.0,37590.215,29,
b07c5d16-6460-4595-9167-93f6ab70e13d,6ed3ac60-75ec-448f-96b7-830158037785,426fdd7a-37cb-40d9-b4fc-e698563caa9d,300,workload-20260609T133920373955Z,105,4,2,2026-06-09T13:51:16.933177Z,2026-06-09T13:51:17.211175Z,2026-06-09T13:51:43.940481Z,202,completed,682,26338,0616728b7286:1:dc08886a,261795,00000f89d438e62b4792d32db2ef3d1b80a295ac653f792209d8aa767d67b356,282.0,27007.304,20,
c0a3a51e-7b1c-4564-8482-9d1a529c318f,96fe199d-7575-444c-8a25-41c06a0ea320,426fdd7a-37cb-40d9-b4fc-e698563caa9d,300,workload-20260609T133920373955Z,106,4,2,2026-06-09T13:51:16.934179Z,2026-06-09T13:51:17.608175Z,2026-06-09T13:51:54.697390Z,202,completed,534,36454,846f4f1cc24e:1:445f3ba5,338677,000002542b47d4da00d97f28e56c8e031a004f2db5f79198db96c69e5f32fd07,672.0,37763.211,29,
e2caad32-46ae-4d18-802c-a7078c31927d,7e4b57b7-9d48-409e-bc00-529a878314cf,426fdd7a-37cb-40d9-b4fc-e698563caa9d,300,workload-20260609T133920373955Z,107,4,2,2026-06-09T13:51:16.936177Z,2026-06-09T13:51:17.664175Z,2026-06-09T13:52:01.967498Z,202,completed,6829,43568,0616728b7286:1:9410ddef,2941125,00000b589308698efd2499afa99f11da4289886ce40768ecfadf4ef33babee64,719.0,45031.321,36,
c7e89cb5-fdc8-465d-a58f-2bac3ca6c9f6,992a8e68-ac7b-4bee-a6fc-e7a6eab55f7f,426fdd7a-37cb-40d9-b4fc-e698563caa9d,300,workload-20260609T133920373955Z,108,4,2,2026-06-09T13:51:16.937177Z,2026-06-09T13:51:17.455173Z,2026-06-09T13:51:48.123123Z,202,completed,693,30130,846f4f1cc24e:1:b1f035ce,431223,00000e1e01f71a4fd9e0ba81f26e8ea4013bb06f9b58ca1597a02286628f9461,516.0,31185.946,23,
f6c743c7-4245-4458-84c7-a3f224ff21b3,2e4c5438-5492-468c-9615-1883fc3d5219,426fdd7a-37cb-40d9-b4fc-e698563caa9d,300,workload-20260609T133920373955Z,109,4,2,2026-06-09T13:51:16.966177Z,2026-06-09T13:51:17.502176Z,2026-06-09T13:51:48.665949Z,202,completed,581,30773,f112958ae7d8:1:5e0d0818,390749,00000e9970024a5d727ea0ad3facb5d9278945e45a1bd624587c71941f520c93,531.0,31699.772,23,
48f18af5-a54a-444b-9a55-8e7594509a70,3de5faaa-5ff3-455f-8e16-ecb8cc74c41c,426fdd7a-37cb-40d9-b4fc-e698563caa9d,300,workload-20260609T133920373955Z,110,4,2,2026-06-09T13:51:16.968177Z,2026-06-09T13:51:17.649175Z,2026-06-09T13:51:53.831391Z,202,completed,423,35544,846f4f1cc24e:1:fa554437,261792,00000dac25e67c039042e9b83c938a3f0e523fcc51d15c1507d49b513ee78be3,672.0,36863.214,27,
f1caae29-a94a-46c5-80c3-364887ad79ca,e22a7e47-f892-487b-a25e-27713f59115e,426fdd7a-37cb-40d9-b4fc-e698563caa9d,300,workload-20260609T133920373955Z,111,4,2,2026-06-09T13:51:16.969177Z,2026-06-09T13:51:17.301173Z,2026-06-09T13:51:45.874105Z,202,completed,506,28210,9d8c9f4c40ba:1:96e8d3b0,211915,00000b6023c8d70fd61fd53c26c525f409e7c916971038ed9b3a7ecc3b2bec0b,328.0,28904.928,19,
2b0eb1d0-c259-4318-8977-04797f11d562,3a534115-c1ef-4a2b-b8a7-8de597cb8247,426fdd7a-37cb-40d9-b4fc-e698563caa9d,300,workload-20260609T133920373955Z,112,4,2,2026-06-09T13:51:16.971175Z,2026-06-09T13:51:17.585175Z,2026-06-09T13:51:55.133080Z,202,completed,4968,37327,846f4f1cc24e:1:24b077fd,3728902,00000d9ce09caef8b8f693f492a262481693b5381b2de82904303e3595c487fa,610.0,38161.905,30,
be9849ad-23f2-4ba4-bbeb-2b5cbbff2528,49174c25-f7b3-4235-91a5-b97e276c4d74,426fdd7a-37cb-40d9-b4fc-e698563caa9d,300,workload-20260609T133920373955Z,113,4,2,2026-06-09T13:51:16.973177Z,2026-06-09T13:51:17.630175Z,2026-06-09T13:51:55.080469Z,202,completed,3531,37103,f112958ae7d8:1:541f2a0f,2217148,000002b85cfa0e5da8439e67a86701a4142d782e24e8b5045494de9c01a9d581,656.0,38107.292,29,
02aff6d0-f804-4ed2-b62a-a56aa24fb27f,aedc88f5-f43c-426c-ac08-50457fa7d86f,426fdd7a-37cb-40d9-b4fc-e698563caa9d,300,workload-20260609T133920373955Z,114,4,2,2026-06-09T13:51:16.975177Z,2026-06-09T13:51:17.546175Z,2026-06-09T13:51:53.286394Z,202,completed,2711,34932,846f4f1cc24e:1:44456cfe,1758625,000002b9c1362613a64409b52ca7048de6d68c0ebb2a7d1c981b64e234c9a587,578.0,36311.217,28,
c22d1362-fffc-4db4-a121-8179ecbcb731,6de7bfac-63e9-40c9-9a5a-6cf26347a051,426fdd7a-37cb-40d9-b4fc-e698563caa9d,300,workload-20260609T133920373955Z,115,4,2,2026-06-09T13:51:16.977177Z,2026-06-09T13:51:17.345176Z,2026-06-09T13:51:46.630105Z,202,completed,946,28830,9d8c9f4c40ba:1:21a5b06d,414767,00000b99bc355606b2d6dc9831a84ed71a33dcffc8fa01d3e678bc4a87ba6561,375.0,29652.928,22,
d744dfc2-9914-47e6-a1a0-adc59ff7d000,c801a8a3-4925-430a-80b2-9d4eda7962f1,426fdd7a-37cb-40d9-b4fc-e698563caa9d,300,workload-20260609T133920373955Z,116,4,2,2026-06-09T13:51:16.978177Z,2026-06-09T13:51:17.512173Z,2026-06-09T13:51:49.494944Z,202,completed,649,31161,f112958ae7d8:1:0aa3cc89,453826,00000c31ee470cd199f177b360475ee51095b68285c7de397a92194ef0d828a2,547.0,32516.767,25,
afafda44-027c-46c3-9cb8-0548e0807bfe,8ce62fd2-6112-4926-9e33-a08e8700d42f,426fdd7a-37cb-40d9-b4fc-e698563caa9d,300,workload-20260609T133920373955Z,117,4,2,2026-06-09T13:51:16.980176Z,2026-06-09T13:51:17.453175Z,2026-06-09T13:51:49.551948Z,202,completed,2509,32031,846f4f1cc24e:1:20d6f275,1706858,000000a619d83fa97c562be9844dede797a4090e79dd9fdc6e7a1427f8fddcf2,485.0,32571.772,24,
c594fba7-6fff-4411-ae9f-671e306c0cf2,48c44dda-aae6-447c-b0d9-f19166dfcc8b,426fdd7a-37cb-40d9-b4fc-e698563caa9d,300,workload-20260609T133920373955Z,118,4,2,2026-06-09T13:51:16.982177Z,2026-06-09T13:51:17.478176Z,2026-06-09T13:51:55.904082Z,202,completed,8563,38161,9d8c9f4c40ba:1:09d4ae2c,3089239,00000379cb0af0d530ea27e29f3a2b14488ebbf8a1d3d316b4d3946b9c0efb1b,484.0,38921.905,29,
8bc6263d-9e67-4070-b7cc-7c69cea940bb,41ebbb15-5927-41a5-be3e-cad4e00c72e1,426fdd7a-37cb-40d9-b4fc-e698563caa9d,300,workload-20260609T133920373955Z,119,4,2,2026-06-09T13:51:17.007173Z,2026-06-09T13:51:17.570174Z,2026-06-09T13:51:51.966248Z,202,completed,1922,33424,f112958ae7d8:1:d3a96b13,1389796,000008604fab7ded6ee9810f21dc10a3add30a7ec309ce854654d35f8c8932f9,563.0,34959.075,26,
5dec9be1-a4c1-43e8-b7db-4a349e35597f,26c27635-75e5-4562-8f3e-126f38adebd2,426fdd7a-37cb-40d9-b4fc-e698563caa9d,300,workload-20260609T133920373955Z,120,4,2,2026-06-09T13:51:17.009176Z,2026-06-09T13:51:17.431175Z,2026-06-09T13:51:47.544108Z,202,completed,431,29426,9d8c9f4c40ba:1:cdcce6be,147852,0000000fa55e1a2f2b964a187429ef1f57437817f5714863d5170bdcec76b7a9,422.0,30534.932,23,
d307d39d-044d-441c-ad0a-c82fd1b751de,5e3b7b99-8666-4a2a-b37d-6218bf7a793a,426fdd7a-37cb-40d9-b4fc-e698563caa9d,400,workload-20260609T133920373955Z,1,4,2,2026-06-09T13:53:02.318130Z,2026-06-09T13:53:02.541131Z,2026-06-09T13:53:04.881313Z,202,completed,49,748,846f4f1cc24e:1:15c1b74a,57015,00000c9de49940357c4bb73c099d6a0411746f71c624824ac378c50bc27a2b23,219.0,2563.183,1,
d08c720f-606a-4309-a2d7-e28aa5ef5823,277b92b6-e99f-4dc3-868d-55bd109204e1,426fdd7a-37cb-40d9-b4fc-e698563caa9d,400,workload-20260609T133920373955Z,2,4,2,2026-06-09T13:53:02.320128Z,2026-06-09T13:53:02.521133Z,2026-06-09T13:53:04.837309Z,202,completed,49,602,9d8c9f4c40ba:1:138d601b,28671,000006a4ea3cc5ea950a55c6a61946472d25aef436bf13afbbcdb8dce17eec73,203.0,2517.181,1,
14ef7d6b-ea30-4637-aca5-cdfe66193091,03a1bf84-e10a-4e8e-a9cd-5695d3e3490f,426fdd7a-37cb-40d9-b4fc-e698563caa9d,400,workload-20260609T133920373955Z,3,4,2,2026-06-09T13:53:02.322128Z,2026-06-09T13:53:02.520132Z,2026-06-09T13:53:08.633226Z,202,completed,2820,3619,0616728b7286:1:c09ada94,777575,0000064fc7e9271a9eb81986ed2dd3123682a7a48569cc815dc6874291c251e4,203.0,6311.098,1,
3f50b396-f1d4-4755-948d-a110c6ef8431,d4218988-d4a5-4a45-afd8-d8f125b5599c,426fdd7a-37cb-40d9-b4fc-e698563caa9d,400,workload-20260609T133920373955Z,4,4,2,2026-06-09T13:53:02.323129Z,2026-06-09T13:53:02.540131Z,2026-06-09T13:53:08.541223Z,202,completed,4221,4789,0616728b7286:1:8d2d54db,1323563,00000ade7999d3b3e72786ac6e7de86de358f315a22d74af9b4f82c012b2bda2,219.0,6218.094,2,
9f9985ec-f411-47b2-ab97-4be0f9b0e360,614b54ea-1f1a-4fac-88bc-85256c14c180,426fdd7a-37cb-40d9-b4fc-e698563caa9d,400,workload-20260609T133920373955Z,5,4,2,2026-06-09T13:53:02.325129Z,2026-06-09T13:53:02.520132Z,2026-06-09T13:53:04.907310Z,202,completed,1972,2260,f112958ae7d8:1:3c98eba7,1348462,00000bba62a6083c6c786a68a94c85177e0b4d94fe7dc49f03e80a6806661547,187.0,2582.181,1,
837643b5-f773-4707-bc57-df9c925c7d0c,86d78182-a81f-497f-8346-d9138605415d,426fdd7a-37cb-40d9-b4fc-e698563caa9d,400,workload-20260609T133920373955Z,6,4,2,2026-06-09T13:53:02.326129Z,2026-06-09T13:53:02.574129Z,2026-06-09T13:53:08.574223Z,202,completed,2397,4715,846f4f1cc24e:1:23e0f701,1640827,00000d61b023f6db45784ea3286a6095a1c845e2433396b24ef1ca6d2f5de3e1,250.0,6248.094,1,
561e2c13-8a25-4e78-8442-646e870acd78,7d1c317c-1628-427f-86d2-6037b9785d13,426fdd7a-37cb-40d9-b4fc-e698563caa9d,400,workload-20260609T133920373955Z,7,4,2,2026-06-09T13:53:02.327129Z,2026-06-09T13:53:02.540131Z,2026-06-09T13:53:08.933225Z,202,completed,4526,4989,9d8c9f4c40ba:1:96d6916a,1678935,00000b8cffd7e32392a83c4f0e85ffdc953e8a3f722ab1d1eaf64187b599052d,203.0,6606.096,1,
1ac4eff2-a78c-4884-b3d0-7dd1b2be1907,cc110d65-3873-444a-9051-f7c4a84f6836,426fdd7a-37cb-40d9-b4fc-e698563caa9d,400,workload-20260609T133920373955Z,8,4,2,2026-06-09T13:53:02.329130Z,2026-06-09T13:53:02.526129Z,2026-06-09T13:53:07.825882Z,202,completed,910,3024,f112958ae7d8:1:cf0ff88f,639740,00000d32b7ffcfcaf7e669372f0efac35dddc3fa14b735d2ac71b7fe21813e20,187.0,5496.752,2,
935fe1d0-7288-460a-9b26-849669829748,b35c5672-d17d-4311-bbc6-fc71051cc224,426fdd7a-37cb-40d9-b4fc-e698563caa9d,400,workload-20260609T133920373955Z,9,4,2,2026-06-09T13:53:02.331129Z,2026-06-09T13:53:02.542132Z,2026-06-09T13:53:05.393309Z,202,completed,427,1144,846f4f1cc24e:1:25a964ac,475979,00000c4e3e3ec0a918a52a38d2bb2c4324e4e08bb3efa4b6e57a37a7edd29723,203.0,3062.18,1,
f9f5d17d-81bf-46b4-83a4-ebc153401c1f,28244bfe-7dfe-4904-9c5b-f7e08099d40f,426fdd7a-37cb-40d9-b4fc-e698563caa9d,400,workload-20260609T133920373955Z,10,4,2,2026-06-09T13:53:02.332129Z,2026-06-09T13:53:02.614130Z,2026-06-09T13:53:08.313223Z,202,completed,1671,5358,846f4f1cc24e:1:cc4eae7a,1273001,00000ff5cf8d3021906384001914727ffd5b74bea285c050bb9da9c683b69ca4,281.0,5981.094,1,
c81ecebe-d6c9-4ddd-8876-93931a89704a,48289960-dfde-4593-a8b6-320b5c731cc8,426fdd7a-37cb-40d9-b4fc-e698563caa9d,400,workload-20260609T133920373955Z,11,4,2,2026-06-09T13:53:02.334129Z,2026-06-09T13:53:02.609130Z,2026-06-09T13:53:07.249288Z,202,completed,246,2611,f112958ae7d8:1:2c1cc576,150116,000008978f4ff13d4235a1073119907a4011f19c0dc09c0f1c1824ec1529be1f,281.0,4915.159,2,
5db8c022-7cde-4b9b-9c6f-2b4bd643b61f,2414b0c9-edd7-4c6f-8d8a-59d32a55b227,426fdd7a-37cb-40d9-b4fc-e698563caa9d,400,workload-20260609T133920373955Z,12,4,2,2026-06-09T13:53:02.337129Z,2026-06-09T13:53:02.543131Z,2026-06-09T13:53:06.538239Z,202,completed,1054,1578,f112958ae7d8:1:45a1268d,581879,0000051ad10ee695ac7b1827e4ffb3eeb6d4b6c2abe73328e72a55c200a4751d,218.0,4201.11,1,
6f57e765-1f22-4388-b146-eb1cbedfdcb5,6e489a6b-9b6a-417f-9bd7-7e669ba5685e,426fdd7a-37cb-40d9-b4fc-e698563caa9d,400,workload-20260609T133920373955Z,13,4,2,2026-06-09T13:53:02.339132Z,2026-06-09T13:53:02.660129Z,2026-06-09T13:53:08.997227Z,202,completed,327,4417,f112958ae7d8:1:1d975c09,219830,00000abef9b7082e407b82424050d0f7d652488a4f27d2d4a9518150b3b2234f,328.0,6658.095,3,
51d65e8f-a10e-48ef-b4b4-739746c1cd92,e11fe1d6-1a09-4939-8c5a-860a44dfdb83,426fdd7a-37cb-40d9-b4fc-e698563caa9d,400,workload-20260609T133920373955Z,14,4,2,2026-06-09T13:53:02.346131Z,2026-06-09T13:53:02.546128Z,2026-06-09T13:53:07.900883Z,202,completed,50,1201,846f4f1cc24e:1:d40869a2,41896,00000633d728175d4a02835598d55de7e32436a1a5e0baffd82c2f2706622973,203.0,5554.752,1,
511b4a1d-0c13-4909-83f8-0760bab5a100,7f13055d-bd95-4deb-b434-79c348e1f4a3,426fdd7a-37cb-40d9-b4fc-e698563caa9d,400,workload-20260609T133920373955Z,15,4,2,2026-06-09T13:53:02.348130Z,2026-06-09T13:53:02.572130Z,2026-06-09T13:53:14.179155Z,202,completed,10177,10929,9d8c9f4c40ba:1:0935f33f,3702837,00000141d7fb9dd1bc61928329e1a5bf8d99bde6af8196c34dc8cd17fa845d2a,219.0,11831.025,7,
bdf15e33-4865-4bfc-84a3-b81abe48e22b,88a5e650-d0db-4438-8a4a-2b32fb93b55e,426fdd7a-37cb-40d9-b4fc-e698563caa9d,400,workload-20260609T133920373955Z,16,4,2,2026-06-09T13:53:02.351129Z,2026-06-09T13:53:02.547127Z,2026-06-09T13:53:07.706287Z,202,completed,1749,3322,846f4f1cc24e:1:9d5797a3,1179851,00000b953123ee03bc9acf12f7f264592418480618c961ec84b056626df9c7b1,203.0,5355.158,2,
bf01f45d-8e29-4e8a-8039-7d0af1b3f94b,7a644aa5-e124-4756-89de-800272d0c739,426fdd7a-37cb-40d9-b4fc-e698563caa9d,400,workload-20260609T133920373955Z,17,4,2,2026-06-09T13:53:02.353130Z,2026-06-09T13:53:02.625129Z,2026-06-09T13:53:08.991225Z,202,completed,15,5303,0616728b7286:1:6d542392,10793,0000087e82617133c216100d764348e982bc31e350405f99febae5074ec74fd6,281.0,6638.095,3,
b2845a32-6337-4cfa-9d1c-1382aa3837ac,bff72287-e501-42c5-ba80-203fcf50176d,426fdd7a-37cb-40d9-b4fc-e698563caa9d,400,workload-20260609T133920373955Z,18,4,2,2026-06-09T13:53:02.355132Z,2026-06-09T13:53:02.612128Z,2026-06-09T13:53:09.248226Z,202,completed,1316,5930,f112958ae7d8:1:fe4f324d,828322,000001ecc522335e7ec4bbc20426d77e84f6aa7f5335a900527c58984bd2f4b5,266.0,6893.094,3,
e540da71-7e1d-40fd-aec5-a9e634b9770f,c661c98b-da40-41cc-b11f-65afd55fefab,426fdd7a-37cb-40d9-b4fc-e698563caa9d,400,workload-20260609T133920373955Z,19,4,2,2026-06-09T13:53:02.357129Z,2026-06-09T13:53:02.573129Z,2026-06-09T13:53:05.140310Z,202,completed,541,1927,846f4f1cc24e:1:ef806ab8,378045,00000ce0c5ae171a583e1b71a7fbbfcca389d58439ee237b328cd0a107008535,203.0,2783.181,1,
8e5d6e6e-38de-45a5-b3c2-42c9133fe3c8,2c01a386-6ed7-4e60-81c8-c849384aab71,426fdd7a-37cb-40d9-b4fc-e698563caa9d,400,workload-20260609T133920373955Z,20,4,2,2026-06-09T13:53:02.360132Z,2026-06-09T13:53:02.661130Z,2026-06-09T13:53:13.200787Z,202,completed,5112,10369,0616728b7286:1:aa01edc5,1531553,00000b33c5a33ef3bd3a52fc4278dfa995260fcd9e42238abf1206a0ac224013,297.0,10840.655,7,
b85b84c5-f591-4ad6-b87a-02967f02671f,0e92bb19-ff14-4376-be87-0feada9d4103,426fdd7a-37cb-40d9-b4fc-e698563caa9d,400,workload-20260609T133920373955Z,21,4,2,2026-06-09T13:53:02.364129Z,2026-06-09T13:53:02.610129Z,2026-06-09T13:53:08.282901Z,202,completed,969,4358,f112958ae7d8:1:a16a2d94,741590,00000283bfce0a75f9233ad543c6e1a50ab2a6ee7ff9c99619018b5c5cd112d7,250.0,5918.772,1,
c2cb98ce-ba03-4f01-a4af-856ceb125b83,957c4398-c2d4-4455-a8af-273f67c2d4e8,426fdd7a-37cb-40d9-b4fc-e698563caa9d,400,workload-20260609T133920373955Z,22,4,2,2026-06-09T13:53:02.367130Z,2026-06-09T13:53:02.579129Z,2026-06-09T13:53:08.699224Z,202,completed,858,3694,f112958ae7d8:1:496c90c2,759350,000002f0a8c4ce250d4d2726202041c169f74c0d5504ffe12c72c94fd4e1e505,219.0,6332.094,1,
3c075392-6939-411a-8e48-2d0f17cd8e6a,a3dd6c33-f51a-45e9-b9ff-ed706886f23b,426fdd7a-37cb-40d9-b4fc-e698563caa9d,400,workload-20260609T133920373955Z,23,4,2,2026-06-09T13:53:02.370127Z,2026-06-09T13:53:02.613128Z,2026-06-09T13:53:09.677225Z,202,completed,1281,5996,f112958ae7d8:1:549db4c2,772823,000004e62d6d0fcb0e4d34db4b96605bea4967878c69bf33b4ad6d3a81fd87f9,250.0,7307.098,4,
66d91224-7455-4b87-b5da-4d8906a18a86,7c488921-688e-4cc2-aea6-3aed04ccee16,426fdd7a-37cb-40d9-b4fc-e698563caa9d,400,workload-20260609T133920373955Z,24,4,2,2026-06-09T13:53:02.374129Z,2026-06-09T13:53:02.616129Z,2026-06-09T13:53:08.025883Z,202,completed,994,4824,0616728b7286:1:303d25b0,301019,00000ae5d5cae78ebd2b7a4377b56d89c559eb968242b1df276279cad9e589ee,235.0,5651.754,2,
803150b3-973c-45f8-a561-6b8192d8a5a9,ca7ee833-7f6b-4718-ab9e-6ab39f794e61,426fdd7a-37cb-40d9-b4fc-e698563caa9d,400,workload-20260609T133920373955Z,25,4,2,2026-06-09T13:53:02.375128Z,2026-06-09T13:53:02.676131Z,2026-06-09T13:53:10.583677Z,202,completed,1405,6885,846f4f1cc24e:1:3bbfa725,1020995,000008adf705be212f9b7098ad85f698e586d9723bf89598546de9617ecd2d63,297.0,8208.549,3,
19bbc747-219f-4a21-98a7-7de839d2a847,9197a073-c3d4-42ef-b45e-31427af39e28,426fdd7a-37cb-40d9-b4fc-e698563caa9d,400,workload-20260609T133920373955Z,26,4,2,2026-06-09T13:53:02.377128Z,2026-06-09T13:53:02.702130Z,2026-06-09T13:53:10.542673Z,202,completed,368,6883,f112958ae7d8:1:569d5368,364580,000003e4cda423d0ebad978cf57ca05e7b6ba4c78aa88598e51ee3bda1f54deb,329.0,8165.545,4,
802f21d8-16f2-4f5f-99c2-ef5547907d6d,15e51657-006b-4549-b1e8-3d6cf4c1d9f6,426fdd7a-37cb-40d9-b4fc-e698563caa9d,400,workload-20260609T133920373955Z,27,4,2,2026-06-09T13:53:02.381128Z,2026-06-09T13:53:02.704131Z,2026-06-09T13:53:10.902674Z,202,completed,1657,7952,9d8c9f4c40ba:1:566b87e8,543112,00000ea6ee7e4c42406a0a955366aa12f46d8dbb3e48e63217c76d4abec5e66a,329.0,8521.546,3,
757f7918-95d8-4b3a-bf0d-2504689ee764,60a81622-5f13-4717-b485-d8aa450f4fb4,426fdd7a-37cb-40d9-b4fc-e698563caa9d,400,workload-20260609T133920373955Z,28,4,2,2026-06-09T13:53:02.384130Z,2026-06-09T13:53:02.626129Z,2026-06-09T13:53:09.714226Z,202,completed,1477,6499,846f4f1cc24e:1:c4da685a,1095472,00000eb7c2e3381c3f96715a8e98f940e139b735d8b14e445008e6d29727567c,250.0,7330.096,3,
6647f096-5cfc-46da-ac35-e28fa4d823c3,c76504fa-bd89-46e1-9cfe-7a30b46eaa3e,426fdd7a-37cb-40d9-b4fc-e698563caa9d,400,workload-20260609T133920373955Z,29,4,2,2026-06-09T13:53:02.388129Z,2026-06-09T13:53:02.735130Z,2026-06-09T13:53:09.276224Z,202,completed,48,6459,f112958ae7d8:1:97b82c6b,28707,00000e3bce200a606ace4b381550590113c14335e0e211cb8d7eec8ac96ca37c,344.0,6888.095,4,
d0234d18-1d7f-4829-8a18-8e32f83a5ed3,de9fa5d0-579a-4d8d-8be8-3c5e9ae0a677,426fdd7a-37cb-40d9-b4fc-e698563caa9d,400,workload-20260609T133920373955Z,30,4,2,2026-06-09T13:53:02.390129Z,2026-06-09T13:53:02.672130Z,2026-06-09T13:53:08.913226Z,202,completed,426,6025,0616728b7286:1:3858e6f6,94637,000003fde5c2e8e4b1132553d369dc028a8200673fdec47ef1883a471659ccba,281.0,6523.097,3,
e6445a67-0665-4404-9f71-2db20b3082ae,ad6d0eec-e6bc-44d1-92e5-7bbe7c828861,426fdd7a-37cb-40d9-b4fc-e698563caa9d,400,workload-20260609T133920373955Z,31,4,2,2026-06-09T13:53:02.392132Z,2026-06-09T13:53:02.615129Z,2026-06-09T13:53:09.757225Z,202,completed,924,6086,9d8c9f4c40ba:1:1feff4a5,311972,00000c82437004f30ae8ea81180a72bd522b485a8fd6dba80ecc1d979e7c534a,219.0,7365.093,3,
492454f3-e589-4097-92dc-662af1348c15,6c98d7e4-d030-48d7-a68b-4fa438dd0695,426fdd7a-37cb-40d9-b4fc-e698563caa9d,400,workload-20260609T133920373955Z,32,4,2,2026-06-09T13:53:02.393132Z,2026-06-09T13:53:02.720128Z,2026-06-09T13:53:15.819296Z,202,completed,5392,12252,f112958ae7d8:1:3f5199a8,4135430,00000e892537936c020538f48b3bf41b6b35d41ac3834f9c396eac3bc6db4c5f,328.0,13426.164,9,
92746b79-735a-4ab6-922f-71e44d33b5b6,1d225d37-2d82-47e9-80bd-81072bed09b4,426fdd7a-37cb-40d9-b4fc-e698563caa9d,400,workload-20260609T133920373955Z,33,4,2,2026-06-09T13:53:02.397132Z,2026-06-09T13:53:02.674128Z,2026-06-09T13:53:11.669459Z,202,completed,2709,8918,0616728b7286:1:9adba9d4,636046,00000c8ce1eaef75d916518669290ae93a029be5766cca82f7bc577c910cf42b,281.0,9272.327,5,
c5e0b580-3e24-41f5-859f-0b6b2aa826d5,1251acc5-c006-416f-85f8-cf916b285cb7,426fdd7a-37cb-40d9-b4fc-e698563caa9d,400,workload-20260609T133920373955Z,34,4,2,2026-06-09T13:53:02.401132Z,2026-06-09T13:53:02.737130Z,2026-06-09T13:53:14.872200Z,202,completed,694,11309,0616728b7286:1:a479e9bf,229706,00000b73aa591c101e82e1e2537e12de17e360bf2e710b9832cc47937ae3ec9c,344.0,12471.068,6,
a335c10a-80e1-4758-b5f7-9cef05a1a288,7edc5488-f6fb-4b4b-b80a-69612a448b02,426fdd7a-37cb-40d9-b4fc-e698563caa9d,400,workload-20260609T133920373955Z,35,4,2,2026-06-09T13:53:02.406128Z,2026-06-09T13:53:02.692130Z,2026-06-09T13:53:13.478784Z,202,completed,2150,10198,f112958ae7d8:1:130e11e2,1291510,00000e1cdf7d7c3dce475666835a1043f5f866cfe8b4832b282835e3193e1032,281.0,11072.656,7,
40714286-90d0-4c1d-ae5a-a534034b09c9,43026c1c-540d-4d22-a80f-669291c2e0f7,426fdd7a-37cb-40d9-b4fc-e698563caa9d,400,workload-20260609T133920373955Z,36,4,2,2026-06-09T13:53:02.408128Z,2026-06-09T13:53:02.695131Z,2026-06-09T13:53:11.355426Z,202,completed,649,7777,f112958ae7d8:1:883ab520,369369,000003bf6e7521fd6083e0199277eef784cbb9bc4cc4c5094e7fb4bc9d29e965,281.0,8947.298,5,
72f881f1-9dbb-46f2-859a-7ae018b8094e,3e0931a0-51a4-4607-80d9-a4ec549178cf,426fdd7a-37cb-40d9-b4fc-e698563caa9d,400,workload-20260609T133920373955Z,37,4,2,2026-06-09T13:53:02.409128Z,2026-06-09T13:53:02.694131Z,2026-06-09T13:53:13.502785Z,202,completed,3126,9766,846f4f1cc24e:1:6b1c44c6,1994206,00000762e1b84d4f2288b9ea05e102d6a0fa18b3b5bef794c869390ed965cef3,281.0,11093.657,5,
c5210e4c-a1cb-4959-9cfb-70dafd56e231,a5dcc68c-927d-471e-8c53-723fb6e15376,426fdd7a-37cb-40d9-b4fc-e698563caa9d,400,workload-20260609T133920373955Z,38,4,2,2026-06-09T13:53:02.410127Z,2026-06-09T13:53:02.697130Z,2026-06-09T13:53:18.104081Z,202,completed,8201,15319,846f4f1cc24e:1:8dfe32ba,5274873,000000fd1422eaed6f2065c81f538edbc093a993e21f1549f1f0554d9136961a,281.0,15693.954,11,
d959835c-24f4-4f76-b276-328a378af087,a333c6c6-99dc-47f7-bef5-332c6cac9d8e,426fdd7a-37cb-40d9-b4fc-e698563caa9d,400,workload-20260609T133920373955Z,39,4,2,2026-06-09T13:53:02.415128Z,2026-06-09T13:53:02.698132Z,2026-06-09T13:53:15.700294Z,202,completed,4342,12483,9d8c9f4c40ba:1:de1ee458,1521274,000003fc689fc28023cb2bcbb2559876a13b5994f9d3870c9fff644c394cf126,281.0,13285.166,8,
fe49f52b-e2de-40fa-8488-ceca96788b7a,877f41e3-368f-41c0-8238-6c7b6dd77566,426fdd7a-37cb-40d9-b4fc-e698563caa9d,400,workload-20260609T133920373955Z,40,4,2,2026-06-09T13:53:02.418132Z,2026-06-09T13:53:02.768130Z,2026-06-09T13:53:25.073946Z,202,completed,10385,21980,0616728b7286:1:d7aab0c8,2803680,000003c1bac2362ec29b558a527d2d180b615c6833d72664b6c898750c1be24d,344.0,22655.814,17,
3962489d-b95d-4aa1-9480-c13d2475d86a,6856f1f5-6b78-45e1-9b0e-c160c9907fc3,426fdd7a-37cb-40d9-b4fc-e698563caa9d,400,workload-20260609T133920373955Z,41,4,2,2026-06-09T13:53:02.420129Z,2026-06-09T13:53:02.707127Z,2026-06-09T13:53:13.143785Z,202,completed,15,10140,846f4f1cc24e:1:3158618c,8590,00000c1fee4352ce60fd3f73586ac46233103134e22c8f9b40e08734d51665ee,282.0,10723.656,5,
35e280be-aa1d-4b91-9a98-ef79a65e8d97,147e3f8b-18d7-4588-b581-f3ff27f543fb,426fdd7a-37cb-40d9-b4fc-e698563caa9d,400,workload-20260609T133920373955Z,42,4,2,2026-06-09T13:53:02.421130Z,2026-06-09T13:53:02.705131Z,2026-06-09T13:53:13.960157Z,202,completed,1962,11232,0616728b7286:1:e00a89ab,657708,0000024632ebb283349708c7ed1a236bca853b022dbd8606c227d757f77052ae,282.0,11539.027,7,
106fb93b-c9b9-480e-b7e1-8b5da46a00e7,6a0e928a-884a-4d1a-83d6-d10433567040,426fdd7a-37cb-40d9-b4fc-e698563caa9d,400,workload-20260609T133920373955Z,43,4,2,2026-06-09T13:53:02.422130Z,2026-06-09T13:53:02.709130Z,2026-06-09T13:53:14.349030Z,202,completed,39,10600,f112958ae7d8:1:023b599b,21593,00000278033d95a3b00799ecfb76cf5eaf044bcfaef2f14dfb314ac6f51078fe,282.0,11926.9,7,
4d6f89d5-6dd9-43c7-9406-bba6309a6f9a,67dd84b8-9e9b-4d7e-98bb-fdb9f43017be,426fdd7a-37cb-40d9-b4fc-e698563caa9d,400,workload-20260609T133920373955Z,44,4,2,2026-06-09T13:53:02.423128Z,2026-06-09T13:53:02.700129Z,2026-06-09T13:53:19.495341Z,202,completed,5506,15959,846f4f1cc24e:1:857ecdf2,3404083,000004c55308833b443f7234f9ccfebf89e4caf65c2b625743ede5a3ab9bb515,282.0,17072.213,12,
f2240383-c575-4b79-950e-353667b28098,04bcbe7e-a1d5-4c45-9c91-b9952ecc7b4f,426fdd7a-37cb-40d9-b4fc-e698563caa9d,400,workload-20260609T133920373955Z,45,4,2,2026-06-09T13:53:02.429127Z,2026-06-09T13:53:02.763130Z,2026-06-09T13:53:15.104252Z,202,completed,251,12249,f112958ae7d8:1:90f64ab4,284319,00000b360035e72506523dc347fdec85e8737944f2cecb72d457d301139e969e,344.0,12675.125,8,
05c15966-37d0-4516-bf33-6b54eef5f6b9,bf23870f-ecc9-4f43-817b-48ae7388582a,426fdd7a-37cb-40d9-b4fc-e698563caa9d,400,workload-20260609T133920373955Z,46,4,2,2026-06-09T13:53:02.432129Z,2026-06-09T13:53:02.765130Z,2026-06-09T13:53:17.046079Z,202,completed,514,13848,f112958ae7d8:1:1e8011ca,499521,000006d1cac494373fddf7bdaef5fb8cabbdbbb6eb2a99dc2f1b457e9acdff5a,344.0,14613.95,10,
40c92dbc-6966-47eb-9174-226ff9a85451,e892ffd6-9fd8-403a-acf9-b605e87b5473,426fdd7a-37cb-40d9-b4fc-e698563caa9d,400,workload-20260609T133920373955Z,47,4,2,2026-06-09T13:53:02.435129Z,2026-06-09T13:53:02.739131Z,2026-06-09T13:53:16.370295Z,202,completed,594,13013,f112958ae7d8:1:4caa5e93,426187,00000bae75482009f9c91e0c0445c0387c360ff45f1d3eaaf39e86091621a4b6,297.0,13935.166,10,
ac0c83c7-4289-455d-8e40-67d866dea48c,cc1664d2-9421-4db1-a623-a849c5c859cd,426fdd7a-37cb-40d9-b4fc-e698563caa9d,400,workload-20260609T133920373955Z,48,4,2,2026-06-09T13:53:02.436127Z,2026-06-09T13:53:02.722129Z,2026-06-09T13:53:23.688947Z,202,completed,8825,20299,0616728b7286:1:4e798cd0,2406068,00000592de8daa4befbfb218412a655f93982557044ecb8ed27f3cda084cbd70,281.0,21252.82,14,
8a8582a8-e3c4-4598-887a-28e7f2253339,aa656700-1c3f-47d5-8b59-420395ea11af,426fdd7a-37cb-40d9-b4fc-e698563caa9d,400,workload-20260609T133920373955Z,49,4,2,2026-06-09T13:53:02.438127Z,2026-06-09T13:53:02.770129Z,2026-06-09T13:53:17.047081Z,202,completed,1148,13893,9d8c9f4c40ba:1:7dd23a11,409725,000007250b85f6098921c0b0bf3ca5bf3bfedc7cdf66228ec133fc9db2d8341e,328.0,14608.954,10,
7c38a933-4b2a-44d3-a067-a7928c8ed07f,2173c2a4-83f5-40c8-a08d-8120ac23443c,426fdd7a-37cb-40d9-b4fc-e698563caa9d,400,workload-20260609T133920373955Z,50,4,2,2026-06-09T13:53:02.439131Z,2026-06-09T13:53:02.761132Z,2026-06-09T13:53:15.575294Z,202,completed,756,11748,f112958ae7d8:1:8660a422,442954,000002f502b7ccaecf12bb04b4f0df9ed0c9f0227b48efc1abf2c3086b897bc2,312.0,13136.163,7,
348cfb1b-2a21-4c8e-b63c-2ff46065b81c,7b7eccb8-e04d-4293-88fd-85db1e8040b6,426fdd7a-37cb-40d9-b4fc-e698563caa9d,400,workload-20260609T133920373955Z,51,4,2,2026-06-09T13:53:02.441129Z,2026-06-09T13:53:02.756130Z,2026-06-09T13:53:16.824079Z,202,completed,2732,13854,9d8c9f4c40ba:1:48faad8f,988524,00000fe221a57fb613d442205c0e010f126d53efd7152c1c0eef001bc39726d0,312.0,14382.95,9,
6465f88f-7132-4c66-a3a8-f4e661b06edd,b838e563-d6bb-40fa-8f87-37a4bad2a6ad,426fdd7a-37cb-40d9-b4fc-e698563caa9d,400,workload-20260609T133920373955Z,52,4,2,2026-06-09T13:53:02.447129Z,2026-06-09T13:53:02.758131Z,2026-06-09T13:53:16.696079Z,202,completed,738,13417,f112958ae7d8:1:e1719142,530649,000003bed0f6bac1e12aca6d8d2237dbd8be0b50fadf8639534af1715d40d90a,312.0,14248.95,9,
6d88f1f3-0e33-4523-b1d0-98472de95a14,a7ed07a4-21d0-4f09-ad38-0bafa537ce74,426fdd7a-37cb-40d9-b4fc-e698563caa9d,400,workload-20260609T133920373955Z,53,4,2,2026-06-09T13:53:02.453129Z,2026-06-09T13:53:02.831129Z,2026-06-09T13:53:19.235342Z,202,completed,2074,16314,9d8c9f4c40ba:1:8c025f48,839554,00000eac7c19cac940df36bca5b35810d2f33307202346593f400a382a248269,375.0,16782.213,10,
c0543914-9958-4915-ab0f-15fe3572a6a9,c1ca56c7-2a30-472e-929b-a0815e44cea2,426fdd7a-37cb-40d9-b4fc-e698563caa9d,400,workload-20260609T133920373955Z,54,4,2,2026-06-09T13:53:02.455131Z,2026-06-09T13:53:02.856129Z,2026-06-09T13:53:24.333945Z,202,completed,6267,21513,f112958ae7d8:1:52f43a4f,4212430,000009132480583098f4779d9f343b09199362fb660b3c2bdfbb4b84f5be4be5,406.0,21878.814,15,
a8701055-2423-4dd4-aba6-68c3bb6a534f,aac9f71c-acea-4724-b4c3-19c727f4c7c0,426fdd7a-37cb-40d9-b4fc-e698563caa9d,400,workload-20260609T133920373955Z,55,4,2,2026-06-09T13:53:02.458130Z,2026-06-09T13:53:02.803132Z,2026-06-09T13:53:19.143344Z,202,completed,1670,15877,9d8c9f4c40ba:1:d482efc5,601427,00000820edd99a2f282d26c37d03855f932c691fe013dfbd262cce33231407b9,343.0,16685.214,11,
edae2187-d131-471c-a72b-10680523fece,2444132f-cfe2-41bb-8700-f8e40644c4a8,426fdd7a-37cb-40d9-b4fc-e698563caa9d,400,workload-20260609T133920373955Z,56,4,2,2026-06-09T13:53:02.460130Z,2026-06-09T13:53:02.827130Z,2026-06-09T13:53:17.961082Z,202,completed,518,14858,f112958ae7d8:1:c36ce1ef,324531,00000f2dc08536bde48c6075d2fe361807371b50eac25aabaa66400b3bff139e,375.0,15500.952,11,
a26166f7-a789-49d8-89b8-2d43ea0de982,1558de5b-e8be-420d-9f2b-f850909ce29d,426fdd7a-37cb-40d9-b4fc-e698563caa9d,400,workload-20260609T133920373955Z,57,4,2,2026-06-09T13:53:02.464129Z,2026-06-09T13:53:02.800128Z,2026-06-09T13:53:19.439341Z,202,completed,1732,15792,f112958ae7d8:1:db50dc10,1261052,00000388a77224746610b252585570363389c27db4b8bc1697e3108365da98f7,343.0,16975.212,11,
46a60d14-0c70-47d0-9854-a975937beb93,3f8ca3fa-7c74-4421-903d-5c1155ab26b8,426fdd7a-37cb-40d9-b4fc-e698563caa9d,400,workload-20260609T133920373955Z,58,4,2,2026-06-09T13:53:02.473131Z,2026-06-09T13:53:02.890131Z,2026-06-09T13:53:24.050946Z,202,completed,4319,20370,846f4f1cc24e:1:6aec6474,2888680,000009b073b500d6fa442e5cfbd7c430f8d063af2b21fa4036b5b1836db1d634,422.0,21577.815,16,
d0a08183-63ef-45fd-8ecf-9c38c2728899,dcecb5dd-fd05-4674-9d8b-613d0ed6aad6,426fdd7a-37cb-40d9-b4fc-e698563caa9d,400,workload-20260609T133920373955Z,59,4,2,2026-06-09T13:53:02.476136Z,2026-06-09T13:53:02.859132Z,2026-06-09T13:53:20.086383Z,202,completed,282,16426,f112958ae7d8:1:40bb7b83,171312,000005e13b5e33f8fed29711d1cea5e2d245f4fafb4b96653971cf6b7f6d4326,391.0,17610.247,12,
2a6b0d7a-3482-41cf-bc0d-7322e5f4e3db,6627e4ea-5351-4f16-bafa-8079df9f6226,426fdd7a-37cb-40d9-b4fc-e698563caa9d,400,workload-20260609T133920373955Z,60,4,2,2026-06-09T13:53:02.478130Z,2026-06-09T13:53:02.897129Z,2026-06-09T13:53:20.345383Z,202,completed,182,16833,f112958ae7d8:1:74aea5ef,107090,00000cd3b34086b5190b0e6b16184f0d0057e42ba4f349d91e76d7433dd208e9,422.0,17867.253,12,
08b53a0e-93fc-455e-8eae-a61d923be5e9,c6b5b985-81cf-44bf-8280-d9ffc6a2108c,426fdd7a-37cb-40d9-b4fc-e698563caa9d,400,workload-20260609T133920373955Z,61,4,2,2026-06-09T13:53:02.480130Z,2026-06-09T13:53:02.887129Z,2026-06-09T13:53:26.042744Z,202,completed,4894,22798,9d8c9f4c40ba:1:0401e945,1763155,0000080fbffcad0a1f383667265e30ec0ad6f62a08487fc8a30e954d338bc3cf,422.0,23562.614,17,
4f923b60-dc78-45cf-81ed-db6ae2dce7a4,4f14bff7-ee91-4357-9d6a-2b9334c852f0,426fdd7a-37cb-40d9-b4fc-e698563caa9d,400,workload-20260609T133920373955Z,62,4,2,2026-06-09T13:53:02.482130Z,2026-06-09T13:53:02.884130Z,2026-06-09T13:53:22.795905Z,202,completed,2326,18912,9d8c9f4c40ba:1:45dd288f,891903,00000012f977789a1cb7437dcdd1a49957f7149ef547291594f704f4cf0372a8,390.0,20313.775,14,
cf6aa5a5-278a-4718-9f56-b00fd3986285,e4dd8e1d-8e38-4823-8a0e-4ac190169ac2,426fdd7a-37cb-40d9-b4fc-e698563caa9d,400,workload-20260609T133920373955Z,63,4,2,2026-06-09T13:53:02.483129Z,2026-06-09T13:53:02.893130Z,2026-06-09T13:53:19.826342Z,202,completed,152,16950,846f4f1cc24e:1:98938ae8,83593,00000bd4de568e513b886de3af0c43f265f68968a7c51820fcfbf46204390d6b,406.0,17343.213,11,
c2785f39-f73f-46b9-b22e-c363c1bb4c9a,b65106c2-4e84-48ea-8dee-c4e58792b37d,426fdd7a-37cb-40d9-b4fc-e698563caa9d,400,workload-20260609T133920373955Z,64,4,2,2026-06-09T13:53:02.492129Z,2026-06-09T13:53:02.927130Z,2026-06-09T13:53:26.912759Z,202,completed,1310,23023,f112958ae7d8:1:ac6ab4e7,860840,00000e04bf63b642c5bcbcbad901167af04e0907205df080082deeceefee447f,437.0,24420.63,17,
77486662-0907-4ff8-9e53-2b7ef562e898,11fbc59b-262f-4e2a-a3af-488e2bdb479f,426fdd7a-37cb-40d9-b4fc-e698563caa9d,400,workload-20260609T133920373955Z,65,4,2,2026-06-09T13:53:02.493129Z,2026-06-09T13:53:02.930148Z,2026-06-09T13:53:25.746741Z,202,completed,455,22126,846f4f1cc24e:1:2e0b6194,267902,0000006c05095a9300ab6a75d0de082bfe69e822521ec69d9f901b1ef29da29b,437.0,23253.612,17,
35d54ea9-a80b-4cea-917c-e9cb28520e27,d462f7bf-0c3c-47bf-847a-b15f40db2013,426fdd7a-37cb-40d9-b4fc-e698563caa9d,400,workload-20260609T133920373955Z,66,4,2,2026-06-09T13:53:02.494130Z,2026-06-09T13:53:02.862128Z,2026-06-09T13:53:20.637384Z,202,completed,1608,17708,9d8c9f4c40ba:1:4210f053,664003,000008b5f2d56fe7812276d0aac9bc6e24d37576d46201b3982f4c858ef822fa,375.0,18143.254,13,
81ace195-79ec-4393-9177-6a5c43ab8662,d07403ee-5cf2-427e-b045-b944e94bfc76,426fdd7a-37cb-40d9-b4fc-e698563caa9d,400,workload-20260609T133920373955Z,67,4,2,2026-06-09T13:53:02.496128Z,2026-06-09T13:53:02.900131Z,2026-06-09T13:53:26.331759Z,202,completed,5081,22558,846f4f1cc24e:1:6a641b35,3342431,00000681b4a928171318a505cb99a3b9e20a6bb46c22a7204ddaad4763a0ca51,391.0,23835.631,17,
fceb9311-6b1c-4965-80bc-078e9826e2fd,9f674d67-b0f9-458f-ba07-09efe3b2008e,426fdd7a-37cb-40d9-b4fc-e698563caa9d,400,workload-20260609T133920373955Z,68,4,2,2026-06-09T13:53:02.497129Z,2026-06-09T13:53:02.969144Z,2026-06-09T13:53:26.332757Z,202,completed,177,23226,9d8c9f4c40ba:1:5ed10bfd,93741,00000a5c9f3742c56324a010e8605d3935369f737e61af433a3f377bac547258,469.0,23835.628,18,
58916951-d497-40ce-8884-1d6bb4df01ca,c6498d51-75dd-4264-b37b-14585019279c,426fdd7a-37cb-40d9-b4fc-e698563caa9d,400,workload-20260609T133920373955Z,69,4,2,2026-06-09T13:53:02.498131Z,2026-06-09T13:53:02.966146Z,2026-06-09T13:53:28.470707Z,202,completed,2295,24571,846f4f1cc24e:1:3d6d060e,1784369,000004a68ba968c1e61dbdfd59160abbd3b227d72e184aba36b8ec204a492497,469.0,25972.576,20,
dff1445d-8102-480a-a890-73a3a24006e0,67322813-228c-4e83-9c03-c0855b9bc896,426fdd7a-37cb-40d9-b4fc-e698563caa9d,400,workload-20260609T133920373955Z,70,4,2,2026-06-09T13:53:02.506129Z,2026-06-09T13:53:02.993144Z,2026-06-09T13:53:27.453910Z,202,completed,2122,24363,0616728b7286:1:fd1e3a91,706159,0000050e66372011f219f66e4943dbbd4ff8c7ef14943eb26ac2103f2fb2a672,485.0,24947.781,18,
700fe29a-71f9-4c75-a837-7eb446e3d02d,5a86b702-b7f2-448a-afb7-43490f38b370,426fdd7a-37cb-40d9-b4fc-e698563caa9d,400,workload-20260609T133920373955Z,71,4,2,2026-06-09T13:53:02.508127Z,2026-06-09T13:53:02.988146Z,2026-06-09T13:53:26.571757Z,202,completed,165,23549,f112958ae7d8:1:f82d17a6,144324,0000064e3537a73ce1278de089727159a37756eab3d63513ec61620e45c718e4,485.0,24063.63,17,
63e7329a-b786-47e2-be22-c204c4c95f5e,bbef7ae6-0bc2-4687-8ff5-01778a22da3e,426fdd7a-37cb-40d9-b4fc-e698563caa9d,400,workload-20260609T133920373955Z,72,4,2,2026-06-09T13:53:02.509128Z,2026-06-09T13:53:02.980145Z,2026-06-09T13:53:27.364756Z,202,completed,77,23611,f112958ae7d8:1:0ff952b2,43332,00000d6ed355f4454fb79f3c01eae712981311cd82c387531496e9919968441f,469.0,24855.628,19,
7d4661cd-1830-4f6b-8a1f-720a87b9f773,175f4a7a-2d89-4b94-ae64-77a31e68898c,426fdd7a-37cb-40d9-b4fc-e698563caa9d,400,workload-20260609T133920373955Z,73,4,2,2026-06-09T13:53:02.510128Z,2026-06-09T13:53:02.984146Z,2026-06-09T13:53:26.384759Z,202,completed,1166,23063,f112958ae7d8:1:4375f6c2,715306,00000579645c555d33695b7068377e2c171c8bb6127c2a796d4b68f9fbd4b9e0,485.0,23874.631,18,
b69b94b0-bd00-4dfc-a70f-25a6e7f8da20,c03cadae-cde7-4c69-8409-58b64ddac9da,426fdd7a-37cb-40d9-b4fc-e698563caa9d,400,workload-20260609T133920373955Z,74,4,2,2026-06-09T13:53:02.511129Z,2026-06-09T13:53:02.973147Z,2026-06-09T13:53:27.474708Z,202,completed,3489,23977,0616728b7286:1:3c8e5204,1069661,00000d01b528d96cbb8f8e14bd84bc92d2ba26f0bc6b9a7dadad72384b981950,469.0,24963.579,19,
58c8c975-25f8-48d9-999d-a0ec94e4ff8a,a55f9b17-cb1c-415e-8585-c0487e0bbcb3,426fdd7a-37cb-40d9-b4fc-e698563caa9d,400,workload-20260609T133920373955Z,75,4,2,2026-06-09T13:53:02.513128Z,2026-06-09T13:53:02.976144Z,2026-06-09T13:53:26.257760Z,202,completed,4004,23201,9d8c9f4c40ba:1:3eadc00a,1430982,00000e4b9fbbd8a0c80ea9cc56874cd37190c6405f313717ff314cf82a56a979,453.0,23744.632,18,
25ecc0f2-3748-46d5-b264-a556e0492429,bf15da85-a3f1-4586-8573-5742e624ef52,426fdd7a-37cb-40d9-b4fc-e698563caa9d,400,workload-20260609T133920373955Z,76,4,2,2026-06-09T13:53:02.526129Z,2026-06-09T13:53:02.805130Z,2026-06-09T13:53:16.843082Z,202,completed,123,13888,f112958ae7d8:1:fd372d2a,93196,0000039b42dab689aa80f3af8e6b047e9e3912458650c84d1dd0bfcbf41cee85,281.0,14316.953,9,
bf0b0136-bdd3-4c06-89bf-7cdfbb63c48d,57b4e7b0-c673-4289-abe0-85dcb15c8e4c,426fdd7a-37cb-40d9-b4fc-e698563caa9d,400,workload-20260609T133920373955Z,77,4,2,2026-06-09T13:53:02.527132Z,2026-06-09T13:53:03.152145Z,2026-06-09T13:53:30.053619Z,202,completed,2959,26759,f112958ae7d8:1:a4bd8ecf,2032035,00000e3a4a7ebf5bab7f20a4a6978eb492857ae585db5e7ca12b2d11ba07764e,625.0,27526.487,21,
47052fc1-840d-4aad-b337-da91f2a9b90a,48af059f-5960-49f3-b706-ba2ab7697580,426fdd7a-37cb-40d9-b4fc-e698563caa9d,400,workload-20260609T133920373955Z,78,4,2,2026-06-09T13:53:02.528129Z,2026-06-09T13:53:03.532754Z,2026-06-09T13:53:30.315615Z,202,completed,1210,26095,846f4f1cc24e:1:fc6995cb,862194,0000054c85aaab7f7ffcda8b098c72434d01c16aa5e89c383cbb221ab94a26d9,1000.0,27787.486,20,
42fb3ab5-ba14-4019-b084-a2b3e1560851,fc765048-3f8a-44d4-a7de-fd12e18de4b2,426fdd7a-37cb-40d9-b4fc-e698563caa9d,400,workload-20260609T133920373955Z,79,4,2,2026-06-09T13:53:02.530131Z,2026-06-09T13:53:03.910263Z,2026-06-09T13:53:34.235510Z,202,completed,324,29407,f112958ae7d8:1:90a9b935,349248,00000058565bd1f1c770b217601aee3662e6af028090df23a65d4fdd8e6cabce,1375.0,31705.379,24,
009895fb-c0e4-47e9-878e-5cf9bbb7e2a9,2d5b871c-c6f1-40b7-9492-9c158c88e9a3,426fdd7a-37cb-40d9-b4fc-e698563caa9d,400,workload-20260609T133920373955Z,80,4,2,2026-06-09T13:53:02.531129Z,2026-06-09T13:53:03.432752Z,2026-06-09T13:53:29.023707Z,202,completed,498,25042,f112958ae7d8:1:16cffbe9,293717,000004fb2599917fe9c9d8db143b0cf85d52437261e18a527cba82a0880d2e0f,890.0,26492.578,20,
87cd531d-e515-4c36-b94b-ed566a397fcf,8388136f-94d2-4250-8b57-517435fc8f35,426fdd7a-37cb-40d9-b4fc-e698563caa9d,400,workload-20260609T133920373955Z,81,4,2,2026-06-09T13:53:02.532132Z,2026-06-09T13:53:03.314576Z,2026-06-09T13:53:29.098708Z,202,completed,677,25169,846f4f1cc24e:1:c68a5a78,649250,00000fe8bf860e1d0855727d00605d7f1bfa8f6eb1232e33da423ad3fb39362f,781.0,26566.576,19,
c43a0b6a-5186-42f8-b17d-53bcfdd0aa3c,194d1c4e-aca3-40ec-86c5-02f9ace70265,426fdd7a-37cb-40d9-b4fc-e698563caa9d,400,workload-20260609T133920373955Z,82,4,2,2026-06-09T13:53:02.533132Z,2026-06-09T13:53:03.787751Z,2026-06-09T13:53:32.557509Z,202,completed,1343,28327,9d8c9f4c40ba:1:05bd8adb,527991,000001064d9e8c355c860b386efe979aaa05fbb3b5b3f01d2deb6f055a179727,1250.0,30024.377,23,
b82fd7f7-b127-4ade-a39f-ad43af6e7c8e,ce87b432-d2d3-4420-ae71-51511d55e9cd,426fdd7a-37cb-40d9-b4fc-e698563caa9d,400,workload-20260609T133920373955Z,83,4,2,2026-06-09T13:53:02.547127Z,2026-06-09T13:53:02.836130Z,2026-06-09T13:53:19.532342Z,202,completed,1207,16553,846f4f1cc24e:1:fc40e59f,925875,0000023aca5c02d88c70625e2b23019b58822015b132e6ae4d2898b2cf5e1a77,282.0,16985.215,11,
0e0146d5-ed59-4d25-8c43-e222537731b0,e24dd8d2-2299-49fe-8d6a-899ce7d2de5f,426fdd7a-37cb-40d9-b4fc-e698563caa9d,400,workload-20260609T133920373955Z,84,4,2,2026-06-09T13:53:02.549131Z,2026-06-09T13:53:03.991785Z,2026-06-09T13:53:36.412775Z,202,completed,1069,32306,846f4f1cc24e:1:5ca68ab6,771973,0000050df3f3e8a1c230cdeb2eb1d8946a80b2aa24d093380b9e0342f05e17c3,1438.0,33863.644,27,
444c85e1-7c2b-44d0-80f7-4b6793b3ae88,497149fe-307c-442a-8f6a-4d65e34b6ca2,426fdd7a-37cb-40d9-b4fc-e698563caa9d,400,workload-20260609T133920373955Z,85,4,2,2026-06-09T13:53:02.551129Z,2026-06-09T13:53:03.984783Z,2026-06-09T13:53:38.539224Z,202,completed,3291,33557,f112958ae7d8:1:c02f726d,2379504,00000a02050bf4d3da3fb0ec4fe73869f38b2e4bb9465cd67ce5bfd7a3bfd152,1438.0,35988.095,28,
6bf9bbfd-bda9-42f7-965d-435b958b603b,9c7827f7-1686-4db7-b79b-808e84cb1686,426fdd7a-37cb-40d9-b4fc-e698563caa9d,400,workload-20260609T133920373955Z,86,4,2,2026-06-09T13:53:02.552130Z,2026-06-09T13:53:03.665752Z,2026-06-09T13:53:30.656613Z,202,completed,844,26863,9d8c9f4c40ba:1:3c3ed533,292807,00000cfba2d022258e0f77b57d3823bf84593c98efd11f1af67858583d94a678,1110.0,28104.483,20,
1faad61a-663c-48f2-a3bb-ac8b9cebd6a2,9ef64d48-3357-4553-aa4b-560c48476bb5,426fdd7a-37cb-40d9-b4fc-e698563caa9d,400,workload-20260609T133920373955Z,87,4,2,2026-06-09T13:53:02.554130Z,2026-06-09T13:53:03.894262Z,2026-06-09T13:53:33.805510Z,202,completed,220,29700,9d8c9f4c40ba:1:7a56ecb7,107611,000008faa7a0c8dc77717efb525ebdc248407058723d8ba4bb773b68a68997b3,1344.0,31251.38,23,
d521ba45-4cd5-4a7b-9274-9c3d58beea56,f265d59d-cd81-43b7-8471-6c26622d2a01,426fdd7a-37cb-40d9-b4fc-e698563caa9d,400,workload-20260609T133920373955Z,88,4,2,2026-06-09T13:53:02.555129Z,2026-06-09T13:53:03.724752Z,2026-06-09T13:53:37.208224Z,202,completed,6963,33448,0616728b7286:1:b39927ab,2497921,00000decbeabe22cc5f586e689d715749a9ac8cd51019f7980dd90f80a0005aa,1172.0,34653.095,27,
27ac3a2c-bcf5-42c4-9156-af3537169dfb,de209af9-e8b5-4316-aa5c-827d1ed92409,426fdd7a-37cb-40d9-b4fc-e698563caa9d,400,workload-20260609T133920373955Z,89,4,2,2026-06-09T13:53:02.556129Z,2026-06-09T13:53:03.944783Z,2026-06-09T13:53:43.845029Z,202,completed,9524,39450,9d8c9f4c40ba:1:b190891f,5230198,0000059f2c95904b95f84a9bdea3256c955c6f123f5decd85a2103ca9e79f7fa,1391.0,41288.9,32,
ba30942a-fa96-4f30-9be2-7879882b6914,2053231e-8499-4829-8ed7-6eb1b5c5e229,426fdd7a-37cb-40d9-b4fc-e698563caa9d,400,workload-20260609T133920373955Z,90,4,2,2026-06-09T13:53:02.558129Z,2026-06-09T13:53:03.066147Z,2026-06-09T13:53:29.403707Z,202,completed,2195,25542,9d8c9f4c40ba:1:4b6b7719,927906,0000001b8c1d24fb353416fa562a5982a6808c71fafa6701c8a594eabd0c9360,516.0,26845.578,19,
c039842b-4316-452b-8207-63be9f18f88c,afbc6106-5696-43d9-931d-b9cb404d6f01,426fdd7a-37cb-40d9-b4fc-e698563caa9d,400,workload-20260609T133920373955Z,91,4,2,2026-06-09T13:53:02.559129Z,2026-06-09T13:53:03.231147Z,2026-06-09T13:53:27.550704Z,202,completed,296,24315,846f4f1cc24e:1:f4af4902,212580,00000bb7697fe2e4e844fddac22269e2870d0408acd952e1cc7afe8e6558a718,672.0,24991.575,19,
84a079be-766a-4fcd-99ab-7c121b2844f7,ab63b9b6-87c3-4c04-9b62-3d3affc66cda,426fdd7a-37cb-40d9-b4fc-e698563caa9d,400,workload-20260609T133920373955Z,92,4,2,2026-06-09T13:53:02.561130Z,2026-06-09T13:53:03.826751Z,2026-06-09T13:53:33.166509Z,202,completed,1417,29191,9d8c9f4c40ba:1:05b02440,580682,000005e2386ee901d2c076a7990b0905e1fec86a140633f367d74cd360a7361b,1266.0,30605.379,23,
cb68f3ae-573d-44e0-af8d-ca46435fe7d5,1db83f4f-d2e1-4c0c-afef-34344156d409,426fdd7a-37cb-40d9-b4fc-e698563caa9d,400,workload-20260609T133920373955Z,93,4,2,2026-06-09T13:53:02.562130Z,2026-06-09T13:53:03.561755Z,2026-06-09T13:53:30.388614Z,202,completed,1117,26388,f112958ae7d8:1:f13e46f0,716881,000001354b290f62e2e33169aeffddc25e8f4c9c4bdb29ef6946c827cc0e6673,1000.0,27826.484,21,
2abbd644-10c2-40ec-8026-d1993b370963,dc300f0a-d32d-41ba-9eb7-6ed27344bd89,426fdd7a-37cb-40d9-b4fc-e698563caa9d,400,workload-20260609T133920373955Z,94,4,2,2026-06-09T13:53:02.563129Z,2026-06-09T13:53:03.155147Z,2026-06-09T13:53:28.088708Z,202,completed,965,24668,f112958ae7d8:1:81f6c089,592860,000009346b777c419073f9d258cf9a4d9b1d614df2181e00c0e0ebb7a7d414f3,594.0,25525.579,18,
1099bdc0-143e-4514-8c6a-fc44e24160a9,4139df21-2e61-4ae6-b511-19312c714d21,426fdd7a-37cb-40d9-b4fc-e698563caa9d,400,workload-20260609T133920373955Z,95,4,2,2026-06-09T13:53:02.579129Z,2026-06-09T13:53:02.917131Z,2026-06-09T13:53:25.247944Z,202,completed,4409,21556,f112958ae7d8:1:db1c3fb2,2729523,000005035ee598e5bf7ea7f87286d16a5dd0aecb70cebfabecd828c0c03fe187,328.0,22668.815,16,
af4eca00-f2c6-492c-8fc4-b0a8527bf233,3eada2f5-366b-4991-9e8d-227a54fdc9d2,426fdd7a-37cb-40d9-b4fc-e698563caa9d,400,workload-20260609T133920373955Z,96,4,2,2026-06-09T13:53:02.580129Z,2026-06-09T13:53:03.579754Z,2026-06-09T13:53:29.744616Z,202,completed,545,25703,9d8c9f4c40ba:1:a38631b5,214690,000007eddfb80b8e45f0d0bbf002ec846528e4085a782a259f737137f1c80ccf,1000.0,27164.487,20,
7791cc4f-7f28-4b45-a78c-cf5b3b5f5f24,0019fa77-f68a-4702-9f2b-ee89765ec4b8,426fdd7a-37cb-40d9-b4fc-e698563caa9d,400,workload-20260609T133920373955Z,97,4,2,2026-06-09T13:53:02.582129Z,2026-06-09T13:53:03.971784Z,2026-06-09T13:53:36.508776Z,202,completed,796,31803,0616728b7286:1:ea19d440,246626,0000052379d581c1a24003d13a3f92cce599940ded7e56454de888876a49c23b,1390.0,33926.647,26,
4cff018d-9ccc-4780-bbe0-7bc3461bc83f,d98c9737-a650-4cf1-9716-f50f425707de,426fdd7a-37cb-40d9-b4fc-e698563caa9d,400,workload-20260609T133920373955Z,98,4,2,2026-06-09T13:53:02.583128Z,2026-06-09T13:53:03.923261Z,2026-06-09T13:53:34.724774Z,202,completed,588,30121,f112958ae7d8:1:9bf9a9a3,407683,00000554b2f3ef5c304be015e820dccb58eb2391147f233c2e33a94c188cdde4,1343.0,32141.646,23,
3b49ed93-ef7c-48ba-b592-942c9194c40e,7257f186-3a84-4493-8dc7-547434851028,426fdd7a-37cb-40d9-b4fc-e698563caa9d,400,workload-20260609T133920373955Z,99,4,2,2026-06-09T13:53:02.585129Z,2026-06-09T13:53:03.872262Z,2026-06-09T13:53:33.826509Z,202,completed,586,29210,9d8c9f4c40ba:1:c4bb4087,233246,000003308166342ca059b522cd1230516dd27f3c3c0627d6188b6a404ed46ed9,1296.0,31241.38,23,
3084e458-7c64-40b7-9659-e97107b5e229,12d692ad-6ac9-4d89-bf74-92ad2430ceeb,426fdd7a-37cb-40d9-b4fc-e698563caa9d,400,workload-20260609T133920373955Z,100,4,2,2026-06-09T13:53:02.586129Z,2026-06-09T13:53:03.318286Z,2026-06-09T13:53:28.711708Z,202,completed,323,24668,0616728b7286:1:492167d4,92785,00000756bab212a54e8a97081dc7f801a1a0f18e9a5236e9c105d9a7e26b2256,734.0,26125.579,20,
e3478d91-05a5-408e-bd57-9a634da03169,6fa204d8-4e80-4d5e-b5c4-347660aa1b2f,426fdd7a-37cb-40d9-b4fc-e698563caa9d,400,workload-20260609T133920373955Z,101,4,2,2026-06-09T13:53:02.588129Z,2026-06-09T13:53:03.867261Z,2026-06-09T13:53:34.276509Z,202,completed,149,29340,f112958ae7d8:1:96b9ee90,140736,00000cdab0c0ff4ba443bc5b624319561d5b5d8fcfbedd617ee31950a678008e,1281.0,31688.38,24,
a1ba89c6-7b88-4a66-983b-3c7d20426526,2500d08c-ca2a-455d-b8ad-61ad35ddbb9a,426fdd7a-37cb-40d9-b4fc-e698563caa9d,400,workload-20260609T133920373955Z,102,4,2,2026-06-09T13:53:02.589129Z,2026-06-09T13:53:03.110147Z,2026-06-09T13:53:27.899710Z,202,completed,1030,24601,9d8c9f4c40ba:1:f8824b79,351765,000005762b53c24788d4dee070b8ef991ec073c65dbfd85de48faf407f317f83,531.0,25310.581,18,
61c457d6-256e-4310-8919-bd1de826cfd0,2157cea9-bdb5-486d-a087-44b12b21f1bc,426fdd7a-37cb-40d9-b4fc-e698563caa9d,400,workload-20260609T133920373955Z,103,4,2,2026-06-09T13:53:02.591129Z,2026-06-09T13:53:03.997784Z,2026-06-09T13:53:36.285775Z,202,completed,106,31399,f112958ae7d8:1:178b2042,64770,00000344552c663bd732585cf98a4b41b35137ad1c71d21f0600a91d86d2d3ac,1406.0,33694.646,25,
8233b0da-f04d-4b3d-92cf-276fcf34fa13,d0a42264-04fa-43db-8dfe-51a47e5357d4,426fdd7a-37cb-40d9-b4fc-e698563caa9d,400,workload-20260609T133920373955Z,104,4,2,2026-06-09T13:53:02.592129Z,2026-06-09T13:53:03.957783Z,2026-06-09T13:53:39.279031Z,202,completed,2748,34581,f112958ae7d8:1:d2f67d48,2073550,00000e63eb782d1dd50f7bf1bb67962d6313f1d20349d50eab289d5be3cf93ff,1360.0,36686.902,28,
8824b36a-bdfa-4f72-a94d-807c42d4b044,0ff9dca7-67fa-4620-b4e9-dca58a6ff4d4,426fdd7a-37cb-40d9-b4fc-e698563caa9d,400,workload-20260609T133920373955Z,105,4,2,2026-06-09T13:53:02.594129Z,2026-06-09T13:53:03.938784Z,2026-06-09T13:53:39.277031Z,202,completed,4812,34332,9d8c9f4c40ba:1:4e5c4642,1768795,00000540f286a1c6413587a17715675849eddd05de575e7f6b990cd304a0a5fe,1344.0,36682.902,28,
1c35cb65-9d95-4b3e-86db-0b4f3ea2dba9,9fbf010f-3596-4e9c-abac-24d032a5f43c,426fdd7a-37cb-40d9-b4fc-e698563caa9d,400,workload-20260609T133920373955Z,106,4,2,2026-06-09T13:53:02.595129Z,2026-06-09T13:53:03.841752Z,2026-06-09T13:53:35.982775Z,202,completed,4026,32099,846f4f1cc24e:1:7ebbdeea,2637395,00000c24c7e469d0ef8a5ad672497532f6ce84692ee9110760ccee10354d17e9,1250.0,33387.646,26,
2c5ca457-1dab-45d2-b9c0-36dc37f3d5ae,933456dd-4722-4c18-bcee-8eb77db93050,426fdd7a-37cb-40d9-b4fc-e698563caa9d,400,workload-20260609T133920373955Z,107,4,2,2026-06-09T13:53:02.597130Z,2026-06-09T13:53:03.252144Z,2026-06-09T13:53:30.213614Z,202,completed,2289,26110,0616728b7286:1:8b0fd0f5,824101,00000148e2755c20fead10c7640b73f51134234229bd43aae2706ef483d376eb,656.0,27616.484,20,
357cbf95-234d-4da1-ba0f-5cc720fab6da,8c32c1ad-5859-4767-a1de-fbeb0437c05f,426fdd7a-37cb-40d9-b4fc-e698563caa9d,400,workload-20260609T133920373955Z,108,4,2,2026-06-09T13:53:02.626129Z,2026-06-09T13:53:03.028147Z,2026-06-09T13:53:25.187950Z,202,completed,926,21466,846f4f1cc24e:1:5a494218,541041,0000076cf3416ecc1eb36190700c8edc5f1ee383535ea2bb6bddeb9f30e8e055,407.0,22561.821,16,
6da09b8b-6880-4ca4-b2bf-84b1246dccd1,49b27ca8-2b78-45b5-90c1-bce408b93d20,426fdd7a-37cb-40d9-b4fc-e698563caa9d,400,workload-20260609T133920373955Z,109,4,2,2026-06-09T13:53:02.628129Z,2026-06-09T13:53:03.516752Z,2026-06-09T13:53:31.740617Z,202,completed,2164,27235,846f4f1cc24e:1:3b968670,1539212,00000a1f9bb1bc389f5105ff43abc98b58f6d64a759b0161e0fdffb772204c90,891.0,29112.488,22,
37e69ac6-2f73-4b42-a4b3-4be57e4fcd02,2c9f7f24-a4f2-4080-ab87-8f7990098849,426fdd7a-37cb-40d9-b4fc-e698563caa9d,400,workload-20260609T133920373955Z,110,4,2,2026-06-09T13:53:02.629129Z,2026-06-09T13:53:03.669752Z,2026-06-09T13:53:30.385616Z,202,completed,20,26101,0616728b7286:1:ddebd61f,5879,000007ba8dde91b817c2c51e5e493d0b299fbeff12cf7eeef86c6be918832b2e,1047.0,27756.487,20,
8cad2ce3-f9e3-4c27-ad36-550f6cf98194,932f169c-b7ec-4774-abe0-12dd6cc21e81,426fdd7a-37cb-40d9-b4fc-e698563caa9d,400,workload-20260609T133920373955Z,111,4,2,2026-06-09T13:53:02.631128Z,2026-06-09T13:53:03.402174Z,2026-06-09T13:53:28.629707Z,202,completed,38,24679,846f4f1cc24e:1:3cfa36bc,24440,0000093cc8b0e4bee42f49339719084ed28af61d5a7408c6f574b86c47f47ab4,766.0,25998.579,19,
e50f6507-253c-4566-b789-333bfc22b5ca,8e6e1fa7-e7a1-4623-88d1-f3a2cf419971,426fdd7a-37cb-40d9-b4fc-e698563caa9d,400,workload-20260609T133920373955Z,112,4,2,2026-06-09T13:53:02.633129Z,2026-06-09T13:53:03.623754Z,2026-06-09T13:53:31.537618Z,202,completed,1751,27571,9d8c9f4c40ba:1:ac6b0520,760920,000002aa21d75ad4c25cf27f27a2a9c3268acc329e019e45fec105629c747edf,1000.0,28904.489,21,
19dc9344-12b7-45d1-8faf-58376974035a,2d3e498e-13b8-41c1-9b70-a31869a4736c,426fdd7a-37cb-40d9-b4fc-e698563caa9d,400,workload-20260609T133920373955Z,113,4,2,2026-06-09T13:53:02.634129Z,2026-06-09T13:53:03.790752Z,2026-06-09T13:53:31.982618Z,202,completed,747,27863,846f4f1cc24e:1:76fd4ead,466379,00000c09c55c7e64e2db44287f2d0d2322e7d97c435c27f9f98e3dc359746bab,1157.0,29348.489,22,
f20fa484-6f0b-43e5-8ad1-cb790a080f29,a5fc8efe-51a1-4f2e-bd5f-4a969bdbd2e7,426fdd7a-37cb-40d9-b4fc-e698563caa9d,400,workload-20260609T133920373955Z,114,4,2,2026-06-09T13:53:02.636129Z,2026-06-09T13:53:03.719753Z,2026-06-09T13:53:35.873776Z,202,completed,4983,31099,846f4f1cc24e:1:a13a5dbd,3271529,0000028910bd95cd738bb225e3d82915d3873ac4b7cd481f8f75325215d0f060,1094.0,33237.647,25,
63b2a2d6-961d-40ae-974b-a76b2bf898a3,769237a8-b2e6-49d7-9e41-9aeee8c91750,426fdd7a-37cb-40d9-b4fc-e698563caa9d,400,workload-20260609T133920373955Z,115,4,2,2026-06-09T13:53:02.639130Z,2026-06-09T13:53:03.482752Z,2026-06-09T13:53:35.659775Z,202,completed,6420,31174,0616728b7286:1:5377b921,1938521,0000095756a784fcd1fd83164d1fa9e4895479295c6c5a7266979ab729c0c1c2,844.0,33020.645,25,
1840abb7-0244-4943-8d98-f33bf3b73b1a,dd6ac930-9920-4531-b324-b96824fa4bcd,426fdd7a-37cb-40d9-b4fc-e698563caa9d,400,workload-20260609T133920373955Z,116,4,2,2026-06-09T13:53:02.640131Z,2026-06-09T13:53:03.363172Z,2026-06-09T13:53:30.163618Z,202,completed,1379,25881,9d8c9f4c40ba:1:ee1560f7,548427,00000c57aa3b990a632450ebfcbd21a9539848345fc0ce96b7d512f80ef08f33,719.0,27523.487,20,
295ec1a3-b51e-4e4d-94d9-7290297b85ce,970dccfa-ea57-4aa5-97e0-5d08051ade9b,426fdd7a-37cb-40d9-b4fc-e698563caa9d,400,workload-20260609T133920373955Z,117,4,2,2026-06-09T13:53:02.642129Z,2026-06-09T13:53:03.757751Z,2026-06-09T13:53:33.016511Z,202,completed,2410,28915,f112958ae7d8:1:e99b7b68,1516715,000009fd58efa1fa35bad9dc21d2ecc09afddb07fdc3696c7ba77b5a279dbdab,1109.0,30374.382,23,
3043cb4c-814e-47d2-ad8d-de1aa68d0e2b,5e209ad3-5075-42b8-8abc-695d279622df,426fdd7a-37cb-40d9-b4fc-e698563caa9d,400,workload-20260609T133920373955Z,118,4,2,2026-06-09T13:53:02.644130Z,2026-06-09T13:53:03.768752Z,2026-06-09T13:53:33.645507Z,202,completed,2418,28993,f112958ae7d8:1:646c416d,1518528,00000682ba6247c9da73b72da5219ca2d6ec614d6a2893c06e527eb57ec04036,1125.0,31001.377,23,
b3d8f7a9-3079-416d-b014-3ad550bb28d1,a835ee81-a994-4b1b-9a7a-f40cb249d2f7,426fdd7a-37cb-40d9-b4fc-e698563caa9d,400,workload-20260609T133920373955Z,119,4,2,2026-06-09T13:53:02.646130Z,2026-06-09T13:53:03.933784Z,2026-06-09T13:53:35.550775Z,202,completed,1203,31022,f112958ae7d8:1:f3eb5c8c,814528,000008d38014a7dc43c99a5e83698f798422beb6cd70b964a0014112207e2110,1297.0,32904.645,25,
02ca33f6-ccfa-4773-a52b-03bae7aa815c,9b99a702-662b-4e81-9604-b7ff1d8a50af,426fdd7a-37cb-40d9-b4fc-e698563caa9d,400,workload-20260609T133920373955Z,120,4,2,2026-06-09T13:53:02.676131Z,2026-06-09T13:53:03.032145Z,2026-06-09T13:53:27.895708Z,202,completed,1355,24166,846f4f1cc24e:1:6285892e,822425,00000943b136be718ad880fb5f56c77f118bae402ce4112ae12834be60425a90,360.0,25219.577,18,
e13da56f-e0a1-414e-bd89-3421f4d61d03,2482fd12-5de9-4c2e-9ee0-34c6c69eb925,426fdd7a-37cb-40d9-b4fc-e698563caa9d,500,workload-20260609T133920373955Z,1,4,2,2026-06-09T13:54:44.251879Z,2026-06-09T13:54:44.608405Z,2026-06-09T13:54:56.850748Z,202,completed,11839,12334,9d8c9f4c40ba:1:5591670a,4252353,000004b5506fc05b426176079f846b1820c95d84c63a0c1174fc235925208e0d,360.0,12598.869,5,
5b96df60-320b-446b-9d6a-53cf43ca00c6,8dfd52df-1dea-4512-a5b2-665bafd1f70b,426fdd7a-37cb-40d9-b4fc-e698563caa9d,500,workload-20260609T133920373955Z,2,4,2,2026-06-09T13:54:44.253880Z,2026-06-09T13:54:44.615406Z,2026-06-09T13:54:48.796864Z,202,completed,551,1002,f112958ae7d8:1:2a8d3f66,403315,000004c670d286db638a48a83514cd4caaad475973c8cd0888b1f0b8cf08b08d,360.0,4542.984,1,
19096f80-931d-442b-9d85-30c7ff5e937d,e4b12649-347b-4fa4-ba20-730c52aec71f,426fdd7a-37cb-40d9-b4fc-e698563caa9d,500,workload-20260609T133920373955Z,3,4,2,2026-06-09T13:54:44.257881Z,2026-06-09T13:54:44.611405Z,2026-06-09T13:54:50.673044Z,202,completed,374,1720,846f4f1cc24e:1:0d73b8ac,238907,00000663c7f302a37b11ab1f0a8f692cb37c20c9fb5bde0e823ed9b04b0e94f4,360.0,6415.163,1,
205ca798-be34-4fe5-becd-27f72dfc24b2,55b4ce9f-e692-4f1e-a3a7-c779eddac1eb,426fdd7a-37cb-40d9-b4fc-e698563caa9d,500,workload-20260609T133920373955Z,4,4,2,2026-06-09T13:54:44.260880Z,2026-06-09T13:54:44.610404Z,2026-06-09T13:54:48.946861Z,202,completed,20,963,846f4f1cc24e:1:400a92d2,13346,000004b329afb4e1fc4e63721edf8aefc7a133a4d4b914950dd75fc8e0786133,360.0,4685.981,1,
afc3d04e-04db-4583-ac46-7d11a824549f,24b95c03-0277-43a6-ad26-3520bb77040e,426fdd7a-37cb-40d9-b4fc-e698563caa9d,500,workload-20260609T133920373955Z,5,4,2,2026-06-09T13:54:44.264880Z,2026-06-09T13:54:44.614405Z,2026-06-09T13:54:48.867868Z,202,completed,123,900,846f4f1cc24e:1:e39ef6ab,133663,00000a913293cc4654d7afaeb182f4488d0ed0f00726ccfd372537d5b2823473,344.0,4602.988,1,
3befb18a-c037-4b75-a533-e062dd05417f,52744fc7-7c21-49c9-9fb3-371b9d299909,426fdd7a-37cb-40d9-b4fc-e698563caa9d,500,workload-20260609T133920373955Z,6,4,2,2026-06-09T13:54:44.265881Z,2026-06-09T13:54:44.609405Z,2026-06-09T13:54:49.078258Z,202,completed,842,1369,9d8c9f4c40ba:1:8154bf70,286108,00000134f27071a82f2897fc2fef5ffebc9344757e5df60a01913588796b6bfc,344.0,4812.377,1,
4ca9a033-6065-4cdb-b849-8f6d8eb63f37,911bdc59-4322-4978-be9c-4e66750d8942,426fdd7a-37cb-40d9-b4fc-e698563caa9d,500,workload-20260609T133920373955Z,7,4,2,2026-06-09T13:54:44.268881Z,2026-06-09T13:54:44.616405Z,2026-06-09T13:54:57.331750Z,202,completed,10626,11955,0616728b7286:1:8af4601d,3119897,000009cc482ec49b54a76e058b125081aeccd7f8d2ac2367145c97d0ff598366,344.0,13062.869,6,
5a354d77-9ae7-4adb-bcc6-db69130fa985,f8a1b09b-add8-43c2-baf7-2f09e7bf0290,426fdd7a-37cb-40d9-b4fc-e698563caa9d,500,workload-20260609T133920373955Z,8,4,2,2026-06-09T13:54:44.269880Z,2026-06-09T13:54:44.609405Z,2026-06-09T13:54:48.898865Z,202,completed,408,1037,0616728b7286:1:cbc9ced3,124177,000002e5a970652382208de6ed3eaea1f680176f4fa07739d005566504d58fb7,344.0,4628.985,1,
fa205bc3-c1e8-48b4-b6f1-342ab537288f,fb003219-a5ba-440c-aa46-f77388865b15,426fdd7a-37cb-40d9-b4fc-e698563caa9d,500,workload-20260609T133920373955Z,9,4,2,2026-06-09T13:54:44.272882Z,2026-06-09T13:54:44.608405Z,2026-06-09T13:54:49.483461Z,202,completed,2041,2447,0616728b7286:1:df139eda,731891,00000ee7954655cba439af9c7e175086871deb7939db94951a11ebbf78ab5582,344.0,5210.579,1,
50281773-438d-423c-a06c-2e25b8725317,a4e5555b-29b2-4f55-820e-95ebd290f278,426fdd7a-37cb-40d9-b4fc-e698563caa9d,500,workload-20260609T133920373955Z,10,4,2,2026-06-09T13:54:44.275880Z,2026-06-09T13:54:44.613404Z,2026-06-09T13:54:49.154256Z,202,completed,955,1650,f112958ae7d8:1:51cb4dce,721629,0000088910b564dff2b6b7f4788abc1ea97fb030067ac5342bd078e160f1af39,344.0,4878.376,1,
9b670ea2-c664-455f-975d-60fc8ae8fbdc,25015d7b-74fe-41d3-89e9-89f2a6b80cd7,426fdd7a-37cb-40d9-b4fc-e698563caa9d,500,workload-20260609T133920373955Z,11,4,2,2026-06-09T13:54:44.279881Z,2026-06-09T13:54:44.627406Z,2026-06-09T13:54:51.019040Z,202,completed,563,1668,846f4f1cc24e:1:160eebcd,456531,00000d706c35f40a3e2d703741878d6d7febf2833f55d491f5722c42ceb00958,343.0,6739.159,1,
d824a6a3-1cd3-415d-a132-d6baf740e26c,a5a155d8-8bfe-4f1e-ad0b-50f77619dd04,426fdd7a-37cb-40d9-b4fc-e698563caa9d,500,workload-20260609T133920373955Z,12,4,2,2026-06-09T13:54:44.281881Z,2026-06-09T13:54:44.631406Z,2026-06-09T13:54:50.661042Z,202,completed,1144,3166,846f4f1cc24e:1:c32c8b73,730308,00000224adb7effcf63cf3a3838ae9b6c973ea6836709160c12424bf36073d9c,343.0,6379.161,1,
cb0adb24-1c7d-4557-afce-ca82c82efbb4,4ed42e52-c3be-4c2a-a8af-f5445f5d3343,426fdd7a-37cb-40d9-b4fc-e698563caa9d,500,workload-20260609T133920373955Z,13,4,2,2026-06-09T13:54:44.283881Z,2026-06-09T13:54:44.654408Z,2026-06-09T13:54:49.000861Z,202,completed,1175,2513,f112958ae7d8:1:e1dd15ee,936493,000008c17ef318b14c8191aec7e1f740b2d1bd6778e4c82739433876df059a30,375.0,4716.98,1,
49b98e37-dea0-4985-af62-21e3dd5ba93a,c159ea2e-53ca-41ca-99e9-2f309ae05ae5,426fdd7a-37cb-40d9-b4fc-e698563caa9d,500,workload-20260609T133920373955Z,14,4,2,2026-06-09T13:54:44.285883Z,2026-06-09T13:54:44.632406Z,2026-06-09T13:54:50.667044Z,202,completed,3903,5893,846f4f1cc24e:1:6a342194,2925907,00000162320d0bfd2f597769e4ea7596c4649b281909f5dea57ce889611c2585,343.0,6381.161,1,
58e6fb42-6e22-4c1b-b9d4-75daea2e9d05,5ca7be8b-26ac-4018-9961-d5cf22b59706,426fdd7a-37cb-40d9-b4fc-e698563caa9d,500,workload-20260609T133920373955Z,15,4,2,2026-06-09T13:54:44.287880Z,2026-06-09T13:54:44.653406Z,2026-06-09T13:54:52.717227Z,202,completed,5699,7214,9d8c9f4c40ba:1:f8aaf623,1938869,0000010968273143ae4ef5ad212ed4ead2b8b0c7429a0ab8f5bea2178502ec69,375.0,8429.347,3,
cda6ab5d-a7d1-437d-9299-1bfc33d45b52,2d6c0e66-0190-4854-9bff-7b03265342ea,426fdd7a-37cb-40d9-b4fc-e698563caa9d,500,workload-20260609T133920373955Z,16,4,2,2026-06-09T13:54:44.288879Z,2026-06-09T13:54:44.629406Z,2026-06-09T13:54:49.102255Z,202,completed,858,2913,f112958ae7d8:1:9a89c169,728985,000002beb0465a7f42cdd4d00ae8789f32d174f44f632c3ff7f52376ca6dfbf6,343.0,4813.376,1,
4c4b3cf3-64c6-4465-854c-4a65ee451e56,1cdbdfc5-0d91-465a-ac5e-5440cd615e06,426fdd7a-37cb-40d9-b4fc-e698563caa9d,500,workload-20260609T133920373955Z,17,4,2,2026-06-09T13:54:44.291883Z,2026-06-09T13:54:44.656407Z,2026-06-09T13:54:50.710041Z,202,completed,2525,5250,0616728b7286:1:f53b913f,641177,00000055e0dafc95e2e05a505fb6810204afbf674a7833f1b28291fb7c34081f,375.0,6418.158,2,
eedfb39b-51b4-47d7-8872-3f3252a606d3,b33eae0b-a9bf-44ee-8aaa-6160b5529520,426fdd7a-37cb-40d9-b4fc-e698563caa9d,500,workload-20260609T133920373955Z,18,4,2,2026-06-09T13:54:44.295879Z,2026-06-09T13:54:44.697406Z,2026-06-09T13:54:51.016041Z,202,completed,1088,4187,f112958ae7d8:1:975927ac,860724,00000ebdcb38d126c5798939b13b61507b070fa75f645f88064bd91c5f7b4f7f,391.0,6720.162,1,
95ac81b7-5d8b-44bf-9e54-ba9fd3c4f812,65875cf9-1857-45b6-b163-64e409d77031,426fdd7a-37cb-40d9-b4fc-e698563caa9d,500,workload-20260609T133920373955Z,19,4,2,2026-06-09T13:54:44.298882Z,2026-06-09T13:54:44.677406Z,2026-06-09T13:54:50.822040Z,202,completed,200,4576,f112958ae7d8:1:4cb82324,121919,00000a0aa0066f496192b9f6c68eb18624c1093fb74e7515fa359203d3739dac,375.0,6523.158,2,
162b1b01-3cfc-4bb2-afe7-cca703a369c3,1661de75-8723-42f0-b0a6-bff8cd501849,426fdd7a-37cb-40d9-b4fc-e698563caa9d,500,workload-20260609T133920373955Z,20,4,2,2026-06-09T13:54:44.300882Z,2026-06-09T13:54:44.670406Z,2026-06-09T13:54:49.386462Z,202,completed,494,3286,f112958ae7d8:1:e4e62c8e,539882,00000f5bf1b7127e2486d2ec0bac3c94814d30e88295d51c9b3c92d27f587c5c,375.0,5085.58,1,
9e79d1d6-392d-4553-81fa-597296b3f266,1083d5d1-d205-4ed3-9f33-3a1eb1393c63,426fdd7a-37cb-40d9-b4fc-e698563caa9d,500,workload-20260609T133920373955Z,21,4,2,2026-06-09T13:54:44.302880Z,2026-06-09T13:54:44.673406Z,2026-06-09T13:54:50.609042Z,202,completed,2367,5888,f112958ae7d8:1:3634556c,1899889,00000b25f2c1f891a5fc910564b57c4e5cdf5494fa6a9ccfe64a73b3f136f751,375.0,6306.162,1,
fb7cf901-5c2b-4143-960e-aabcf26118c2,2d0f000e-88fc-41f7-9474-80dc507d120d,426fdd7a-37cb-40d9-b4fc-e698563caa9d,500,workload-20260609T133920373955Z,22,4,2,2026-06-09T13:54:44.305882Z,2026-06-09T13:54:44.679406Z,2026-06-09T13:54:50.886043Z,202,completed,391,5189,846f4f1cc24e:1:9e077c87,237892,00000082aecec1acc8fe14e39531010971d848ba2e9a149e58f94c49a894e341,375.0,6580.161,1,
8a298eee-5697-4487-bf8c-55a4c54183a1,ede4b210-c5c9-41ec-8626-f4e44daf324c,426fdd7a-37cb-40d9-b4fc-e698563caa9d,500,workload-20260609T133920373955Z,23,4,2,2026-06-09T13:54:44.306882Z,2026-06-09T13:54:44.681406Z,2026-06-09T13:54:50.312461Z,202,completed,1120,4567,846f4f1cc24e:1:d2d8d7f5,697055,00000a470cceaae6240d26794a300e0431a35bd177732f69552951973a29552a,375.0,6005.579,1,
b05381aa-7860-448d-b23a-504b4ce53abe,ed10f630-ab6b-4117-8463-da95d5d8b6d2,426fdd7a-37cb-40d9-b4fc-e698563caa9d,500,workload-20260609T133920373955Z,24,4,2,2026-06-09T13:54:44.310882Z,2026-06-09T13:54:44.675405Z,2026-06-09T13:54:50.462462Z,202,completed,22,4950,f112958ae7d8:1:c0d48bca,12831,00000f960c58136d1c49cfb57d76d40a8bb50da3a41ccc310915d2a3c0aadda1,359.0,6151.58,2,
c3c4edf8-c3e3-4dea-b79e-a9c7da18acce,e6a7005f-8b36-4357-b2f8-1f26887fdfc7,426fdd7a-37cb-40d9-b4fc-e698563caa9d,500,workload-20260609T133920373955Z,25,4,2,2026-06-09T13:54:44.317879Z,2026-06-09T13:54:44.735405Z,2026-06-09T13:54:54.261088Z,202,completed,3573,8755,f112958ae7d8:1:5e314516,2272610,00000d7e08d108e6edbc19b7ef414718e4c958921907eb574ea0ef31cf92c51a,422.0,9943.209,3,
4118897d-0396-443c-8bd3-bff22d283d4e,55ef94de-1320-4a17-a96d-515fe02617f7,426fdd7a-37cb-40d9-b4fc-e698563caa9d,500,workload-20260609T133920373955Z,26,4,2,2026-06-09T13:54:44.319880Z,2026-06-09T13:54:44.717406Z,2026-06-09T13:54:57.245748Z,202,completed,2275,12259,f112958ae7d8:1:c9ab5c82,1466127,00000e9a42c06a0553825cf21ca38dae4a35dac8a628827cd884426412b1c60a,406.0,12925.868,6,
5cd9a478-4b2a-44af-b50f-cac8f64f4eae,ef57f91b-308f-4892-9ff3-c7eac88cdc43,426fdd7a-37cb-40d9-b4fc-e698563caa9d,500,workload-20260609T133920373955Z,27,4,2,2026-06-09T13:54:44.321882Z,2026-06-09T13:54:44.708406Z,2026-06-09T13:54:51.756065Z,202,completed,1174,6722,846f4f1cc24e:1:1e50f141,871872,0000046173969b8db07beebe250e7eadd27d3cf0da88fa9afa7f856cecbbc796,391.0,7434.183,3,
d458e7f6-8073-48c6-bae3-234d24563374,93fe05ae-b2ba-4f45-873b-5107256d0c5c,426fdd7a-37cb-40d9-b4fc-e698563caa9d,500,workload-20260609T133920373955Z,28,4,2,2026-06-09T13:54:44.323880Z,2026-06-09T13:54:44.733408Z,2026-06-09T13:54:56.056826Z,202,completed,2870,9160,f112958ae7d8:1:823f36f5,1894846,000005bc5c2a7fdde11dcc199da57a7ceee485c7ae1f87385da474da763ea465,422.0,11732.946,4,
4b9e5b1a-2933-4df2-b2f6-cf6324651be4,962b006c-5634-4c87-b514-33d4d527689d,426fdd7a-37cb-40d9-b4fc-e698563caa9d,500,workload-20260609T133920373955Z,29,4,2,2026-06-09T13:54:44.325880Z,2026-06-09T13:54:44.723405Z,2026-06-09T13:54:57.385750Z,202,completed,1525,11948,846f4f1cc24e:1:772884f9,1102121,000004040fffa71ae8136bcf7d71b3a20b7665652a54ece430b27665c54e4a90,390.0,13059.87,6,
80531cf1-cce7-4c5b-9279-ce756e6a4ed2,5bc8c26b-688e-481d-b4c3-8e4cb2271554,426fdd7a-37cb-40d9-b4fc-e698563caa9d,500,workload-20260609T133920373955Z,30,4,2,2026-06-09T13:54:44.327881Z,2026-06-09T13:54:44.710407Z,2026-06-09T13:55:01.203999Z,202,completed,10712,16244,0616728b7286:1:90ca6554,3417282,00000476d6a589d123e6e378241c594e54c875feb071c93dfbed034b589f4383,375.0,16876.118,9,
43c2047b-c824-4051-9a7a-7227164ebc07,286657bd-87bb-4f66-9e16-5edfbed645a9,426fdd7a-37cb-40d9-b4fc-e698563caa9d,500,workload-20260609T133920373955Z,31,4,2,2026-06-09T13:54:44.329881Z,2026-06-09T13:54:44.726405Z,2026-06-09T13:54:59.450448Z,202,completed,3463,14346,846f4f1cc24e:1:9a1a8145,2263805,0000093398e2163eb329b1cd7ac3723ae9f3a095ef273a844b2ff13bc318a036,390.0,15120.567,8,
b20c82e9-45fa-4033-ba08-af77756acc71,783c6880-5406-46c4-a4f9-c884d5bbabcc,426fdd7a-37cb-40d9-b4fc-e698563caa9d,500,workload-20260609T133920373955Z,32,4,2,2026-06-09T13:54:44.331880Z,2026-06-09T13:54:44.712406Z,2026-06-09T13:54:53.909091Z,202,completed,1614,7635,846f4f1cc24e:1:ecc84181,1145730,000005e92dcab408bee8d0f589449ce6742ef8178ebe7b608aa1f46849455376,375.0,9577.211,3,
7df5d5a9-3b07-4c74-bb8a-33863bc220e2,2b0ee358-3980-4aea-94a3-d8b5ecd2fd8d,426fdd7a-37cb-40d9-b4fc-e698563caa9d,500,workload-20260609T133920373955Z,33,4,2,2026-06-09T13:54:44.337881Z,2026-06-09T13:54:44.761407Z,2026-06-09T13:55:00.809002Z,202,completed,3520,15884,846f4f1cc24e:1:16140de1,2394887,00000dfd13470126264a0d5ae33d8685066321011c11d43aaf3cc237f2eca447,421.0,16471.121,9,
e127625a-c4ec-4528-83d9-f28b5f3c9daa,e48ce728-307e-4099-aa64-82d42df9e193,426fdd7a-37cb-40d9-b4fc-e698563caa9d,500,workload-20260609T133920373955Z,34,4,2,2026-06-09T13:54:44.341881Z,2026-06-09T13:54:44.766407Z,2026-06-09T13:55:06.148120Z,202,completed,6332,18789,9d8c9f4c40ba:1:83deb7d0,2341977,000003552250642aa26cfa87c862a0d0bda9b51182346ffc95ba7b9811a5fe30,422.0,21806.239,12,
bee8fb64-da7e-44df-b7ef-80020cbff0d9,a9fe21c7-dbe7-4e3f-afd4-4c8d9e142d93,426fdd7a-37cb-40d9-b4fc-e698563caa9d,500,workload-20260609T133920373955Z,35,4,2,2026-06-09T13:54:44.343879Z,2026-06-09T13:54:44.738406Z,2026-06-09T13:54:55.487089Z,202,completed,2228,9263,846f4f1cc24e:1:4664b35e,1460366,0000008bfd4de10f4b6fa110ba0e6af46d924b18ca8a8aedc48f27ca6cc91a5e,391.0,11143.21,4,
088091db-72bc-4857-9be9-e68c46656a24,4c101b1e-5fc0-48dc-8f33-e543731fc4df,426fdd7a-37cb-40d9-b4fc-e698563caa9d,500,workload-20260609T133920373955Z,36,4,2,2026-06-09T13:54:44.344880Z,2026-06-09T13:54:44.741405Z,2026-06-09T13:54:56.099829Z,202,completed,2428,9730,9d8c9f4c40ba:1:e1df1716,823159,00000fe080fd517b82e9cc74b4a35daf927bdbf4ef08a16f70a6a81be53abfa1,391.0,11754.949,5,
b223b835-a95e-4de6-88fd-eaa2102f79ba,ac46ad1a-f4b6-44d0-85e5-7fe6f03ae6dc,426fdd7a-37cb-40d9-b4fc-e698563caa9d,500,workload-20260609T133920373955Z,37,4,2,2026-06-09T13:54:44.345880Z,2026-06-09T13:54:44.746407Z,2026-06-09T13:54:55.634089Z,202,completed,2439,10546,846f4f1cc24e:1:9fe65992,1757240,000000b75f5e8b11ecb7886046af6e898dd5bc6bd8fd0c2f2268684c37c082fe,406.0,11288.209,4,
8e7539a0-b452-4ee7-a65a-44ca3550cf61,93da3612-ad08-49aa-8fe4-c3d5ef6cadf5,426fdd7a-37cb-40d9-b4fc-e698563caa9d,500,workload-20260609T133920373955Z,38,4,2,2026-06-09T13:54:44.347879Z,2026-06-09T13:54:44.799407Z,2026-06-09T13:55:13.579525Z,202,completed,11044,28603,0616728b7286:1:b903050e,3598336,00000ba1d7cae3d5b13583abc295c6cc0298bd15832dfa6629c911e53fbe205f,453.0,29231.646,18,
00371cc1-a64b-40b3-ace8-dc45d8b682cd,70281543-7d75-4acf-9aeb-2b3ce0868e8a,426fdd7a-37cb-40d9-b4fc-e698563caa9d,500,workload-20260609T133920373955Z,39,4,2,2026-06-09T13:54:44.349880Z,2026-06-09T13:54:47.500342Z,2026-06-09T13:55:20.955816Z,202,completed,3621,34469,0616728b7286:1:1e16f71c,1157566,00000476fe76cb92eb7558d3a783ffe5080ca07ad42c82050137456c038c134c,3156.0,36605.936,24,
b4aeeacd-2029-4258-aef0-eef57a29e874,5f3b0907-f9da-4638-bf0c-527076c422e6,426fdd7a-37cb-40d9-b4fc-e698563caa9d,500,workload-20260609T133920373955Z,40,4,2,2026-06-09T13:54:44.354880Z,2026-06-09T13:54:44.792405Z,2026-06-09T13:54:56.754750Z,202,completed,1571,11360,f112958ae7d8:1:b2162229,997268,0000044092d34ee2477cd01b9e9c4d06ce8e71fde3a48d27b15c32d99f873b8e,438.0,12399.87,6,
69069acd-a1ed-49fb-895b-d36c94f3f2bc,21675d5e-9369-491d-9037-55b44da3e7cc,426fdd7a-37cb-40d9-b4fc-e698563caa9d,500,workload-20260609T133920373955Z,41,4,2,2026-06-09T13:54:44.367877Z,2026-06-09T13:54:44.861373Z,2026-06-09T13:55:09.036155Z,202,completed,914,22501,846f4f1cc24e:1:984a2fa5,740962,000002c257e78a6ad3c7adf30c3a0513314f60ddedeebe720b15c73d57065e10,500.0,24668.278,14,
0e8839af-9349-4ea4-8e1b-81a94ad70d5d,4a3f5746-e7f5-402f-9da9-e1293a6900d5,426fdd7a-37cb-40d9-b4fc-e698563caa9d,500,workload-20260609T133920373955Z,42,4,2,2026-06-09T13:54:44.369882Z,2026-06-09T13:54:44.785405Z,2026-06-09T13:54:55.334090Z,202,completed,613,10149,846f4f1cc24e:1:d747d92f,376743,00000367699f958e76f4ca7a97f149cbdbe6b8184ca864a1a8b1d217c9fddc66,422.0,10964.208,3,
20e5f8a5-c3ed-470e-90c3-fd6736e7b156,b9a47bcb-6dda-4362-9b8d-801f4cefa7b3,426fdd7a-37cb-40d9-b4fc-e698563caa9d,500,workload-20260609T133920373955Z,43,4,2,2026-06-09T13:54:44.370880Z,2026-06-09T13:54:44.771407Z,2026-06-09T13:54:55.676090Z,202,completed,361,9540,f112958ae7d8:1:b27b6784,423360,00000e8622b504121308db7e8337bb21385786f609a227a55463b5438fd5b63c,406.0,11305.21,4,
97214074-869d-4cab-bc75-532af28951d6,a6ba02c3-5fb4-4040-9eed-fb5c4a0e1407,426fdd7a-37cb-40d9-b4fc-e698563caa9d,500,workload-20260609T133920373955Z,44,4,2,2026-06-09T13:54:44.371880Z,2026-06-09T13:54:44.775407Z,2026-06-09T13:54:57.630748Z,202,completed,44,12670,f112958ae7d8:1:6a143756,28222,000006a7e5db79f99b591b4fd9f3b8d4a0a46cd7001c6e3f7c47b782b477adfd,391.0,13258.868,5,
51134b21-98f2-4324-ab6e-c39111a61948,6830e231-a2ec-4e2a-ab9d-622a91a95c83,426fdd7a-37cb-40d9-b4fc-e698563caa9d,500,workload-20260609T133920373955Z,45,4,2,2026-06-09T13:54:44.372880Z,2026-06-09T13:54:44.780405Z,2026-06-09T13:54:55.637092Z,202,completed,131,9615,f112958ae7d8:1:fd893acb,154285,0000023c97843f068ae0090fbca395e09624d07681fb9b00a48cf8b8e7069f08,407.0,11264.212,4,
7d38046d-94e5-4838-9a8d-5c617e4426dd,081dfd81-b237-4f8f-9437-39cc02276fac,426fdd7a-37cb-40d9-b4fc-e698563caa9d,500,workload-20260609T133920373955Z,46,4,2,2026-06-09T13:54:44.374879Z,2026-06-09T13:54:44.870372Z,2026-06-09T13:54:57.591747Z,202,completed,321,12441,0616728b7286:1:4376d749,108120,000000358eea89ff8d31349173eb30cd0abedf65469c5e7b54ede5635955a953,485.0,13216.868,5,
8412a766-7f75-432f-879a-d1fa9ef60fca,402595c8-9ba4-42bf-aada-e60e76585a46,426fdd7a-37cb-40d9-b4fc-e698563caa9d,500,workload-20260609T133920373955Z,47,4,2,2026-06-09T13:54:44.375880Z,2026-06-09T13:54:44.865372Z,2026-06-09T13:55:07.502235Z,202,completed,368,22564,846f4f1cc24e:1:f83f85e4,266452,0000035736cbd6a39c5f09ca0cff8968a434ae06c6749cb0a69c0bb07d409458,485.0,23126.355,13,
b57f1099-bd42-4b35-99c7-fce679aa87ae,9446f8d7-7169-41c4-bd56-48f11ba11eef,426fdd7a-37cb-40d9-b4fc-e698563caa9d,500,workload-20260609T133920373955Z,48,4,2,2026-06-09T13:54:44.377880Z,2026-06-09T13:54:44.895373Z,2026-06-09T13:54:58.495099Z,202,completed,154,12825,0616728b7286:1:cbd6ff0d,46204,00000b83c5451967296d9f93dd1a552f60ea5f70ca862a10958e951cbdcf925f,516.0,14117.219,5,
7e8fea39-23c0-4ed6-82df-4a158bad99f9,d9074151-3b56-4aa5-97b6-389e77a48727,426fdd7a-37cb-40d9-b4fc-e698563caa9d,500,workload-20260609T133920373955Z,49,4,2,2026-06-09T13:54:44.378881Z,2026-06-09T13:54:44.788406Z,2026-06-09T13:54:58.253097Z,202,completed,3093,13002,9d8c9f4c40ba:1:d40a3533,1143064,00000def926510d4b9288470cbffd5dd1c05b754b732540b6a1e693e77167f31,407.0,13874.216,7,
ac6d2f0b-60f1-44bc-9939-99f048442768,c3fe2259-91c0-4124-a429-108164cb5b08,426fdd7a-37cb-40d9-b4fc-e698563caa9d,500,workload-20260609T133920373955Z,50,4,2,2026-06-09T13:54:44.379880Z,2026-06-09T13:54:44.858373Z,2026-06-09T13:55:06.122120Z,202,completed,232,21130,846f4f1cc24e:1:921a4959,242928,00000f58f38dab64ad78deb20e3a6cf73e242487db6b3257a0318d5d6b6078d6,485.0,21742.24,12,
2e01e5af-8f18-4c58-a277-42fbd60f9e07,25bd1e10-8f9c-4f16-863d-50d7b12631d5,426fdd7a-37cb-40d9-b4fc-e698563caa9d,500,workload-20260609T133920373955Z,51,4,2,2026-06-09T13:54:44.380879Z,2026-06-09T13:54:44.844684Z,2026-06-09T13:54:59.719465Z,202,completed,1787,14621,f112958ae7d8:1:58827ad3,1338462,000003a715e5f7fdf482d78f96a3ad9633a8d6ebe8ae8ef578ceea454cd76a7a,469.0,15338.586,8,
895500f8-2746-4963-8eba-2a869673755b,c87b005d-1a72-4886-9790-4ec8c42693c4,426fdd7a-37cb-40d9-b4fc-e698563caa9d,500,workload-20260609T133920373955Z,52,4,2,2026-06-09T13:54:44.382880Z,2026-06-09T13:54:44.849374Z,2026-06-09T13:55:02.134001Z,202,completed,3034,16372,9d8c9f4c40ba:1:3a2841b9,1007908,000003b2634d75240d55077d7ce991bccc1178e44ec100a33cc7d7c3b9f5cdfe,469.0,17751.121,9,
7aa5e161-3da2-4d1e-85bc-f623b10c81b3,6d335f0b-faea-42d7-a2e0-0785e6ab5665,426fdd7a-37cb-40d9-b4fc-e698563caa9d,500,workload-20260609T133920373955Z,53,4,2,2026-06-09T13:54:44.383880Z,2026-06-09T13:54:44.930897Z,2026-06-09T13:55:02.102999Z,202,completed,3296,17279,f112958ae7d8:1:4914fbd3,2079155,0000043c074d5fa06f948252b8bf825355fdde71e9dde3a989f1f6103a633c94,547.0,17719.119,10,
310e92b7-cb86-4cb4-b745-6644cfa60bf1,889d05a9-9d04-4d1c-a1ba-2b5a03625602,426fdd7a-37cb-40d9-b4fc-e698563caa9d,500,workload-20260609T133920373955Z,54,4,2,2026-06-09T13:54:44.385880Z,2026-06-09T13:54:44.751407Z,2026-06-09T13:54:58.941429Z,202,completed,1459,13070,f112958ae7d8:1:47241912,1217233,0000089e7af7b59dc00933e899aa271e288cbdd84edf26e804dabe4ba2653f30,375.0,14555.549,6,
3eab711b-2093-439e-b093-e5b7985362df,16c0782e-0e20-41e9-b435-3dffbec6f1a3,426fdd7a-37cb-40d9-b4fc-e698563caa9d,500,workload-20260609T133920373955Z,55,4,2,2026-06-09T13:54:44.387881Z,2026-06-09T13:54:44.881373Z,2026-06-09T13:54:59.438447Z,202,completed,1480,14488,0616728b7286:1:8458ce20,420102,000003ac507cfbb70772fc252e416742847df45c23ddc1e9c0ccc093031e15c5,484.0,15050.566,8,
a4c02025-cbc1-43d9-ac0c-2b75e55f1a6a,574849cd-ca36-4fc6-9ac4-31eaead4b790,426fdd7a-37cb-40d9-b4fc-e698563caa9d,500,workload-20260609T133920373955Z,56,4,2,2026-06-09T13:54:44.389879Z,2026-06-09T13:54:44.875373Z,2026-06-09T13:54:58.936429Z,202,completed,435,13697,f112958ae7d8:1:c60b3181,264858,00000c610729617ab7dfb4c105ec8045874b70eab95f025bf40c1ec06bcd8038,484.0,14546.55,7,
55433bb3-162d-41eb-8ac6-490f186ba823,23825deb-46e6-402e-86b5-362a617af66a,426fdd7a-37cb-40d9-b4fc-e698563caa9d,500,workload-20260609T133920373955Z,57,4,2,2026-06-09T13:54:44.406882Z,2026-06-09T13:54:44.958900Z,2026-06-09T13:55:03.113834Z,202,completed,657,17225,0616728b7286:1:61bb7f11,158679,000001df4438233e0355e0fa8c81c23894d2fe328d5678e26ad525ea8a5161a7,547.0,18706.952,10,
e5549280-51a0-4c6d-abf8-857d0d354076,d521640e-6a2f-4180-a685-5a5e7187715b,426fdd7a-37cb-40d9-b4fc-e698563caa9d,500,workload-20260609T133920373955Z,58,4,2,2026-06-09T13:54:44.409882Z,2026-06-09T13:54:45.034899Z,2026-06-09T13:55:14.768438Z,202,completed,12474,29023,9d8c9f4c40ba:1:d77d0cfa,4796045,0000029b407cd2017785e645f30f9d0381cb5c58d16bc7a24f7d238298176dec,625.0,30358.556,17,
291db45c-2cb4-4e2b-a6ba-ed54506b92fe,a5455c4c-5712-494c-b815-aad61be591dc,426fdd7a-37cb-40d9-b4fc-e698563caa9d,500,workload-20260609T133920373955Z,59,4,2,2026-06-09T13:54:44.412880Z,2026-06-09T13:54:44.935897Z,2026-06-09T13:55:12.780525Z,202,completed,63,27922,f112958ae7d8:1:cff3e7a4,39317,00000cb871505fcd22985910efe904617fdf20139e2733182b3908ed0fc6ac0f,531.0,28367.645,18,
b2908d16-edfd-491c-a4ab-a8a9219418ae,3f2fb706-369c-4ffa-be71-0ac5361affb0,426fdd7a-37cb-40d9-b4fc-e698563caa9d,500,workload-20260609T133920373955Z,60,4,2,2026-06-09T13:54:44.414881Z,2026-06-09T13:54:44.890371Z,2026-06-09T13:55:11.549428Z,202,completed,313,26607,846f4f1cc24e:1:99f095ff,229005,000003ae8d776080be440a971470142e419582c8ab68e207c9bf849a37f9192f,484.0,27134.547,17,
826369e0-bd66-49c7-9b95-7204e82f99ba,5478bf40-8f63-49b7-9af6-e4aec6f4d1ae,426fdd7a-37cb-40d9-b4fc-e698563caa9d,500,workload-20260609T133920373955Z,61,4,2,2026-06-09T13:54:44.416881Z,2026-06-09T13:54:44.853371Z,2026-06-09T13:55:01.165999Z,202,completed,948,15466,846f4f1cc24e:1:25660c6f,568792,0000029669c7c8cc771b365e0582fe2903ec2aa83985b1197419be1654531d5a,437.0,16749.118,9,
10a96baf-1778-464e-aa8c-62c278e3366f,a067e106-d947-48f4-a04b-6a2cceb305e6,426fdd7a-37cb-40d9-b4fc-e698563caa9d,500,workload-20260609T133920373955Z,62,4,2,2026-06-09T13:54:44.419881Z,2026-06-09T13:54:44.913898Z,2026-06-09T13:55:02.741833Z,202,completed,2261,17340,f112958ae7d8:1:092f8439,1362578,0000033e1650b88caa5b73496858d4d8127fcff9320f5c8f5ca6fa9b11dbdfbb,485.0,18321.952,11,
d4cacbcc-e488-4060-8d8c-86d742d54a84,2144e9a4-71ca-4255-a19d-76952c2d6baa,426fdd7a-37cb-40d9-b4fc-e698563caa9d,500,workload-20260609T133920373955Z,63,4,2,2026-06-09T13:54:44.420879Z,2026-06-09T13:54:44.918897Z,2026-06-09T13:55:01.787000Z,202,completed,1487,16221,0616728b7286:1:60285cdc,444685,00000965dc477fec3a1c11ffdc8d74ce6c40b2b06061e5f590b33529efcda71b,500.0,17366.121,10,
a6f94575-5376-42f2-a9bc-c202ae5218ff,ca6debe8-c150-42f9-a766-3bdcd3847d46,426fdd7a-37cb-40d9-b4fc-e698563caa9d,500,workload-20260609T133920373955Z,64,4,2,2026-06-09T13:54:44.422880Z,2026-06-09T13:54:44.923898Z,2026-06-09T13:55:02.626832Z,202,completed,284,17227,846f4f1cc24e:1:bf5bbc5d,181025,00000b954fc35fdfbf5f87df6996b8c56e3673492bd0611c65334fd4e4acadda,500.0,18203.952,10,
b3be8d79-6b6e-4ae7-9084-35bc3174150f,85783d8a-baa1-45bf-8aac-fec017201307,426fdd7a-37cb-40d9-b4fc-e698563caa9d,500,workload-20260609T133920373955Z,65,4,2,2026-06-09T13:54:44.424880Z,2026-06-09T13:54:44.963898Z,2026-06-09T13:55:01.939001Z,202,completed,382,16521,846f4f1cc24e:1:ef95ca48,239824,00000fa25dd43936f3da8290514800de0b29f4aff3e719adbfdaa29e87bcc109,532.0,17514.121,10,
de239d5b-2491-4b03-8cb5-2d3782199050,f8442872-1970-489a-a409-d512ea52f4d4,426fdd7a-37cb-40d9-b4fc-e698563caa9d,500,workload-20260609T133920373955Z,66,4,2,2026-06-09T13:54:44.426880Z,2026-06-09T13:54:44.970900Z,2026-06-09T13:55:05.453014Z,202,completed,3663,20130,0616728b7286:1:102be001,1121451,00000f4e07b3de689bfdd97298a1b7a9a080bbeb74948037354ecaa4de05a713,547.0,21026.134,13,
743721ae-8d31-4bd6-b683-41ce7d3ac163,e3574876-d444-4cec-aff3-41c9bc05a96d,426fdd7a-37cb-40d9-b4fc-e698563caa9d,500,workload-20260609T133920373955Z,67,4,2,2026-06-09T13:54:44.428879Z,2026-06-09T13:54:44.982898Z,2026-06-09T13:55:15.180438Z,202,completed,1479,29338,846f4f1cc24e:1:64cf36e1,925166,00000fc01ec66ce736dd10f78099e66b3a3441afa6a8b760c3f1ca9cf6ef8fe1,563.0,30751.559,19,
c4a727db-b069-472f-97e1-5743e9da2a7e,6b96cd01-aec7-48da-b2d2-c8b71faa8b89,426fdd7a-37cb-40d9-b4fc-e698563caa9d,500,workload-20260609T133920373955Z,68,4,2,2026-06-09T13:54:44.429880Z,2026-06-09T13:54:44.995899Z,2026-06-09T13:55:17.665766Z,202,completed,3214,31716,0616728b7286:1:ad912d4d,1183401,00000469ebc076d3653a2c8f55057b278f201472ad16912b7c5f5b218e822659,563.0,33235.886,23,
e42b1798-9fb1-4019-89b8-c23a194be2c1,7dc0a0a5-5109-443e-af3b-3f2dc67c57fe,426fdd7a-37cb-40d9-b4fc-e698563caa9d,500,workload-20260609T133920373955Z,69,4,2,2026-06-09T13:54:44.431880Z,2026-06-09T13:54:44.940900Z,2026-06-09T13:55:02.303002Z,202,completed,1409,17175,846f4f1cc24e:1:1552ae9a,1225022,0000021861b5b0d6e6e674a565192ef6c252da63e286b70750156bc06c0c75ab,516.0,17871.122,9,
c8446181-1776-4118-9db2-cf91a6bd99a3,b0c6cdf8-3b34-48e6-8383-c831f0abfb3c,426fdd7a-37cb-40d9-b4fc-e698563caa9d,500,workload-20260609T133920373955Z,70,4,2,2026-06-09T13:54:44.432881Z,2026-06-09T13:54:44.976900Z,2026-06-09T13:55:15.658776Z,202,completed,1611,29734,846f4f1cc24e:1:42e575a5,1075208,00000bb7b6710a68844a700f0b983329b4347bbd9611ac1bf90cd9529a18d416,547.0,31225.895,21,
1d41b718-21f6-4734-bd84-0118cd78e6ae,fd9afce1-b105-4a9b-83e6-6445d01f7445,426fdd7a-37cb-40d9-b4fc-e698563caa9d,500,workload-20260609T133920373955Z,71,4,2,2026-06-09T13:54:44.434880Z,2026-06-09T13:54:44.987897Z,2026-06-09T13:55:15.720777Z,202,completed,2098,30500,f112958ae7d8:1:22c7fa4a,1642889,000001002ed4faf7bcfcf12bd174b7a2721ad77f6c303419a88e2c556ee7d5c1,547.0,31285.897,22,
e08668d2-f9d5-48ab-83d4-b1ea50acd3da,71539218-efc1-4e23-a026-85b1f443ac06,426fdd7a-37cb-40d9-b4fc-e698563caa9d,500,workload-20260609T133920373955Z,72,4,2,2026-06-09T13:54:44.452880Z,2026-06-09T13:54:45.263899Z,2026-06-09T13:55:08.967156Z,202,completed,3064,23863,f112958ae7d8:1:de738dc3,1907012,0000091e8bc017bb254ed02390b3da0b9384c25e295477ed18eaf10748bc663a,812.0,24514.276,14,
8764baed-5a02-4e0e-bad2-4ff449d54173,f73487f4-44e9-40a3-bd13-1a078cd97355,426fdd7a-37cb-40d9-b4fc-e698563caa9d,500,workload-20260609T133920373955Z,73,4,2,2026-06-09T13:54:44.454882Z,2026-06-09T13:54:45.081899Z,2026-06-09T13:55:05.547012Z,202,completed,855,20573,846f4f1cc24e:1:6f2df367,570699,0000099affa74eff2b2e16d58f0877bba0d28bb5e2c9956a380e573f5f38f6f0,625.0,21092.13,11,
4dfc624d-964a-491d-88de-147536b93689,0bf6760a-b154-412b-b33d-29130ed85bb9,426fdd7a-37cb-40d9-b4fc-e698563caa9d,500,workload-20260609T133920373955Z,74,4,2,2026-06-09T13:54:44.456880Z,2026-06-09T13:54:45.198898Z,2026-06-09T13:55:16.302945Z,202,completed,1417,30861,f112958ae7d8:1:8215a677,1036270,0000059836c43f6a852989ca80a33edf6717ea257298ce5298f7eb083deae607,734.0,31846.065,21,
2c8a100f-6ab3-46c8-91e3-9f3c0e5edc47,d830338a-15eb-4c82-b030-33a876f5aeaa,426fdd7a-37cb-40d9-b4fc-e698563caa9d,500,workload-20260609T133920373955Z,75,4,2,2026-06-09T13:54:44.459880Z,2026-06-09T13:54:45.232897Z,2026-06-09T13:55:06.927155Z,202,completed,1382,22044,9d8c9f4c40ba:1:6b6557ad,473508,0000057623869c34f64c81e3c71596d17a4c7614d50c6022b7cb22ce39645886,781.0,22467.275,11,
54ec4170-4843-4e2c-9178-1b6046f75a25,1f4919dc-b002-49ef-9727-69982f78549d,426fdd7a-37cb-40d9-b4fc-e698563caa9d,500,workload-20260609T133920373955Z,76,4,2,2026-06-09T13:54:44.461881Z,2026-06-09T13:54:45.165900Z,2026-06-09T13:55:12.727526Z,202,completed,7468,27760,0616728b7286:1:83cb66e7,2297393,000005e461dca8b36fd71f2f48fae0d769a2306409dea1e21c0751f479753e55,703.0,28265.645,19,
910bc023-c913-4966-b8df-e665650cef15,cb34f2e4-1575-4b85-8522-8580293703ee,426fdd7a-37cb-40d9-b4fc-e698563caa9d,500,workload-20260609T133920373955Z,77,4,2,2026-06-09T13:54:44.463881Z,2026-06-09T13:54:45.223898Z,2026-06-09T13:55:08.132155Z,202,completed,2356,22699,f112958ae7d8:1:f451db32,1589591,000000562508ca485452759f2d2f8d604a2411bcf21d025ed1e5ca7500d75528,765.0,23668.274,13,
e167d0d3-f41b-4a00-9b19-1ae5291288ab,f44db00e-9d0e-4b66-9f40-f85a94613e92,426fdd7a-37cb-40d9-b4fc-e698563caa9d,500,workload-20260609T133920373955Z,78,4,2,2026-06-09T13:54:44.465880Z,2026-06-09T13:54:45.257898Z,2026-06-09T13:55:06.018120Z,202,completed,122,21068,846f4f1cc24e:1:69995215,117311,0000081b2c4db80e5e501a3d39aa896c70e5be45bd3eecdd4ae96b8a9a8e89ed,781.0,21552.24,12,
ce659b15-5019-4ddc-b404-eadf88b77c0a,d2c4021e-103e-49e0-9c65-104759aecbaa,426fdd7a-37cb-40d9-b4fc-e698563caa9d,500,workload-20260609T133920373955Z,79,4,2,2026-06-09T13:54:44.468880Z,2026-06-09T13:54:45.003899Z,2026-06-09T13:55:04.026835Z,202,completed,592,18190,846f4f1cc24e:1:8d42b8e4,352316,000007ade34714e78402b72751c3619f8a8568f5423ad744bf8485f12b493961,531.0,19557.955,11,
de410b01-1877-4007-a0b9-b66ac4fefa7e,943022a4-0ddd-4564-bb47-9a326ffd8470,426fdd7a-37cb-40d9-b4fc-e698563caa9d,500,workload-20260609T133920373955Z,80,4,2,2026-06-09T13:54:44.471879Z,2026-06-09T13:54:45.146897Z,2026-06-09T13:55:05.497011Z,202,completed,1346,20403,9d8c9f4c40ba:1:cf8b7c67,459439,0000088a3e7036f36a250a272a83e78292e34da7729b07f3683976d188e3c5e4,672.0,21025.132,12,
fae25539-bc1f-4b08-a378-84b9b27a8c72,f7a2fbc6-0f71-47de-92a0-d205dd67d000,426fdd7a-37cb-40d9-b4fc-e698563caa9d,500,workload-20260609T133920373955Z,81,4,2,2026-06-09T13:54:44.473882Z,2026-06-09T13:54:45.057897Z,2026-06-09T13:55:08.129156Z,202,completed,95,23083,846f4f1cc24e:1:54cd22f2,100318,00000788dd31d8ef83e73f0931b4fd1eaceba2173cbb5894bfa864461bc6e46f,578.0,23655.274,14,
db036b47-6788-42bf-af00-897ee13b4d41,e2d08c90-7d1f-462a-b340-027c8b140a36,426fdd7a-37cb-40d9-b4fc-e698563caa9d,500,workload-20260609T133920373955Z,82,4,2,2026-06-09T13:54:44.477881Z,2026-06-09T13:54:45.051898Z,2026-06-09T13:55:11.307427Z,202,completed,3024,25435,9d8c9f4c40ba:1:20418343,1010869,00000964a07b81567583765b333ffb90d21f5953bdce89ec6c53de9b9e0a712b,578.0,26829.546,17,
752eb220-41e7-451d-913e-8fbf3a359d20,198a8d89-8291-4ba7-a8eb-77c0631b6ddb,426fdd7a-37cb-40d9-b4fc-e698563caa9d,500,workload-20260609T133920373955Z,83,4,2,2026-06-09T13:54:44.479880Z,2026-06-09T13:54:45.184899Z,2026-06-09T13:55:16.426944Z,202,completed,1419,30869,846f4f1cc24e:1:293a76da,1231374,00000b650c1f3b1cf28036c3acf087f80b07009817893f411b58f5771dc2592e,719.0,31947.064,19,
e32c7a31-548f-468e-aba4-f7fd88b5f720,aff1eef0-2e7c-4e9e-b36a-1e7fe4094cf7,426fdd7a-37cb-40d9-b4fc-e698563caa9d,500,workload-20260609T133920373955Z,84,4,2,2026-06-09T13:54:44.480878Z,2026-06-09T13:54:45.191897Z,2026-06-09T13:55:17.544945Z,202,completed,2721,32623,9d8c9f4c40ba:1:853a0b42,940099,00000a959ada6be3a3b20f4d578b4250f59632dd7a31f0b9b8f1dcec487e5e6e,703.0,33064.067,22,
87d1a366-c904-4205-b8ad-832a4542854a,7df68f21-e0c6-44df-8b59-0aa84fb00020,426fdd7a-37cb-40d9-b4fc-e698563caa9d,500,workload-20260609T133920373955Z,85,4,2,2026-06-09T13:54:44.482879Z,2026-06-09T13:54:45.114899Z,2026-06-09T13:55:06.200120Z,202,completed,1271,20144,f112958ae7d8:1:3c53f78e,973132,0000030482476f1aa315511b9f01595954b131734e5d5754fc115a5cbdc85c58,625.0,21717.241,12,
02e7f2c7-226c-4fe6-aa58-bf8003dd8873,1f7a1b75-f7b2-449d-87d4-b15f08858113,426fdd7a-37cb-40d9-b4fc-e698563caa9d,500,workload-20260609T133920373955Z,86,4,2,2026-06-09T13:54:44.483878Z,2026-06-09T13:54:45.120898Z,2026-06-09T13:55:09.590154Z,202,completed,1324,24257,846f4f1cc24e:1:e4deb2ec,1032173,000001ed4c1f0dac25755d1dbbcb73abf9e6eb9930fd7b6bf82239497f8bee4e,625.0,25106.276,14,
c72ca0a2-0c2d-4448-b3ce-f6f32c2a4154,9646a0e1-6788-4775-aa93-75eb9edd6777,426fdd7a-37cb-40d9-b4fc-e698563caa9d,500,workload-20260609T133920373955Z,87,4,2,2026-06-09T13:54:44.484879Z,2026-06-09T13:54:44.952899Z,2026-06-09T13:55:04.762348Z,202,completed,1846,19374,846f4f1cc24e:1:8d503b47,1321945,00000e653c4db4806a3bd1483c65a706ec64da48793a15b6b560452262f1740c,469.0,20277.469,11,
99609dd4-29a9-4950-918f-c0747373122c,18e4daab-c5a5-4558-85a5-7f3f7726dd21,426fdd7a-37cb-40d9-b4fc-e698563caa9d,500,workload-20260609T133920373955Z,88,4,2,2026-06-09T13:54:44.486879Z,2026-06-09T13:54:45.071901Z,2026-06-09T13:55:05.747120Z,202,completed,1931,20518,846f4f1cc24e:1:9551864c,1364002,000006b042fbc869ad9c497507e3abf9907aa7ff2223b3c2622bc8a9476eafd9,578.0,21260.241,12,
98490572-257b-4fc4-82f0-2f7356a158aa,29cda5b4-fe1e-434b-8da3-c379a7e853c7,426fdd7a-37cb-40d9-b4fc-e698563caa9d,500,workload-20260609T133920373955Z,89,4,2,2026-06-09T13:54:44.487880Z,2026-06-09T13:54:45.043900Z,2026-06-09T13:55:05.496012Z,202,completed,1203,20549,f112958ae7d8:1:ce872efd,882263,0000079b902ae494d4f7eeaddda3525a798a6118ce3f3be1be8305a2ff40f6ea,562.0,21008.132,11,
d438beab-3df6-43f6-b3c6-fd726439cd2c,54b3c2cd-7356-4b4b-9b29-3ac99770a1c2,426fdd7a-37cb-40d9-b4fc-e698563caa9d,500,workload-20260609T133920373955Z,90,4,2,2026-06-09T13:54:44.488878Z,2026-06-09T13:54:45.138898Z,2026-06-09T13:55:18.799809Z,202,completed,3673,33004,9d8c9f4c40ba:1:c8fb5044,1496441,000004f54912634b0c59cfa77a673f44625a81ad350d009b8316321f65b197c6,656.0,34310.931,24,
ee696b7e-a5f6-4082-8a1f-8280f1ba57a1,7bbe95f1-5faf-4ada-a19a-2ab9d528a478,426fdd7a-37cb-40d9-b4fc-e698563caa9d,500,workload-20260609T133920373955Z,91,4,2,2026-06-09T13:54:44.490878Z,2026-06-09T13:54:45.101897Z,2026-06-09T13:55:14.682438Z,202,completed,415,29731,9d8c9f4c40ba:1:719aaee9,176013,000002c197cd328b3b7ae06a12323ae172376c09db64466bb2da2a11163781d2,609.0,30191.56,20,
589f2c18-c642-4b0d-9ecb-158da2add32b,a3e1c3da-265d-4bd3-b7f2-c0a1961a8be0,426fdd7a-37cb-40d9-b4fc-e698563caa9d,500,workload-20260609T133920373955Z,92,4,2,2026-06-09T13:54:44.491883Z,2026-06-09T13:54:45.107897Z,2026-06-09T13:55:10.751209Z,202,completed,2388,25252,f112958ae7d8:1:2420dca2,1575908,0000056638c711ad2b3cd12fca5dbbcd762d766df65a9e126ed3569f63042878,625.0,26259.326,16,
2613b00e-1b1a-4c28-817d-0597539a05f2,7309e108-d379-4952-ad89-c90544216244,426fdd7a-37cb-40d9-b4fc-e698563caa9d,500,workload-20260609T133920373955Z,93,4,2,2026-06-09T13:54:44.492879Z,2026-06-09T13:54:44.946898Z,2026-06-09T13:55:07.331155Z,202,completed,383,21855,846f4f1cc24e:1:de8b1d81,272852,000005c06ca04a2c663f37e24b2ee94446fcc7430e4d01ce740836cf31043a48,453.0,22838.276,13,
fbbfedf4-e166-47b5-9a3f-072f6d12ee7a,dcae31a0-d749-480f-ad77-abd7de59a612,426fdd7a-37cb-40d9-b4fc-e698563caa9d,500,workload-20260609T133920373955Z,94,4,2,2026-06-09T13:54:44.494879Z,2026-06-09T13:54:45.093899Z,2026-06-09T13:55:06.199121Z,202,completed,769,18562,f112958ae7d8:1:75caac71,481495,00000d17e3433756229a3504ad17e5df605f77e4a201a6addb18a70d55d9bfd0,609.0,21704.242,12,
d917e0ad-70ce-4fbb-8e8c-b0c38c2bc9e2,4c3f13e7-1e6e-4082-bef7-df18905f5bf8,426fdd7a-37cb-40d9-b4fc-e698563caa9d,500,workload-20260609T133920373955Z,95,4,2,2026-06-09T13:54:44.495879Z,2026-06-09T13:54:45.063899Z,2026-06-09T13:55:04.231833Z,202,completed,1200,18993,f112958ae7d8:1:4d5b1e58,934367,000000f50c47af9e52c99948769fe7927703fc9ac009ecab5f8daf3698eb2fb1,578.0,19735.954,11,
3f228940-d4fc-46d7-a758-8156dc2dd9fb,f87dd5aa-4ad0-42be-b563-42c69f5a63ef,426fdd7a-37cb-40d9-b4fc-e698563caa9d,500,workload-20260609T133920373955Z,96,4,2,2026-06-09T13:54:44.515879Z,2026-06-09T13:54:45.277897Z,2026-06-09T13:55:09.705155Z,202,completed,149,24739,846f4f1cc24e:1:1015ecac,92599,000005ea120e8122ca44dd5ab09cfcdcf0c3d0268367dc8dd32f165dd67fbb62,766.0,25189.276,14,
18f41bae-6ddd-4189-8a06-27e9b96bdeaa,7420dd49-2ec3-4bd9-a0b1-6bf0fd1bc097,426fdd7a-37cb-40d9-b4fc-e698563caa9d,500,workload-20260609T133920373955Z,97,4,2,2026-06-09T13:54:44.516879Z,2026-06-09T13:54:45.213897Z,2026-06-09T13:55:09.626156Z,202,completed,1359,24663,846f4f1cc24e:1:60a857d8,979596,00000795857bfe4f45321006e9fcdd819fe02c6069f043a29c1d8897ee8425ce,688.0,25109.277,14,
13d2167a-f6f4-4a4a-bb81-8fa847b088a7,8e0edaac-a324-4ba2-a3d1-31ab27f4aff2,426fdd7a-37cb-40d9-b4fc-e698563caa9d,500,workload-20260609T133920373955Z,98,4,2,2026-06-09T13:54:44.518879Z,2026-06-09T13:54:45.173899Z,2026-06-09T13:55:14.151428Z,202,completed,215,28436,f112958ae7d8:1:4204c489,187414,00000558bb55f969a431b8e175c3a49a6484f23522932b4c393a6445f59b4b39,656.0,29632.549,19,
a75719bb-fdb4-4396-860d-7fc4c9e2e134,2626d602-50e8-43b4-a4ba-bfde0d3d5a1d,426fdd7a-37cb-40d9-b4fc-e698563caa9d,500,workload-20260609T133920373955Z,99,4,2,2026-06-09T13:54:44.521882Z,2026-06-09T13:54:47.490339Z,2026-06-09T13:55:21.882814Z,202,completed,4372,35569,0616728b7286:1:c972f59d,1639533,00000fa5a56298139a24d79733e3c48a0db95ce6a1afbeeb67897e4d507662c6,2969.0,37360.932,25,
f1c2e348-676e-4940-a153-a9bb09de3b8a,8d3a3eb2-68e8-4ebc-935a-d2540d7544fa,426fdd7a-37cb-40d9-b4fc-e698563caa9d,500,workload-20260609T133920373955Z,100,4,2,2026-06-09T13:54:44.523880Z,2026-06-09T13:54:45.369899Z,2026-06-09T13:55:17.727769Z,202,completed,985,32157,f112958ae7d8:1:4d900fbc,593860,000002a9304fcfde76ebd59d0ecbd1b018da7528c01555389f757e877d9c584f,844.0,33203.889,20,
226b3213-8ace-46b6-80c8-fffa75fea2e8,08e8777f-5be5-46eb-ac2e-a261682a0352,426fdd7a-37cb-40d9-b4fc-e698563caa9d,500,workload-20260609T133920373955Z,101,4,2,2026-06-09T13:54:44.526881Z,2026-06-09T13:54:45.396898Z,2026-06-09T13:55:12.887522Z,202,completed,855,27859,f112958ae7d8:1:dec0d6ed,750443,00000d69d1f365f0359e14c3fb9fc1df5a8150309b34cbe8519b4f6697adb2a3,875.0,28360.641,18,
5f03591f-7c8a-48c6-9533-5d28c7354385,884e4a15-2080-4843-a0fe-8f26ff64012a,426fdd7a-37cb-40d9-b4fc-e698563caa9d,500,workload-20260609T133920373955Z,102,4,2,2026-06-09T13:54:44.528881Z,2026-06-09T13:54:45.332899Z,2026-06-09T13:55:11.176429Z,202,completed,114,25636,846f4f1cc24e:1:7874fcb2,71192,000006d173a1013daf7d11ded3db2d189cf16f7148b9dbe61132e35b77af9784,797.0,26647.548,16,
23a6b27b-6459-4586-b6e1-8ea6afc2edbb,52d9a2d2-351c-4dd5-9dd0-ed06d09122e9,426fdd7a-37cb-40d9-b4fc-e698563caa9d,500,workload-20260609T133920373955Z,103,4,2,2026-06-09T13:54:44.529881Z,2026-06-09T13:54:45.387900Z,2026-06-09T13:55:12.389266Z,202,completed,1195,26661,f112958ae7d8:1:faab512f,716820,000008a9ec2b7d6a93249f937da1843f739dae4c4404d4de38fbbb21b01d9321,859.0,27859.385,18,
b2fbe4b7-6d60-4291-ae25-5790adb4684d,3038a9fc-ea26-4596-b820-26f87be6d391,426fdd7a-37cb-40d9-b4fc-e698563caa9d,500,workload-20260609T133920373955Z,104,4,2,2026-06-09T13:54:44.531881Z,2026-06-09T13:54:45.349898Z,2026-06-09T13:55:13.144525Z,202,completed,558,27589,846f4f1cc24e:1:ce60fc60,341174,00000f74cc71726f295a3d7b4c566d1196dbc07de65dc4a994f8213c6f128bf4,812.0,28612.644,17,
ad8580f9-fcb8-4362-82b7-aecbcf4096ac,688d27f0-267d-4a70-84aa-f82cebf743c7,426fdd7a-37cb-40d9-b4fc-e698563caa9d,500,workload-20260609T133920373955Z,105,4,2,2026-06-09T13:54:44.532880Z,2026-06-09T13:54:45.128897Z,2026-06-09T13:55:13.528523Z,202,completed,58,28150,0616728b7286:1:604c1dcb,19199,000002e38206d58030bf699b390865d27b1b48555b86236d31cadc6974155f14,593.0,28995.643,19,
24efc995-8aca-45bb-a1ed-6930e27ea9af,438f6966-575c-47aa-982f-c1eab804984e,426fdd7a-37cb-40d9-b4fc-e698563caa9d,500,workload-20260609T133920373955Z,106,4,2,2026-06-09T13:54:44.534881Z,2026-06-09T13:54:45.295897Z,2026-06-09T13:55:15.010437Z,202,completed,190,29035,9d8c9f4c40ba:1:05166a24,66511,0000009a80e636f1ff850fd25082d94c0d0a484cf5cd2455e1e2b45a46fe98a7,765.0,30475.556,20,
aedd5fba-ecc5-4b88-8b11-5c8c759da69b,d83fe684-f352-4743-9120-2ab9beae84c8,426fdd7a-37cb-40d9-b4fc-e698563caa9d,500,workload-20260609T133920373955Z,107,4,2,2026-06-09T13:54:44.536881Z,2026-06-09T13:54:45.415900Z,2026-06-09T13:55:13.816423Z,202,completed,2818,28579,9d8c9f4c40ba:1:bc4baff5,923829,00000faf7f36487c8328a16181b5f70b22624aaff0084fc3bb4c848847ec7683,875.0,29279.542,19,
1b4c4b29-734e-4c56-9aa0-3157b9c1c799,36a92f9e-836b-4f71-9ee0-17fc73447029,426fdd7a-37cb-40d9-b4fc-e698563caa9d,500,workload-20260609T133920373955Z,108,4,2,2026-06-09T13:54:44.538881Z,2026-06-09T13:54:45.317897Z,2026-06-09T13:55:17.803299Z,202,completed,1282,32533,f112958ae7d8:1:a5a91ad9,936902,00000399ce7d36dc45a3a6cd6031baf2bbd9ec64c3bbe3d8d0a127b634e7848f,781.0,33264.418,22,
cc0fe8a4-b981-4876-bbdf-98bfdd6e453d,1b4bdf20-287b-470b-aa58-ed9a0f84d478,426fdd7a-37cb-40d9-b4fc-e698563caa9d,500,workload-20260609T133920373955Z,109,4,2,2026-06-09T13:54:44.540878Z,2026-06-09T13:54:45.325898Z,2026-06-09T13:55:12.006427Z,202,completed,2930,27074,f112958ae7d8:1:17b774ee,1953870,00000714976598f433630740baecb74f82e28ef3dd05090038b0d08b38b358a6,797.0,27465.549,17,
082d205d-921b-4835-98e7-ae9bf83fb5b2,f2878a90-9caf-40a5-9dd5-cf6acffa7cc4,426fdd7a-37cb-40d9-b4fc-e698563caa9d,500,workload-20260609T133920373955Z,110,4,2,2026-06-09T13:54:44.541881Z,2026-06-09T13:54:45.287900Z,2026-06-09T13:55:10.718212Z,202,completed,2,25239,846f4f1cc24e:1:94039aa9,2411,000005e9a7e56e877386af6e928aa6f578c6c708f17445f9a260417f16fe2779,750.0,26176.331,16,
c9e0bc32-2e00-4bec-a20e-ae08154338e2,2f4d61a4-bbc4-4d5a-9609-5ddbe6f2d95f,426fdd7a-37cb-40d9-b4fc-e698563caa9d,500,workload-20260609T133920373955Z,111,4,2,2026-06-09T13:54:44.543881Z,2026-06-09T13:54:45.302898Z,2026-06-09T13:55:14.936439Z,202,completed,261,29100,f112958ae7d8:1:e9350f6c,158583,00000b86fa2408bc3319a8f99505722ce0b31eb75efa011d48640a5d4b9deee0,750.0,30392.558,19,
64d82716-46f8-42b4-a627-21fd384b1189,20b61a2d-4526-451f-9fe7-03a92ebbe33c,426fdd7a-37cb-40d9-b4fc-e698563caa9d,500,workload-20260609T133920373955Z,112,4,2,2026-06-09T13:54:44.544879Z,2026-06-09T13:54:45.205898Z,2026-06-09T13:55:16.523945Z,202,completed,777,30916,846f4f1cc24e:1:13fef9da,488812,00000b6de9afad6364fde0547b47c8e917493ce0492e62f69f4c955f34ecf6dc,657.0,31979.066,20,
3429974c-b941-4430-8375-44371964f8ad,6555b717-cdde-4871-b341-77c6d86ed974,426fdd7a-37cb-40d9-b4fc-e698563caa9d,500,workload-20260609T133920373955Z,113,4,2,2026-06-09T13:54:44.546879Z,2026-06-09T13:54:45.309898Z,2026-06-09T13:55:11.180427Z,202,completed,938,26051,846f4f1cc24e:1:1f242a5f,942900,0000005c60ed412c489b565aae3fc8013dee277ec3daf84785d1ed100ba05b07,766.0,26633.548,16,
cf2617bd-5b5e-49e5-ae27-f3275780c32f,0cfb923f-9b27-4b92-a0ed-b04576315d41,426fdd7a-37cb-40d9-b4fc-e698563caa9d,500,workload-20260609T133920373955Z,114,4,2,2026-06-09T13:54:44.548879Z,2026-06-09T13:54:45.434900Z,2026-06-09T13:55:11.409428Z,202,completed,199,26114,846f4f1cc24e:1:9cd91c7e,162516,00000a47b0f1a16a42504e5f771c70c909ddc80fe90571172a941aeb78a71789,891.0,26860.549,16,
49dc7281-f7ee-415c-98ec-ade1e871247b,9541d37a-d8e7-472c-997b-24a6accd5626,426fdd7a-37cb-40d9-b4fc-e698563caa9d,500,workload-20260609T133920373955Z,115,4,2,2026-06-09T13:54:44.550878Z,2026-06-09T13:54:45.341899Z,2026-06-09T13:55:16.428941Z,202,completed,108,30910,f112958ae7d8:1:d9d83312,111243,0000059e57922baaf28c8df071d85123d5fb5aed2993b31c1209df7acfbee497,797.0,31878.063,19,
b7c2f28a-b122-40b1-bd4c-fe67f0ebf1c0,639b7403-cd4c-41b7-8894-20a0472de8f1,426fdd7a-37cb-40d9-b4fc-e698563caa9d,500,workload-20260609T133920373955Z,116,4,2,2026-06-09T13:54:44.552880Z,2026-06-09T13:54:45.359900Z,2026-06-09T13:55:19.826816Z,202,completed,2857,34173,846f4f1cc24e:1:00b27c26,2317249,00000b527a528603f0fe5a9357c4b5e13d97c47e7e05f914093ae5fad041a954,813.0,35273.936,24,
9b3008b3-f60a-4e95-86a2-15cb6d129508,39d78cc6-98ec-4373-be07-f07907c25d3b,426fdd7a-37cb-40d9-b4fc-e698563caa9d,500,workload-20260609T133920373955Z,117,4,2,2026-06-09T13:54:44.553880Z,2026-06-09T13:54:45.378899Z,2026-06-09T13:55:18.820811Z,202,completed,1891,33160,846f4f1cc24e:1:6f09400a,1181958,0000087e67d1952394c31ac741f030cefbe1681c975c7abd30e86e429d585a83,828.0,34266.931,22,
a228a1b5-3422-4d5c-a656-16728ff9a584,942e1ed0-a132-4d4a-8825-f4349a2e0e1b,426fdd7a-37cb-40d9-b4fc-e698563caa9d,500,workload-20260609T133920373955Z,118,4,2,2026-06-09T13:54:44.555880Z,2026-06-09T13:54:45.405897Z,2026-06-09T13:55:12.728525Z,202,completed,224,27463,f112958ae7d8:1:d6544895,133197,0000089c46e3a432f1ee02b62fbdf9fdfc0a8c6d6ca7a1561e988a0f1461e7ae,860.0,28172.645,16,
679abd07-a998-43c0-bdca-45f67b3c4921,43886b30-4933-428f-97af-d204ac640ac6,426fdd7a-37cb-40d9-b4fc-e698563caa9d,500,workload-20260609T133920373955Z,119,4,2,2026-06-09T13:54:44.556880Z,2026-06-09T13:54:45.425903Z,2026-06-09T13:55:17.666766Z,202,completed,2858,31792,0616728b7286:1:955d2976,966338,000000af30b03773872d03b4143c303f7057d2831d558fcd504da9748b04b960,875.0,33109.886,23,
f11122d6-a320-48ea-9d56-9217218df6bd,3b957d5e-807b-47b0-8a29-0cfc1dd80553,426fdd7a-37cb-40d9-b4fc-e698563caa9d,500,workload-20260609T133920373955Z,120,4,2,2026-06-09T13:54:44.558881Z,2026-06-09T13:54:45.270902Z,2026-06-09T13:55:13.001525Z,202,completed,993,27526,846f4f1cc24e:1:57c91498,711229,00000ae1490bb0f6dde85445764e9042516ff0b9305846391254ebd60f10acfa,703.0,28442.644,17,
4a748e39-cdf6-4772-9e78-bde893467b9d,c19ee8b2-de9c-41ef-aa5e-3c76de6d865a,426fdd7a-37cb-40d9-b4fc-e698563caa9d,600,workload-20260609T133920373955Z,1,4,2,2026-06-09T13:56:22.290410Z,2026-06-09T13:56:22.564720Z,2026-06-09T13:56:30.087554Z,202,completed,6072,6644,846f4f1cc24e:1:84af7c63,4499916,0000005e0aaead75ac66f86d02255332f4e44470d31dc0ad5e26073925d27385,281.0,7797.144,3,
3c472240-deaa-48cd-a0e3-e4bfa88c2ccc,2515b802-50e6-4ee4-9fc6-aa542663b3ec,426fdd7a-37cb-40d9-b4fc-e698563caa9d,600,workload-20260609T133920373955Z,2,4,2,2026-06-09T13:56:22.292562Z,2026-06-09T13:56:22.536723Z,2026-06-09T13:56:28.411552Z,202,completed,953,2551,846f4f1cc24e:1:4ad1ffc0,576004,00000992a9bf0ef837d2bac333d38dff345dfdec64b7a78ff03a7906cadebf27,250.0,6118.99,2,
78e764ba-65d6-4adb-a603-1235bf300ec9,50992990-266f-4e26-8f90-0b2f437dd7f9,426fdd7a-37cb-40d9-b4fc-e698563caa9d,600,workload-20260609T133920373955Z,3,4,2,2026-06-09T13:56:22.294682Z,2026-06-09T13:56:22.540722Z,2026-06-09T13:56:24.475334Z,202,completed,1064,1813,f112958ae7d8:1:581ab93c,659774,000002204817fb8e74d7339e286032685938c01ce46d46d1aca6b95af3f7a994,235.0,2180.652,1,
a297efe1-d98a-46f4-bdaf-88bcc8e95d96,a6757da8-5ab6-49ee-ba3f-cae7be2238fd,426fdd7a-37cb-40d9-b4fc-e698563caa9d,600,workload-20260609T133920373955Z,4,4,2,2026-06-09T13:56:22.295739Z,2026-06-09T13:56:22.537723Z,2026-06-09T13:56:26.149890Z,202,completed,1346,1767,f112958ae7d8:1:7adfff06,956144,00000e9e6e7116ec33859033855c4c062dc9203207d283120f2e83ef684fe82d,235.0,3854.151,2,
f39c58ae-d228-45f2-8f78-a0cfce4e197d,7e024a09-a39f-4784-9b3f-78e0cf269e15,426fdd7a-37cb-40d9-b4fc-e698563caa9d,600,workload-20260609T133920373955Z,5,4,2,2026-06-09T13:56:22.297364Z,2026-06-09T13:56:22.518721Z,2026-06-09T13:56:28.549552Z,202,completed,2854,4954,f112958ae7d8:1:ffc73a7a,1947646,00000133fc83d8f5e931f6bd1452aa79dc2cc84b01ee0d4372bc42c1ab469fbc,219.0,6252.188,3,
8d4815f5-4e60-4240-892c-b71c66cb3bf0,a6e1af52-3dc6-4c1e-90c7-37ba1793b50e,426fdd7a-37cb-40d9-b4fc-e698563caa9d,600,workload-20260609T133920373955Z,6,4,2,2026-06-09T13:56:22.298446Z,2026-06-09T13:56:22.539721Z,2026-06-09T13:56:28.218552Z,202,completed,74,859,9d8c9f4c40ba:1:9b97fb36,52784,000000133b9c18ce790b579da9e64ce2756cd2b6fb1124c223db5adcb5cbeda5,235.0,5920.106,1,
2e262a6c-2e8d-40e3-b448-f32bed7993fc,7bb90dd5-9bcb-42f0-ae00-e2fbac81323a,426fdd7a-37cb-40d9-b4fc-e698563caa9d,600,workload-20260609T133920373955Z,7,4,2,2026-06-09T13:56:22.299510Z,2026-06-09T13:56:22.539721Z,2026-06-09T13:56:28.324553Z,202,completed,1170,3933,846f4f1cc24e:1:5f823b74,723522,00000685ae1242eb1972d28276027a5c4e5c1e386df59dd2dde30a5c585d0837,235.0,6025.043,2,
03794bac-bc8d-425d-9402-7337e2014a4e,2f56b606-e3a1-4679-b87a-379ab77ed15b,426fdd7a-37cb-40d9-b4fc-e698563caa9d,600,workload-20260609T133920373955Z,8,4,2,2026-06-09T13:56:22.301153Z,2026-06-09T13:56:22.546721Z,2026-06-09T13:56:25.762891Z,202,completed,2354,2965,0616728b7286:1:068f82f5,805947,000003c63c2670a5e427149b72bfdd444b3ab1a38c3cf3d1a3b4329dff976646,250.0,3461.738,2,
996ce08e-1e3d-4f4c-aa66-72ac7ac80fad,5a702e97-989d-4bbe-bcb3-5893274e5a1f,426fdd7a-37cb-40d9-b4fc-e698563caa9d,600,workload-20260609T133920373955Z,9,4,2,2026-06-09T13:56:22.301671Z,2026-06-09T13:56:22.538723Z,2026-06-09T13:56:28.611554Z,202,completed,2041,2569,0616728b7286:1:a9aa9478,668696,00000d6d7a9376fafaaf5b556ee6f23c00315c3fba75123f0f9b31b90528a60e,235.0,6309.883,1,
2818c16b-ec85-42ee-97f6-957e60c9e988,c574fbc3-837e-454d-8f60-022e62df77e9,426fdd7a-37cb-40d9-b4fc-e698563caa9d,600,workload-20260609T133920373955Z,10,4,2,2026-06-09T13:56:22.303669Z,2026-06-09T13:56:22.562721Z,2026-06-09T13:56:26.498893Z,202,completed,771,3536,9d8c9f4c40ba:1:d71236d7,300436,00000f9d0bbca4e381227b908b1509b51d33bd13774130436be503959aa1adbb,266.0,4195.224,1,
8b4a5380-7310-4d7b-86a7-b2f0fa35cead,f692e787-4895-4671-bed9-385ac26edbb5,426fdd7a-37cb-40d9-b4fc-e698563caa9d,600,workload-20260609T133920373955Z,11,4,2,2026-06-09T13:56:22.307668Z,2026-06-09T13:56:22.565718Z,2026-06-09T13:56:25.250891Z,202,completed,1268,2560,9d8c9f4c40ba:1:f81b6528,441527,000007c92ef103946622b43b252fcb86ec5ea19b6b095743654c39373581f668,266.0,2943.223,1,
71f48335-9d8b-4963-ba55-1fd6489c7c4a,b03f9874-79f0-4bac-b4a3-b97f310853ab,426fdd7a-37cb-40d9-b4fc-e698563caa9d,600,workload-20260609T133920373955Z,12,4,2,2026-06-09T13:56:22.309672Z,2026-06-09T13:56:22.566720Z,2026-06-09T13:56:28.793550Z,202,completed,2820,5362,f112958ae7d8:1:6e1bb92d,1879898,0000027d6bf483a200312fd883f9b8668d081c27aff84a2a4fb75f5273929981,250.0,6483.878,1,
e883093d-5794-430c-9195-33b170d63701,3965c2ba-511f-4f4f-9f7b-99f2b637ab82,426fdd7a-37cb-40d9-b4fc-e698563caa9d,600,workload-20260609T133920373955Z,13,4,2,2026-06-09T13:56:22.310672Z,2026-06-09T13:56:22.607720Z,2026-06-09T13:56:28.083555Z,202,completed,2243,4991,0616728b7286:1:e8dcd27f,848039,00000755ed96a7b739892ca9ed904165544c857dc26a9b89ca8aa175768d2b5b,297.0,5772.883,3,
c2d88745-5818-4ba7-9cbc-be0ad42f216d,6b471e49-0610-4003-b99e-f8d4ce22047d,426fdd7a-37cb-40d9-b4fc-e698563caa9d,600,workload-20260609T133920373955Z,14,4,2,2026-06-09T13:56:22.312673Z,2026-06-09T13:56:22.561718Z,2026-06-09T13:56:28.362552Z,202,completed,1735,2485,9d8c9f4c40ba:1:4cd29cb6,778863,00000d31f4bd747b863c4d5db6ae41497f5ae959bd11490518d9392e0dda93f1,250.0,6049.879,1,
4166d70a-83ea-479a-a228-d5486587c3af,55af270d-936c-4909-98b3-390ddab1a7d5,426fdd7a-37cb-40d9-b4fc-e698563caa9d,600,workload-20260609T133920373955Z,15,4,2,2026-06-09T13:56:22.313670Z,2026-06-09T13:56:22.563721Z,2026-06-09T13:56:25.041891Z,202,completed,634,1382,846f4f1cc24e:1:953ead22,396156,0000043d148fa4d210e87f84a44acedb7c0bdfb400d63544142cc65f8470df61,250.0,2728.221,1,
df7a521f-58ea-4661-b277-fc3f17295f40,45a4685a-3167-4bfd-a2b1-6cee3b7901b6,426fdd7a-37cb-40d9-b4fc-e698563caa9d,600,workload-20260609T133920373955Z,16,4,2,2026-06-09T13:56:22.314669Z,2026-06-09T13:56:22.582724Z,2026-06-09T13:56:28.274552Z,202,completed,48,5385,f112958ae7d8:1:26167ad0,28605,00000cbda04e3a1121ac8b0fd129fbec717d8bf03f4cd08ff92a753bec7d08ff,266.0,5959.883,2,
d64029f5-5831-4e3d-a231-80ffca88c926,43a7dc89-405c-40f0-aaa7-535669739006,426fdd7a-37cb-40d9-b4fc-e698563caa9d,600,workload-20260609T133920373955Z,17,4,2,2026-06-09T13:56:22.315671Z,2026-06-09T13:56:22.584718Z,2026-06-09T13:56:28.702554Z,202,completed,390,5621,0616728b7286:1:3d69f328,117804,000007c9ed8ab9684095697fb8230c1600b1683f780c60d9a8189d167fa6e17e,266.0,6386.883,3,
a750b738-78e1-41a0-8d33-bddc57ad968b,9dcedcd7-2408-49fb-8ba9-aa76cc266157,426fdd7a-37cb-40d9-b4fc-e698563caa9d,600,workload-20260609T133920373955Z,18,4,2,2026-06-09T13:56:22.317668Z,2026-06-09T13:56:22.549723Z,2026-06-09T13:56:28.892652Z,202,completed,30,2293,f112958ae7d8:1:014b638f,34251,00000a78b3703715287c1f01cc131ae8ee8e80deb2938ec0c48119b690eb7bee,234.0,6574.984,1,
9dd1aaff-a61a-49be-aad6-63b2267b8c58,52560b94-1292-41be-a68a-700ddfb3d5d9,426fdd7a-37cb-40d9-b4fc-e698563caa9d,600,workload-20260609T133920373955Z,19,4,2,2026-06-09T13:56:22.318670Z,2026-06-09T13:56:22.547720Z,2026-06-09T13:56:28.105554Z,202,completed,505,4807,846f4f1cc24e:1:238966d9,304591,0000038ad28e82b778edd52f2567d038f4d3bf453faf9ab9c869f20dd5b8263d,234.0,5786.884,3,
83e6537e-4a25-44e4-bc82-bd3c98c4c8b9,12a749a0-4b97-4d63-91fb-ac47973238d2,426fdd7a-37cb-40d9-b4fc-e698563caa9d,600,workload-20260609T133920373955Z,20,4,2,2026-06-09T13:56:22.321671Z,2026-06-09T13:56:22.604719Z,2026-06-09T13:56:46.359647Z,202,completed,17879,22698,0616728b7286:1:4a9a3564,5068216,0000087d40b9e3b8a5cb6fedfc9352e68361bef176a9dfb214e49e4c3134442b,281.0,24037.976,19,
7f35eb94-bddf-4935-af6b-10ad4c29a735,ba5bd8ac-ef31-4755-b091-1afe0ebee0eb,426fdd7a-37cb-40d9-b4fc-e698563caa9d,600,workload-20260609T133920373955Z,21,4,2,2026-06-09T13:56:22.323670Z,2026-06-09T13:56:22.585721Z,2026-06-09T13:56:30.777552Z,202,completed,1251,7043,f112958ae7d8:1:09ea9492,943379,00000165455b3b7cfc4cff5c88fa8035c0c727cfd376a85c8a00239d55a90988,266.0,8453.882,4,
14a04707-f0dc-4f45-bcca-e12ba0645f28,bbd7c1d5-9571-4968-a92b-5c7878eff9a3,426fdd7a-37cb-40d9-b4fc-e698563caa9d,600,workload-20260609T133920373955Z,22,4,2,2026-06-09T13:56:22.324668Z,2026-06-09T13:56:22.606720Z,2026-06-09T13:56:29.428552Z,202,completed,574,5693,846f4f1cc24e:1:5e1bbd80,345613,00000ccb4e239a939c52d6eb28e07cca561978675ca66d53b80ce06b6b733f81,281.0,7103.884,3,
b35e8ed5-29db-4d7d-b765-674bf5b109f7,946138f0-fb52-44f7-b756-25de31f14bbc,426fdd7a-37cb-40d9-b4fc-e698563caa9d,600,workload-20260609T133920373955Z,23,4,2,2026-06-09T13:56:22.325670Z,2026-06-09T13:56:22.603718Z,2026-06-09T13:56:30.635552Z,202,completed,47,7085,f112958ae7d8:1:89bed8b2,52834,00000790b97df6fac05f0e1bfd12d4eb9299e4c98f970cfe47093be862814a2b,265.0,8309.882,3,
92b93b82-d514-4cc8-bb01-19a9e01c9ee8,7f7379e0-efc2-4d57-a22b-232920c4d2c4,426fdd7a-37cb-40d9-b4fc-e698563caa9d,600,workload-20260609T133920373955Z,24,4,2,2026-06-09T13:56:22.326668Z,2026-06-09T13:56:22.594722Z,2026-06-09T13:56:30.817549Z,202,completed,3616,7406,9d8c9f4c40ba:1:3fd04b91,1202374,0000098d2dc8162826ba99bfed086879401b8032e69b0e9a47dd6571e6e762c9,265.0,8490.881,4,
a423d567-45c6-4244-ad32-ad35a9fbc3f8,bfb0dc6f-27aa-4405-b301-5bb315a78580,426fdd7a-37cb-40d9-b4fc-e698563caa9d,600,workload-20260609T133920373955Z,25,4,2,2026-06-09T13:56:22.327670Z,2026-06-09T13:56:22.649722Z,2026-06-09T13:56:31.755291Z,202,completed,613,8070,f112958ae7d8:1:bf858896,355113,0000007304dfb584493c98847994b5954e5115535685e3c2f75013ec63b0bcd8,312.0,9427.621,6,
ace56385-2cb1-4155-ad99-4d5f6cbdc655,a1cd49c9-6533-4f09-a676-f1edfe591201,426fdd7a-37cb-40d9-b4fc-e698563caa9d,600,workload-20260609T133920373955Z,26,4,2,2026-06-09T13:56:22.329670Z,2026-06-09T13:56:22.643722Z,2026-06-09T13:56:29.739553Z,202,completed,862,6616,f112958ae7d8:1:160c7d98,518891,00000219112707a8507fd5e48af20e51801854a216c15bd1718c6e4486a65900,312.0,7409.883,3,
dd28b993-1f17-4e36-9351-d904c7a7a948,2635a5ff-b8c1-47c4-b094-8b9b0587feda,426fdd7a-37cb-40d9-b4fc-e698563caa9d,600,workload-20260609T133920373955Z,27,4,2,2026-06-09T13:56:22.330669Z,2026-06-09T13:56:22.569719Z,2026-06-09T13:56:31.175881Z,202,completed,4681,7833,9d8c9f4c40ba:1:d38a983e,1713786,00000ee2798b7e204b7222498fc1b19b272e89217f222d212494e9f5eeece54e,234.0,8845.212,5,
3861c9c7-ce1b-4f34-a634-75481d77e53c,ac84e497-81ee-4448-9ae7-4238884c8bae,426fdd7a-37cb-40d9-b4fc-e698563caa9d,600,workload-20260609T133920373955Z,28,4,2,2026-06-09T13:56:22.332668Z,2026-06-09T13:56:22.624719Z,2026-06-09T13:56:31.330292Z,202,completed,1072,8455,846f4f1cc24e:1:5c0769a2,917676,00000781d31576df966535401006091cd84866a8b67bbaa94fae88367bcfc974,296.0,8997.624,6,
8bd46fcf-1525-4392-b3cc-8ce12316f944,16d8a7ca-f9d2-4e58-a481-902eb3c3ee9b,426fdd7a-37cb-40d9-b4fc-e698563caa9d,600,workload-20260609T133920373955Z,29,4,2,2026-06-09T13:56:22.334669Z,2026-06-09T13:56:22.568720Z,2026-06-09T13:56:28.911652Z,202,completed,1468,4578,0616728b7286:1:1d148e5a,460755,000000b98a7a9bc2f1f95f947540f0c35262f46a53f88ddd380c7e57b2deceae,234.0,6576.983,3,
3f676647-ca1f-4641-8730-8e2a967f4809,5c9ea47f-4fe7-4f2a-b0c3-dc71de9a1083,426fdd7a-37cb-40d9-b4fc-e698563caa9d,600,workload-20260609T133920373955Z,30,4,2,2026-06-09T13:56:22.336669Z,2026-06-09T13:56:22.609719Z,2026-06-09T13:56:30.810553Z,202,completed,917,8167,0616728b7286:1:421328dd,269768,000001f180f2f604ec6af8f13773e7299329ff2fd1141967f8cad62dd79af872,281.0,8473.884,3,
0e71e1e4-4844-43ef-94ed-f3ef88efe545,c2e37772-36dc-4d38-a3d5-533c79292fac,426fdd7a-37cb-40d9-b4fc-e698563caa9d,600,workload-20260609T133920373955Z,31,4,2,2026-06-09T13:56:22.338668Z,2026-06-09T13:56:22.637720Z,2026-06-09T13:56:30.478553Z,202,completed,1195,7005,0616728b7286:1:e0eca12e,341592,00000753661fa8a4a6232c5a8d7c158cbda1a4b05515009fb0ba511cfdead8ce,312.0,8139.885,3,
ef4bf755-9010-47da-874e-4daa2664fd0b,56b2ec47-97c1-4c4e-a1a4-007077de9cd1,426fdd7a-37cb-40d9-b4fc-e698563caa9d,600,workload-20260609T133920373955Z,32,4,2,2026-06-09T13:56:22.341668Z,2026-06-09T13:56:22.670721Z,2026-06-09T13:56:41.120006Z,202,completed,8440,17933,0616728b7286:1:9c5d9003,1822205,000004b40969bfa08be4b1740cfbc637050566073af9fda7856e2633ccb75be4,328.0,18778.338,14,
d6f6d2c4-e82c-42ef-b0f5-00a64442bd07,473e3111-aef6-4d89-a71e-a1a8225d2098,426fdd7a-37cb-40d9-b4fc-e698563caa9d,600,workload-20260609T133920373955Z,33,4,2,2026-06-09T13:56:22.342668Z,2026-06-09T13:56:22.651720Z,2026-06-09T13:56:31.537291Z,202,completed,1252,8718,f112958ae7d8:1:8bbfd3d5,916059,00000764789ca10c806299778e9ba5522edd97ed61bd9377186e37b1a053f407,297.0,9194.623,4,
82c1cb57-a656-4573-a2f4-5a16c6ecb28b,fd4d05d2-88a0-47b4-b04b-e592bfdbcdd4,426fdd7a-37cb-40d9-b4fc-e698563caa9d,600,workload-20260609T133920373955Z,34,4,2,2026-06-09T13:56:22.343668Z,2026-06-09T13:56:22.636723Z,2026-06-09T13:56:30.746553Z,202,completed,640,7421,846f4f1cc24e:1:50537863,615122,00000dd686417325b74930da0b2e2f137761ac8d62dd83cda3ddf5fca0bc1c6d,297.0,8402.885,5,
8a1d7643-ee00-4d6a-a58f-aff66946beb9,6b622478-e549-408c-957d-d18121433e9d,426fdd7a-37cb-40d9-b4fc-e698563caa9d,600,workload-20260609T133920373955Z,35,4,2,2026-06-09T13:56:22.344668Z,2026-06-09T13:56:22.683720Z,2026-06-09T13:56:32.333539Z,202,completed,945,9274,0616728b7286:1:23057aed,255650,00000e3f7d75f91ade74c955d588119b843c648d425818c05a5455ef75da877c,344.0,9988.871,6,
0c382d79-4912-455b-bd04-db32bc57c8e0,910627dc-c97e-4414-850f-48301fcc9d4b,426fdd7a-37cb-40d9-b4fc-e698563caa9d,600,workload-20260609T133920373955Z,36,4,2,2026-06-09T13:56:22.346669Z,2026-06-09T13:56:22.653721Z,2026-06-09T13:56:32.125539Z,202,completed,300,8480,846f4f1cc24e:1:b1039e6c,315944,000000d473d235d945984de6a310c5efab4514aec56ba2ddb56553b167786bdf,313.0,9778.87,5,
cca60137-34e0-4abe-870b-493f2d8ec5f0,f98dc18c-e570-4288-96b9-bbf73878ed92,426fdd7a-37cb-40d9-b4fc-e698563caa9d,600,workload-20260609T133920373955Z,37,4,2,2026-06-09T13:56:22.347670Z,2026-06-09T13:56:22.641718Z,2026-06-09T13:56:31.966524Z,202,completed,272,8382,9d8c9f4c40ba:1:1c134627,96373,00000020fbc26c85cbdeee934ddabb98cc2787f04944f9238bbd12a5f5d2b9e2,297.0,9618.854,4,
28b7bdcb-9435-4f77-a5ba-06419d265bb1,cd25fc38-310c-49c2-8407-a1786d8f98a2,426fdd7a-37cb-40d9-b4fc-e698563caa9d,600,workload-20260609T133920373955Z,38,4,2,2026-06-09T13:56:22.348670Z,2026-06-09T13:56:22.639720Z,2026-06-09T13:56:30.502550Z,202,completed,854,6980,846f4f1cc24e:1:4cb95f1c,561266,00000bcdb44f901bb6f2a7711527006e37705bbbf4b1de38caca04cceef69302,297.0,8153.88,4,
3fabc701-71e2-4d0e-8819-c1d650e45a29,396e3591-d607-4b26-a28f-5bf5c0c90767,426fdd7a-37cb-40d9-b4fc-e698563caa9d,600,workload-20260609T133920373955Z,39,4,2,2026-06-09T13:56:22.353719Z,2026-06-09T13:56:22.678721Z,2026-06-09T13:56:35.434329Z,202,completed,3005,11770,846f4f1cc24e:1:dd1eac07,2222863,00000787cd8e7d4c4c459808d4ad54fd73097a84c918601792b62932591db902,328.0,13080.61,8,
869acbdf-3d91-490d-af82-0172e4ad9baa,b32759ae-6c06-40e4-807c-acf10f9a7fed,426fdd7a-37cb-40d9-b4fc-e698563caa9d,600,workload-20260609T133920373955Z,40,4,2,2026-06-09T13:56:22.358723Z,2026-06-09T13:56:22.681722Z,2026-06-09T13:56:33.256909Z,202,completed,750,9538,9d8c9f4c40ba:1:36bf2cd6,252915,00000a96334cf71d1a2f5b3321b45f43242c59d31e47facc030bae6797457209,312.0,10898.186,6,
9cfd47e5-9ad4-4c4f-8c08-16ce5cddcd17,1250c801-9f2d-4b84-8033-1bfdf9e80696,426fdd7a-37cb-40d9-b4fc-e698563caa9d,600,workload-20260609T133920373955Z,41,4,2,2026-06-09T13:56:22.359723Z,2026-06-09T13:56:22.673720Z,2026-06-09T13:56:31.227880Z,202,completed,313,8026,846f4f1cc24e:1:607a0605,195777,00000fea600411b77bf36dd48e7a08ea0e6a3ade410d29d7ee089c345105a2a2,312.0,8868.157,4,
095d8d85-bdce-4571-b5df-6fa153e0fbde,e7214995-af35-4bb1-988a-89fb8ae36205,426fdd7a-37cb-40d9-b4fc-e698563caa9d,600,workload-20260609T133920373955Z,42,4,2,2026-06-09T13:56:22.360723Z,2026-06-09T13:56:22.686722Z,2026-06-09T13:56:33.357889Z,202,completed,2127,9947,9d8c9f4c40ba:1:e5815976,1073713,00000af35ff64f73c48074928c19b45b9c24f8336ced725bd2df35dd0ab66b76,328.0,10997.166,5,
95e25026-3506-4044-85c7-6f206a532bcc,47fd2430-abad-4553-96e0-fc48e6148850,426fdd7a-37cb-40d9-b4fc-e698563caa9d,600,workload-20260609T133920373955Z,43,4,2,2026-06-09T13:56:22.361722Z,2026-06-09T13:56:22.701720Z,2026-06-09T13:56:37.690715Z,202,completed,2273,14838,f112958ae7d8:1:765e3faa,1783888,0000022f5aff45208b2f4a03fe2570f4d06c56bdfdde0015cdb81a7e723ce9d1,344.0,15328.993,10,
4c0acbc8-18c9-4445-a85d-957bcd46e439,f47c2691-35c0-456b-9c8d-562a65142e9d,426fdd7a-37cb-40d9-b4fc-e698563caa9d,600,workload-20260609T133920373955Z,44,4,2,2026-06-09T13:56:22.363721Z,2026-06-09T13:56:22.698721Z,2026-06-09T13:56:35.190928Z,202,completed,3122,12215,f112958ae7d8:1:6273471f,2067509,000007debfd152b82d040593f067c4b6ef7311be784678e759ffa966e1e6be6b,328.0,12827.207,7,
eb22a832-508f-4d5d-9cb0-c40dc33daf6f,112bd85e-0624-4609-9419-cb5f0ed874c9,426fdd7a-37cb-40d9-b4fc-e698563caa9d,600,workload-20260609T133920373955Z,45,4,2,2026-06-09T13:56:22.364723Z,2026-06-09T13:56:22.725719Z,2026-06-09T13:56:33.358889Z,202,completed,192,10312,9d8c9f4c40ba:1:a0b92ffe,68004,0000034715bbe0434da45cbcc125e8a926335ded27358e086fbf75f404da3f2f,359.0,10994.166,6,
4c9eee37-f02b-44ae-9773-838688c90544,066f2870-12a5-4f74-966f-6d8745f5d7db,426fdd7a-37cb-40d9-b4fc-e698563caa9d,600,workload-20260609T133920373955Z,46,4,2,2026-06-09T13:56:22.365723Z,2026-06-09T13:56:22.676722Z,2026-06-09T13:56:47.239154Z,202,completed,11971,24198,846f4f1cc24e:1:beb58743,6734137,000009c6f6d283fa6b1ee180d42a8a6bd90249d4bd57554aa512dee3031fcbc8,312.0,24873.431,19,
fa042aac-f7e5-403f-9d17-745cf7c2777b,711c974a-50f1-4908-9e30-f8c418be1707,426fdd7a-37cb-40d9-b4fc-e698563caa9d,600,workload-20260609T133920373955Z,47,4,2,2026-06-09T13:56:22.366722Z,2026-06-09T13:56:22.668722Z,2026-06-09T13:56:32.462539Z,202,completed,509,8756,f112958ae7d8:1:058cf5a7,406658,00000a0233c5c78d42e6cf0c2d8c320e1eeeb7c5536b423a42bb198c4cd02031,312.0,10095.817,5,
575355c8-b4a9-409a-8ef2-8922ab2cdd07,8c748e04-7694-46d9-a316-da3ae7592de2,426fdd7a-37cb-40d9-b4fc-e698563caa9d,600,workload-20260609T133920373955Z,48,4,2,2026-06-09T13:56:22.372721Z,2026-06-09T13:56:22.707720Z,2026-06-09T13:56:32.676554Z,202,completed,765,9717,846f4f1cc24e:1:9219170e,465338,000003ac9d35f8f770b46e7a7e08d214f7041f05d355aa2f9d0118bca24b8605,329.0,10303.833,5,
d5acc986-38c2-4cf9-ad9a-addddd734be8,14e18d99-545f-48ea-821c-8d8d7e1c05a2,426fdd7a-37cb-40d9-b4fc-e698563caa9d,600,workload-20260609T133920373955Z,49,4,2,2026-06-09T13:56:22.380720Z,2026-06-09T13:56:22.764721Z,2026-06-09T13:56:35.748328Z,202,completed,1960,12904,846f4f1cc24e:1:36ae2878,1329170,00000bd8b0eb4113b428f1c407bf2dfb2010a1c3ef50fea1cbdbfed6356f5e18,391.0,13367.608,9,
0f26946a-3e4a-4e02-abc7-e18ddcba5e3e,cd63e4ca-2e0c-4dba-a904-14242e687fd4,426fdd7a-37cb-40d9-b4fc-e698563caa9d,600,workload-20260609T133920373955Z,50,4,2,2026-06-09T13:56:22.381723Z,2026-06-09T13:56:22.750720Z,2026-06-09T13:56:35.785330Z,202,completed,2012,12861,f112958ae7d8:1:77f17f35,1356202,000006b74d718634ae96d9714c249f9cadcc82004341beccc9d66c519672f535,375.0,13403.607,8,
d0f2ecc0-fd33-459d-887e-89355d918e29,fe999fcf-7bfa-441b-8648-6c4e21aaa926,426fdd7a-37cb-40d9-b4fc-e698563caa9d,600,workload-20260609T133920373955Z,51,4,2,2026-06-09T13:56:22.382723Z,2026-06-09T13:56:22.731719Z,2026-06-09T13:56:33.263908Z,202,completed,1320,10558,f112958ae7d8:1:57c18860,773367,000005b9de268133964f392771ecd24823f5f408abcdc93a9308370f28044990,360.0,10881.185,6,
e3c3d605-f2d6-4963-8adc-c630f81b0c89,ad94fc7b-f42a-454b-8769-46fff74eaaf4,426fdd7a-37cb-40d9-b4fc-e698563caa9d,600,workload-20260609T133920373955Z,52,4,2,2026-06-09T13:56:22.384722Z,2026-06-09T13:56:22.728719Z,2026-06-09T13:56:43.386350Z,202,completed,9277,19738,9d8c9f4c40ba:1:eea0cdbd,3704327,00000bd8b3e157de475998e4babcfbf8078aa5606bbd980896a72b4dbbd7346d,344.0,21001.628,16,
f3af32ad-086b-4f4f-b749-31683587d203,413cd6e5-23c8-4e7c-bfad-6088521c6622,426fdd7a-37cb-40d9-b4fc-e698563caa9d,600,workload-20260609T133920373955Z,53,4,2,2026-06-09T13:56:22.385722Z,2026-06-09T13:56:22.722719Z,2026-06-09T13:56:34.259892Z,202,completed,572,10600,846f4f1cc24e:1:579bf8d7,339429,0000035c2b3fb6a0184025f02c3ad2c38bd190fd87e27cc541f512f244b21368,344.0,11874.17,7,
a75d2c74-f3d2-431f-aea0-c39a30c42c50,72984bf6-285b-4133-adc5-55432d4f6446,426fdd7a-37cb-40d9-b4fc-e698563caa9d,600,workload-20260609T133920373955Z,54,4,2,2026-06-09T13:56:22.386721Z,2026-06-09T13:56:22.719721Z,2026-06-09T13:56:39.710713Z,202,completed,84,16470,f112958ae7d8:1:16aed9f5,46015,00000cbbe0ad81bc3cef65e9dba17c5313d1e60ba7bf7ee81d18f2c0696c99fd,328.0,17323.992,11,
f266bc76-2cc2-47e0-9286-b546ea59f45d,a1e446f3-ae77-49ef-a36d-3c5df7ba4527,426fdd7a-37cb-40d9-b4fc-e698563caa9d,600,workload-20260609T133920373955Z,55,4,2,2026-06-09T13:56:22.388721Z,2026-06-09T13:56:22.704722Z,2026-06-09T13:56:36.463330Z,202,completed,2921,12714,9d8c9f4c40ba:1:1b63d98c,1198249,000004e4ec93860d7c6330b50843fddbbe16c7f2dd4817fbaa62d4b5a507dbe7,313.0,14074.609,8,
03c1c7b5-cebd-434b-9e70-e5b24399b7c9,d99aeef5-09e4-4673-a390-156db798c82b,426fdd7a-37cb-40d9-b4fc-e698563caa9d,600,workload-20260609T133920373955Z,56,4,2,2026-06-09T13:56:22.389720Z,2026-06-09T13:56:22.709720Z,2026-06-09T13:56:39.971012Z,202,completed,964,17131,f112958ae7d8:1:8700006f,837256,000001d34000e6d6af8f95cd435221599cf98a9c703effb025d463069b42a247,313.0,17581.292,11,
ea395043-7709-4d33-89cc-d55d490505d2,6e0efd07-7bab-45ee-8af9-2347d1d5bbad,426fdd7a-37cb-40d9-b4fc-e698563caa9d,600,workload-20260609T133920373955Z,57,4,2,2026-06-09T13:56:22.398719Z,2026-06-09T13:56:22.774719Z,2026-06-09T13:56:44.422648Z,202,completed,6213,20831,846f4f1cc24e:1:00a47464,2962628,00000d513ac4d0901d0ac0aa901efd3108cb3b299776a475d80bbf5756495b3f,375.0,22023.929,15,
422fd9a5-234b-48b7-ae24-5bc9a0517883,0359f901-d239-4ec7-80da-b0f396d6e9be,426fdd7a-37cb-40d9-b4fc-e698563caa9d,600,workload-20260609T133920373955Z,58,4,2,2026-06-09T13:56:22.399719Z,2026-06-09T13:56:22.767719Z,2026-06-09T13:56:37.701715Z,202,completed,775,14427,846f4f1cc24e:1:db5c7f31,452637,00000f39acbf3a63a013c90503560509338930c9d866e57367d18531b96023a0,375.0,15301.996,9,
07041003-0c10-4032-bee1-50fe300886d0,c96e36ca-b1f9-4ebc-98aa-2d129d1a96bb,426fdd7a-37cb-40d9-b4fc-e698563caa9d,600,workload-20260609T133920373955Z,59,4,2,2026-06-09T13:56:22.401721Z,2026-06-09T13:56:22.791719Z,2026-06-09T13:56:40.600010Z,202,completed,2754,16992,9d8c9f4c40ba:1:c0e38fff,937521,000008743f078a06edf2aef70065bc108295c674d1494a14402195ffbb3388a2,391.0,18198.289,12,
abd30933-7c67-4c72-ab69-ef3ecc7553fb,937d2f57-0ca4-4c9a-963e-787f8ea72ed7,426fdd7a-37cb-40d9-b4fc-e698563caa9d,600,workload-20260609T133920373955Z,60,4,2,2026-06-09T13:56:22.402721Z,2026-06-09T13:56:22.799719Z,2026-06-09T13:56:39.128711Z,202,completed,428,15478,f112958ae7d8:1:bc3cd884,252972,000009dc9f39d43c1ac20f1affa7a0f62784e751bc0afee88d5dd525d354b296,390.0,16725.99,11,
6eebafef-e9f6-4710-ae23-037d96893fd8,88d0930e-6c60-4767-b9f6-61daefaf9f15,426fdd7a-37cb-40d9-b4fc-e698563caa9d,600,workload-20260609T133920373955Z,61,4,2,2026-06-09T13:56:22.404721Z,2026-06-09T13:56:22.825720Z,2026-06-09T13:56:40.810011Z,202,completed,925,15896,f112958ae7d8:1:6a33d3ae,793780,00000b27e81dfb8f73af2b4fc4bf71f3ef22c0f8ad5d884398997ddf7c44ed1c,422.0,18405.29,11,
91b74d18-7259-4cd0-9b60-879da9741f42,b92cc55c-33f5-4549-bf22-dfbf77f04c6e,426fdd7a-37cb-40d9-b4fc-e698563caa9d,600,workload-20260609T133920373955Z,62,4,2,2026-06-09T13:56:22.405719Z,2026-06-09T13:56:22.734720Z,2026-06-09T13:56:37.330330Z,202,completed,813,13851,9d8c9f4c40ba:1:6b7f39f0,265397,00000ea567106854491c9fb000961d5a2c5ef80b23211f60bdeaac30c4c1f53f,328.0,14924.611,10,
b9c6d970-4f84-402c-be11-3f142f0fdd28,a7e5c8bb-0424-4e66-9911-015fce6ffee2,426fdd7a-37cb-40d9-b4fc-e698563caa9d,600,workload-20260609T133920373955Z,63,4,2,2026-06-09T13:56:22.407723Z,2026-06-09T13:56:22.744721Z,2026-06-09T13:56:42.610351Z,202,completed,399,19261,9d8c9f4c40ba:1:0e412d42,135703,0000008d4174de64726b541ef57b5c9ebd4ff2ffb39b7a720830eb034091c534,328.0,20202.628,14,
21086405-9933-4694-8ce5-9d77acae4e16,67921475-4a0e-4cf6-8072-0dad0fcd8967,426fdd7a-37cb-40d9-b4fc-e698563caa9d,600,workload-20260609T133920373955Z,64,4,2,2026-06-09T13:56:22.408723Z,2026-06-09T13:56:22.761719Z,2026-06-09T13:56:36.926330Z,202,completed,128,13281,846f4f1cc24e:1:e85492f8,74461,00000427f5c4e35e777d61b0e4a90dc8595871ed5f2a72cf4619fcad23d57be7,359.0,14517.607,10,
ad5b29c6-2b71-4914-9175-01b13f673f1d,2c90321e-756d-4990-a4ba-ad796650422b,426fdd7a-37cb-40d9-b4fc-e698563caa9d,600,workload-20260609T133920373955Z,65,4,2,2026-06-09T13:56:22.410722Z,2026-06-09T13:56:22.771719Z,2026-06-09T13:56:38.085712Z,202,completed,478,14403,f112958ae7d8:1:2a36c69b,274331,00000370c73f50760703d8945a4fd41748cf9cc83ce146ef6fab9994bce01bb7,359.0,15674.99,6,
0ab6582b-4e9f-49e0-9504-d37cd77300b0,94710a6c-ef68-47db-b4fb-b4fe37e011d2,426fdd7a-37cb-40d9-b4fc-e698563caa9d,600,workload-20260609T133920373955Z,66,4,2,2026-06-09T13:56:22.411722Z,2026-06-09T13:56:22.747720Z,2026-06-09T13:56:44.555650Z,202,completed,1351,20823,9d8c9f4c40ba:1:d356ede9,498360,00000555de28ae9b53fa5fbb378bf4a5d2f3dfb5440bcf93d5e3ffedad107929,343.0,22143.928,15,
d4e5a252-0733-4644-a891-ed54472d4636,7985ede6-6a45-4791-9b48-5ffbddec23c9,426fdd7a-37cb-40d9-b4fc-e698563caa9d,600,workload-20260609T133920373955Z,67,4,2,2026-06-09T13:56:22.419720Z,2026-06-09T13:56:22.803719Z,2026-06-09T13:56:41.444011Z,202,completed,1425,18629,9d8c9f4c40ba:1:7bfa7db7,488560,00000ef3d4e3789ee19cb2717c84f3ee73d79b4a4fd081f3976187f9fd7e635f,375.0,19024.291,13,
ce16ec78-6967-4b0f-b7ef-8075f5ffb2b2,fba2bf6d-2559-4752-9cd8-41440652030c,426fdd7a-37cb-40d9-b4fc-e698563caa9d,600,workload-20260609T133920373955Z,68,4,2,2026-06-09T13:56:22.420722Z,2026-06-09T13:56:22.788720Z,2026-06-09T13:56:47.491154Z,202,completed,262,24459,f112958ae7d8:1:1de3f18f,161677,00000f7c9837ffa97d9b2b0ab0fc9d5f468e52a839ba40480877740da668462a,360.0,25070.432,18,
c117d042-5ed1-4c48-b64b-40cf69709ef9,88e053a5-58d0-4f21-8fd4-c4fd5fb1a23e,426fdd7a-37cb-40d9-b4fc-e698563caa9d,600,workload-20260609T133920373955Z,69,4,2,2026-06-09T13:56:22.422721Z,2026-06-09T13:56:22.795720Z,2026-06-09T13:56:39.718713Z,202,completed,82,15961,f112958ae7d8:1:bab46559,92272,00000d664ed0746f72476d17fd3b3857250498d0bdc7cb4d93bee30038cfcc55,375.0,17295.992,11,
a846c5c2-78d8-4615-93a1-27ad3b6cdfca,0eeaf998-415d-45bf-8316-95cbe340e080,426fdd7a-37cb-40d9-b4fc-e698563caa9d,600,workload-20260609T133920373955Z,70,4,2,2026-06-09T13:56:22.423719Z,2026-06-09T13:56:22.888720Z,2026-06-09T13:56:46.007645Z,202,completed,4377,22598,0616728b7286:1:8b471dd3,1275802,0000076824d9d93f1272c837a4646af0bf5a4aef6d33ecac99ba5a5788833fb4,469.0,23583.926,17,
9a4c0f1b-0479-422c-9d6e-1e92a66b5410,f77f23a0-a900-4c0d-810f-379fdc5b5513,426fdd7a-37cb-40d9-b4fc-e698563caa9d,600,workload-20260609T133920373955Z,71,4,2,2026-06-09T13:56:22.424720Z,2026-06-09T13:56:22.861719Z,2026-06-09T13:56:40.714011Z,202,completed,19,17671,f112958ae7d8:1:80bd108b,20120,00000ee09c5adca82eb8fc17e23b9b9408b1239ec4ebd0d38971005985259193,438.0,18289.291,13,
ebd18e9f-83ac-4b6e-99d3-336506e981f2,a38450ff-e10c-49ce-983e-94e623944219,426fdd7a-37cb-40d9-b4fc-e698563caa9d,600,workload-20260609T133920373955Z,72,4,2,2026-06-09T13:56:22.425719Z,2026-06-09T13:56:22.883720Z,2026-06-09T13:56:43.981351Z,202,completed,3259,20904,f112958ae7d8:1:038c55f9,2545726,00000dfa6071103bd1972643778305620db18535ff96db042f1534393337c1ec,453.0,21555.632,16,
c1ef36d5-5ab4-49d2-98a5-816a62730088,8d3245d5-2a87-4b7b-b1b2-7169c19b3b84,426fdd7a-37cb-40d9-b4fc-e698563caa9d,600,workload-20260609T133920373955Z,73,4,2,2026-06-09T13:56:22.427720Z,2026-06-09T13:56:22.807719Z,2026-06-09T13:56:50.273245Z,202,completed,3021,27201,0616728b7286:1:5b064d46,1070520,0000013c84a3bf2deaee7d52f3e1a7c92e2902f1dbb222ceca965c3e795e3101,375.0,27845.525,21,
d9c279f8-ed07-4277-8b74-a49523bb2f73,519d2bb9-0697-4b59-8d16-51eb51346959,426fdd7a-37cb-40d9-b4fc-e698563caa9d,600,workload-20260609T133920373955Z,74,4,2,2026-06-09T13:56:22.428719Z,2026-06-09T13:56:22.897719Z,2026-06-09T13:56:43.278352Z,202,completed,1558,19992,f112958ae7d8:1:99c3f657,946775,0000078ce77d157b8050824c8d4415d1d674c1ac0c616a6f8c9ce26b7b251e35,469.0,20849.633,14,
d3c8a7c0-95eb-4ee2-9024-e45980c7b809,2265cdda-a4e4-4f5d-a933-0e8e1436da57,426fdd7a-37cb-40d9-b4fc-e698563caa9d,600,workload-20260609T133920373955Z,75,4,2,2026-06-09T13:56:22.431720Z,2026-06-09T13:56:22.784719Z,2026-06-09T13:56:39.994010Z,202,completed,339,17185,f112958ae7d8:1:a4260dcb,218784,0000016492ea9f2f3350be0206863afcdef8d453758302aa5d316ae04e32bd82,360.0,17562.29,11,
515181f6-52d9-4243-b083-5749fd41fa8e,77cb954b-8f57-4bb1-9bf8-44917d6daa14,426fdd7a-37cb-40d9-b4fc-e698563caa9d,600,workload-20260609T133920373955Z,76,4,2,2026-06-09T13:56:22.432718Z,2026-06-09T13:56:22.874720Z,2026-06-09T13:56:41.275012Z,202,completed,101,18087,f112958ae7d8:1:19bc0e9d,64578,00000af0d537bb02d6c0433d38c2e985353f66aeca84a4866785e017c3b60563,453.0,18842.294,13,
971f9355-8d98-46e0-bbc4-45fb238b9c71,431f5f1b-9026-41a0-a5bc-0e9dff2f457c,426fdd7a-37cb-40d9-b4fc-e698563caa9d,600,workload-20260609T133920373955Z,77,4,2,2026-06-09T13:56:22.442724Z,2026-06-09T13:56:22.835719Z,2026-06-09T13:56:46.548633Z,202,completed,327,23324,0616728b7286:1:b340c69c,107588,00000419f39d52dd6900faca5ed0e9eece7b621659009ad2fb53015f7b1f03f9,391.0,24105.909,18,
ffe46246-9059-4364-9135-4b211b86d0a4,9910175a-9d5b-425a-b9fd-b5a2c0e86374,426fdd7a-37cb-40d9-b4fc-e698563caa9d,600,workload-20260609T133920373955Z,78,4,2,2026-06-09T13:56:22.443720Z,2026-06-09T13:56:22.893722Z,2026-06-09T13:56:47.242156Z,202,completed,155,23814,0616728b7286:1:d1e257e5,100618,00000602d8e0400cf32f0c886e4edef05b30c8eaddb12fb3ff623e9ca98cb188,453.0,24798.436,18,
f4e55e3f-baee-47dd-99fc-a8fb057b719d,a63112dc-ca44-4465-8aa7-1592ee05ca75,426fdd7a-37cb-40d9-b4fc-e698563caa9d,600,workload-20260609T133920373955Z,79,4,2,2026-06-09T13:56:22.445718Z,2026-06-09T13:56:22.941718Z,2026-06-09T13:56:47.124156Z,202,completed,1998,23303,9d8c9f4c40ba:1:ee8d7fc5,819211,00000afc8989e39884ef4806aa45274976a4f8f98d00848f290a01ccc338a034,500.0,24678.438,18,
7fc3f8cd-20a6-4543-a32d-1b6d6b4ef7a6,62782051-65e9-439f-8075-384745e48246,426fdd7a-37cb-40d9-b4fc-e698563caa9d,600,workload-20260609T133920373955Z,80,4,2,2026-06-09T13:56:22.446720Z,2026-06-09T13:56:22.829719Z,2026-06-09T13:56:44.862649Z,202,completed,852,21296,f112958ae7d8:1:015b7f15,689974,0000084964371210cd9dcc52ca075a8f445ccc0ea1d6d19536068aa1d90c705f,391.0,22415.929,15,
43e403e4-b93d-4f53-9067-b7b65cc39202,1712f4f8-b924-4beb-aa40-a01e70807ca3,426fdd7a-37cb-40d9-b4fc-e698563caa9d,600,workload-20260609T133920373955Z,81,4,2,2026-06-09T13:56:22.447721Z,2026-06-09T13:56:22.865718Z,2026-06-09T13:56:48.885247Z,202,completed,323,25117,f112958ae7d8:1:5febb186,197627,000009a40d641c1c13a15bc149d1c3ede039a86869e0cd78725d896bcdbce2ac,422.0,26437.526,19,
06222157-e99e-487a-bde5-70c09378b488,81ae457c-af4b-4af5-94a4-a1ebd3e40cbb,426fdd7a-37cb-40d9-b4fc-e698563caa9d,600,workload-20260609T133920373955Z,82,4,2,2026-06-09T13:56:22.449721Z,2026-06-09T13:56:22.916719Z,2026-06-09T13:56:45.542646Z,202,completed,340,21961,f112958ae7d8:1:a87d8c7f,209026,00000bc7cce57573e7ad2c0f5fd3cb0a2c512002fc1d38415ed5079311f51b08,453.0,23092.925,17,
d72bbcfd-4175-4aa8-9c9d-191b319fc854,a5364320-3194-4242-b5f3-a05550ebd1e8,426fdd7a-37cb-40d9-b4fc-e698563caa9d,600,workload-20260609T133920373955Z,83,4,2,2026-06-09T13:56:22.450720Z,2026-06-09T13:56:22.984718Z,2026-06-09T13:56:46.865152Z,202,completed,625,23759,0616728b7286:1:645cd2e4,300138,000009eee57720877b76f415b38b13c9cad5ca75896b59458ae54d196d604d98,531.0,24414.432,17,
3132ac82-ab42-42c8-b3fe-855a469a427f,4ba366aa-1828-4b93-b1f1-1ff92a7627ab,426fdd7a-37cb-40d9-b4fc-e698563caa9d,600,workload-20260609T133920373955Z,84,4,2,2026-06-09T13:56:22.452719Z,2026-06-09T13:56:22.979721Z,2026-06-09T13:56:47.004153Z,202,completed,1196,23812,f112958ae7d8:1:5a6499e3,708915,00000a6d1a69407945e56abca14f4e6b6bdf39191c050e6418850d53851bca0e,515.0,24551.434,18,
62b80bcb-9210-413f-8c2a-37916ffc8fd2,c5022eab-9129-4842-825f-d2f0841550e5,426fdd7a-37cb-40d9-b4fc-e698563caa9d,600,workload-20260609T133920373955Z,85,4,2,2026-06-09T13:56:22.453722Z,2026-06-09T13:56:22.879721Z,2026-06-09T13:56:45.570646Z,202,completed,979,22390,f112958ae7d8:1:d52bcd21,914965,000007ee4e6f315da681162a281640006c489c0f508f963d309a06d30abc4c73,421.0,23116.924,17,
4b1a01bd-c9cc-450c-8bcf-1c23151ea56b,c04c1706-3284-48f5-a96b-585ae98bd6b8,426fdd7a-37cb-40d9-b4fc-e698563caa9d,600,workload-20260609T133920373955Z,86,4,2,2026-06-09T13:56:22.455721Z,2026-06-09T13:56:22.931719Z,2026-06-09T13:56:51.275529Z,202,completed,6372,28357,9d8c9f4c40ba:1:ffdaa6b7,2370545,0000063a04e3add9cb5f1e3a1fa2e7de053051fc197c5fc506c5cf1810662ef2,468.0,28819.808,21,
df962e25-cf11-4dd9-a000-0f33b0051f38,3ab1b7e5-f9e1-4303-b672-712eee07b30a,426fdd7a-37cb-40d9-b4fc-e698563caa9d,600,workload-20260609T133920373955Z,87,4,2,2026-06-09T13:56:22.456722Z,2026-06-09T13:56:22.848720Z,2026-06-09T13:56:51.217526Z,202,completed,4059,27703,9d8c9f4c40ba:1:a050e6a7,1375489,00000e20c12e32047f55b16a2fe6a516dd559a1a52b4bb3c3a997be787b71378,390.0,28760.804,21,
5a7349a7-2432-42e4-a063-1b26c3c259fb,3b6fa34a-8eae-49b9-ada0-315f1c36c84d,426fdd7a-37cb-40d9-b4fc-e698563caa9d,600,workload-20260609T133920373955Z,88,4,2,2026-06-09T13:56:22.457723Z,2026-06-09T13:56:23.004719Z,2026-06-09T13:56:48.002168Z,202,completed,35,24174,846f4f1cc24e:1:bcd13f7b,39075,00000d3a40cd4525012504f54ad8f27bc14ef0935068a3041820daaff0b63949,546.0,25544.445,18,
7e5c25fe-22f5-4dca-8642-ca1987e8d402,bea8fc6c-0c2c-4468-9916-458335a06221,426fdd7a-37cb-40d9-b4fc-e698563caa9d,600,workload-20260609T133920373955Z,89,4,2,2026-06-09T13:56:22.459722Z,2026-06-09T13:56:22.852718Z,2026-06-09T13:56:53.241001Z,202,completed,2563,29493,846f4f1cc24e:1:aa7be92e,1564291,00000180e49e961fd2de35d03aec224a7b64ca01415e42ec5345beebe2c4568b,390.0,30781.279,23,
f9c2a09d-29b0-432a-95fc-6b71ed4af8e9,4d91e26b-52ac-4cd4-9b14-30bfa85ad5ec,426fdd7a-37cb-40d9-b4fc-e698563caa9d,600,workload-20260609T133920373955Z,90,4,2,2026-06-09T13:56:22.460722Z,2026-06-09T13:56:22.815720Z,2026-06-09T13:56:51.515563Z,202,completed,3018,27597,0616728b7286:1:a26ee88e,1094578,00000a6ffa5c1ab98d54faec09c65b65dc64f9c86d93929854f847a5bc6e1280,359.0,29054.841,22,
80c6f0e7-3782-453a-9dcf-0784056c02d5,693fe7ea-0d2a-447f-95dd-77fc701c42ab,426fdd7a-37cb-40d9-b4fc-e698563caa9d,600,workload-20260609T133920373955Z,91,4,2,2026-06-09T13:56:22.461723Z,2026-06-09T13:56:22.819719Z,2026-06-09T13:56:44.338646Z,202,completed,965,20886,9d8c9f4c40ba:1:0dafbb3d,315664,00000f8100a4502aef337f1774c750371d5d33f370cdba0d8f96fa4e944e639f,359.0,21876.923,16,
977ec7c6-3d88-47cc-b6de-a317850c1ae6,eafb5380-f45d-4067-90c8-4aa3c4d0bccf,426fdd7a-37cb-40d9-b4fc-e698563caa9d,600,workload-20260609T133920373955Z,92,4,2,2026-06-09T13:56:22.463722Z,2026-06-09T13:56:22.999719Z,2026-06-09T13:56:49.011247Z,202,completed,3120,25567,f112958ae7d8:1:037b3c7d,2580675,000003415f8acd2cfc2d2bdc939256f384fd7901a914cb0e966174b38457d4eb,546.0,26547.525,20,
4eda4777-e4f3-4185-ba21-7bfb59750801,6b3712bf-f860-4594-8324-db3118675943,426fdd7a-37cb-40d9-b4fc-e698563caa9d,600,workload-20260609T133920373955Z,93,4,2,2026-06-09T13:56:22.464722Z,2026-06-09T13:56:22.856719Z,2026-06-09T13:56:47.352155Z,202,completed,2674,23721,846f4f1cc24e:1:c068a0a5,1338418,000001d89fad02820d2349b31aa2af6a6b8f0d4329f1ec3572c0027893285153,406.0,24887.433,18,
790081c3-7582-4434-b648-c365f81cbb86,5d3175d6-4c26-48ab-b015-cadc4ed04829,426fdd7a-37cb-40d9-b4fc-e698563caa9d,600,workload-20260609T133920373955Z,94,4,2,2026-06-09T13:56:22.465722Z,2026-06-09T13:56:22.870721Z,2026-06-09T13:56:45.213646Z,202,completed,389,21634,9d8c9f4c40ba:1:2fc7140d,171071,000004ce5e8619aa646f38e7562d82a1a8eaf11934b291fb2202335564104171,391.0,22747.924,16,
12607271-680a-4ae9-9703-0e05bdb2bf6e,b222a3c8-cdc7-427a-873a-e6218603f927,426fdd7a-37cb-40d9-b4fc-e698563caa9d,600,workload-20260609T133920373955Z,95,4,2,2026-06-09T13:56:22.478721Z,2026-06-09T13:56:22.936719Z,2026-06-09T13:56:53.695002Z,202,completed,348,29843,f112958ae7d8:1:553c9a8a,220234,00000092130ddb1b6bba1b493e21bb769eb9b5c7564036bcea19e7e5df7d791e,469.0,31216.281,23,
d8bb4e86-7bdc-4cf5-bc0b-f07b036d9d96,d8f59c50-9941-4dc8-b996-c4c1066bf586,426fdd7a-37cb-40d9-b4fc-e698563caa9d,600,workload-20260609T133920373955Z,96,4,2,2026-06-09T13:56:22.480722Z,2026-06-09T13:56:23.044720Z,2026-06-09T13:56:56.052784Z,202,completed,2239,32488,f112958ae7d8:1:d317b227,1544805,000007bbd3a38205016d77a6a7499b91bcaace809aa7a4546ad0d6e13b728094,562.0,33572.062,26,
ff54ce46-598c-4454-9912-94adb6e123ac,4ea0f4e4-152a-42eb-88e6-813e0764d6e1,426fdd7a-37cb-40d9-b4fc-e698563caa9d,600,workload-20260609T133920373955Z,97,4,2,2026-06-09T13:56:22.481722Z,2026-06-09T13:56:23.057722Z,2026-06-09T13:56:50.997525Z,202,completed,81,27989,0616728b7286:1:1a13f05b,27122,000004aa3959ccc099abfe827cda79ca2afca29e11f7d57f8af9d11209525155,562.0,28515.803,21,
017f8eaf-9384-48db-b205-58d7013f8842,3d76d7dc-f216-48f8-8d09-46276335ef83,426fdd7a-37cb-40d9-b4fc-e698563caa9d,600,workload-20260609T133920373955Z,98,4,2,2026-06-09T13:56:22.483719Z,2026-06-09T13:56:23.038721Z,2026-06-09T13:56:54.364002Z,202,completed,1204,31338,f112958ae7d8:1:b0dc1883,810901,00000c0dcc875d436fd683927a69eca56224b728b29d5e0db709cacd839c3c49,547.0,31880.283,24,
ce1a3011-b435-4481-a53f-3df636a881b1,35e220c8-95a6-45a7-88ec-a7b3c08fa9eb,426fdd7a-37cb-40d9-b4fc-e698563caa9d,600,workload-20260609T133920373955Z,99,4,2,2026-06-09T13:56:22.484721Z,2026-06-09T13:56:23.076719Z,2026-06-09T13:56:57.174786Z,202,completed,5697,34279,9d8c9f4c40ba:1:fbc44c07,1983042,0000018ea4e14998f86a30ce5aa11780561311fff46c1a5f5af70c2ad9f4dbe3,594.0,34690.065,26,
0577b26d-e189-489a-afb1-98b3bbd621e2,72a47f0e-4a4f-41b6-a21c-b3b5b781a1c6,426fdd7a-37cb-40d9-b4fc-e698563caa9d,600,workload-20260609T133920373955Z,100,4,2,2026-06-09T13:56:22.486720Z,2026-06-09T13:56:23.063721Z,2026-06-09T13:56:51.622566Z,202,completed,389,28815,0616728b7286:1:3d8c3446,261998,0000052a01ac51cd7a44a0297286c04484ad1759be0a921bf403db4be1f825bf,578.0,29135.846,22,
b4925ee9-9c57-4823-b213-ebe8aea6c462,8884a91c-7c72-4e4b-8019-b55e5b1c009c,426fdd7a-37cb-40d9-b4fc-e698563caa9d,600,workload-20260609T133920373955Z,101,4,2,2026-06-09T13:56:22.487719Z,2026-06-09T13:56:22.967718Z,2026-06-09T13:56:54.910002Z,202,completed,1751,31700,846f4f1cc24e:1:c6d26aa6,1097233,000003140afe28612710978ea5e46d65252bc4dc766b849d46777b773f3f800f,484.0,32422.283,25,
a97061f1-7e80-480e-9b34-1e50edada368,67fd6f59-f3b6-4353-a407-6c792ede73ac,426fdd7a-37cb-40d9-b4fc-e698563caa9d,600,workload-20260609T133920373955Z,102,4,2,2026-06-09T13:56:22.488721Z,2026-06-09T13:56:22.993718Z,2026-06-09T13:56:50.081245Z,202,completed,670,26530,846f4f1cc24e:1:b5d75547,410560,00000843f87c37529323a34da7f9dda627c9728058ceb589834dcbe026bb11db,500.0,27592.524,20,
6cbc5696-2d81-4888-8755-1ca70d575082,3e32d7a6-fb93-4f4e-b96e-11dedba0fa67,426fdd7a-37cb-40d9-b4fc-e698563caa9d,600,workload-20260609T133920373955Z,103,4,2,2026-06-09T13:56:22.489721Z,2026-06-09T13:56:22.973719Z,2026-06-09T13:56:50.189246Z,202,completed,1088,26938,f112958ae7d8:1:b15a1def,657411,00000738fb5c663d881691d839a3167a9aa386a9a60d82ea4897780b28627125,484.0,27699.525,20,
a0c9d5f4-58c5-4297-84dc-1c880f0d0d36,1ca5a28d-5ca0-45ed-a2f3-11e285aca3d7,426fdd7a-37cb-40d9-b4fc-e698563caa9d,600,workload-20260609T133920373955Z,104,4,2,2026-06-09T13:56:22.491721Z,2026-06-09T13:56:22.921720Z,2026-06-09T13:56:50.491247Z,202,completed,2019,27351,f112958ae7d8:1:c042e8c5,1642252,00000b06953c28ebc391ea6c9e6e432ea6c9e448171d958e151832e83ee5759a,437.0,27999.526,21,
b5d7d030-2313-427f-8bd0-77432772db1f,4e6c7db8-c402-4e3e-941b-048fdfc769d8,426fdd7a-37cb-40d9-b4fc-e698563caa9d,600,workload-20260609T133920373955Z,105,4,2,2026-06-09T13:56:22.492719Z,2026-06-09T13:56:23.010719Z,2026-06-09T13:56:52.348566Z,202,completed,1750,29000,f112958ae7d8:1:1b72dfe9,1165079,0000094a3bcc85b208fc6d1f4a54d553ba65989570db5c364f7fc52697c91061,515.0,29855.847,22,
b6d6bb4d-f777-4ade-a5ce-af001563d3c9,f3648f06-f4c9-44b4-8233-751a3bdae973,426fdd7a-37cb-40d9-b4fc-e698563caa9d,600,workload-20260609T133920373955Z,106,4,2,2026-06-09T13:56:22.493718Z,2026-06-09T13:56:23.069718Z,2026-06-09T13:56:57.058786Z,202,completed,6289,34216,9d8c9f4c40ba:1:115bef98,2262056,0000040e0578d111af90653831bf277834062320d05239ab4c94349abdeeafb5,578.0,34565.068,26,
5d809200-b2c3-4dab-b0f8-bda934de003d,6293c982-e440-40e5-9700-06897974c242,426fdd7a-37cb-40d9-b4fc-e698563caa9d,600,workload-20260609T133920373955Z,107,4,2,2026-06-09T13:56:22.495718Z,2026-06-09T13:56:22.957719Z,2026-06-09T13:56:48.934247Z,202,completed,1215,25637,846f4f1cc24e:1:5ca1c483,779210,0000067a9f9faf56d9cb4cafff7e669444f835abe89c90891ffbdfb080f9dbfb,469.0,26438.529,19,
f96334ac-4f12-4207-a063-d34e951a1f5d,d67b02bd-4084-4f24-9aa4-3bba43b406e2,426fdd7a-37cb-40d9-b4fc-e698563caa9d,600,workload-20260609T133920373955Z,108,4,2,2026-06-09T13:56:22.496762Z,2026-06-09T13:56:23.016718Z,2026-06-09T13:56:52.419566Z,202,completed,1548,29058,f112958ae7d8:1:039bf508,1071330,00000d741645cd72384af41fac14505f49c6a98fe6f195773904f72e4ce394b2,516.0,29922.804,22,
446fcd23-b7c3-46db-a322-4a617819ba2d,70ffbde0-b70d-4ee8-8932-658c0e638afd,426fdd7a-37cb-40d9-b4fc-e698563caa9d,600,workload-20260609T133920373955Z,109,4,2,2026-06-09T13:56:22.497721Z,2026-06-09T13:56:22.946720Z,2026-06-09T13:56:47.121155Z,202,completed,118,24290,0616728b7286:1:5569826c,36593,00000143d275e4eb938e7116ed104e869c95eb4f5548f8e82fa1c248e24866aa,438.0,24623.434,18,
d777131d-24f7-4321-8699-5344056648f3,6227dff8-70aa-4600-9fc7-fd1d44ecdcb8,426fdd7a-37cb-40d9-b4fc-e698563caa9d,600,workload-20260609T133920373955Z,110,4,2,2026-06-09T13:56:22.498721Z,2026-06-09T13:56:22.926722Z,2026-06-09T13:56:53.598001Z,202,completed,537,29767,f112958ae7d8:1:9a898e64,433798,000009c07091a18601e1e5171f6935d4cb7bd6c55b437609300077b794a8ec54,422.0,31099.28,23,
adbabc4c-2173-4e9f-8e5b-df55847010c2,66966624-14af-4253-9432-ac522427ec5a,426fdd7a-37cb-40d9-b4fc-e698563caa9d,600,workload-20260609T133920373955Z,111,4,2,2026-06-09T13:56:22.500719Z,2026-06-09T13:56:22.952719Z,2026-06-09T13:56:56.077784Z,202,completed,3752,32962,0616728b7286:1:cd3fe421,1386519,00000e27ce9a4fc3e9196d731f9ac011d0eb7030c56e2b4d3ce3693a17883622,454.0,33577.065,25,
57115ed4-b212-4004-8376-850771665a24,5b77a934-232d-4685-9296-a85a41a5f4f9,426fdd7a-37cb-40d9-b4fc-e698563caa9d,600,workload-20260609T133920373955Z,112,4,2,2026-06-09T13:56:22.501719Z,2026-06-09T13:56:23.032720Z,2026-06-09T13:56:51.629565Z,202,completed,766,28423,0616728b7286:1:3b3164d4,418705,0000093c3c7d7990fa70e9f53d936bc7f2d81657f25228f94bbe69c89aff7a8c,532.0,29127.846,22,
bef52b6e-2fdb-4e9d-b984-02909da77194,d03cc862-53b4-44c4-96ed-acd13f6a5eeb,426fdd7a-37cb-40d9-b4fc-e698563caa9d,600,workload-20260609T133920373955Z,113,4,2,2026-06-09T13:56:22.502719Z,2026-06-09T13:56:22.962719Z,2026-06-09T13:56:57.398945Z,202,completed,3902,33600,846f4f1cc24e:1:810dce93,2699256,000000661aa8aebb06e41e0467eb1ed4bb029245e92433814cf948ea56c6c33d,454.0,34896.226,27,
e401d1d9-10a8-4e30-a025-47a1383c7ecc,43142067-54d9-4233-a1e5-a52fe3087585,426fdd7a-37cb-40d9-b4fc-e698563caa9d,600,workload-20260609T133920373955Z,114,4,2,2026-06-09T13:56:22.518721Z,2026-06-09T13:56:22.741722Z,2026-06-09T13:56:36.857329Z,202,completed,568,13741,f112958ae7d8:1:c22bc1b7,341131,00000cdf55ce9c543b260bfefde99393b5a626cdaa3bab987d1b9da5c1bfb98a,219.0,14338.608,8,
049c1f4f-24b9-41f3-89a5-800c530586dd,cfbf9d24-9972-4b9b-95e7-0e253a367deb,426fdd7a-37cb-40d9-b4fc-e698563caa9d,600,workload-20260609T133920373955Z,115,4,2,2026-06-09T13:56:22.519723Z,2026-06-09T13:56:22.811720Z,2026-06-09T13:56:52.372563Z,202,completed,4862,29432,846f4f1cc24e:1:a21d01bc,3217418,0000093c8c882cf48db7fd10658f52dc3ca9765eeb3a03f741cd2f5589ee4ed3,297.0,29852.84,22,
727705ae-e0ae-401e-9589-3c3009b7ebb2,12f5f939-a117-4316-b3e9-635ffaa355a7,426fdd7a-37cb-40d9-b4fc-e698563caa9d,600,workload-20260609T133920373955Z,116,4,2,2026-06-09T13:56:22.521724Z,2026-06-09T13:56:22.902719Z,2026-06-09T13:56:54.796000Z,202,completed,2212,30956,0616728b7286:1:c7234e3b,843173,00000da60284aae9268c43f4bb405b34d1f979bbaeabdc9a57224d989fae3325,391.0,32274.276,24,
541e0898-7a63-46b4-87c6-71ee9ff59ded,83fa7f0e-771d-4e66-a4eb-79ce533d3678,426fdd7a-37cb-40d9-b4fc-e698563caa9d,600,workload-20260609T133920373955Z,117,4,2,2026-06-09T13:56:22.522723Z,2026-06-09T13:56:23.027718Z,2026-06-09T13:56:56.964787Z,202,completed,1950,33630,f112958ae7d8:1:ec60db06,1363444,0000026e2b426ca100680da87dbccd1255e9fd03e27154e65e2f20215bebe4ca,516.0,34442.064,26,
b7b65b5f-b6fe-492a-8993-9db7c7aa39f3,18221b59-0feb-456f-b027-c84c163c4c0b,426fdd7a-37cb-40d9-b4fc-e698563caa9d,600,workload-20260609T133920373955Z,118,4,2,2026-06-09T13:56:22.523724Z,2026-06-09T13:56:23.090718Z,2026-06-09T13:56:59.018945Z,202,completed,2726,35397,f112958ae7d8:1:d67e908a,2745207,000006a0c34cb6bc6b810ce23568f828d56639a845ce4677aa8dabf3c298c968,578.0,36495.221,28,
e255b3fa-f7f8-4068-8e3a-bb6e148f9fe8,37bb6a61-3c61-440a-94a7-366e7788974e,426fdd7a-37cb-40d9-b4fc-e698563caa9d,600,workload-20260609T133920373955Z,119,4,2,2026-06-09T13:56:22.524719Z,2026-06-09T13:56:23.050721Z,2026-06-09T13:56:56.505786Z,202,completed,1378,32570,0616728b7286:1:b2a0e74c,441195,00000da975c5e7ac6b177e1074b026c43472484e57abe11a74900e133ef9db92,531.0,33981.067,26,
cf52afcf-9e15-4226-b219-93c4d5f9943d,72ce3679-625b-4008-b415-c6b42dd06f69,426fdd7a-37cb-40d9-b4fc-e698563caa9d,600,workload-20260609T133920373955Z,120,4,2,2026-06-09T13:56:22.525722Z,2026-06-09T13:56:23.083718Z,2026-06-09T13:56:58.772945Z,202,completed,2883,34831,846f4f1cc24e:1:656a9dd5,2466589,0000077701522dbaac9dfd32ed6746aaeae20833bf081c29c3de34e1f974ac48,563.0,36247.223,28,
8e9bf92f-517d-41e9-851c-b3fdb2c8a24b,c243dd25-5693-4418-8a21-a177938d7d80,426fdd7a-37cb-40d9-b4fc-e698563caa9d,700,workload-20260609T133920373955Z,1,4,2,2026-06-09T13:57:59.449711Z,2026-06-09T13:57:59.850710Z,2026-06-09T13:58:06.689730Z,202,completed,3641,4260,846f4f1cc24e:1:4ca5b2fa,2792637,000002d8d7ed2c472cd8ab68ba9e21adb715a115ccb58ff7878ae6e2ad3fe5b1,390.0,7240.019,1,
f136446f-0bf6-4d2e-bc2a-520456bece11,73e6eb94-3c19-4b57-8a1e-0c3d1e341b3a,426fdd7a-37cb-40d9-b4fc-e698563caa9d,700,workload-20260609T133920373955Z,2,4,2,2026-06-09T13:57:59.451710Z,2026-06-09T13:57:59.846712Z,2026-06-09T13:58:05.903651Z,202,completed,2232,2937,f112958ae7d8:1:f0192e22,1392554,0000068bab49983f9c07c608c7d00d6f7650c7fbfaf3e6ee4f20678fad32e5b8,390.0,6451.941,1,
cde9e671-20c3-41d8-a524-88c60e39c07b,6b829824-e3eb-4867-a163-68b9912d851e,426fdd7a-37cb-40d9-b4fc-e698563caa9d,700,workload-20260609T133920373955Z,3,4,2,2026-06-09T13:57:59.453711Z,2026-06-09T13:57:59.835711Z,2026-06-09T13:58:05.454132Z,202,completed,3007,3550,0616728b7286:1:a75d9412,1109212,00000a0407a6f92085dce3c486f554c5bf0d4f4923c2fcdad2f3efd78123af8e,375.0,6000.421,1,
a30e2ce2-d712-4624-bca0-9c3569924086,910e499b-09da-48a6-b398-991805bd5422,426fdd7a-37cb-40d9-b4fc-e698563caa9d,700,workload-20260609T133920373955Z,4,4,2,2026-06-09T13:57:59.456712Z,2026-06-09T13:57:59.849713Z,2026-06-09T13:58:05.487132Z,202,completed,261,1034,846f4f1cc24e:1:293e7d78,164532,00000cb6fc32d1ca557528d07d692f93e5f60aaddb42fed4b3fc40b8022b71e3,390.0,6030.42,1,
f7b64a10-08ea-4bf6-a15f-6fbf664cd39b,9b41a68c-6c0c-43a1-8fa4-60195138cd59,426fdd7a-37cb-40d9-b4fc-e698563caa9d,700,workload-20260609T133920373955Z,5,4,2,2026-06-09T13:57:59.458709Z,2026-06-09T13:57:59.848712Z,2026-06-09T13:58:05.927717Z,202,completed,653,1208,9d8c9f4c40ba:1:1cf36644,219721,0000068e71e2fd12aa6d991967732b978df0b16f8cb5f5138a150c9b597f035b,390.0,6469.008,1,
faa94d91-ef0d-4fb6-a67f-b444fb282b71,7b2c9119-30a6-45f6-badc-c6c8c752d6ba,426fdd7a-37cb-40d9-b4fc-e698563caa9d,700,workload-20260609T133920373955Z,6,4,2,2026-06-09T13:57:59.460712Z,2026-06-09T13:57:59.834711Z,2026-06-09T13:58:05.551309Z,202,completed,2088,2374,9d8c9f4c40ba:1:52e7d720,893006,00000aeebaf625e16db2219cddf4502caade3a04cbc05377005b9aa4a530aa42,375.0,6090.597,1,
14575f4c-c18d-44cd-9210-22f4ffbe973a,17eee5f1-c089-4e26-a230-cb875a68636f,426fdd7a-37cb-40d9-b4fc-e698563caa9d,700,workload-20260609T133920373955Z,7,4,2,2026-06-09T13:57:59.461712Z,2026-06-09T13:57:59.857712Z,2026-06-09T13:58:05.579133Z,202,completed,1098,1869,0616728b7286:1:84c69aea,345869,000009190cc82af556a72ee58ceb48a967ed16df2ee64993994f8393918129d2,406.0,6117.421,1,
beb86ab4-2ff9-40ca-b152-053c00d0aa46,5065d040-1abe-49d1-880b-b1cb30cc14d4,426fdd7a-37cb-40d9-b4fc-e698563caa9d,700,workload-20260609T133920373955Z,8,4,2,2026-06-09T13:57:59.463713Z,2026-06-09T13:57:59.895708Z,2026-06-09T13:58:08.869771Z,202,completed,2647,8557,9d8c9f4c40ba:1:72986320,862339,00000c69e5b68738f2119899d3369064a5dd3daaa424baa20b5711b7e9d1436a,437.0,9406.058,3,
94058885-c88a-49db-8ec8-38a3f75be072,7c25ec77-c4aa-49ca-a5a4-36bc01787570,426fdd7a-37cb-40d9-b4fc-e698563caa9d,700,workload-20260609T133920373955Z,9,4,2,2026-06-09T13:57:59.464712Z,2026-06-09T13:57:59.901709Z,2026-06-09T13:58:05.372131Z,202,completed,1912,3125,846f4f1cc24e:1:9ca21bd8,1185564,00000fd65cdc54a5aecb85c0e1f6d464cf99b9fc2f495c3cb10a209e11f44604,437.0,5907.419,1,
40245388-dfc8-4a76-a39a-eb3f773529eb,6e19e89c-449d-4498-a9a3-c5b3bd457944,426fdd7a-37cb-40d9-b4fc-e698563caa9d,700,workload-20260609T133920373955Z,10,4,2,2026-06-09T13:57:59.467714Z,2026-06-09T13:57:59.891710Z,2026-06-09T13:58:06.611729Z,202,completed,2053,3588,9d8c9f4c40ba:1:b7fd713f,905767,000005981e475a8f537e175777969509a4a7c414b14ade4033bef779ca958070,422.0,7144.015,1,
fadff77f-83b8-402b-a557-cdd9ebf208a6,4e502de2-e561-4ea2-9b32-387c109c66f2,426fdd7a-37cb-40d9-b4fc-e698563caa9d,700,workload-20260609T133920373955Z,11,4,2,2026-06-09T13:57:59.469711Z,2026-06-09T13:57:59.893710Z,2026-06-09T13:58:05.744130Z,202,completed,2181,2961,f112958ae7d8:1:67ffb380,1348014,0000070a61683900f17a9eaea3fcf9302883d38a73d85e05571d7f88ef37fdca,422.0,6274.419,1,
6dc01a2f-331b-4027-afdb-427bbfa368f1,f4b4b4bc-10f3-4259-a887-55894578ec4b,426fdd7a-37cb-40d9-b4fc-e698563caa9d,700,workload-20260609T133920373955Z,12,4,2,2026-06-09T13:57:59.472711Z,2026-06-09T13:57:59.887712Z,2026-06-09T13:58:09.587946Z,202,completed,7370,9404,0616728b7286:1:609debd7,2457627,00000cb73912bc8c8d1f19d9479296e8ccd1e431ec63becb58f0468c0f8b8361,422.0,10115.235,4,
64e5e7d6-6c01-4baa-83b8-8df11c868b8e,03c52996-773a-4912-bef8-398a8dfa55db,426fdd7a-37cb-40d9-b4fc-e698563caa9d,700,workload-20260609T133920373955Z,13,4,2,2026-06-09T13:57:59.480712Z,2026-06-09T13:57:59.911711Z,2026-06-09T13:58:05.976727Z,202,completed,366,4576,f112958ae7d8:1:27785109,218331,000008af87a31cf5852c5bf6939c3ad67b73cdb11e5071f5bc0cc1d41bd97cd0,422.0,6496.015,1,
1f9c0c0b-7430-453f-9efb-36996dfac1a5,69c8d3c2-977d-43f0-818c-90a414ffe240,426fdd7a-37cb-40d9-b4fc-e698563caa9d,700,workload-20260609T133920373955Z,14,4,2,2026-06-09T13:57:59.485713Z,2026-06-09T13:57:59.943712Z,2026-06-09T13:58:07.950774Z,202,completed,1500,7224,846f4f1cc24e:1:6d38b933,1084213,000008b3769ba68734ab7d7e1cba08c48eeb132ac9380a5398bf377f143f3c11,453.0,8465.061,3,
15117a50-8505-4347-b7af-c5c4ea139661,8fdcbb2c-db54-452f-9793-e1fc33449a90,426fdd7a-37cb-40d9-b4fc-e698563caa9d,700,workload-20260609T133920373955Z,15,4,2,2026-06-09T13:57:59.487712Z,2026-06-09T13:57:59.920712Z,2026-06-09T13:58:05.504130Z,202,completed,568,3179,9d8c9f4c40ba:1:27ed340d,186852,000003d7745f71cd9a9fb3dc59a9106ee51f246e17be4e0274773dc6758651b5,437.0,6016.418,1,
2f5804be-98c6-4b26-b90b-687d2fe4df51,5bcd40ee-fba2-4988-b3f0-76d3e4ff9f42,426fdd7a-37cb-40d9-b4fc-e698563caa9d,700,workload-20260609T133920373955Z,16,4,2,2026-06-09T13:57:59.491712Z,2026-06-09T13:57:59.916712Z,2026-06-09T13:58:06.700726Z,202,completed,511,3935,f112958ae7d8:1:d96c9001,306425,00000e2c5b292a653adfee327928d48661e5abcbb3422aa8136d9a1e78c252cd,422.0,7209.014,1,
945b7e4e-d528-4b85-983d-38f1951be070,99f348e6-a7b4-4538-8ae5-aa99612c51af,426fdd7a-37cb-40d9-b4fc-e698563caa9d,700,workload-20260609T133920373955Z,17,4,2,2026-06-09T13:57:59.493710Z,2026-06-09T13:57:59.923710Z,2026-06-09T13:58:06.674726Z,202,completed,1744,5486,846f4f1cc24e:1:42204226,1367128,00000c3e855cff642fd849a20fe1d926aeca30b27c8f9124a2b2d9836d36346d,437.0,7181.016,2,
df06d335-6785-4ff8-b95d-a649a147c84e,40514bc7-355b-4b97-982f-d25c8851d276,426fdd7a-37cb-40d9-b4fc-e698563caa9d,700,workload-20260609T133920373955Z,18,4,2,2026-06-09T13:57:59.494712Z,2026-06-09T13:57:59.935711Z,2026-06-09T13:58:05.598130Z,202,completed,732,4773,9d8c9f4c40ba:1:61a29b19,450998,000004d11e53ae891152862f4c11461d50d12163932bfde6a33751f4ce01f708,453.0,6103.418,1,
7ffd8ebd-e0c8-4130-bf37-1e471ffaa23d,8ee0c1c6-d881-4b98-8a68-cf18d77e6aa1,426fdd7a-37cb-40d9-b4fc-e698563caa9d,700,workload-20260609T133920373955Z,19,4,2,2026-06-09T13:57:59.498712Z,2026-06-09T13:57:59.908713Z,2026-06-09T13:58:05.769131Z,202,completed,532,3973,9d8c9f4c40ba:1:c5ce7488,332543,000002e8180a00c29aa3e41a12b484ca5f79c1a0e33aae97e684f82ce3c7f4b1,407.0,6270.419,1,
dc939715-0791-4b84-a269-c9c1bbd6d8b0,01da6d64-0c12-4393-bb70-6a838f25adc3,426fdd7a-37cb-40d9-b4fc-e698563caa9d,700,workload-20260609T133920373955Z,20,4,2,2026-06-09T13:57:59.500712Z,2026-06-09T13:57:59.904710Z,2026-06-09T13:58:15.771121Z,202,completed,1099,15364,f112958ae7d8:1:74d933d1,858649,00000510c8ba3bc8c73c9e77d8c5f52eaa90f70ca370e1f983c81ebd5d65fdf5,407.0,16270.409,10,
5841ef72-9344-4866-a7ca-b6a36b273a5a,b6246d66-32da-45d8-925d-f154ba295502,426fdd7a-37cb-40d9-b4fc-e698563caa9d,700,workload-20260609T133920373955Z,21,4,2,2026-06-09T13:57:59.502713Z,2026-06-09T13:57:59.940713Z,2026-06-09T13:58:05.526133Z,202,completed,133,3514,846f4f1cc24e:1:ca84de2e,84317,000007ec9c7e2994cf7a50765879b4f1c4f14c76a3a07db7adcf7096008dd1be,438.0,6023.42,1,
50159d49-0635-43e1-8011-113a51c94fb7,8dc134c5-efd9-4114-b7ed-2ca565d342e7,426fdd7a-37cb-40d9-b4fc-e698563caa9d,700,workload-20260609T133920373955Z,22,4,2,2026-06-09T13:57:59.504713Z,2026-06-09T13:57:59.917710Z,2026-06-09T13:58:05.785130Z,202,completed,1548,5008,f112958ae7d8:1:4ba74352,1289160,000005e83bb9fe7d28973aaadefc21b8814aca5bdea95d1ab76e80f4a3a79f57,407.0,6280.417,1,
f668531c-1ad4-46fb-bb1b-501e505dc00e,c38f3bb0-0dd1-4e30-acfb-c62f95f544f6,426fdd7a-37cb-40d9-b4fc-e698563caa9d,700,workload-20260609T133920373955Z,23,4,2,2026-06-09T13:57:59.513711Z,2026-06-09T13:57:59.949711Z,2026-06-09T13:58:16.377162Z,202,completed,712,16134,846f4f1cc24e:1:b1ddde9e,553735,0000077e254a33fa5f1cdf02441fdc59aef9894056ca6a67af23a4c5966a1f12,438.0,16863.451,10,
da66f06e-b961-487a-bb02-471c78e36507,dc307ea8-22fa-4b29-b02c-d2b90bc999b0,426fdd7a-37cb-40d9-b4fc-e698563caa9d,700,workload-20260609T133920373955Z,24,4,2,2026-06-09T13:57:59.516713Z,2026-06-09T13:57:59.933712Z,2026-06-09T13:58:05.609131Z,202,completed,743,5084,846f4f1cc24e:1:c6ca2d21,468880,000001ac6bb55fb0202bc08943cc7db5c9b828ab8973155666c28e81ce6ba743,422.0,6092.418,1,
4d550ea6-a2b4-4da2-b517-ae598ace0bba,9d00e26e-9994-4f44-8c96-fed6792d65e5,426fdd7a-37cb-40d9-b4fc-e698563caa9d,700,workload-20260609T133920373955Z,25,4,2,2026-06-09T13:57:59.518712Z,2026-06-09T13:57:59.952712Z,2026-06-09T13:58:06.738729Z,202,completed,404,6308,846f4f1cc24e:1:413b4a92,239951,000008c90184e2bef7a4677f49e39f2e78793f6bd69d91de6c64cefc8d6ae584,438.0,7220.017,2,
96719c15-916a-43b5-b284-0b88028fde66,36d7a5a2-466b-4109-b0e2-c740c19ca314,426fdd7a-37cb-40d9-b4fc-e698563caa9d,700,workload-20260609T133920373955Z,26,4,2,2026-06-09T13:57:59.520712Z,2026-06-09T13:57:59.957712Z,2026-06-09T13:58:08.342775Z,202,completed,3003,7873,f112958ae7d8:1:bb3acddd,2175018,000000a8de50ee714592e43e4f1d0f3a4d13168ff46cc2e52b45932ea1ba9f74,438.0,8822.063,3,
2e4ea9fd-e4bc-4a85-978d-f972c73fa919,a57c10ac-ce68-4979-bff2-e46820cf32be,426fdd7a-37cb-40d9-b4fc-e698563caa9d,700,workload-20260609T133920373955Z,27,4,2,2026-06-09T13:57:59.521712Z,2026-06-09T13:57:59.929711Z,2026-06-09T13:58:06.723729Z,202,completed,78,4374,9d8c9f4c40ba:1:addf980e,27457,00000ff1d9cd71ee0bddb9731175a892c1a475f099536017162bdad951624cf1,406.0,7202.017,1,
8fe18da8-cdcb-4a39-abef-7cc8874af831,fd7f94b3-9f8e-453a-b349-85fa93741236,426fdd7a-37cb-40d9-b4fc-e698563caa9d,700,workload-20260609T133920373955Z,28,4,2,2026-06-09T13:57:59.523710Z,2026-06-09T13:57:59.927711Z,2026-06-09T13:58:07.164729Z,202,completed,1531,6951,f112958ae7d8:1:b5ab0745,884113,0000012c87c30d0f746f700bdb25fa9900c7b1865f6a9b5d18a51b209576a300,406.0,7641.019,2,
516ff984-4bf9-48e8-aef4-7d41daab1876,67800f1c-91eb-4d20-b62e-a3103ee9b696,426fdd7a-37cb-40d9-b4fc-e698563caa9d,700,workload-20260609T133920373955Z,29,4,2,2026-06-09T13:57:59.524711Z,2026-06-09T13:57:59.976710Z,2026-06-09T13:58:09.524944Z,202,completed,5667,9469,0616728b7286:1:e0a33e6a,1816495,000003e3789bba302363194a70cd7ee5fbff91a97c6e07e2c8742f65fffa60d6,453.0,10000.233,4,
7fda0990-ed4d-4c9f-aefe-9584702195ed,8c2ae0cf-b9b4-4578-962b-b711df211466,426fdd7a-37cb-40d9-b4fc-e698563caa9d,700,workload-20260609T133920373955Z,30,4,2,2026-06-09T13:57:59.526711Z,2026-06-09T13:58:00.064724Z,2026-06-09T13:58:05.541132Z,202,completed,241,5544,846f4f1cc24e:1:caea2261,182491,00000a14d30e0c06fef8b0133defc3ac6c8f5df13c5350d2dfe065ecb17adcfb,547.0,6014.421,1,
f0f3bfc7-ed7a-4445-9791-39dc910180aa,75d17202-ea10-43f9-84ae-bf4f20b566ff,426fdd7a-37cb-40d9-b4fc-e698563caa9d,700,workload-20260609T133920373955Z,31,4,2,2026-06-09T13:57:59.528713Z,2026-06-09T13:58:00.015711Z,2026-06-09T13:58:11.255947Z,202,completed,5755,10713,9d8c9f4c40ba:1:54aa69dc,2142006,00000818203812f290446519fb132454aed9e70f2719285fdd992383e1ae4509,484.0,11727.234,6,
343d7c78-e15c-48b8-b1b2-451308bda24b,5b85f90c-a900-47a5-9c91-1a06ec1b33a0,426fdd7a-37cb-40d9-b4fc-e698563caa9d,700,workload-20260609T133920373955Z,32,4,2,2026-06-09T13:57:59.531712Z,2026-06-09T13:57:59.910710Z,2026-06-09T13:58:19.223113Z,202,completed,3221,18571,9d8c9f4c40ba:1:3176bc15,1266044,0000033b7bd3c89354959168db2fdca5e8e93c1eb5faefbd8ccba834c15181e9,375.0,19691.401,12,
6c491be4-2af7-4bc9-8035-7077578a7f5e,1019adc6-437f-425a-90d4-5d0d0f933dbb,426fdd7a-37cb-40d9-b4fc-e698563caa9d,700,workload-20260609T133920373955Z,33,4,2,2026-06-09T13:57:59.535712Z,2026-06-09T13:57:59.937712Z,2026-06-09T13:58:06.157729Z,202,completed,965,5669,9d8c9f4c40ba:1:5cb7c99e,486051,00000284e8141d33327cb0b74e7d454b7e2044a5d337234d7f89c47806e2501d,406.0,6622.017,1,
a9001341-84ab-48bf-a90a-324d3973be4b,2445fd5f-17a8-4cda-ac2d-dd45e2c2e49d,426fdd7a-37cb-40d9-b4fc-e698563caa9d,700,workload-20260609T133920373955Z,34,4,2,2026-06-09T13:57:59.544712Z,2026-06-09T13:58:00.043712Z,2026-06-09T13:58:10.166945Z,202,completed,380,10193,0616728b7286:1:bb7d57ba,111086,00000608887ffb27f746d3a853c1e8e579e88e294c64ee54d3f92275fbc47ff0,500.0,10622.233,5,
3d4142ea-4454-4250-9bb1-3c7a9e3a2288,08e5f6ae-007f-4654-abde-e44d47d49433,426fdd7a-37cb-40d9-b4fc-e698563caa9d,700,workload-20260609T133920373955Z,35,4,2,2026-06-09T13:57:59.546711Z,2026-06-09T13:58:00.108726Z,2026-06-09T13:58:13.672879Z,202,completed,2492,12745,f112958ae7d8:1:3bd0b493,1461940,0000003b3f1c048fab57cdc87385cc366b8f0ac2286248110cbc3354a88ad11f,563.0,14126.168,8,
a432d0fe-c06c-4d22-acbe-e29877d44334,0a0bf737-717e-464b-b5a4-a8e3363c426b,426fdd7a-37cb-40d9-b4fc-e698563caa9d,700,workload-20260609T133920373955Z,36,4,2,2026-06-09T13:57:59.547709Z,2026-06-09T13:57:59.989712Z,2026-06-09T13:58:23.797107Z,202,completed,285,23406,846f4f1cc24e:1:7605777b,182215,000009daa33bc9aefed78d5fd52a18cdab4cb4f5fbd3b977f3c9005bd1672bf9,438.0,24249.398,17,
858c5c5c-53ae-4117-ad14-0fd6e62c662b,6cb0b7cc-fa28-4a16-9619-f34a62855787,426fdd7a-37cb-40d9-b4fc-e698563caa9d,700,workload-20260609T133920373955Z,37,4,2,2026-06-09T13:57:59.549720Z,2026-06-09T13:57:59.983712Z,2026-06-09T13:58:09.215773Z,202,completed,135,8443,f112958ae7d8:1:9894380f,130535,000008e65fa645b3311ed878b8a107a076f7f08a32d8ca3dca07cda2129f6337,438.0,9666.053,4,
cb3bc1b5-caab-4ae0-82c0-19efa57c14d0,ba2ed04e-9600-4d0c-ba4a-053c22131082,426fdd7a-37cb-40d9-b4fc-e698563caa9d,700,workload-20260609T133920373955Z,38,4,2,2026-06-09T13:57:59.551713Z,2026-06-09T13:58:00.038712Z,2026-06-09T13:58:16.191163Z,202,completed,6074,15878,0616728b7286:1:b0da675f,2040005,000004e76c129b948dbb9f2935163da73698475bf5859bb7284c28fbab84a4e4,485.0,16639.45,10,
72055f26-8dda-46f6-afa4-407c55ab0ee1,e54093ad-e4f4-402b-9804-687515713eac,426fdd7a-37cb-40d9-b4fc-e698563caa9d,700,workload-20260609T133920373955Z,39,4,2,2026-06-09T13:57:59.553710Z,2026-06-09T13:57:59.998712Z,2026-06-09T13:58:25.468407Z,202,completed,1044,24671,846f4f1cc24e:1:e8867110,708255,00000510a090898ac81928c3b2d112218fe8402c5414170678968fbde18865e8,453.0,25914.697,18,
8429ad16-b978-4d75-8def-bd26f5a2c512,0633cb37-8bfa-439f-a08c-f813a08b14d2,426fdd7a-37cb-40d9-b4fc-e698563caa9d,700,workload-20260609T133920373955Z,40,4,2,2026-06-09T13:57:59.555711Z,2026-06-09T13:58:00.068728Z,2026-06-09T13:58:11.107943Z,202,completed,558,10666,846f4f1cc24e:1:8e7383b5,335988,000006d359f09126bba1b1fb2034445d5e823c1af5b8276a7b460e780de35816,516.0,11552.232,5,
bee022db-47a1-4863-a2a8-1bea2b313b46,d5f1559e-dab4-48a2-a42d-9fe422e7c2b2,426fdd7a-37cb-40d9-b4fc-e698563caa9d,700,workload-20260609T133920373955Z,41,4,2,2026-06-09T13:57:59.557710Z,2026-06-09T13:57:59.959710Z,2026-06-09T13:58:18.778112Z,202,completed,8261,18803,0616728b7286:1:f13d27fe,2731088,00000035736a5fd914def490fb6550a1f773ee71ce3d54ce199b529fcc5612a0,407.0,19220.402,11,
3a14b5e1-dfd9-426c-9893-52cabf08da7d,75f6caaf-4fa9-4afe-aa72-13e78dcaefa2,426fdd7a-37cb-40d9-b4fc-e698563caa9d,700,workload-20260609T133920373955Z,42,4,2,2026-06-09T13:57:59.559713Z,2026-06-09T13:57:59.963712Z,2026-06-09T13:58:13.158880Z,202,completed,1668,12585,9d8c9f4c40ba:1:901f0d05,555314,0000062109fad7e2ee071ae6d9c9c55db41c55df2f7790e9e96d8dde071d9377,391.0,13599.167,7,
3c852d51-950e-4c4f-9fa8-9f79e81b4954,d54919c4-cfd3-4f97-ace2-3a32e8be1c87,426fdd7a-37cb-40d9-b4fc-e698563caa9d,700,workload-20260609T133920373955Z,43,4,2,2026-06-09T13:57:59.562711Z,2026-06-09T13:57:59.995712Z,2026-06-09T13:58:25.806410Z,202,completed,1379,24730,0616728b7286:1:4617c046,448365,00000290bd2afcce3c87be3f6442e43c972310794c755b3b5e43f7c3470a2ee0,422.0,26243.699,18,
2d7c6eb6-e4c5-442c-a2c8-38b4474590a1,a7f498d8-a4e6-4b3d-b04f-d74d929e3a7a,426fdd7a-37cb-40d9-b4fc-e698563caa9d,700,workload-20260609T133920373955Z,44,4,2,2026-06-09T13:57:59.564710Z,2026-06-09T13:58:00.022712Z,2026-06-09T13:58:09.845943Z,202,completed,123,9754,846f4f1cc24e:1:b2755e87,73451,000005e42791cabb10e80f17e5144ad6cf921c8b787c27d92d7e0bca504d17e2,453.0,10281.233,4,
c797ddcc-e241-4aac-a359-a7ee16fa73c5,0520315e-e54f-42cc-97be-81d6b789ca3b,426fdd7a-37cb-40d9-b4fc-e698563caa9d,700,workload-20260609T133920373955Z,45,4,2,2026-06-09T13:57:59.566710Z,2026-06-09T13:57:59.992713Z,2026-06-09T13:58:15.046123Z,202,completed,4065,14909,846f4f1cc24e:1:6de01549,2908356,00000fa899bbe147bcef2d83bc68f246deff65de9007b27814a68ce0fa86bc3e,422.0,15479.413,9,
0b5c4ba8-60e2-4491-9392-35d26e8dccff,e671c759-137c-438f-920f-464d39b05ef4,426fdd7a-37cb-40d9-b4fc-e698563caa9d,700,workload-20260609T133920373955Z,46,4,2,2026-06-09T13:57:59.568713Z,2026-06-09T13:57:59.985710Z,2026-06-09T13:58:08.275770Z,202,completed,653,7925,f112958ae7d8:1:f106e1f3,380910,000008f4da2f6eba1b36731059eedfc24783c26ba3f1213c4f15b63a726d4de6,422.0,8707.057,3,
3a3fe73a-79a3-4c03-82ef-dda1aef7d7e7,f08d9da5-6ef5-4e2e-9db4-b0fea1400a78,426fdd7a-37cb-40d9-b4fc-e698563caa9d,700,workload-20260609T133920373955Z,47,4,2,2026-06-09T13:57:59.570710Z,2026-06-09T13:58:00.034712Z,2026-06-09T13:58:15.376123Z,202,completed,1712,14482,9d8c9f4c40ba:1:8152b523,577490,00000d5fc9b5fef75ed1a72050b8e76017e7a9fa88c083d1e3c550a80798662d,469.0,15805.413,9,
91f735df-1b2a-4fa9-ac32-d1609b3220e7,a21baf43-9356-45c4-821e-c2b95a6029a6,426fdd7a-37cb-40d9-b4fc-e698563caa9d,700,workload-20260609T133920373955Z,48,4,2,2026-06-09T13:57:59.572712Z,2026-06-09T13:57:59.973713Z,2026-06-09T13:58:10.161947Z,202,completed,1892,9360,846f4f1cc24e:1:ea633703,1142492,000000b802e553b93a54ba44191ec328547cbe7da8632faa9356cb0b82c7550c,406.0,10589.235,5,
046578bb-ad08-4366-bee4-8021ac1ca2d3,f124df3e-f450-4b10-8f02-c093ff5c14f1,426fdd7a-37cb-40d9-b4fc-e698563caa9d,700,workload-20260609T133920373955Z,49,4,2,2026-06-09T13:57:59.574712Z,2026-06-09T13:57:59.969713Z,2026-06-09T13:58:11.355947Z,202,completed,4459,11085,846f4f1cc24e:1:594a6a31,3250151,0000011159044fcf4ea93562ce955382a4f746be006c9078b67095e2e27c8cd9,390.0,11781.235,6,
836089a6-05d3-45a9-a81a-02fc69042783,2b8d4c26-b009-43f1-b3f5-286b1a6d1cac,426fdd7a-37cb-40d9-b4fc-e698563caa9d,700,workload-20260609T133920373955Z,50,4,2,2026-06-09T13:57:59.577711Z,2026-06-09T13:58:00.047711Z,2026-06-09T13:58:15.190124Z,202,completed,5918,14458,f112958ae7d8:1:7c0f2c96,4194316,0000003af5782009a191bafefce833c47a803bb31cdd8066f500afd2e36de4f2,468.0,15612.413,9,
30c55a2c-4d0d-4ef2-9526-074b117fe701,97f45a27-dc51-41eb-9ca9-8995188c6726,426fdd7a-37cb-40d9-b4fc-e698563caa9d,700,workload-20260609T133920373955Z,51,4,2,2026-06-09T13:57:59.579711Z,2026-06-09T13:58:00.026712Z,2026-06-09T13:58:14.469123Z,202,completed,3077,14492,846f4f1cc24e:1:dcbe823e,1861897,00000d0e6577cdd01690e8546ee352dd555e0a2b3707c5dce242a62d5f7df42e,437.0,14889.412,8,
cc9de4d0-03f0-4b91-80d3-5cfe15f4c2d5,dd6ef550-2e43-4bd0-9bb7-22aea6d7571d,426fdd7a-37cb-40d9-b4fc-e698563caa9d,700,workload-20260609T133920373955Z,52,4,2,2026-06-09T13:57:59.581711Z,2026-06-09T13:57:59.947712Z,2026-06-09T13:58:23.861105Z,202,completed,910,23772,9d8c9f4c40ba:1:1f26da98,307289,00000a9992c20c6d4c35ef713835eabf42c8b83e632b158ac62bd4f7f978bcb9,359.0,24279.394,17,
a0be2910-b722-4690-b5c1-01f84af4408b,ee5e455e-ff06-4bec-a3ed-668200bb6b15,426fdd7a-37cb-40d9-b4fc-e698563caa9d,700,workload-20260609T133920373955Z,53,4,2,2026-06-09T13:57:59.584710Z,2026-06-09T13:58:00.058727Z,2026-06-09T13:58:14.159123Z,202,completed,290,13383,f112958ae7d8:1:cdb7f9ae,167971,00000998cabf8d4909b91cee93adc8f53844ac2f9b14fccf3c91353a0e016e63,484.0,14574.413,8,
b3483cf2-b142-4f69-a8e8-6974fa4d3aad,6ea3f30e-1a7e-4adc-b544-0cc701b5e131,426fdd7a-37cb-40d9-b4fc-e698563caa9d,700,workload-20260609T133920373955Z,54,4,2,2026-06-09T13:57:59.586711Z,2026-06-09T13:58:00.080724Z,2026-06-09T13:58:16.184165Z,202,completed,6759,15541,9d8c9f4c40ba:1:21651d72,2599638,00000c5bd90a4a62b0b722b6eab12f2839033fbd394cc2a8be15f623c07f9fdc,500.0,16597.454,10,
e4fed54f-8ac7-4580-b427-7c68412cb7ec,bb62c204-681b-46f6-8fb6-07dd6904bc69,426fdd7a-37cb-40d9-b4fc-e698563caa9d,700,workload-20260609T133920373955Z,55,4,2,2026-06-09T13:57:59.588712Z,2026-06-09T13:58:00.101726Z,2026-06-09T13:58:10.468944Z,202,completed,1289,10093,f112958ae7d8:1:54cccf70,792049,000003a296183ebd0027a9f3a185f28eb8a76162925b7491bc418d4d7a323756,515.0,10880.232,5,
4be1982d-101c-42b9-a7fe-04b2a66d76bc,1e4df9f5-dadb-4a46-80fa-1846380e743d,426fdd7a-37cb-40d9-b4fc-e698563caa9d,700,workload-20260609T133920373955Z,56,4,2,2026-06-09T13:57:59.605712Z,2026-06-09T13:58:00.146727Z,2026-06-09T13:58:21.746111Z,202,completed,2000,21270,0616728b7286:1:a431d20e,675218,00000c034410eba5a6aa476286bb21f7cc1e5ca4646bf5662b9b0dceb85f8f6f,531.0,22140.399,13,
af5768c3-3eed-45b9-acda-c77bbab20a04,6aec5767-7246-44c1-9506-e1f3589a6a66,426fdd7a-37cb-40d9-b4fc-e698563caa9d,700,workload-20260609T133920373955Z,57,4,2,2026-06-09T13:57:59.607712Z,2026-06-09T13:58:00.165727Z,2026-06-09T13:58:17.171165Z,202,completed,477,16936,846f4f1cc24e:1:38659442,294523,00000f624f26ff163ba42c4c877c4c89156507247a9c8fe19f09c21cb1d42020,547.0,17563.453,11,
16020a35-c944-46c4-b243-2ff7a71feea1,954edb84-be89-46ab-82e3-78d28064450b,426fdd7a-37cb-40d9-b4fc-e698563caa9d,700,workload-20260609T133920373955Z,58,4,2,2026-06-09T13:57:59.608711Z,2026-06-09T13:58:00.214725Z,2026-06-09T13:58:21.978126Z,202,completed,3685,21456,9d8c9f4c40ba:1:4feb5c6e,1325219,0000013011e34136d7d976fc373bfa9f25be143e3dd6f6ab0abadd2214c3faee,594.0,22369.415,14,
c03adf8b-2f90-4666-9700-0f61dccd9f78,d209c1f8-2889-4a6f-abef-f0337e9238a4,426fdd7a-37cb-40d9-b4fc-e698563caa9d,700,workload-20260609T133920373955Z,59,4,2,2026-06-09T13:57:59.610711Z,2026-06-09T13:58:00.192728Z,2026-06-09T13:58:19.270113Z,202,completed,1153,18332,846f4f1cc24e:1:661838c5,705684,0000021cc00093ede6c6519312c7e2d30c6279b30389e532efcab240e14bb93b,578.0,19659.402,13,
ad252c1d-b022-42da-982d-8d9e325b345e,e378e89e-6791-476d-a2cd-addd5a803df9,426fdd7a-37cb-40d9-b4fc-e698563caa9d,700,workload-20260609T133920373955Z,60,4,2,2026-06-09T13:57:59.611709Z,2026-06-09T13:58:00.008712Z,2026-06-09T13:58:32.828024Z,202,completed,3547,32572,0616728b7286:1:2f6688f3,1302901,00000104af9b16af9415f181b70ae5300c2391fc81c90c144a1b797ab14e2c1f,390.0,33216.315,23,
57a0b63c-6807-41e6-9013-b4fa00ef2ca2,08633cd0-fb0f-45f2-84e5-a59177abce68,426fdd7a-37cb-40d9-b4fc-e698563caa9d,700,workload-20260609T133920373955Z,61,4,2,2026-06-09T13:57:59.613711Z,2026-06-09T13:58:00.072728Z,2026-06-09T13:58:20.493848Z,202,completed,2375,20320,f112958ae7d8:1:3a2c7278,1819421,00000fc24e0916eb40f2f117d286ce863da23022a573e0a0c169763db50afca2,453.0,20880.137,14,
9dcd4917-a9cd-4095-bcfc-95d6a97ccd8d,c6ab9b03-80d0-4f23-b72a-791d3c393896,426fdd7a-37cb-40d9-b4fc-e698563caa9d,700,workload-20260609T133920373955Z,62,4,2,2026-06-09T13:57:59.615712Z,2026-06-09T13:58:00.140725Z,2026-06-09T13:58:30.020840Z,202,completed,302,29616,f112958ae7d8:1:aad1e01c,267372,000003759fde5ab85befc9163713c8586803069c0aa76f658231099d0c6e077c,531.0,30405.128,22,
06bc589f-0f34-451c-abbc-88d3412cd2e4,ed9abbc7-8b8c-4cb1-b7c1-2ab4e68b27d9,426fdd7a-37cb-40d9-b4fc-e698563caa9d,700,workload-20260609T133920373955Z,63,4,2,2026-06-09T13:57:59.618712Z,2026-06-09T13:58:00.084727Z,2026-06-09T13:58:18.451113Z,202,completed,2911,17535,f112958ae7d8:1:e362bd4b,1830866,0000044b76d5132722baabd1b999524e08e912631757b1f0b947ca9991062b57,469.0,18832.401,12,
d4eae0a9-98aa-4c09-ae44-9c9e7628378c,1ffbacaf-2022-4b78-aef4-79f248efef0f,426fdd7a-37cb-40d9-b4fc-e698563caa9d,700,workload-20260609T133920373955Z,64,4,2,2026-06-09T13:57:59.620711Z,2026-06-09T13:58:00.089726Z,2026-06-09T13:58:16.182162Z,202,completed,257,15122,9d8c9f4c40ba:1:77b386c8,86920,0000089622c7d06ec803a6bdc84288efd7838a4570d549e47b7b4877e7976d33,469.0,16561.451,10,
8da992ce-d00f-4eae-a0f9-0260ca4365cb,66b57b5f-8a08-44d9-ae23-a48cdd957d34,426fdd7a-37cb-40d9-b4fc-e698563caa9d,700,workload-20260609T133920373955Z,65,4,2,2026-06-09T13:57:59.621712Z,2026-06-09T13:58:00.203727Z,2026-06-09T13:58:18.687113Z,202,completed,535,18354,f112958ae7d8:1:f9925955,352899,000006fbe24ff503c2929339bdba18c13005822c58943240de25d138f4526a23,579.0,19065.401,12,
30e8161b-cada-4486-88b0-e132a51a70d7,75d9e3f0-9591-4c62-98aa-4046c6387ebc,426fdd7a-37cb-40d9-b4fc-e698563caa9d,700,workload-20260609T133920373955Z,66,4,2,2026-06-09T13:57:59.624712Z,2026-06-09T13:58:00.317725Z,2026-06-09T13:58:19.723111Z,202,completed,2558,18869,0616728b7286:1:9268ed73,806801,00000957062e47a1a3146c62fe9dcde17921824e5f44876858be4f62077b4006,688.0,20098.399,13,
1492ac7e-c75f-4ab2-8019-143c044cb943,638f2e56-e7eb-4a1d-aad4-85b257fa88c4,426fdd7a-37cb-40d9-b4fc-e698563caa9d,700,workload-20260609T133920373955Z,67,4,2,2026-06-09T13:57:59.625710Z,2026-06-09T13:58:00.181727Z,2026-06-09T13:58:23.806107Z,202,completed,878,23348,846f4f1cc24e:1:3092f091,847911,00000116395d6ca7f102a6551b50af0c1b2ab2374bc7a0089474dc12d61f18a6,547.0,24180.397,16,
8b60b3e5-c87b-4753-917a-59daf9236943,acf3fe5b-1de6-44e4-99ef-3bb5bb9a5d3c,426fdd7a-37cb-40d9-b4fc-e698563caa9d,700,workload-20260609T133920373955Z,68,4,2,2026-06-09T13:57:59.627710Z,2026-06-09T13:58:00.159728Z,2026-06-09T13:58:30.296841Z,202,completed,223,29492,9d8c9f4c40ba:1:c64d09b5,75263,000003b83bedb1ea211e54cb2dfa460531ab4decb0eb1eaad3d1290d2bac7081,532.0,30669.131,22,
6c6d4ea2-cfb1-433a-84b5-229771be8b62,08d03fdf-65b2-4ccb-92a9-deb50be5d54c,426fdd7a-37cb-40d9-b4fc-e698563caa9d,700,workload-20260609T133920373955Z,69,4,2,2026-06-09T13:57:59.628709Z,2026-06-09T13:58:00.153726Z,2026-06-09T13:58:37.179927Z,202,completed,6964,36494,0616728b7286:1:29e7eb10,2359557,0000009f1e61f15eee7ab229906c46567755c03a908b10901ee60b738fe72733,532.0,37551.218,28,
325645c2-6a81-4097-a38b-71ff3c4c9e4c,fcb780a7-c652-48cc-b8f7-d3cd6443b06e,426fdd7a-37cb-40d9-b4fc-e698563caa9d,700,workload-20260609T133920373955Z,70,4,2,2026-06-09T13:57:59.630711Z,2026-06-09T13:58:00.030710Z,2026-06-09T13:58:34.423840Z,202,completed,4893,34142,9d8c9f4c40ba:1:603d4839,1745583,000000b93dbfa64e9a914e33a917984fe03e42bc7afbc0da04b592c82c021899,407.0,34793.129,26,
882bf98e-7150-4b11-8359-dfd816be20b2,369565b6-bd10-40ee-8eb4-82541470ebbe,426fdd7a-37cb-40d9-b4fc-e698563caa9d,700,workload-20260609T133920373955Z,71,4,2,2026-06-09T13:57:59.631711Z,2026-06-09T13:58:00.076726Z,2026-06-09T13:58:23.277109Z,202,completed,3700,22296,846f4f1cc24e:1:0aa9a0c0,2530275,000003a7e198cd5c37ccc6376f4c4f2f2ffc5c7e54cded2aa90c9bc5774e0163,454.0,23645.398,16,
2f8c46e7-2270-4418-af3a-65f1a2f49644,6c2c52f4-22e4-4945-b472-e18155364fcd,426fdd7a-37cb-40d9-b4fc-e698563caa9d,700,workload-20260609T133920373955Z,72,4,2,2026-06-09T13:57:59.633709Z,2026-06-09T13:58:00.170728Z,2026-06-09T13:58:30.835840Z,202,completed,568,30398,f112958ae7d8:1:dc0be3e0,411784,000004ccac92e28cef3d246f14cb7691c0e71c54ff8eceec7e63c52b118b9438,547.0,31202.131,23,
414fbead-5c82-41f6-820d-d66dd518762f,4eb29d7f-1b8b-4327-9336-bdbbd9d7bf7d,426fdd7a-37cb-40d9-b4fc-e698563caa9d,700,workload-20260609T133920373955Z,73,4,2,2026-06-09T13:57:59.635711Z,2026-06-09T13:58:00.390726Z,2026-06-09T13:58:24.607102Z,202,completed,3630,23879,f112958ae7d8:1:8ac7bd55,2486508,00000abe381c9db008f59da3543e566c30fa984840184d7ded227466de4b82d6,766.0,24971.391,17,
07fb54e4-1b8e-474b-a265-d062ad4c72d3,f40fb8a1-fded-426b-9f7d-b20826571ff0,426fdd7a-37cb-40d9-b4fc-e698563caa9d,700,workload-20260609T133920373955Z,74,4,2,2026-06-09T13:57:59.636711Z,2026-06-09T13:58:00.011716Z,2026-06-09T13:58:29.407841Z,202,completed,136,29156,f112958ae7d8:1:a79abb55,84802,000007a2516f5cb3ba3c0e7dbdf30aafd67c52d57cd60d13d70514519fc93990,375.0,29771.13,21,
c819dbbf-6bdc-4f6d-9519-9f57349963e1,f06a5880-9413-4e9b-8801-cca6937d4dd2,426fdd7a-37cb-40d9-b4fc-e698563caa9d,700,workload-20260609T133920373955Z,75,4,2,2026-06-09T13:57:59.638711Z,2026-06-09T13:58:00.445728Z,2026-06-09T13:58:21.857111Z,202,completed,1557,21384,846f4f1cc24e:1:e672430e,935961,0000088935a8ac348fde1b5bdf30c38e1dd979770e0520c5a2f7631dc942df76,797.0,22218.4,15,
cb14680a-cbd5-4a78-b620-3815d59334d2,21a167e9-2a09-4f2a-b861-bd6f41eeea98,426fdd7a-37cb-40d9-b4fc-e698563caa9d,700,workload-20260609T133920373955Z,76,4,2,2026-06-09T13:57:59.639710Z,2026-06-09T13:58:00.227728Z,2026-06-09T13:58:19.481113Z,202,completed,548,19254,f112958ae7d8:1:e296f08e,325836,0000083fba99b840e82ce7937a43025c470086e8c6e7161bfa759ec0eb3e7001,578.0,19841.403,13,
8f8edbc4-5da3-499c-ab37-940d9d4a8b02,46faa8a0-cafd-4de2-b3ca-052e50ccdeb7,426fdd7a-37cb-40d9-b4fc-e698563caa9d,700,workload-20260609T133920373955Z,77,4,2,2026-06-09T13:57:59.640712Z,2026-06-09T13:58:02.845248Z,2026-06-09T13:58:34.913839Z,202,completed,1007,33268,846f4f1cc24e:1:9dc109ad,636592,00000f9ec4bdbb5e88928cb7550974382e60c98aa92f3f5cbf1a9905e8a47878,3203.0,35273.127,26,
f92bc5e4-ea56-492b-97d4-75646f87bbab,cef20622-7ed6-452f-81f3-6359ab34c814,426fdd7a-37cb-40d9-b4fc-e698563caa9d,700,workload-20260609T133920373955Z,78,4,2,2026-06-09T13:57:59.642712Z,2026-06-09T13:58:00.303728Z,2026-06-09T13:58:30.412843Z,202,completed,228,30045,846f4f1cc24e:1:a4ca3e68,143317,000000719da3b84a4fc0dacbca866586b03a4ffb2a97c4a7cd6cbe9a07c7bed2,656.0,30770.131,22,
2b987b35-dcab-4290-8f7b-94d456c2e842,57a46196-9337-4b19-bb46-88d7c1950b59,426fdd7a-37cb-40d9-b4fc-e698563caa9d,700,workload-20260609T133920373955Z,79,4,2,2026-06-09T13:57:59.643712Z,2026-06-09T13:58:00.528728Z,2026-06-09T13:58:24.019107Z,202,completed,1626,23075,0616728b7286:1:6a5574ab,598254,0000029f32a22966837370f99611d1bda5b184e8032a445d92de4d0a323a940d,891.0,24375.395,17,
a71f6ca2-a7c1-4ddf-b449-4a4282f837a3,e07b9ca5-cc35-4faa-ba46-29678c8c2078,426fdd7a-37cb-40d9-b4fc-e698563caa9d,700,workload-20260609T133920373955Z,80,4,2,2026-06-09T13:57:59.645712Z,2026-06-09T13:58:00.095724Z,2026-06-09T13:58:14.037123Z,202,completed,390,14043,f112958ae7d8:1:9341e11f,237307,000003ccb52c12f22f3601d8745049631e26c474a68caf6e848d6b108e5723da,453.0,14391.411,8,
673679a9-5edb-4b88-b15d-4617917c9df2,c0f3bcaf-7476-4f4d-9bc0-8c0eaa7b0b27,426fdd7a-37cb-40d9-b4fc-e698563caa9d,700,workload-20260609T133920373955Z,81,4,2,2026-06-09T13:57:59.646712Z,2026-06-09T13:58:00.258725Z,2026-06-09T13:58:15.808123Z,202,completed,441,15724,846f4f1cc24e:1:0d766ed2,302504,000008dd943163c60fcb1a5679cd0a8078d25440d4fed38e38fff0203f99f03d,609.0,16161.411,9,
f94ca206-bbf4-4904-81e9-68183ab1bfb0,2d8efaf0-5fd3-4e6b-bfc8-5ed59040ed36,426fdd7a-37cb-40d9-b4fc-e698563caa9d,700,workload-20260609T133920373955Z,82,4,2,2026-06-09T13:57:59.647712Z,2026-06-09T13:58:00.197726Z,2026-06-09T13:58:15.844124Z,202,completed,52,14962,846f4f1cc24e:1:8c40bfcb,32595,0000075299ba56f952d2bd120e85caa465714c1b112ee4e980dc2671809b1bd6,547.0,16196.412,9,
e1216a61-c081-4d62-be09-3090eb86289a,e6794d95-5543-457a-8fc0-d226fafaffc6,426fdd7a-37cb-40d9-b4fc-e698563caa9d,700,workload-20260609T133920373955Z,83,4,2,2026-06-09T13:57:59.649711Z,2026-06-09T13:58:00.187727Z,2026-06-09T13:58:27.966995Z,202,completed,4626,27056,f112958ae7d8:1:1f484c2a,2940026,00000d4066d74594acd2b10dc2402fabadbf660eea9f69cb5323cbbff9e9f5da,547.0,28317.284,20,
b4c111f1-a090-4aa9-b54e-ad1ce1ed4207,ac69004a-f75e-450f-9ba0-afbb13bbaf45,426fdd7a-37cb-40d9-b4fc-e698563caa9d,700,workload-20260609T133920373955Z,84,4,2,2026-06-09T13:57:59.650712Z,2026-06-09T13:58:00.452727Z,2026-06-09T13:58:23.222104Z,202,completed,1574,22227,f112958ae7d8:1:18cf0c27,940025,00000b3f32211632019b885998f2f59c548a6aca7e91b25571a5c0d51bb95b78,813.0,23571.392,16,
5a572231-7e48-4c49-8484-a31b7db911da,493b65f8-3afa-4cac-b6ee-cf4a9de87d20,426fdd7a-37cb-40d9-b4fc-e698563caa9d,700,workload-20260609T133920373955Z,85,4,2,2026-06-09T13:57:59.651712Z,2026-06-09T13:58:00.355726Z,2026-06-09T13:58:20.738851Z,202,completed,1319,20353,0616728b7286:1:76ecec3a,422402,000006c4855fe30eaca3a862b339875cf7b52e9a78c0694fcaafda3a4e6ad82e,719.0,21087.139,14,
dedd5522-4ac0-4537-a77b-6eec673d1cbe,c0f390ca-2b53-4b60-b126-bf431892d107,426fdd7a-37cb-40d9-b4fc-e698563caa9d,700,workload-20260609T133920373955Z,86,4,2,2026-06-09T13:57:59.652712Z,2026-06-09T13:58:00.274729Z,2026-06-09T13:58:16.969164Z,202,completed,251,16196,846f4f1cc24e:1:c6c8b29b,261028,0000091225cfad7acc1a3d43c034bd6b54a9e3be348a86cef9b4ad5b17162cd0,609.0,17316.452,10,
09e216f5-aca4-45ab-8229-b79cd2e5bf13,1eb8322e-d2c8-4d44-9706-cc22c52b3bd7,426fdd7a-37cb-40d9-b4fc-e698563caa9d,700,workload-20260609T133920373955Z,87,4,2,2026-06-09T13:57:59.654712Z,2026-06-09T13:58:00.480726Z,2026-06-09T13:58:20.716848Z,202,completed,265,19903,f112958ae7d8:1:9281ec5f,154783,00000289348c8655470b68aa10ba5f0c36b7660eb01ee8588731a9368074f5c5,828.0,21062.136,14,
4f2a5ae2-a3b7-4f71-b2f6-9e983df82fd2,aea919e6-e427-4905-b4ad-0874f7c023f0,426fdd7a-37cb-40d9-b4fc-e698563caa9d,700,workload-20260609T133920373955Z,88,4,2,2026-06-09T13:57:59.656711Z,2026-06-09T13:58:00.121727Z,2026-06-09T13:58:32.649027Z,202,completed,2259,31694,846f4f1cc24e:1:8599d33f,1717107,00000bda13c771e82d70fd636bc73e033d5fe654739d5b2887d1e0882433f629,468.0,32992.316,24,
6938f28a-3a46-42ad-82f6-cde764c764f1,a134e161-fedd-4c38-a023-43a19c1482bc,426fdd7a-37cb-40d9-b4fc-e698563caa9d,700,workload-20260609T133920373955Z,89,4,2,2026-06-09T13:57:59.658710Z,2026-06-09T13:58:00.113725Z,2026-06-09T13:58:35.930927Z,202,completed,5596,35462,9d8c9f4c40ba:1:077afab9,2319510,00000e7276ab68999057887935a4dd738cb5e09ddc1c967953526a11ef5500f0,453.0,36272.217,27,
e53597ea-f2b4-45d7-83dc-5639cc8101f1,01a6be1e-6c43-4558-893c-76e7df31f2fd,426fdd7a-37cb-40d9-b4fc-e698563caa9d,700,workload-20260609T133920373955Z,90,4,2,2026-06-09T13:57:59.660710Z,2026-06-09T13:58:00.398727Z,2026-06-09T13:58:20.250112Z,202,completed,3091,19501,846f4f1cc24e:1:e7903a1c,2188010,00000041a10926361a9876622acdc03af103b185806335217a122a53a63947a6,734.0,20589.402,13,
2b6d9b66-9caf-46b5-a773-ad440f0bd89c,4a4e05ba-6cf3-44ba-99ae-a6a002bf0867,426fdd7a-37cb-40d9-b4fc-e698563caa9d,700,workload-20260609T133920373955Z,91,4,2,2026-06-09T13:57:59.661711Z,2026-06-09T13:58:00.554727Z,2026-06-09T13:58:24.303017Z,202,completed,2178,24173,9d8c9f4c40ba:1:72b18eff,900950,00000796b1ccc2b586860b064ab90b8e2c4774f4797f756440dc933807d7c1ef,890.0,24641.306,17,
49685504-cb8b-4c5b-bbdf-0738c413a7c1,a12f902e-d2b2-4798-ba45-e164dbfee8b5,426fdd7a-37cb-40d9-b4fc-e698563caa9d,700,workload-20260609T133920373955Z,92,4,2,2026-06-09T13:57:59.663711Z,2026-06-09T13:58:00.310726Z,2026-06-09T13:58:33.037027Z,202,completed,2077,32056,f112958ae7d8:1:d078872d,1394210,00000d35ce0f7b363635d986215f23cefd66235c6c2657a61907d7141581939a,656.0,33373.316,23,
a9b23716-a9ba-4a42-b8f3-5696640b0d79,8c234255-4b20-4d53-876d-10de496b9af3,426fdd7a-37cb-40d9-b4fc-e698563caa9d,700,workload-20260609T133920373955Z,93,4,2,2026-06-09T13:57:59.665711Z,2026-06-09T13:58:00.546729Z,2026-06-09T13:58:23.413106Z,202,completed,838,22703,846f4f1cc24e:1:cb1d7ba3,616390,000007208ea513115424e6632c7c7f009851e8294329d2fe1a2694ebac4d796f,890.0,23747.395,16,
7e24baed-502f-4bbb-8cd8-078f970c9923,85f82549-1417-4e4f-af7e-621ffccb53bb,426fdd7a-37cb-40d9-b4fc-e698563caa9d,700,workload-20260609T133920373955Z,94,4,2,2026-06-09T13:57:59.667711Z,2026-06-09T13:58:00.250724Z,2026-06-09T13:58:29.323843Z,202,completed,6277,29185,0616728b7286:1:2528dd22,2521421,0000068f802701341163e6440204b431e0e6f6e85153e2374298f471177ed439,593.0,29656.132,21,
f69b6590-8428-4f4d-b22a-e7e73bd5a96b,53ac8ecd-343b-4864-8a64-12ccadc3c594,426fdd7a-37cb-40d9-b4fc-e698563caa9d,700,workload-20260609T133920373955Z,95,4,2,2026-06-09T13:57:59.669711Z,2026-06-09T13:58:00.347726Z,2026-06-09T13:58:23.599989Z,202,completed,3717,22617,9d8c9f4c40ba:1:37a4b2df,1401229,000001e08d006f4b804fa2a8970d3b90843eaa5412bef58be51351a06673ae9b,672.0,23930.278,16,
d79aa1f8-c51e-4a6b-ae1f-3acbe0373172,749f7cbc-cf53-42bc-aa8a-74f222236e92,426fdd7a-37cb-40d9-b4fc-e698563caa9d,700,workload-20260609T133920373955Z,96,4,2,2026-06-09T13:57:59.671709Z,2026-06-09T13:58:04.000559Z,2026-06-09T13:58:36.070927Z,202,completed,1502,33239,f112958ae7d8:1:7b6226cd,1159648,0000055d0687158a5c04af292b517bc465865e5c368b7b47359b0158d91045cd,4328.0,36399.218,27,
2bc9a0ce-b7fb-49d5-9f07-625f6b3757dd,71d5fb0b-ebfc-4910-bbe3-9da03da93959,426fdd7a-37cb-40d9-b4fc-e698563caa9d,700,workload-20260609T133920373955Z,97,4,2,2026-06-09T13:57:59.673711Z,2026-06-09T13:58:00.284726Z,2026-06-09T13:58:17.745164Z,202,completed,1648,17420,9d8c9f4c40ba:1:00eb131d,550365,00000bdd20ec141c0e4d3b484b4e79bdaffc28ca75538cbc8c289e382271c8a5,610.0,18071.453,11,
9bae61cf-c1a1-4a73-b84f-c193ced0972f,5b4e16e8-c146-489c-a128-57d7dcd1f198,426fdd7a-37cb-40d9-b4fc-e698563caa9d,700,workload-20260609T133920373955Z,98,4,2,2026-06-09T13:57:59.675709Z,2026-06-09T13:58:00.176728Z,2026-06-09T13:58:23.181108Z,202,completed,1745,22429,0616728b7286:1:dcca50dd,659126,00000f7b72e48b68ac539ced25efb98a1233ae5b1948fc7dbdf50ffa5bd3dc99,500.0,23505.399,16,
9845fdaf-583b-4862-880e-e18ba45cda6b,e22a3966-df73-4849-be30-b927d652b138,426fdd7a-37cb-40d9-b4fc-e698563caa9d,700,workload-20260609T133920373955Z,99,4,2,2026-06-09T13:57:59.677710Z,2026-06-09T13:58:00.265728Z,2026-06-09T13:58:17.971162Z,202,completed,1973,17596,f112958ae7d8:1:61f0f4cb,1174454,00000c7b39f60cdced83ea52a930fb345fa2ca4f55ddbe8a751d181790d8b562,594.0,18293.452,11,
03796ece-db91-4cb9-afeb-e38a4fa8e2a8,959d3694-7f2a-4137-9e93-97c8d8dcf154,426fdd7a-37cb-40d9-b4fc-e698563caa9d,700,workload-20260609T133920373955Z,100,4,2,2026-06-09T13:57:59.703712Z,2026-06-09T13:58:00.538725Z,2026-06-09T13:58:35.661838Z,202,completed,2013,35228,f112958ae7d8:1:a4b4878f,1365450,00000064a7c0557e94062cc6d35bf0dd1320cc66b25b321554d9cea7789cb643,828.0,35958.126,27,
64ee773d-e2e6-4267-829e-b3984e5f563b,c0531f3d-3db4-4f37-8091-feef1fd7625e,426fdd7a-37cb-40d9-b4fc-e698563caa9d,700,workload-20260609T133920373955Z,101,4,2,2026-06-09T13:57:59.705711Z,2026-06-09T13:58:00.241728Z,2026-06-09T13:58:30.006842Z,202,completed,3278,29234,846f4f1cc24e:1:6fac2f2c,2006691,00000b7e3ee0849f3688131e06f71e39e886bdec7117aa236f7038b30e627088,531.0,30301.131,22,
d54e409e-fde7-46db-9d68-67565712e296,dc3683f6-f32a-4b9e-bfa9-5602f3bd54d6,426fdd7a-37cb-40d9-b4fc-e698563caa9d,700,workload-20260609T133920373955Z,102,4,2,2026-06-09T13:57:59.706711Z,2026-06-09T13:58:00.422727Z,2026-06-09T13:58:26.667454Z,202,completed,740,25575,846f4f1cc24e:1:fe40136f,471840,0000094b8052f899615033ba899fad537891c7c170b7e7e0e69904dfa14b3c8f,718.0,26960.743,19,
fd01e04b-262f-4dad-afdb-721fd415e26e,9c3bdfc5-e84a-487c-adff-e2c6b17dfb5d,426fdd7a-37cb-40d9-b4fc-e698563caa9d,700,workload-20260609T133920373955Z,103,4,2,2026-06-09T13:57:59.708710Z,2026-06-09T13:58:00.579725Z,2026-06-09T13:58:26.594442Z,202,completed,500,25647,0616728b7286:1:6739652c,167934,00000f95ec1a7ad082242303dca36c7e79be65614414139c8068b2bbe650e2ec,875.0,26885.732,19,
63312b77-463b-4195-aa92-fc2697ed984c,c537257d-9dc0-41b7-bde3-6fc1aebad4b3,426fdd7a-37cb-40d9-b4fc-e698563caa9d,700,workload-20260609T133920373955Z,104,4,2,2026-06-09T13:57:59.710710Z,2026-06-09T13:58:00.517726Z,2026-06-09T13:58:33.409027Z,202,completed,430,32756,f112958ae7d8:1:71ceb6d2,349210,00000f7aacfcd94fce69c9a84a3d33fbe3f45457f1609f5ba1263ae78ce73e78,812.0,33698.317,25,
723fdc95-8afc-4ee2-8640-6c84534f5ad7,2e4ef495-a360-48b3-9975-df433c8ba96a,426fdd7a-37cb-40d9-b4fc-e698563caa9d,700,workload-20260609T133920373955Z,105,4,2,2026-06-09T13:57:59.711709Z,2026-06-09T13:58:00.437726Z,2026-06-09T13:58:28.876460Z,202,completed,921,28728,0616728b7286:1:1b135d62,301033,00000fd9506294e81b36231a6750bbbb6d56767dd58b6e4ec9edc99fa202b7e6,734.0,29164.751,21,
81da12bd-0ce4-4b4f-a842-ff86df609ae6,42ebb3f0-5e07-4371-b440-922df291f5b4,426fdd7a-37cb-40d9-b4fc-e698563caa9d,700,workload-20260609T133920373955Z,106,4,2,2026-06-09T13:57:59.713711Z,2026-06-09T13:58:00.571727Z,2026-06-09T13:58:29.411840Z,202,completed,4542,28964,9d8c9f4c40ba:1:149bf95b,1656339,000004ef234855dbeeef8d5b3d810d7c96912291bf6ab1d942c9e61b79160e73,859.0,29698.129,22,
bc976ac4-a3a1-4d4d-884d-34b26d96353b,f318c9fc-5e41-4c0c-b029-1e1d5bfb4e8e,426fdd7a-37cb-40d9-b4fc-e698563caa9d,700,workload-20260609T133920373955Z,107,4,2,2026-06-09T13:57:59.714710Z,2026-06-09T13:58:00.459726Z,2026-06-09T13:58:30.300841Z,202,completed,5637,29658,846f4f1cc24e:1:116deab2,3829204,00000722d1d93a949ff04d63ee4bacc3fdf80f5b81b5bf1ca298162fe9eccee9,750.0,30586.131,22,
d1f4ba92-24cc-4aed-8764-38aa87cd8c09,af9f892b-b868-4653-89f6-43856929eb31,426fdd7a-37cb-40d9-b4fc-e698563caa9d,700,workload-20260609T133920373955Z,108,4,2,2026-06-09T13:57:59.716711Z,2026-06-09T13:58:00.331728Z,2026-06-09T13:58:36.061928Z,202,completed,5675,35977,846f4f1cc24e:1:da310b09,4646578,00000c8b7bcdf2a0fb9674aae9b245da5c400a2628142fe9286a17cf22c88e5f,610.0,36345.217,27,
a8ad584d-1628-4288-87e8-c632ada04b15,307871ef-d779-4b75-bfcc-1109e687fa95,426fdd7a-37cb-40d9-b4fc-e698563caa9d,700,workload-20260609T133920373955Z,109,4,2,2026-06-09T13:57:59.717710Z,2026-06-09T13:58:00.468727Z,2026-06-09T13:58:28.414459Z,202,completed,421,27695,f112958ae7d8:1:0a08e1e1,262506,000000f571ee08cf7cf017a48a2f62ddde9b9d44aa85d237c62ea04a459f28a5,750.0,28696.749,21,
d5f0796d-b0ff-41b1-b4b0-771e9e51fc0d,793a4b13-e4a7-4c64-878a-ccf464de2180,426fdd7a-37cb-40d9-b4fc-e698563caa9d,700,workload-20260609T133920373955Z,110,4,2,2026-06-09T13:57:59.718712Z,2026-06-09T13:58:00.339726Z,2026-06-09T13:58:33.083027Z,202,completed,921,32820,846f4f1cc24e:1:539879af,566611,00000c7703b1f9faede78ce862642e6ae3a7f188d2ae26df26d92c831d465a7e,610.0,33364.315,25,
bb8aecda-0858-4b16-9bfa-c964385e60e8,a860fb51-df96-4de3-93b7-fc87fa24dab7,426fdd7a-37cb-40d9-b4fc-e698563caa9d,700,workload-20260609T133920373955Z,111,4,2,2026-06-09T13:57:59.720710Z,2026-06-09T13:58:00.498727Z,2026-06-09T13:58:34.408840Z,202,completed,850,33825,f112958ae7d8:1:2268f647,596926,000008baa8376e31b258d60eb4e83caabeb4a3be27d42d2c9d45b72f4af51ed5,781.0,34688.13,26,
4960330b-02bc-4b9e-aeab-6e4b71620842,cda5a7f2-c93f-44f7-bb1f-e7e7defd97eb,426fdd7a-37cb-40d9-b4fc-e698563caa9d,700,workload-20260609T133920373955Z,112,4,2,2026-06-09T13:57:59.723711Z,2026-06-09T13:58:00.414727Z,2026-06-09T13:58:29.214232Z,202,completed,276,29014,9d8c9f4c40ba:1:6b711974,97254,00000e97cbc876581be2f97e553c8ebe77721098b45d8a89cbf645a5fb3ace34,688.0,29490.521,22,
e0c22039-ea6e-4487-94ad-2b8ef54810fe,8ed4dd2c-1a1e-46eb-aac7-b07627596537,426fdd7a-37cb-40d9-b4fc-e698563caa9d,700,workload-20260609T133920373955Z,113,4,2,2026-06-09T13:57:59.724711Z,2026-06-09T13:58:00.405727Z,2026-06-09T13:58:29.328840Z,202,completed,273,28759,f112958ae7d8:1:5eb495ff,166913,00000ca6c5a793e9b497275d01b74ba73f65a5d94c702e9b12419468162c8efc,688.0,29604.129,21,
f105032c-d081-46c7-8592-ac46cec4432a,670aa81e-b522-4379-82ad-6b0631a357fc,426fdd7a-37cb-40d9-b4fc-e698563caa9d,700,workload-20260609T133920373955Z,114,4,2,2026-06-09T13:57:59.726711Z,2026-06-09T13:58:00.563727Z,2026-06-09T13:58:29.159651Z,202,completed,3810,28107,f112958ae7d8:1:703a756c,2503543,0000000724f775b883832478fba5baf14cbf6e9608a3e917758353fd172cc830,844.0,29432.94,21,
c85a8899-e069-47a1-bd3e-65023c8c57a5,049400ed-f939-4a4b-b66c-547e5f170c99,426fdd7a-37cb-40d9-b4fc-e698563caa9d,700,workload-20260609T133920373955Z,115,4,2,2026-06-09T13:57:59.728710Z,2026-06-09T13:58:00.290726Z,2026-06-09T13:58:28.178100Z,202,completed,1591,27558,0616728b7286:1:caa5581b,524023,000004c3c7d16a647be4dc78b35596650acc4a9d469b12ff8d8a0a8a485da6f0,563.0,28449.39,21,
79f7f4f7-3975-43a1-986c-a7f89a431daf,d0d20d0f-2615-4ea4-8d73-8346250f9dba,426fdd7a-37cb-40d9-b4fc-e698563caa9d,700,workload-20260609T133920373955Z,116,4,2,2026-06-09T13:57:59.729709Z,2026-06-09T13:58:00.429727Z,2026-06-09T13:58:28.975460Z,202,completed,4376,28320,9d8c9f4c40ba:1:97dc6c8a,1619316,000007c86a34b5d751516c9832bece35abeff6385b00e7410734fbd1fdff2e23,703.0,29245.751,21,
dfab2f8b-272d-4a05-968c-388a634b4900,8e4cfb2f-ebae-419e-8965-3e803a11f8c2,426fdd7a-37cb-40d9-b4fc-e698563caa9d,700,workload-20260609T133920373955Z,117,4,2,2026-06-09T13:57:59.731711Z,2026-06-09T13:58:00.507727Z,2026-06-09T13:58:33.757306Z,202,completed,193,33227,846f4f1cc24e:1:94b3f5d4,117691,000004df1e1732c4e69cb03334071bddf50ea97a325855068fa6428af072f0b3,765.0,34025.595,26,
5a747368-8040-4e70-9ba4-8fcacf39d403,20408422-4fba-45a6-817f-74c489895aa4,426fdd7a-37cb-40d9-b4fc-e698563caa9d,700,workload-20260609T133920373955Z,118,4,2,2026-06-09T13:57:59.733711Z,2026-06-09T13:58:00.325726Z,2026-06-09T13:58:32.821028Z,202,completed,1963,32697,f112958ae7d8:1:78823583,1358023,00000a49bacbd784000b60624a58598c5be3beb9c6c647985c43f126c71a6aeb,594.0,33087.317,25,
3b18a816-6bcf-4920-a07c-5e629e40812a,3927f0af-f2be-469d-9ea4-5d3d579ebcf1,426fdd7a-37cb-40d9-b4fc-e698563caa9d,700,workload-20260609T133920373955Z,119,4,2,2026-06-09T13:57:59.735711Z,2026-06-09T13:58:00.489727Z,2026-06-09T13:58:37.637927Z,202,completed,4116,36857,0616728b7286:1:b3050f71,1519181,000002997a4f777a9a2cc26b57cf89a853359f13f3aaffd65b87f4ead68eb94d,750.0,37902.216,29,
85562651-5133-4790-b4d4-3fad2db59dbe,3c4c5249-2f8a-492f-9e78-ff7f66498aa1,426fdd7a-37cb-40d9-b4fc-e698563caa9d,700,workload-20260609T133920373955Z,120,4,2,2026-06-09T13:57:59.737711Z,2026-06-09T13:58:00.382727Z,2026-06-09T13:58:30.051841Z,202,completed,1619,29553,f112958ae7d8:1:e528ecd9,1541571,00000b15025e0f1f0753da8be79080ea71b114a1f4c15b20288b5ff498f104f7,640.0,30314.13,22,
a0990ee7-7ad9-40e9-843a-e5289332f18c,65259177-9df0-46a9-ad8f-59c74d250ba1,426fdd7a-37cb-40d9-b4fc-e698563caa9d,800,workload-20260609T133920373955Z,1,4,2,2026-06-09T13:59:38.059288Z,2026-06-09T13:59:38.319291Z,2026-06-09T13:59:41.514369Z,202,completed,1924,2958,0616728b7286:1:97a957c6,805498,00000f7631d9220bc2dc595d44101df676e60e2f641940fb91eea4d18241b1d6,250.0,3455.081,2,
fa779f60-6af3-4aa1-a80a-129e792f790a,1ceb1834-3b9f-4c3a-804d-9888f65bee38,426fdd7a-37cb-40d9-b4fc-e698563caa9d,800,workload-20260609T133920373955Z,2,4,2,2026-06-09T13:59:38.060289Z,2026-06-09T13:59:38.277289Z,2026-06-09T13:59:41.774368Z,202,completed,1515,2161,f112958ae7d8:1:b1180ccd,1062295,00000038b0988f9c68b1fb12065c9741b12e5243fae5a937173959458b47d4eb,219.0,3714.079,2,
aa207038-3a04-479a-936a-df8f8db86352,3f271105-bf5e-455e-b890-fc9cf1a5cb14,426fdd7a-37cb-40d9-b4fc-e698563caa9d,800,workload-20260609T133920373955Z,3,4,2,2026-06-09T13:59:38.062288Z,2026-06-09T13:59:38.284289Z,2026-06-09T13:59:40.435811Z,202,completed,947,1358,846f4f1cc24e:1:2b214391,843326,00000b148be5780aa166cb6b6eafc0e20276ebba6cf34b8fef38711015330fa5,219.0,2373.523,1,
de512863-a57d-4a3e-a17a-74d22b2a3485,1942637c-c594-4b37-9e3e-1f3459529f4d,426fdd7a-37cb-40d9-b4fc-e698563caa9d,800,workload-20260609T133920373955Z,4,4,2,2026-06-09T13:59:38.064288Z,2026-06-09T13:59:38.300289Z,2026-06-09T13:59:42.055365Z,202,completed,561,2922,f112958ae7d8:1:3b8b49e8,408150,00000bb688d5360935fb242a4f63a4b7e9b031330bc4d4033009855aab7721e8,234.0,3991.077,2,
ea850661-6932-4373-9403-70fe1742e606,1800ebdf-02e0-43fc-b78a-c8406c8c9acc,426fdd7a-37cb-40d9-b4fc-e698563caa9d,800,workload-20260609T133920373955Z,5,4,2,2026-06-09T13:59:38.066289Z,2026-06-09T13:59:38.298289Z,2026-06-09T13:59:40.089814Z,202,completed,17,920,0616728b7286:1:ea9c3397,11951,00000654b5a8e03fbf4c75e29f479494589816ee9492bc441c09aa100351fee4,234.0,2023.525,1,
55ebbf23-f15a-46f7-a384-e4d0bdf4c7fa,1d24016a-20cc-4f7a-ac4a-6311581305e5,426fdd7a-37cb-40d9-b4fc-e698563caa9d,800,workload-20260609T133920373955Z,6,4,2,2026-06-09T13:59:38.067289Z,2026-06-09T13:59:38.297292Z,2026-06-09T13:59:40.353814Z,202,completed,88,676,846f4f1cc24e:1:a5df9c13,56703,00000ab43bf0d0520c34fdb3fe0113ecf049f39579d5e2cc31f83f05c00cb219,234.0,2286.525,1,
90a581e1-63d2-4b6c-bfff-6d7d268ba279,d11095b4-95d5-4ec0-bcda-500c5b5c21cb,426fdd7a-37cb-40d9-b4fc-e698563caa9d,800,workload-20260609T133920373955Z,7,4,2,2026-06-09T13:59:38.069288Z,2026-06-09T13:59:38.299289Z,2026-06-09T13:59:44.095365Z,202,completed,1127,1968,9d8c9f4c40ba:1:0eb49506,426488,00000b341f11749117616bfbe78fcaddb617944871bfeddcebcfa257a67a70a0,234.0,6026.077,1,
e3ebe5fe-1aaf-4cb1-b2db-514a635d9e86,3a31c87c-ba54-4e8b-afb1-b259c1458b36,426fdd7a-37cb-40d9-b4fc-e698563caa9d,800,workload-20260609T133920373955Z,8,4,2,2026-06-09T13:59:38.070288Z,2026-06-09T13:59:38.310290Z,2026-06-09T13:59:44.298365Z,202,completed,2208,3088,9d8c9f4c40ba:1:ae3abb92,897306,00000ba83b5745cbe107b42fb628b5508fba43a01ab03117f178ffd5de607c98,250.0,6228.077,2,
6cc4ae73-e4a5-4b2d-9e3c-a3146225a103,977a63ef-b344-454b-8b6a-f3345ca88d12,426fdd7a-37cb-40d9-b4fc-e698563caa9d,800,workload-20260609T133920373955Z,9,4,2,2026-06-09T13:59:38.071288Z,2026-06-09T13:59:38.300289Z,2026-06-09T13:59:44.449367Z,202,completed,2642,4694,9d8c9f4c40ba:1:91950a56,1044499,00000ceceaad7a809a14a26f83d416b3f36c9891904d0ab42e132345842262dd,234.0,6378.079,3,
2c9f1689-0cdb-42db-aa1e-f745a8cd7f9c,db7876f9-a079-45e3-85d0-ef95f59f8090,426fdd7a-37cb-40d9-b4fc-e698563caa9d,800,workload-20260609T133920373955Z,10,4,2,2026-06-09T13:59:38.073290Z,2026-06-09T13:59:38.301289Z,2026-06-09T13:59:44.466363Z,202,completed,1321,2216,f112958ae7d8:1:7d1d29e4,811418,0000020c55cd3201ded51908434fd421a082a1e307d29019d7196dc6ca9fe1ae,234.0,6393.073,1,
1911bc51-96b9-4f73-955f-2c660683dccd,92783c9a-f1cc-476f-83db-accf4a7ab48b,426fdd7a-37cb-40d9-b4fc-e698563caa9d,800,workload-20260609T133920373955Z,11,4,2,2026-06-09T13:59:38.074288Z,2026-06-09T13:59:38.370292Z,2026-06-09T13:59:48.164536Z,202,completed,4329,7564,9d8c9f4c40ba:1:546d2c11,1521678,00000f405689311c2cb0e6591823a32032f80cc0eb53b7bb2c8d9f14367414b6,281.0,10090.248,3,
f79d9031-20b3-42bb-8c78-876025f59d23,19a40b6c-fd9d-429b-a741-30752ee86604,426fdd7a-37cb-40d9-b4fc-e698563caa9d,800,workload-20260609T133920373955Z,12,4,2,2026-06-09T13:59:38.075288Z,2026-06-09T13:59:38.368290Z,2026-06-09T13:59:44.266368Z,202,completed,314,2988,0616728b7286:1:53bdad4c,205323,00000c75ce8d86adb07a96d38d1a398681a6067e8d061d937384985741cbd23d,281.0,6191.08,1,
b9b38d6c-e008-4aef-9649-22b14c39edb0,f15fb74a-4bed-442e-85b5-5f9ab8479016,426fdd7a-37cb-40d9-b4fc-e698563caa9d,800,workload-20260609T133920373955Z,13,4,2,2026-06-09T13:59:38.076293Z,2026-06-09T13:59:38.350290Z,2026-06-09T13:59:44.479366Z,202,completed,100,4386,846f4f1cc24e:1:b6fce763,93697,000009b55fe8be11efed3043347162dbe34dabd9907ee3533e7e013f8fe84e70,265.0,6403.073,2,
36953e92-9f48-4674-9888-8cf72df1ffaa,02a8cdca-e5e4-4efd-a35d-152a439da9ec,426fdd7a-37cb-40d9-b4fc-e698563caa9d,800,workload-20260609T133920373955Z,14,4,2,2026-06-09T13:59:38.078291Z,2026-06-09T13:59:38.340293Z,2026-06-09T13:59:44.468363Z,202,completed,3379,4389,846f4f1cc24e:1:bd271db1,2373065,00000efa802bb8df72179718ba3547cba1198fa6a6cc67cfb07f13d8d1d3e54d,265.0,6390.072,2,
d4ae4a55-2965-4d71-92a8-7a0b7f16548a,f7e7b43f-1a94-4434-9aba-b51f54641c27,426fdd7a-37cb-40d9-b4fc-e698563caa9d,800,workload-20260609T133920373955Z,15,4,2,2026-06-09T13:59:38.080292Z,2026-06-09T13:59:38.323291Z,2026-06-09T13:59:44.311364Z,202,completed,2429,3948,846f4f1cc24e:1:44abd967,1517070,00000a42c6b1ad7694677e28ccfffdeaf09559dcae4cde5f0be16046760bf490,234.0,6231.072,2,
8f611530-5f56-4b8b-ab93-aad725f5d4f5,519f4e47-bb65-43e7-89ff-129350cfee26,426fdd7a-37cb-40d9-b4fc-e698563caa9d,800,workload-20260609T133920373955Z,16,4,2,2026-06-09T13:59:38.081290Z,2026-06-09T13:59:38.322290Z,2026-06-09T13:59:44.355366Z,202,completed,1378,2533,0616728b7286:1:f6f7c687,432048,00000c64dc52c6dd440ad50a70baeecf6505e18dd53cff9c5b9bc8d9c104ba1d,234.0,6274.076,1,
423da5bc-f355-49a3-9760-e3e11bd403ae,e52e7a97-3450-461a-8daa-7ef5e9b65ddb,426fdd7a-37cb-40d9-b4fc-e698563caa9d,800,workload-20260609T133920373955Z,17,4,2,2026-06-09T13:59:38.083290Z,2026-06-09T13:59:38.351290Z,2026-06-09T13:59:46.997243Z,202,completed,1295,6127,846f4f1cc24e:1:838844a7,806308,00000eb120375688ce1285eb276da39ab05e9ec4f4a8c98036cf0a060658e5ec,265.0,8913.953,3,
3337e0c7-3ed8-41e3-b960-f57cd6bedecf,7c3bc4c0-1f4c-4a43-b7a0-48e8b33ef3bb,426fdd7a-37cb-40d9-b4fc-e698563caa9d,800,workload-20260609T133920373955Z,18,4,2,2026-06-09T13:59:38.084290Z,2026-06-09T13:59:38.360290Z,2026-06-09T13:59:44.132368Z,202,completed,553,2981,f112958ae7d8:1:c803c16f,395521,000001bf6c80c77b82a3fdb8ad3d710d2a15e1c9ac02ffeda9742cada181848f,281.0,6048.078,2,
c18dbb46-d033-4e37-a4bb-c80eb4f71d00,68d459d8-fe39-4500-87d6-bb33e683eb5b,426fdd7a-37cb-40d9-b4fc-e698563caa9d,800,workload-20260609T133920373955Z,19,4,2,2026-06-09T13:59:38.086289Z,2026-06-09T13:59:38.320291Z,2026-06-09T13:59:46.516240Z,202,completed,4401,7706,0616728b7286:1:118fe382,1391828,00000fc1d1504d27e28be1b851e5b8e5b11e9e768b693810ef16b753e92ac18b,234.0,8429.951,4,
fafc4056-c153-480e-a8bf-8c1cb288426d,cd5d6658-2500-421b-b370-9c30ab73e59e,426fdd7a-37cb-40d9-b4fc-e698563caa9d,800,workload-20260609T133920373955Z,20,4,2,2026-06-09T13:59:38.087290Z,2026-06-09T13:59:38.412290Z,2026-06-09T13:59:46.570240Z,202,completed,3544,6792,f112958ae7d8:1:2f114ca4,2456959,00000d3d0cf8f00538095abf1ed926aba0b64b739bf752053737bdabf96026b9,328.0,8482.95,4,
a9cbdd40-366c-4a74-8c59-463f968973da,20d45e3c-130e-4d25-a848-04c6867237bf,426fdd7a-37cb-40d9-b4fc-e698563caa9d,800,workload-20260609T133920373955Z,21,4,2,2026-06-09T13:59:38.088291Z,2026-06-09T13:59:38.358291Z,2026-06-09T13:59:44.304364Z,202,completed,1024,4236,f112958ae7d8:1:ad54b9ec,700245,00000b23786efee73775f0f5321e727a1c6f3b96fc6b822a1b1d503d5191718f,281.0,6216.073,3,
961ac08a-87ba-402f-baf9-5a0fc409546f,89bfc3bc-616f-4b86-9028-892ab7807b66,426fdd7a-37cb-40d9-b4fc-e698563caa9d,800,workload-20260609T133920373955Z,22,4,2,2026-06-09T13:59:38.090288Z,2026-06-09T13:59:38.388290Z,2026-06-09T13:59:51.747513Z,202,completed,4460,12297,0616728b7286:1:7f97a643,1394369,0000070c0443199c770746a399b5447ba1c1f08cc784dc8358ca3cae7533615e,297.0,13657.225,7,
e16f06e3-ec49-4776-94f7-b1238c4ed41d,12d34b6f-803d-40c6-8bc0-81663257243c,426fdd7a-37cb-40d9-b4fc-e698563caa9d,800,workload-20260609T133920373955Z,23,4,2,2026-06-09T13:59:38.092289Z,2026-06-09T13:59:38.400291Z,2026-06-09T13:59:44.006367Z,202,completed,461,4853,f112958ae7d8:1:08f7fc64,287870,000004e802c7165c8a44e39fcae2bde66e676d8ca821649e8eaa8f76d4de0343,297.0,5914.078,1,
1c7b71b5-940f-4d54-ad08-ebf3cad9dbf6,b7d35e85-94ac-4bf7-bc2e-371448b91cee,426fdd7a-37cb-40d9-b4fc-e698563caa9d,800,workload-20260609T133920373955Z,24,4,2,2026-06-09T13:59:38.093291Z,2026-06-09T13:59:38.404291Z,2026-06-09T13:59:45.993240Z,202,completed,1644,6853,f112958ae7d8:1:fd3dfc89,976171,00000056175addecd79d6a4420dd2606fdfdb0bf9cc6c64c330b729504be549c,313.0,7899.949,4,
7e880a5f-4750-409c-ba72-f3a4ce043efb,8fb2be00-c4f7-4712-862a-4d1586487b63,426fdd7a-37cb-40d9-b4fc-e698563caa9d,800,workload-20260609T133920373955Z,25,4,2,2026-06-09T13:59:38.094292Z,2026-06-09T13:59:38.392293Z,2026-06-09T13:59:51.622512Z,202,completed,9722,13167,0616728b7286:1:bda2d3a3,3241286,000009e9fbd038cae08e49a8729f1148733866e8cc936e98a74dee0d36357e50,297.0,13528.22,8,
f8f5ef62-64b0-44b5-b30f-6a6cfbc0ea4d,8e68a4da-19dd-4681-823e-ae54ce8b502d,426fdd7a-37cb-40d9-b4fc-e698563caa9d,800,workload-20260609T133920373955Z,26,4,2,2026-06-09T13:59:38.098292Z,2026-06-09T13:59:38.402291Z,2026-06-09T13:59:47.015241Z,202,completed,1627,6524,846f4f1cc24e:1:c0e95fa8,1143999,00000461fd03ca5050cca4ff6334aa0c85a5f76c7cfe7249c77966aaaedd9c54,313.0,8916.949,3,
f71b58dc-807a-4728-855f-84b3108e40fe,35333c1a-0472-4dd0-97be-7613cf8e71eb,426fdd7a-37cb-40d9-b4fc-e698563caa9d,800,workload-20260609T133920373955Z,27,4,2,2026-06-09T13:59:38.100292Z,2026-06-09T13:59:38.390290Z,2026-06-09T13:59:48.080540Z,202,completed,3141,7937,9d8c9f4c40ba:1:5f5ce995,1122175,000002c711057abcca52b77c15339504803bfba90a76a1d5ae63b12acc6d38e9,297.0,9980.248,5,
f7edca0b-0801-4932-99aa-650bce81e587,947c4e60-68af-44dc-b8e1-ceac4748b842,426fdd7a-37cb-40d9-b4fc-e698563caa9d,800,workload-20260609T133920373955Z,28,4,2,2026-06-09T13:59:38.102292Z,2026-06-09T13:59:38.381292Z,2026-06-09T13:59:47.581239Z,202,completed,898,8892,f112958ae7d8:1:6d73bf16,547197,00000256ab6dc2826cc18883cb3e7b2503bcc4016bb8b780d722a7251c66e6e1,281.0,9478.947,3,
ccd93360-e310-4bed-b54c-cf4f741dd3fa,06f61dd3-8b48-4014-b0f5-9873c7f9fbf4,426fdd7a-37cb-40d9-b4fc-e698563caa9d,800,workload-20260609T133920373955Z,29,4,2,2026-06-09T13:59:38.105292Z,2026-06-09T13:59:38.441290Z,2026-06-09T13:59:47.055242Z,202,completed,149,7336,f112958ae7d8:1:ee077e10,90205,00000c20f2785b5ca3d986e6134ffeb7e462a0980c82fb55528ed705d71d587b,344.0,8949.95,3,
1187a1b4-aaa9-40db-b4fe-efcd8009dd0b,175a6155-5b4e-4ab7-bc22-1444ece1d84c,426fdd7a-37cb-40d9-b4fc-e698563caa9d,800,workload-20260609T133920373955Z,30,4,2,2026-06-09T13:59:38.108293Z,2026-06-09T13:59:38.434291Z,2026-06-09T13:59:45.789240Z,202,completed,499,7154,846f4f1cc24e:1:1dc8ba88,305615,00000bc293acdd744f0f291c180fedc72b69957eec2561117f94a34c96b39b8c,328.0,7680.947,4,
fae4fd90-491c-4c5c-b4b8-480133e04641,f05b14b1-ef45-4612-a8a2-7c40cd2f57e2,426fdd7a-37cb-40d9-b4fc-e698563caa9d,800,workload-20260609T133920373955Z,31,4,2,2026-06-09T13:59:38.109293Z,2026-06-09T13:59:38.444290Z,2026-06-09T13:59:51.148513Z,202,completed,170,12671,0616728b7286:1:c1642fc8,48734,000007d047e1b71e46f656b8ebdab9cd55cfe4abead64fef3eaf6c803588daa4,328.0,13039.22,6,
be036950-2d59-4bcd-8253-618de11efe78,49e84548-c8af-4d79-9ffc-0f4ab0249d06,426fdd7a-37cb-40d9-b4fc-e698563caa9d,800,workload-20260609T133920373955Z,32,4,2,2026-06-09T13:59:38.110292Z,2026-06-09T13:59:38.419291Z,2026-06-09T13:59:48.311540Z,202,completed,782,9041,9d8c9f4c40ba:1:41074ae0,264173,00000f90e79e1b3cc8f77e0be9bb0bceeb74c6a2092169d18edfbbf76a64315d,312.0,10201.248,6,
bec3f8cc-aa42-401b-8d23-8ef8b4771329,72262ea0-ca3a-454a-a107-a74f7b4f546f,426fdd7a-37cb-40d9-b4fc-e698563caa9d,800,workload-20260609T133920373955Z,33,4,2,2026-06-09T13:59:38.111292Z,2026-06-09T13:59:38.430291Z,2026-06-09T13:59:50.978513Z,202,completed,3876,11641,f112958ae7d8:1:0804d8ab,2983764,000009a284e763105e68a3c4e7e1ee6ec5b4d491b032b2e7baac9a7cd941efab,312.0,12867.221,6,
acde3301-1367-4878-9ea8-cd306f4d0a05,d9b0a9aa-a860-4b2d-bf99-19a45065036e,426fdd7a-37cb-40d9-b4fc-e698563caa9d,800,workload-20260609T133920373955Z,34,4,2,2026-06-09T13:59:38.112292Z,2026-06-09T13:59:38.415292Z,2026-06-09T13:59:49.097539Z,202,completed,2677,9119,846f4f1cc24e:1:4557bedb,2250965,00000b263c7916ea78b135ea030b5266680f4be0af9bc587d8ff528d3dbfd5d9,297.0,10985.247,4,
707a898f-5f03-477d-8e66-6a27dc1540a6,82c205c6-572d-48b9-b0db-2fd7e17bdc6f,426fdd7a-37cb-40d9-b4fc-e698563caa9d,800,workload-20260609T133920373955Z,35,4,2,2026-06-09T13:59:38.114292Z,2026-06-09T13:59:38.447290Z,2026-06-09T13:59:52.344913Z,202,completed,5839,13841,9d8c9f4c40ba:1:3ab63466,2282832,000004d75dd18b026f0be2e09f9f991bb23609f0e17d8caaf4953cb4e5bcf34d,328.0,14230.621,8,
77c47b72-bef9-43de-8c99-11c44908b6d7,02e16c7c-74bd-4225-8308-a4b357c53df0,426fdd7a-37cb-40d9-b4fc-e698563caa9d,800,workload-20260609T133920373955Z,36,4,2,2026-06-09T13:59:38.115293Z,2026-06-09T13:59:38.457294Z,2026-06-09T13:59:46.591240Z,202,completed,302,7790,846f4f1cc24e:1:82db7e7f,185769,00000d19debb2cc83726ce79d5c3764b67e589da5ea9b2431e7c5fac09fdc2c4,344.0,8475.947,5,
e242e2e5-f7b7-43e2-9166-3722078de9de,06610d14-a73f-48c5-83fd-9d51aeaf246d,426fdd7a-37cb-40d9-b4fc-e698563caa9d,800,workload-20260609T133920373955Z,37,4,2,2026-06-09T13:59:38.116292Z,2026-06-09T13:59:38.427290Z,2026-06-09T13:59:55.539112Z,202,completed,3713,16913,0616728b7286:1:d4984ed8,1368686,00000cf2c38d289b67c7433317545040f8615df0c43eab226060e29605716265,312.0,17422.82,11,
de15486c-fcdf-489f-8224-4d389d49e497,397e065c-fd10-4934-bf04-9dbef968baeb,426fdd7a-37cb-40d9-b4fc-e698563caa9d,800,workload-20260609T133920373955Z,38,4,2,2026-06-09T13:59:38.117293Z,2026-06-09T13:59:38.424292Z,2026-06-09T13:59:49.687540Z,202,completed,683,8694,846f4f1cc24e:1:fe8d0f15,422795,00000b26249d0db6524da3d34b734226ceeccf43eb214b01da81c6c8f7e34620,312.0,11570.247,4,
d0751ade-38f3-487b-b98b-bf900f5edf9c,60ea573e-8b37-4fcc-a359-81784667d2ef,426fdd7a-37cb-40d9-b4fc-e698563caa9d,800,workload-20260609T133920373955Z,39,4,2,2026-06-09T13:59:38.122292Z,2026-06-09T13:59:38.417290Z,2026-06-09T13:59:46.421240Z,202,completed,412,7741,f112958ae7d8:1:a667165b,376406,00000799ccc4ac6d30ad0fe4227b3abb710c89123af85bfdbed42da86ca885b0,282.0,8298.948,4,
09ec4049-df58-466b-ab3a-78994bb5bdd1,7c3211e2-8bd0-4b13-9eb6-0dad7eb9dc4b,426fdd7a-37cb-40d9-b4fc-e698563caa9d,800,workload-20260609T133920373955Z,40,4,2,2026-06-09T13:59:38.127290Z,2026-06-09T13:59:38.468294Z,2026-06-09T13:59:56.881804Z,202,completed,990,17321,846f4f1cc24e:1:03ef7287,602926,0000045c1bd2492601c1456ca21200f1a90b68d9850fe861670fce2c1a591400,344.0,18754.514,11,
7b6150b3-265d-44c1-a103-702d02b41074,704d7c1a-32fa-4d19-9ff8-8dfbd87656f8,426fdd7a-37cb-40d9-b4fc-e698563caa9d,800,workload-20260609T133920373955Z,41,4,2,2026-06-09T13:59:38.128290Z,2026-06-09T13:59:38.478290Z,2026-06-09T13:59:48.766539Z,202,completed,76,9892,846f4f1cc24e:1:d1003b41,45787,0000066b7660a6d9c132d55f2098dbb8bac6ee3f00d270c5ce3652f12ddfdc7e,344.0,10638.249,5,
c74fcb7d-0e95-4b19-87fb-0a8ef67ccaf6,a119d993-9487-4b61-8d23-4669e8b1dc7c,426fdd7a-37cb-40d9-b4fc-e698563caa9d,800,workload-20260609T133920373955Z,42,4,2,2026-06-09T13:59:38.130289Z,2026-06-09T13:59:38.482292Z,2026-06-09T13:59:49.737540Z,202,completed,1768,11040,846f4f1cc24e:1:8fe8db09,1463818,00000a40ca3b52aa6d4aca52778ad59703bd6098cb3f3f04de131a3af66b4e7f,360.0,11607.251,4,
5122f4ad-5197-4304-86da-23d6b0971789,76f575fb-03ff-41e2-ad7b-a8402289edd1,426fdd7a-37cb-40d9-b4fc-e698563caa9d,800,workload-20260609T133920373955Z,43,4,2,2026-06-09T13:59:38.131289Z,2026-06-09T13:59:38.464289Z,2026-06-09T13:59:52.576958Z,202,completed,4080,13417,9d8c9f4c40ba:1:c04ddc91,1359197,000007f5778e6d039a793e9e68ee7396cb41a640f07058ad94da03004b8477e8,329.0,14445.669,8,
f7e9dcb9-7a9b-4dc1-b770-150a6ade86c3,55c3b7a4-450b-475a-acca-9686420803d3,426fdd7a-37cb-40d9-b4fc-e698563caa9d,800,workload-20260609T133920373955Z,44,4,2,2026-06-09T13:59:38.132289Z,2026-06-09T13:59:38.486293Z,2026-06-09T13:59:49.395540Z,202,completed,1609,10779,f112958ae7d8:1:de8b970b,984937,0000052dda9becec43ed66699b01559e9e61d39898908aa7a6082345572c06b2,360.0,11263.251,5,
8d578c33-dbf7-4e92-8208-39c55fdeabb0,719beb03-ffc3-4558-a3ce-e5ef21261c5b,426fdd7a-37cb-40d9-b4fc-e698563caa9d,800,workload-20260609T133920373955Z,45,4,2,2026-06-09T13:59:38.133291Z,2026-06-09T13:59:38.507289Z,2026-06-09T13:59:58.552800Z,202,completed,1529,19024,846f4f1cc24e:1:c3f37b46,1311806,00000b8d0bc060a26054974987be9a3296a92c44d5b065d9be94f1df0caa2a3f,375.0,20419.509,12,
7afe7d47-4413-495e-8c2b-425551140470,52f57497-89e2-42f9-8c56-257bd6d4db0c,426fdd7a-37cb-40d9-b4fc-e698563caa9d,800,workload-20260609T133920373955Z,46,4,2,2026-06-09T13:59:38.134289Z,2026-06-09T13:59:38.475292Z,2026-06-09T13:59:59.532705Z,202,completed,3639,21006,0616728b7286:1:2464c990,1351791,00000c70f62fd16ad4a67a95c314ed9cdc7c7a88f3bb3f5af4ff9ee7f3bd184d,344.0,21398.416,15,
f8227deb-9ffa-491e-8e1a-3f39b5d5f4c9,c7e548f2-b9bb-4373-90ba-8940816b2d60,426fdd7a-37cb-40d9-b4fc-e698563caa9d,800,workload-20260609T133920373955Z,47,4,2,2026-06-09T13:59:38.135291Z,2026-06-09T13:59:38.533291Z,2026-06-09T13:59:52.228930Z,202,completed,3482,13736,846f4f1cc24e:1:350ce8d8,2405493,00000163adcf22ddf2af97c5227819e6033213ccea301ed20705c0196a017df0,407.0,14093.639,9,
a7c9598c-768d-4615-98bc-df23a294a4a4,97457d6e-9a86-4e95-8eec-bc106d956c0e,426fdd7a-37cb-40d9-b4fc-e698563caa9d,800,workload-20260609T133920373955Z,48,4,2,2026-06-09T13:59:38.136288Z,2026-06-09T13:59:38.472292Z,2026-06-09T13:59:58.965709Z,202,completed,3289,20111,f112958ae7d8:1:4645a8ef,2095853,00000e85842d367c37c4c6ad1a0e770c9a7056278caf3909e1caa0328df14265,344.0,20829.421,14,
403006fd-6638-488e-a36b-a61a6be7ef35,75dffc29-ee26-4c87-904e-a703cb001e01,426fdd7a-37cb-40d9-b4fc-e698563caa9d,800,workload-20260609T133920373955Z,49,4,2,2026-06-09T13:59:38.138289Z,2026-06-09T13:59:38.453292Z,2026-06-09T13:59:56.394111Z,202,completed,1084,17786,0616728b7286:1:c9e5e974,462947,000000c7c4de1eb98770c1b91f1976a17ca21d3780fbfd4bdbc74997474aad65,313.0,18255.822,12,
16b2b118-739e-4219-a204-7be16ffe1a89,febdfc4c-e451-4a87-aea4-61532498df0c,426fdd7a-37cb-40d9-b4fc-e698563caa9d,800,workload-20260609T133920373955Z,50,4,2,2026-06-09T13:59:38.139291Z,2026-06-09T13:59:38.450293Z,2026-06-09T13:59:49.178539Z,202,completed,407,9492,846f4f1cc24e:1:46f638cd,423960,000004f656197929ae0b908de15459e006b7824066841d61a38327fabae7d01d,313.0,11039.248,5,
f4f44d9c-85f4-4268-8efa-e221636b2b15,750a3437-0e70-45d7-bc2a-3a993482b482,426fdd7a-37cb-40d9-b4fc-e698563caa9d,800,workload-20260609T133920373955Z,51,4,2,2026-06-09T13:59:38.146290Z,2026-06-09T13:59:38.493293Z,2026-06-09T13:59:55.676113Z,202,completed,3097,16491,0616728b7286:1:35bbb59f,965958,00000374f046e9379eb4a8d29617adad8a0fa17924300e8695781fba45cffcb2,344.0,17529.823,11,
275f6db0-6034-4247-9812-eb76148697d3,9a7a6b3c-4dbd-48a3-92d5-fc4f63456f04,426fdd7a-37cb-40d9-b4fc-e698563caa9d,800,workload-20260609T133920373955Z,52,4,2,2026-06-09T13:59:38.148291Z,2026-06-09T13:59:38.545288Z,2026-06-09T14:00:02.493487Z,202,completed,234,23177,9d8c9f4c40ba:1:00d560dc,76573,000000be4e73aff389522ba10eac51aac1c1a8419d3cfc80b289fbe80629414a,406.0,24345.196,16,
09dc12ec-7edb-4aa3-bdb8-ea1789f67c3b,45a80b5e-084b-403b-8ff7-836870ebab39,426fdd7a-37cb-40d9-b4fc-e698563caa9d,800,workload-20260609T133920373955Z,53,4,2,2026-06-09T13:59:38.149289Z,2026-06-09T13:59:38.575288Z,2026-06-09T13:59:52.339913Z,202,completed,1928,13798,846f4f1cc24e:1:81bbc790,1274353,0000088c8d10bc6bf857be298aaae40e0f0d484717737c738e6c620885b7e8fe,438.0,14190.624,6,
db25f327-8030-468c-917e-621b8a50bf6c,76acd058-d59f-4c6b-95c1-e4522b77d10c,426fdd7a-37cb-40d9-b4fc-e698563caa9d,800,workload-20260609T133920373955Z,54,4,2,2026-06-09T13:59:38.150288Z,2026-06-09T13:59:38.504290Z,2026-06-09T13:59:54.375098Z,202,completed,4247,15672,f112958ae7d8:1:59a00273,2873620,00000a6921b7a1c840de03893a9975fa52f3a1a4e486083ebbac4f0383442619,359.0,16224.81,10,
8409038b-2b57-4fde-9c5c-ebbf3b592359,0bc77a2e-0b9f-41f3-94ce-c10ddcf6d34d,426fdd7a-37cb-40d9-b4fc-e698563caa9d,800,workload-20260609T133920373955Z,55,4,2,2026-06-09T13:59:38.152290Z,2026-06-09T13:59:38.526288Z,2026-06-09T13:59:53.426401Z,202,completed,2198,14017,f112958ae7d8:1:64750a51,1350307,000000471c5043a4451d121d83a35ceb4507fbd39a9fdc01c35d8cc1449b2c13,359.0,15274.111,8,
26d9b263-56e1-4090-8858-ff0b483586ea,487e69ff-ff69-4d1e-a01b-901b0c1d33b3,426fdd7a-37cb-40d9-b4fc-e698563caa9d,800,workload-20260609T133920373955Z,56,4,2,2026-06-09T13:59:38.153290Z,2026-06-09T13:59:38.497290Z,2026-06-09T13:59:49.786538Z,202,completed,222,11198,f112958ae7d8:1:63565592,136373,00000f5d5c18222e94e0bd72ee2907f7f9cf472880b20ccadd47a341756ff649,343.0,11633.248,5,
d4d4e690-e0d3-4c6a-9ed2-2bc18ec7bbbf,635fc156-b316-4f85-be82-4fbf4528435f,426fdd7a-37cb-40d9-b4fc-e698563caa9d,800,workload-20260609T133920373955Z,57,4,2,2026-06-09T13:59:38.154289Z,2026-06-09T13:59:38.560289Z,2026-06-09T14:00:02.236483Z,202,completed,141,23291,846f4f1cc24e:1:c1e1d57c,122312,000000215138ad281a0ae6d4b50c9902bf108eccf9e2348d1f7db644e7f6c49d,406.0,24082.194,13,
d0563114-9676-445e-aee0-706be540b699,fbccca88-c8c6-4b50-8b89-f9feb00ccb20,426fdd7a-37cb-40d9-b4fc-e698563caa9d,800,workload-20260609T133920373955Z,58,4,2,2026-06-09T13:59:38.155290Z,2026-06-09T13:59:38.644291Z,2026-06-09T14:00:12.808862Z,202,completed,10104,33634,9d8c9f4c40ba:1:95fad409,3980292,00000e94f4e2bdca0644f860769b57ca74754b44c3b03a60acf8ac74246f1232,484.0,34653.572,25,
94e0c8b8-621d-46f6-adb8-87aa69538dc1,982295bc-5c71-492b-9536-e5426af91916,426fdd7a-37cb-40d9-b4fc-e698563caa9d,800,workload-20260609T133920373955Z,59,4,2,2026-06-09T13:59:38.156289Z,2026-06-09T13:59:38.529290Z,2026-06-09T13:59:53.338399Z,202,completed,114,14288,846f4f1cc24e:1:19780758,110172,000006a3ed1b592761e95c8d93f19b792399e807a3d502769f4672a52648f76f,375.0,15182.11,8,
386836e1-6099-4946-8457-f3f661274d26,1d505113-218c-43b5-b06b-6ee99ee0e208,426fdd7a-37cb-40d9-b4fc-e698563caa9d,800,workload-20260609T133920373955Z,60,4,2,2026-06-09T13:59:38.158293Z,2026-06-09T13:59:38.500290Z,2026-06-09T13:59:50.344513Z,202,completed,266,11692,846f4f1cc24e:1:8b32d448,158373,00000f8abc81c501582fab79e7c6d2a806dfd4c17e0c9efb61a3f2753b41774b,343.0,12186.22,6,
34afa39d-afba-49b7-a7ff-389a0c6b7d29,5022e072-5a05-48d5-9aff-12586219f622,426fdd7a-37cb-40d9-b4fc-e698563caa9d,800,workload-20260609T133920373955Z,61,4,2,2026-06-09T13:59:38.159292Z,2026-06-09T13:59:38.522290Z,2026-06-09T14:00:02.492486Z,202,completed,304,23063,f112958ae7d8:1:ab8a48b3,185812,000004823e0c7e967bd87b1cc7d99d8605468149f85eee425c72bfba842962f3,359.0,24333.194,14,
7f638cf1-e53d-4941-a880-fa0d70c65f4d,9be7202a-f4b5-4932-a07d-ba86a87e3f50,426fdd7a-37cb-40d9-b4fc-e698563caa9d,800,workload-20260609T133920373955Z,62,4,2,2026-06-09T13:59:38.160292Z,2026-06-09T13:59:38.519289Z,2026-06-09T13:59:53.491397Z,202,completed,891,14933,9d8c9f4c40ba:1:f92ef20a,299535,0000020108893fea7a250f0555efc363cf0c56214c1d97091b6b7116465ce83a,359.0,15331.105,10,
d0a25de8-752a-4177-90a8-01910577942e,536887ee-138c-4ccf-a3e2-3e1afbf7aa52,426fdd7a-37cb-40d9-b4fc-e698563caa9d,800,workload-20260609T133920373955Z,63,4,2,2026-06-09T13:59:38.161292Z,2026-06-09T13:59:38.515291Z,2026-06-09T13:59:56.933800Z,202,completed,4838,18477,9d8c9f4c40ba:1:8141a8bb,1982540,00000e528d502c21f2bd3701fefc64ea2017c5b6ce2dbda143c0f1dfcf2a63b9,359.0,18772.508,11,
07ab81b5-a3db-4167-b56c-ea7aa4b49748,c41d11b4-a249-425c-9d4e-eabc0749a446,426fdd7a-37cb-40d9-b4fc-e698563caa9d,800,workload-20260609T133920373955Z,64,4,2,2026-06-09T13:59:38.170291Z,2026-06-09T13:59:38.673292Z,2026-06-09T14:00:03.358625Z,202,completed,447,24496,f112958ae7d8:1:4a375d66,402703,000005975c0100166f81329f378852c4434073cdb03724a35b07b15d489aec35,500.0,25188.334,17,
71cf4aaf-fcef-4e29-a141-4f4b60d39ade,2c02465a-ac14-431f-8979-f187e41cd476,426fdd7a-37cb-40d9-b4fc-e698563caa9d,800,workload-20260609T133920373955Z,65,4,2,2026-06-09T13:59:38.172293Z,2026-06-09T13:59:38.588289Z,2026-06-09T13:59:59.091709Z,202,completed,690,19991,846f4f1cc24e:1:f99016b7,420218,000008c8a121687e79207332456297c62b84f1c2c81517272be8bfa78886ad78,407.0,20919.416,13,
dbbf4469-2d44-43b0-b356-6304e41667ed,818ac39c-d85f-42a1-a44e-8c5f06d4d649,426fdd7a-37cb-40d9-b4fc-e698563caa9d,800,workload-20260609T133920373955Z,66,4,2,2026-06-09T13:59:38.173292Z,2026-06-09T13:59:38.649292Z,2026-06-09T13:59:58.664677Z,202,completed,602,19993,9d8c9f4c40ba:1:aa7cdd70,182575,00000ce90868f37010fb8c94c7aeae62a8852d30f4f778bcc866e019c696b01e,469.0,20491.385,14,
4c83ed66-3fac-4bf9-91d5-b633e7ab4cb9,ac40a77c-b59d-4942-bd7c-d524e4420f03,426fdd7a-37cb-40d9-b4fc-e698563caa9d,800,workload-20260609T133920373955Z,67,4,2,2026-06-09T13:59:38.174292Z,2026-06-09T13:59:38.564289Z,2026-06-09T14:00:03.176624Z,202,completed,48,23599,f112958ae7d8:1:63812dbb,27987,00000d92bc7057c5c43a2b6d914d7fa7d036a4cd62ef96166df5c0aaee2a89cc,391.0,25002.332,17,
aa07bc8a-3de4-4682-b4b9-16b6bba5d2d8,a4ad2f7e-1979-4f71-ab2d-377e6b7bc87b,426fdd7a-37cb-40d9-b4fc-e698563caa9d,800,workload-20260609T133920373955Z,68,4,2,2026-06-09T13:59:38.176292Z,2026-06-09T13:59:38.548291Z,2026-06-09T14:00:06.389477Z,202,completed,3034,26152,846f4f1cc24e:1:05a1bb59,2189973,00000a31b129fa6ad88a8af3a6500ee7067f83785116416048638ba881b34774,375.0,28213.185,18,
18ebccf7-d5b0-48be-9987-40ef559459fc,3e777362-6a62-4ad0-a001-420595f23d8a,426fdd7a-37cb-40d9-b4fc-e698563caa9d,800,workload-20260609T133920373955Z,69,4,2,2026-06-09T13:59:38.177293Z,2026-06-09T13:59:38.568291Z,2026-06-09T13:59:55.543112Z,202,completed,1750,16183,846f4f1cc24e:1:16280a60,1054918,00000bac46a1bd799d7ec171f6423bab89de09f741fe76f58bf519df49c47f42,391.0,17365.819,10,
d72e7234-026b-4bcb-8d6a-f4f05a54089d,02dea6ab-02b7-45be-a96a-7ef45ad3b027,426fdd7a-37cb-40d9-b4fc-e698563caa9d,800,workload-20260609T133920373955Z,70,4,2,2026-06-09T13:59:38.178292Z,2026-06-09T13:59:38.552290Z,2026-06-09T13:59:56.414110Z,202,completed,3488,17736,846f4f1cc24e:1:95b35918,2461109,00000588c2146ddfcc88a057d6bc3915f469f71a76522e1dae49e195c8e6b29b,375.0,18235.818,11,
f3a421f4-d930-45c1-8289-4c85dff6e502,24dffec6-9b96-4260-babb-28509a4218b4,426fdd7a-37cb-40d9-b4fc-e698563caa9d,800,workload-20260609T133920373955Z,71,4,2,2026-06-09T13:59:38.179292Z,2026-06-09T13:59:38.618289Z,2026-06-09T13:59:54.495113Z,202,completed,10,15315,9d8c9f4c40ba:1:0a9cdd2e,3464,00000c6cd9e3988abd42d0d25e42ba4e40d6964c71863ea65c992e1de7ff9119,438.0,16315.821,10,
102463ac-65b7-4eab-b9fa-ecdbb3180431,ef37e59f-40cc-4c26-b4c8-6e674409fbe9,426fdd7a-37cb-40d9-b4fc-e698563caa9d,800,workload-20260609T133920373955Z,72,4,2,2026-06-09T13:59:38.181292Z,2026-06-09T13:59:38.695290Z,2026-06-09T13:59:59.828709Z,202,completed,316,20639,9d8c9f4c40ba:1:f206b0fd,104893,000007c8fd849f07b26e6f1ab44c65ff750b49d6b22e2c6a52e4a9ed7337b084,516.0,21647.417,14,
b96a67c8-1975-4abb-b0ea-0349ab6c9345,0a2806d9-6c37-4150-b949-17bccef5c053,426fdd7a-37cb-40d9-b4fc-e698563caa9d,800,workload-20260609T133920373955Z,73,4,2,2026-06-09T13:59:38.182292Z,2026-06-09T13:59:38.629290Z,2026-06-09T14:00:03.255621Z,202,completed,252,24085,f112958ae7d8:1:dadc3348,203878,000003b642181a17aadb2b93d7a3e15836e61ff48e187ff0f4a45c284ad4f489,453.0,25073.329,16,
e07f8664-abc4-49e2-9a4a-9f4e7356d749,ab9cf154-e5e6-47e4-9aa5-aee80b4d9ed9,426fdd7a-37cb-40d9-b4fc-e698563caa9d,800,workload-20260609T133920373955Z,74,4,2,2026-06-09T13:59:38.183293Z,2026-06-09T13:59:38.537291Z,2026-06-09T13:59:58.008802Z,202,completed,2626,18463,f112958ae7d8:1:a63289fc,1700692,00000099fe268f6c4ea56f7dd0e96fd3ce98b6f9f35bfa698bf4f7762cf23985,360.0,19825.509,11,
631efeac-ccc7-4408-ba84-21f33d991d3a,4833f41f-5a95-4eeb-9222-63593ed6b2a1,426fdd7a-37cb-40d9-b4fc-e698563caa9d,800,workload-20260609T133920373955Z,75,4,2,2026-06-09T13:59:38.184292Z,2026-06-09T13:59:38.584289Z,2026-06-09T13:59:56.123113Z,202,completed,2292,16551,f112958ae7d8:1:da258df1,1487471,0000095072251dacfdc9971ebb2817d16d77a09422dd6538ff73490b39d7b96f,391.0,17938.821,10,
93a02065-8a43-471f-a7d3-8039b911dd00,29d5dbc3-3e29-488e-ae15-8ee2a976087e,426fdd7a-37cb-40d9-b4fc-e698563caa9d,800,workload-20260609T133920373955Z,76,4,2,2026-06-09T13:59:38.185293Z,2026-06-09T13:59:38.579293Z,2026-06-09T13:59:58.000803Z,202,completed,3561,19110,9d8c9f4c40ba:1:161a660c,1304279,00000ecc991014ca9b27359201e9c23af261f63a6cef56088179a9a984a1c192,391.0,19815.51,10,
e65225dd-6b11-4f92-a810-99bb961b91bc,7505cda9-8aee-47e7-898c-17fe910676af,426fdd7a-37cb-40d9-b4fc-e698563caa9d,800,workload-20260609T133920373955Z,77,4,2,2026-06-09T13:59:38.198290Z,2026-06-09T13:59:38.707290Z,2026-06-09T14:00:07.136524Z,202,completed,3540,27903,0616728b7286:1:cb0c5c70,1266491,000002322eaa39a7c2f0021ce630da8198986cb278ac6d93f43fb53db674e647,516.0,28938.234,20,
d08dd9e0-206d-4854-9324-7ae8439ea788,2c107649-c25a-4c02-ae2e-494de57ae60b,426fdd7a-37cb-40d9-b4fc-e698563caa9d,800,workload-20260609T133920373955Z,78,4,2,2026-06-09T13:59:38.200289Z,2026-06-09T13:59:38.608292Z,2026-06-09T13:59:59.141710Z,202,completed,1603,19932,846f4f1cc24e:1:64c281f5,1070129,00000edf364366db2761eb4fbb59f056cbfc84c0ca4b99deb93c20019e82bd08,406.0,20941.421,14,
80aababb-db1f-4247-bcd3-e830eb6ae585,3d9679ae-82f7-481d-8aea-45460432e3f9,426fdd7a-37cb-40d9-b4fc-e698563caa9d,800,workload-20260609T133920373955Z,79,4,2,2026-06-09T13:59:38.201290Z,2026-06-09T13:59:38.623290Z,2026-06-09T14:00:01.350484Z,202,completed,49,20534,846f4f1cc24e:1:c800a3a5,29769,000009ed9a92deb9630a555e8d2c5d709057f40541323bef688d7ae1b7391c29,421.0,23149.194,13,
fa861c31-8f78-41e5-bef4-63f2c20f3e51,a436d6ac-c9d7-48c9-90fc-b2069b81ef25,426fdd7a-37cb-40d9-b4fc-e698563caa9d,800,workload-20260609T133920373955Z,80,4,2,2026-06-09T13:59:38.202289Z,2026-06-09T13:59:38.593289Z,2026-06-09T14:00:01.819483Z,202,completed,1813,22205,f112958ae7d8:1:df81b7ac,1177692,00000dffa019f600a413f384e75160d3bc238ea8a9772fcee345614f44da22d1,390.0,23617.194,15,
5725acee-bc0e-438a-951a-d7ce89e21611,a28e1017-f319-4bf6-af68-cc809ff06c7a,426fdd7a-37cb-40d9-b4fc-e698563caa9d,800,workload-20260609T133920373955Z,81,4,2,2026-06-09T13:59:38.203289Z,2026-06-09T13:59:38.662289Z,2026-06-09T14:00:00.334709Z,202,completed,790,21680,846f4f1cc24e:1:9e700c65,478070,0000075606fd618bd5aa98d0717fec3b0c65568b11db1a4deba9e98209116603,453.0,22131.42,13,
bebff23b-2d3d-4bbe-b35d-b6beb39ccaac,12a71ff8-5d12-4ad7-8929-0018248e7e7a,426fdd7a-37cb-40d9-b4fc-e698563caa9d,800,workload-20260609T133920373955Z,82,4,2,2026-06-09T13:59:38.205289Z,2026-06-09T13:59:38.556289Z,2026-06-09T14:00:00.962487Z,202,completed,2038,22337,846f4f1cc24e:1:02e2d9cd,1630782,000000e0cee48dfa4a7e260141cd7d9dfccc505a6039a4db149ed69c7b6e1a0d,343.0,22757.198,15,
398d2b0c-cc75-4951-bb8d-853ba3fd6788,ea53e842-38fd-45ca-bd11-77a9e845c218,426fdd7a-37cb-40d9-b4fc-e698563caa9d,800,workload-20260609T133920373955Z,83,4,2,2026-06-09T13:59:38.206290Z,2026-06-09T13:59:38.634290Z,2026-06-09T13:59:56.836801Z,202,completed,58,18126,846f4f1cc24e:1:483e2a2f,36671,00000d7a6212b408bc7d96e364592d25db86edc66f03bc0d0b7ad6e5efc97e80,421.0,18630.511,10,
382af16e-35b9-4364-aa34-b5337073b25d,1b54d647-2cfd-4747-80f4-372251387406,426fdd7a-37cb-40d9-b4fc-e698563caa9d,800,workload-20260609T133920373955Z,84,4,2,2026-06-09T13:59:38.207292Z,2026-06-09T13:59:38.613291Z,2026-06-09T14:00:03.135621Z,202,completed,4950,23605,9d8c9f4c40ba:1:af23aa62,2071985,000005b168179e9491538f763750413a8d0b493b4b1c60e542763501172bef05,406.0,24928.329,17,
7f230268-b9b7-4705-a593-5dbb892a5ed0,c566f5ac-0c27-4420-b350-7bdc94998228,426fdd7a-37cb-40d9-b4fc-e698563caa9d,800,workload-20260609T133920373955Z,85,4,2,2026-06-09T13:59:38.208292Z,2026-06-09T13:59:38.639290Z,2026-06-09T14:00:04.738396Z,202,completed,1476,25234,9d8c9f4c40ba:1:5ec54f7a,499158,00000b3f6ec9e37e5eb28733aac81b6b19be3b7b239786ae294f6214bf95a9bd,437.0,26530.104,15,
5cc9794d-797f-40f4-98fa-aa8beaafebe2,27b656dc-538a-487b-9ea3-1671edfd594d,426fdd7a-37cb-40d9-b4fc-e698563caa9d,800,workload-20260609T133920373955Z,86,4,2,2026-06-09T13:59:38.210288Z,2026-06-09T13:59:38.713293Z,2026-06-09T14:00:03.688624Z,202,completed,3806,24793,0616728b7286:1:348ccad6,1448562,000006373871373e84e173c1a39b236f7924e5b3e8e93903703d48d2472251ed,500.0,25478.336,17,
520e6ead-90e3-4bda-aff6-9faac16059ab,ed0836bb-5e4b-4454-87d8-1bac01042f2f,426fdd7a-37cb-40d9-b4fc-e698563caa9d,800,workload-20260609T133920373955Z,87,4,2,2026-06-09T13:59:38.211289Z,2026-06-09T13:59:38.668291Z,2026-06-09T14:00:00.281709Z,202,completed,2883,21548,f112958ae7d8:1:7efd19bd,1857487,000006c673775384dba7a16fed068b2dd5997951b5d4969e1f687d196a6a97d4,468.0,22070.42,14,
c3b8c1d2-a992-4f41-b0bc-b001127ac103,5a1c413f-3597-4cd8-9beb-960aaa1b2221,426fdd7a-37cb-40d9-b4fc-e698563caa9d,800,workload-20260609T133920373955Z,88,4,2,2026-06-09T13:59:38.212291Z,2026-06-09T13:59:38.689290Z,2026-06-09T14:00:11.509146Z,202,completed,7082,32600,9d8c9f4c40ba:1:2ee59953,2445278,000004e60614ac91b451db9226693a2c4a2858e8772207f3d22f25c0a3cabede,484.0,33296.855,24,
1ec80896-75dd-4a96-8482-1e763a2cd82e,3b224a32-877b-4b10-9ab6-861b3531a0ef,426fdd7a-37cb-40d9-b4fc-e698563caa9d,800,workload-20260609T133920373955Z,89,4,2,2026-06-09T13:59:38.213289Z,2026-06-09T13:59:38.843290Z,2026-06-09T14:00:03.178622Z,202,completed,963,24489,846f4f1cc24e:1:498b223f,593010,000006861f128b18c4e701ad48096a6a50c7e661acd24b560481ad03c3155dca,640.0,24965.333,17,
c6f3494f-267b-40fd-94ba-6b286f1c893b,8809c0a0-a733-4b0a-a1d1-07964f196bf0,426fdd7a-37cb-40d9-b4fc-e698563caa9d,800,workload-20260609T133920373955Z,90,4,2,2026-06-09T13:59:38.215289Z,2026-06-09T13:59:38.769290Z,2026-06-09T14:00:09.284732Z,202,completed,1458,30586,f112958ae7d8:1:19ae15f4,1141702,00000d3772a19cf29e998e3da6d986a361ac9b1d88e6242f2fb365d75326ab4c,547.0,31069.443,23,
c77938f2-92cf-4592-8d24-c60a352faf96,45bef913-aaad-4762-9731-325b4d27c691,426fdd7a-37cb-40d9-b4fc-e698563caa9d,800,workload-20260609T133920373955Z,91,4,2,2026-06-09T13:59:38.216289Z,2026-06-09T13:59:38.732290Z,2026-06-09T14:00:01.864486Z,202,completed,1837,23157,0616728b7286:1:dabb4b08,547107,000005701062a05f4e342d1b77de8f12cdfb8f6492f6a21d06a721d0f1d09da1,516.0,23648.197,15,
4a4ce0e1-2d04-4aad-abfb-a1cbfc8ed3c7,0e5c31e5-3ef0-4be2-9af4-ea42d875e96f,426fdd7a-37cb-40d9-b4fc-e698563caa9d,800,workload-20260609T133920373955Z,92,4,2,2026-06-09T13:59:38.217290Z,2026-06-09T13:59:38.781289Z,2026-06-09T14:00:01.423487Z,202,completed,773,22747,846f4f1cc24e:1:dfb9a703,604541,00000f6f185fd0f74d1937489c00a69356be297d56309c018a67d2cf6336fea7,563.0,23206.197,15,
4de49aaa-5286-48e9-8b81-4a8f413a9c35,e9b4c7b7-64d5-43d2-83d7-df7ff7beac8f,426fdd7a-37cb-40d9-b4fc-e698563caa9d,800,workload-20260609T133920373955Z,93,4,2,2026-06-09T13:59:38.218291Z,2026-06-09T13:59:38.604290Z,2026-06-09T13:59:58.870710Z,202,completed,1939,19952,0616728b7286:1:c098ef21,604270,00000835dd24fd2684dbb55bb4e6490b47302d7d3e1076ce83d074e1014ce4fd,375.0,20652.419,12,
4c734475-5948-4fcd-8627-d8f0e34ad2c6,0fd94af0-bd8c-4de1-af4e-c9774e81ae24,426fdd7a-37cb-40d9-b4fc-e698563caa9d,800,workload-20260609T133920373955Z,94,4,2,2026-06-09T13:59:38.219289Z,2026-06-09T13:59:38.756289Z,2026-06-09T14:00:06.109456Z,202,completed,721,26525,f112958ae7d8:1:40d1dceb,421461,00000287d69fd3132a2c4f28f347a1f32544797c2b40c79451a0f3b0212fab56,531.0,27890.167,19,
4a06fecc-ba48-4c62-8047-bae42edcfb26,2baf6181-bc71-46e0-b544-fdb985f5cfb7,426fdd7a-37cb-40d9-b4fc-e698563caa9d,800,workload-20260609T133920373955Z,95,4,2,2026-06-09T13:59:38.221290Z,2026-06-09T13:59:38.684290Z,2026-06-09T14:00:07.336361Z,202,completed,3204,28588,f112958ae7d8:1:47bd1d2b,2394780,00000fcf671f1b78019b02a7b2f2f732807578e0c8817eeb47d8f3fc8c4923e7,469.0,29115.071,19,
f71ca290-d288-4835-a0e8-aa54b8f2a42d,a662e58d-b36e-41f6-8749-fb05fd548cfa,426fdd7a-37cb-40d9-b4fc-e698563caa9d,800,workload-20260609T133920373955Z,96,4,2,2026-06-09T13:59:38.222289Z,2026-06-09T13:59:38.829290Z,2026-06-09T14:00:02.419487Z,202,completed,204,22811,846f4f1cc24e:1:26f43d1c,174033,00000758e4d5bf5329418c1846e6a2c83f2fbc9781efdd59db916d5e4fd1efa7,610.0,24197.198,14,
263b3c1f-8dba-4702-933b-3df9b9a00c1a,0389eead-7980-4274-9b71-4d8c6d8839be,426fdd7a-37cb-40d9-b4fc-e698563caa9d,800,workload-20260609T133920373955Z,97,4,2,2026-06-09T13:59:38.223289Z,2026-06-09T13:59:38.738289Z,2026-06-09T14:00:01.361484Z,202,completed,460,22269,f112958ae7d8:1:3f42b85b,318638,00000c18735ad41fa4c9ea13ab819ad409c0644cb9f065e2522a5cc5cb911413,516.0,23138.195,15,
466f68f0-95b2-4e8f-b859-5764d0aab9f2,e0f05a35-62b3-4d86-86a7-a524cd0e8163,426fdd7a-37cb-40d9-b4fc-e698563caa9d,800,workload-20260609T133920373955Z,98,4,2,2026-06-09T13:59:38.224291Z,2026-06-09T13:59:38.822289Z,2026-06-09T14:00:03.065280Z,202,completed,981,23512,f112958ae7d8:1:881c5f48,942133,00000b4e3aaea7b7917b342d03258f026878e797dfe5d3dfa9bb0789f2ccca2c,594.0,24840.989,15,
9007676b-fd06-491a-bd9d-0c629ba7d569,585aee21-35d3-4845-8bb9-eef886039608,426fdd7a-37cb-40d9-b4fc-e698563caa9d,800,workload-20260609T133920373955Z,99,4,2,2026-06-09T13:59:38.225289Z,2026-06-09T13:59:38.836290Z,2026-06-09T14:00:02.864486Z,202,completed,596,24137,0616728b7286:1:b0b012fd,180965,000006e8cccbe39450b7dc42a09737e989787cd18b2cf9131d75e7dd2bfc1ba7,610.0,24639.197,16,
8207db5a-ec09-42db-96b0-2b23b47ee2f9,dbe3e029-a431-428e-83cb-e977967b9864,426fdd7a-37cb-40d9-b4fc-e698563caa9d,800,workload-20260609T133920373955Z,100,4,2,2026-06-09T13:59:38.227289Z,2026-06-09T13:59:38.750289Z,2026-06-09T13:59:59.830708Z,202,completed,356,20590,0616728b7286:1:0524477f,110164,00000f23f66d6917e957da7b3a7b10a5f782212a8a27752aaae8ee816c9bc99f,531.0,21603.419,14,
bb293f98-b509-437c-bcb0-5f8b6fbaab27,78b0e481-c001-4af6-9254-3a526595de58,426fdd7a-37cb-40d9-b4fc-e698563caa9d,800,workload-20260609T133920373955Z,101,4,2,2026-06-09T13:59:38.228290Z,2026-06-09T13:59:38.719292Z,2026-06-09T14:00:02.300483Z,202,completed,1889,22783,9d8c9f4c40ba:1:25e90616,618891,000000aca49eb9b916ecd19c6e0d405a98e57cb6c0187b3fe99d29a730c1db9e,500.0,24072.193,16,
7bd61235-0286-4f2a-b86a-e5a4f1a1e681,c6ef72e2-6d85-4315-ba83-d333799846fb,426fdd7a-37cb-40d9-b4fc-e698563caa9d,800,workload-20260609T133920373955Z,102,4,2,2026-06-09T13:59:38.242290Z,2026-06-09T13:59:38.802289Z,2026-06-09T14:00:13.213903Z,202,completed,4151,33857,f112958ae7d8:1:1ca0ea0d,3534653,00000589665f110ec5b650e2f0d4f842c12560a63f7f60d668275d2d9d8cc106,562.0,34971.613,25,
236bb6be-d099-413f-85fe-b46eaab5f470,d8a6664b-42ed-402e-a8db-f6a3e2d3438f,426fdd7a-37cb-40d9-b4fc-e698563caa9d,800,workload-20260609T133920373955Z,103,4,2,2026-06-09T13:59:38.244289Z,2026-06-09T13:59:38.744289Z,2026-06-09T14:00:08.694728Z,202,completed,1944,30048,0616728b7286:1:73c9d5d4,610993,00000bae3295840b472d16449f58c4037c3375edc72233d8f70fdaf7bf6d4dee,500.0,30450.439,20,
4b0b0284-9bf8-4b77-a82e-cebaaefe5947,96d4ae99-8c9b-4177-976f-d515b7cba9eb,426fdd7a-37cb-40d9-b4fc-e698563caa9d,800,workload-20260609T133920373955Z,104,4,2,2026-06-09T13:59:38.245290Z,2026-06-09T13:59:38.678291Z,2026-06-09T14:00:07.879691Z,202,completed,1354,28662,f112958ae7d8:1:5d051a6e,822801,00000ecead58220139ffaba8a0fc415a009f271a19dc3bf31e4b18bcd4e08b9d,437.0,29634.401,20,
314bafff-9661-4499-a324-482b65a7dd89,95b29251-3c92-431c-9ec9-04ea1037734e,426fdd7a-37cb-40d9-b4fc-e698563caa9d,800,workload-20260609T133920373955Z,105,4,2,2026-06-09T13:59:38.246290Z,2026-06-09T13:59:38.796290Z,2026-06-09T14:00:10.852151Z,202,completed,2443,31683,846f4f1cc24e:1:8626a47e,1582695,000004339226046cf821a44baaca61221292aa14a5b96b9b96e1c7cc4c4e3d7a,547.0,32605.861,23,
555baa01-8d5a-4eb6-9322-df2537f2a6ab,0287e7e1-0679-479a-a5ed-e87f9db5da2f,426fdd7a-37cb-40d9-b4fc-e698563caa9d,800,workload-20260609T133920373955Z,106,4,2,2026-06-09T13:59:38.247289Z,2026-06-09T13:59:38.701292Z,2026-06-09T14:00:08.714733Z,202,completed,313,28532,846f4f1cc24e:1:d3a1736e,194801,00000dcc9e385eacb31fbbb192f411cb91a1568526931182122cdcf6168b97b7,454.0,30467.444,17,
8aff84d4-c038-43c3-a16c-b5a956440681,b3ec92d6-3147-4adf-ac48-b79f43be4e33,426fdd7a-37cb-40d9-b4fc-e698563caa9d,800,workload-20260609T133920373955Z,107,4,2,2026-06-09T13:59:38.249289Z,2026-06-09T13:59:38.872290Z,2026-06-09T14:00:05.500430Z,202,completed,1464,26179,846f4f1cc24e:1:fefa1fb3,938722,00000d0379ef8b3c8eb29ddb154db0b5c6a545d206078b80f5ee6ea957c7a493,625.0,27251.141,19,
4fa26d91-2c01-45d8-bcf9-cfc36b056750,c57591a5-bc47-4a5d-b91b-30458ccd9c17,426fdd7a-37cb-40d9-b4fc-e698563caa9d,800,workload-20260609T133920373955Z,108,4,2,2026-06-09T13:59:38.250288Z,2026-06-09T13:59:38.892291Z,2026-06-09T14:00:09.037732Z,202,completed,5392,30452,0616728b7286:1:9c7ef185,1867450,00000bceb0c2aae76c9e8011948750d00dd6bae0eddd0c3b87d511168dfb672d,641.0,30787.444,22,
03764e7f-3481-4e00-a04e-adac1b862077,eb978481-32b9-4b35-a6fb-ab2989161725,426fdd7a-37cb-40d9-b4fc-e698563caa9d,800,workload-20260609T133920373955Z,109,4,2,2026-06-09T13:59:38.251290Z,2026-06-09T13:59:38.899290Z,2026-06-09T14:00:05.937448Z,202,completed,40,26693,846f4f1cc24e:1:e5097f62,45185,000001e90546f497fdb947a137775b995a80f5c2b6615671a45ba96afa8d711e,641.0,27686.158,18,
5db28308-8f22-4b0c-8a92-f74d897185d1,bf1881fb-52ad-46c4-ad51-42f1e8f7a406,426fdd7a-37cb-40d9-b4fc-e698563caa9d,800,workload-20260609T133920373955Z,110,4,2,2026-06-09T13:59:38.253289Z,2026-06-09T13:59:38.923292Z,2026-06-09T14:00:05.847440Z,202,completed,17,26924,f112958ae7d8:1:b2e56397,10897,000004ca8b7708f5f7be9c2e391fd9e08c73905edeced12a67d86c1d3280d204,672.0,27594.151,17,
80453b70-1e45-4bf6-a929-f43ab914fbdf,a5c65ee5-a6ec-4bdb-bd64-6bd401533fcc,426fdd7a-37cb-40d9-b4fc-e698563caa9d,800,workload-20260609T133920373955Z,111,4,2,2026-06-09T13:59:38.254292Z,2026-06-09T13:59:38.815291Z,2026-06-09T14:00:09.545934Z,202,completed,479,30828,0616728b7286:1:8dec565f,262776,0000004b2860b3761aff58832e82ee46b3f203c3f9f0bbca34f10a423094756a,563.0,31291.642,22,
4ee9a128-4d34-4476-8ce5-c840410e63a6,314f2c44-3af9-4919-9fe4-a71e4af8b84f,426fdd7a-37cb-40d9-b4fc-e698563caa9d,800,workload-20260609T133920373955Z,112,4,2,2026-06-09T13:59:38.255291Z,2026-06-09T13:59:38.884289Z,2026-06-09T14:00:04.797397Z,202,completed,420,25169,f112958ae7d8:1:d1ce636f,250463,00000d1ebb96c960a70b0887a8220b2b5b9708a57875d71586434d7d558df35d,625.0,26542.106,18,
0ae429ac-dc53-4110-821e-0d34591f3ab6,87b96e80-8546-4ba5-9704-105009698f16,426fdd7a-37cb-40d9-b4fc-e698563caa9d,800,workload-20260609T133920373955Z,113,4,2,2026-06-09T13:59:38.257289Z,2026-06-09T13:59:38.907290Z,2026-06-09T14:00:07.453963Z,202,completed,934,27840,846f4f1cc24e:1:98c72fbe,584148,000004ec6a1fed295c5037d0fbee5782d5ad0ea46031a4b4b7422b5c78a827eb,657.0,29196.674,17,
658ca66d-77ef-4c90-964c-75f002d71c59,1c9243be-e31b-4d44-8308-acddd97107b5,426fdd7a-37cb-40d9-b4fc-e698563caa9d,800,workload-20260609T133920373955Z,114,4,2,2026-06-09T13:59:38.258291Z,2026-06-09T13:59:38.850292Z,2026-06-09T14:00:11.401150Z,202,completed,1424,32216,f112958ae7d8:1:b74ac329,836692,000007ac1bc7944f9cb144251c8fac84ea27c74ded14c64313ceeca4c12a26b5,594.0,33142.859,23,
c7889e75-6e54-4410-b177-a5ff47279619,65a0fdfe-36d5-4529-a614-c526e878e39c,426fdd7a-37cb-40d9-b4fc-e698563caa9d,800,workload-20260609T133920373955Z,115,4,2,2026-06-09T13:59:38.259289Z,2026-06-09T13:59:38.857289Z,2026-06-09T14:00:04.878395Z,202,completed,1293,25614,f112958ae7d8:1:df88b0d1,1127602,000007e912fb87c075c807933b02ecba1ea5e9bd5100c6e21bec580224da7bd0,610.0,26619.106,18,
64a57c02-ccc2-40a0-bcc4-abf316df8507,769117f1-55d2-46a2-ba1b-bb4d3b786f2a,426fdd7a-37cb-40d9-b4fc-e698563caa9d,800,workload-20260609T133920373955Z,116,4,2,2026-06-09T13:59:38.261291Z,2026-06-09T13:59:38.914290Z,2026-06-09T14:00:07.994691Z,202,completed,2443,28948,846f4f1cc24e:1:caf22d34,2029017,00000ab8bde6a3d2097cb634c934e99156db2ac89b341e429cee21a90e5d5338,657.0,29733.4,20,
0259b7aa-dcd1-423c-8695-fe9177e85781,7092b4b9-feec-4a02-bc04-70fd28775c4e,426fdd7a-37cb-40d9-b4fc-e698563caa9d,800,workload-20260609T133920373955Z,117,4,2,2026-06-09T13:59:38.262288Z,2026-06-09T13:59:38.775290Z,2026-06-09T14:00:09.022732Z,202,completed,367,29409,f112958ae7d8:1:6b795640,276659,00000958f313bfe606bf22a8b9bbd1717c5d2b3032c743bcbf2f52e040e5fd25,500.0,30760.444,22,
820aa658-ef53-4cbd-814c-a3352aa5c47e,63c14496-2484-4c24-982c-6dd8083870e8,426fdd7a-37cb-40d9-b4fc-e698563caa9d,800,workload-20260609T133920373955Z,118,4,2,2026-06-09T13:59:38.263291Z,2026-06-09T13:59:38.808290Z,2026-06-09T14:00:10.271111Z,202,completed,573,31240,0616728b7286:1:b8687f2f,305175,000004d51a75aed914f8379c3ecde96745685591f9de0eeed63a6630460a6cd3,531.0,32007.82,22,
91535448-85ea-46d2-b5bd-a51564e18f82,8cdd229b-15ea-44ae-a26c-a8f9937e78fc,426fdd7a-37cb-40d9-b4fc-e698563caa9d,800,workload-20260609T133920373955Z,119,4,2,2026-06-09T13:59:38.264289Z,2026-06-09T13:59:38.762289Z,2026-06-09T14:00:10.776146Z,202,completed,2777,31628,846f4f1cc24e:1:08fb35f7,1842646,00000b64f14429173bb6341954b0648e5b0e2aa157329a194ad5e9a78a190b46,500.0,32511.857,22,
9192a907-d22a-4e40-b34a-34c54ae8f537,8c2fdd7e-f040-4fcd-b928-9705e7776742,426fdd7a-37cb-40d9-b4fc-e698563caa9d,800,workload-20260609T133920373955Z,120,4,2,2026-06-09T13:59:38.266288Z,2026-06-09T13:59:38.863290Z,2026-06-09T14:00:12.417836Z,202,completed,1881,32946,0616728b7286:1:f2304c43,1160189,0000082a017449b9006abd143216319405a5ba704febb0581b538708c0d93441,594.0,34151.548,24,
fb910824-4306-43b7-8aa3-62d6b63004bb,58a5729e-4bb2-4301-a425-b319d2186f7a,426fdd7a-37cb-40d9-b4fc-e698563caa9d,900,workload-20260609T133920373955Z,1,4,2,2026-06-09T14:01:13.672733Z,2026-06-09T14:01:13.926684Z,2026-06-09T14:01:19.940332Z,202,completed,2425,3032,9d8c9f4c40ba:1:ac5a153a,937570,000007f649bc1614fd1a16245a296fded4a92be3dd97224e58901b5d688babb2,250.0,6267.599,2,
72685f40-5146-4ad0-bb85-1cd0c2fdced9,0f491443-3eb9-4769-9200-47b4da785f1f,426fdd7a-37cb-40d9-b4fc-e698563caa9d,900,workload-20260609T133920373955Z,2,4,2,2026-06-09T14:01:13.673735Z,2026-06-09T14:01:13.971682Z,2026-06-09T14:01:25.014691Z,202,completed,3471,10125,0616728b7286:1:76eba84b,1112944,00000dfd893f2e1bc4f1b544088a067d2d35d433134ce86983d76004e83000b2,297.0,11340.956,7,
f05b93db-da97-4f45-809e-00f97502bfa6,a0d60107-2aa1-42c2-87ed-9b83e1006829,426fdd7a-37cb-40d9-b4fc-e698563caa9d,900,workload-20260609T133920373955Z,3,4,2,2026-06-09T14:01:13.675737Z,2026-06-09T14:01:13.903684Z,2026-06-09T14:01:16.058732Z,202,completed,54,418,0616728b7286:1:bbd8f4be,28021,00000b524591f6e81c00ef2e72613f48346f1e66671766b39b5bc3ef0bdf4e46,235.0,2382.995,1,
88f696a0-5c3a-41b8-978f-9ca3fc2f4dc2,522b0fc3-7695-4d0a-b17f-6ca0e50650a6,426fdd7a-37cb-40d9-b4fc-e698563caa9d,900,workload-20260609T133920373955Z,4,4,2,2026-06-09T14:01:13.677737Z,2026-06-09T14:01:13.918684Z,2026-06-09T14:01:22.889451Z,202,completed,6300,6578,0616728b7286:1:e108a710,2217942,00000cb38371d1e76d59f9b61bbbba8ed766464153863cd00aca24ad841dbd21,250.0,9211.714,4,
13908b62-ca71-47b1-97c5-f55982fadeed,fa275e1c-5e73-445a-82d6-de49630f3a5f,426fdd7a-37cb-40d9-b4fc-e698563caa9d,900,workload-20260609T133920373955Z,5,4,2,2026-06-09T14:01:13.679737Z,2026-06-09T14:01:13.919684Z,2026-06-09T14:01:22.683451Z,202,completed,7669,8469,846f4f1cc24e:1:92333be8,5673204,00000a814d6b7e1371ae632a9676c3641f24aa7aa232339648a28b17c64020b0,250.0,9003.714,4,
577e05d5-51ed-4434-a681-ec0a359ed007,fbaad8c6-b3e4-49f8-864c-9b9424b0639b,426fdd7a-37cb-40d9-b4fc-e698563caa9d,900,workload-20260609T133920373955Z,6,4,2,2026-06-09T14:01:13.680737Z,2026-06-09T14:01:13.957683Z,2026-06-09T14:01:19.908334Z,202,completed,1955,2591,0616728b7286:1:254a6a21,646075,0000081a4f818085011aaebb6a22c28ddad060227e680a544b6b996f38d07e90,282.0,6227.597,1,
4712c04b-465c-4fe9-bea0-9a36e1cafb4b,685e58ca-64d8-4649-953d-8e65e195c26b,426fdd7a-37cb-40d9-b4fc-e698563caa9d,900,workload-20260609T133920373955Z,7,4,2,2026-06-09T14:01:13.681736Z,2026-06-09T14:01:13.967684Z,2026-06-09T14:01:23.275452Z,202,completed,1683,8414,846f4f1cc24e:1:d3fac51d,1090065,0000031b9f8fab286535b9cdc05ad9b85289556a2341be61b41b73e8f4ddc4b0,297.0,9593.716,4,
f1c0281c-c887-4ab8-95b1-27ebe4817d50,d7200d75-93d9-44f1-a5cc-dbbff10ab55e,426fdd7a-37cb-40d9-b4fc-e698563caa9d,900,workload-20260609T133920373955Z,8,4,2,2026-06-09T14:01:13.683737Z,2026-06-09T14:01:13.961683Z,2026-06-09T14:01:25.481691Z,202,completed,7525,10611,0616728b7286:1:f129abbc,2540134,0000071545583ecc588b3c9a2d9f2b6616c6d1ba86ccc678d68a370e2aee501c,266.0,11797.954,7,
a95013c1-378a-48a7-a263-fcf0fa67f670,70a06a7d-6d57-48e2-8f3b-a2220b8bae59,426fdd7a-37cb-40d9-b4fc-e698563caa9d,900,workload-20260609T133920373955Z,9,4,2,2026-06-09T14:01:13.684737Z,2026-06-09T14:01:13.974684Z,2026-06-09T14:01:19.779334Z,202,completed,1232,1814,9d8c9f4c40ba:1:787b5e78,431282,00000699a6f81c8aa3f510f96352f58b4ffeab220aa6acd24e9a535b1818460b,281.0,6094.597,1,
ec100812-4088-4fa4-9a78-81eceec35ea9,0b7629bc-ea15-4d2c-a105-9c0ca6a29967,426fdd7a-37cb-40d9-b4fc-e698563caa9d,900,workload-20260609T133920373955Z,10,4,2,2026-06-09T14:01:13.685737Z,2026-06-09T14:01:13.987685Z,2026-06-09T14:01:18.334417Z,202,completed,834,2521,846f4f1cc24e:1:64e1cb7a,501369,00000146e5d6e73c05197a19ee27e95be5553672ba6d2a8c6d79ff837a8e65b2,297.0,4648.68,2,
17ba472f-bc82-47c1-b3a3-ed1f74f39f11,642a3b57-8ce4-4273-b4d2-75ff24280612,426fdd7a-37cb-40d9-b4fc-e698563caa9d,900,workload-20260609T133920373955Z,11,4,2,2026-06-09T14:01:13.686736Z,2026-06-09T14:01:14.016686Z,2026-06-09T14:01:19.673332Z,202,completed,1523,3511,f112958ae7d8:1:d51fcea1,904874,00000d21850c45777882db060f514c5c7556f9730dbec5c0d8a7043be8e3fc2b,328.0,5986.596,1,
95fb02ed-ed9a-48db-98ad-a5e4c804de07,f1294583-d217-4e02-8dc1-2e1f28a37499,426fdd7a-37cb-40d9-b4fc-e698563caa9d,900,workload-20260609T133920373955Z,12,4,2,2026-06-09T14:01:13.687737Z,2026-06-09T14:01:13.976684Z,2026-06-09T14:01:19.646333Z,202,completed,888,1607,f112958ae7d8:1:524d9998,515994,00000b336ff13ffb06cc129913cf7cf15c838c623fab657007bdf8aa03b7aa0a,281.0,5958.596,1,
8af86a22-b785-441f-bc03-32b0c597f211,e07e9809-0990-475e-b24b-2a106093d092,426fdd7a-37cb-40d9-b4fc-e698563caa9d,900,workload-20260609T133920373955Z,13,4,2,2026-06-09T14:01:13.688739Z,2026-06-09T14:01:13.990685Z,2026-06-09T14:01:19.454494Z,202,completed,1976,4103,9d8c9f4c40ba:1:e11e232a,757666,000006f529ed75e8d842b54b7b59b3129357104a7fff3fe344bc8d33c62be327,297.0,5765.755,3,
1cda57df-9828-4018-be62-bf032f76c775,824f73f3-2ea6-471b-bd4e-2eb248db3d65,426fdd7a-37cb-40d9-b4fc-e698563caa9d,900,workload-20260609T133920373955Z,14,4,2,2026-06-09T14:01:13.690737Z,2026-06-09T14:01:13.964682Z,2026-06-09T14:01:23.585452Z,202,completed,67,7898,f112958ae7d8:1:b3a2981e,40994,000006c246e7e929cf518896d106cf094c9187e502ffe06b5fa0b6ace6d4af0e,266.0,9894.715,3,
ae055f6c-4cba-447f-9cc5-43db8f525c58,67614795-4a30-4e4d-a50b-3bb7333cd96b,426fdd7a-37cb-40d9-b4fc-e698563caa9d,900,workload-20260609T133920373955Z,15,4,2,2026-06-09T14:01:13.691737Z,2026-06-09T14:01:13.959683Z,2026-06-09T14:01:19.755334Z,202,completed,64,2939,846f4f1cc24e:1:c502c743,39884,0000073b6f3df707efb74443f2cc61f690f3679bc2d502cc2fd766e2585df598,266.0,6063.597,1,
ef5b0bde-558d-4f59-af70-a378d5bc1e0b,682e55f9-4e03-49b0-b082-29d5d7fede7a,426fdd7a-37cb-40d9-b4fc-e698563caa9d,900,workload-20260609T133920373955Z,16,4,2,2026-06-09T14:01:13.694734Z,2026-06-09T14:01:13.978685Z,2026-06-09T14:01:19.698334Z,202,completed,4023,4660,f112958ae7d8:1:ef9887e3,2755545,00000a62a3e38f36abd634583485f743aab60692150c038389066bd0272c9ba7,281.0,6003.6,2,
f9c8536a-4f5b-47b8-b22f-95da8ff09fbc,39a8b33e-f7fc-4877-b481-c0da9f90cc53,426fdd7a-37cb-40d9-b4fc-e698563caa9d,900,workload-20260609T133920373955Z,17,4,2,2026-06-09T14:01:13.695737Z,2026-06-09T14:01:13.969683Z,2026-06-09T14:01:16.023732Z,202,completed,694,1338,846f4f1cc24e:1:53861d0b,441504,000009c9cf139f53fa76ed69230679d87a2aa120c6afc5550e823fd561cb1b83,281.0,2327.995,1,
d74b6071-c7c3-49f0-9952-c5154abeb3e1,3a20d1c3-d70d-4ebb-8cdb-d22ab98e5470,426fdd7a-37cb-40d9-b4fc-e698563caa9d,900,workload-20260609T133920373955Z,18,4,2,2026-06-09T14:01:13.697738Z,2026-06-09T14:01:13.966682Z,2026-06-09T14:01:23.161453Z,202,completed,990,8315,f112958ae7d8:1:4ef2c468,877706,0000086dc6d7ab82e0a780ef89f5e96a4cf146c356fd203a42694d8406de1a95,281.0,9463.715,4,
67a687e0-1926-4877-8194-e95e5f4a7b16,a318269d-610e-40fc-850a-8ca2c57c222b,426fdd7a-37cb-40d9-b4fc-e698563caa9d,900,workload-20260609T133920373955Z,19,4,2,2026-06-09T14:01:13.698737Z,2026-06-09T14:01:13.962683Z,2026-06-09T14:01:25.179692Z,202,completed,2250,10393,f112958ae7d8:1:bdc75ee9,1616390,000000aee015e587b1efd3e88e4955c5d32c0546e7b4d55de7d4fc87af49bf33,266.0,11480.955,5,
fcf44d6a-18df-4978-9ce8-5eac00b1c44c,fe4e40e8-e153-41f6-a11b-7519aff142b5,426fdd7a-37cb-40d9-b4fc-e698563caa9d,900,workload-20260609T133920373955Z,20,4,2,2026-06-09T14:01:13.700737Z,2026-06-09T14:01:14.053684Z,2026-06-09T14:01:19.373175Z,202,completed,1447,5284,f112958ae7d8:1:9f3a4661,1000710,00000d8b0e773623344cbef6c79dcb9dceafe3bb8739725a0d0eb6d2155abc0f,343.0,5672.438,2,
421d358c-21b6-4b7a-9d02-7e08a05b3bff,da8b15ce-2b38-497b-ac3f-1398ef7b4d8a,426fdd7a-37cb-40d9-b4fc-e698563caa9d,900,workload-20260609T133920373955Z,21,4,2,2026-06-09T14:01:13.701738Z,2026-06-09T14:01:14.051682Z,2026-06-09T14:01:19.277418Z,202,completed,355,3577,846f4f1cc24e:1:2acb9898,222436,00000a46cd9dcd101c7d12418ab22ead82876e061883ce0abbc1c5fb9a5eda59,343.0,5575.68,2,
600aa73e-5642-4492-9189-e7ec4e0f248e,ae91871a-4ba2-4af7-b1c0-7790ac430a05,426fdd7a-37cb-40d9-b4fc-e698563caa9d,900,workload-20260609T133920373955Z,22,4,2,2026-06-09T14:01:13.704737Z,2026-06-09T14:01:14.010685Z,2026-06-09T14:01:37.729186Z,202,completed,1345,23030,0616728b7286:1:9d63a503,415925,00000244f582a5acb965c2d5129d29aca7c529fee29e95acaf05414a46467176,296.0,24024.449,16,
bf4b0e36-d2b8-42da-8f52-f3fd122e02c6,76f26314-e93c-4453-9e7f-6b7ba30916a1,426fdd7a-37cb-40d9-b4fc-e698563caa9d,900,workload-20260609T133920373955Z,23,4,2,2026-06-09T14:01:13.705737Z,2026-06-09T14:01:14.025686Z,2026-06-09T14:01:37.171191Z,202,completed,653,22718,846f4f1cc24e:1:9dbd5764,483062,000004e027df49a1ef922fcbfdc85dd9bbcfd24bfa9967c90c7ff6206f4cc863,312.0,23465.454,15,
a6086f1e-4b8f-44aa-902f-b4e8bb2a80a8,cce6c965-8753-4677-b54c-1ae3d7c4dbdf,426fdd7a-37cb-40d9-b4fc-e698563caa9d,900,workload-20260609T133920373955Z,24,4,2,2026-06-09T14:01:13.706735Z,2026-06-09T14:01:14.062823Z,2026-06-09T14:01:27.547801Z,202,completed,8151,12478,9d8c9f4c40ba:1:4b633a00,2667907,00000369b0f7eff705a188c71b24a1240ee7535e1dd1cd895456009da16f9a52,359.0,13841.066,6,
aeacf42b-4283-411e-b590-597bfef81981,a83f64d9-1fb3-45b6-807f-41ef135b69e2,426fdd7a-37cb-40d9-b4fc-e698563caa9d,900,workload-20260609T133920373955Z,25,4,2,2026-06-09T14:01:13.707738Z,2026-06-09T14:01:14.031686Z,2026-06-09T14:01:35.506575Z,202,completed,17366,20595,9d8c9f4c40ba:1:2537f2aa,6122701,00000420fe6b6fa6b0698aad3c9fc3d4f25de90e683c87524c19342fca2f4278,328.0,21798.837,13,
86e59b6f-5003-436b-89f0-a2a90050b80e,66e6c082-eb79-4a97-89e8-13dec61a4854,426fdd7a-37cb-40d9-b4fc-e698563caa9d,900,workload-20260609T133920373955Z,26,4,2,2026-06-09T14:01:13.708734Z,2026-06-09T14:01:14.068824Z,2026-06-09T14:01:24.185689Z,202,completed,1370,9975,f112958ae7d8:1:8a80f83e,805159,00000824dffd04cfdb22647bc6069b06ff5a4dee668fd65ba1a05758ec24a46b,359.0,10476.955,5,
9e09d562-0bd3-4580-bc25-6e41ca95250a,1c441286-b14a-4801-bbe1-f700b9dc87a9,426fdd7a-37cb-40d9-b4fc-e698563caa9d,900,workload-20260609T133920373955Z,27,4,2,2026-06-09T14:01:13.709736Z,2026-06-09T14:01:14.013688Z,2026-06-09T14:01:21.308335Z,202,completed,2237,6414,846f4f1cc24e:1:ee368180,1360938,000003ae64060ffc8587bc9867038f0ec6cd1fd0c45d1596db7c7657af5961c9,312.0,7598.599,4,
aef60633-a10e-433c-8c8f-6395b21f71bd,e9c67cde-adae-4f3b-aa2b-a2d946422628,426fdd7a-37cb-40d9-b4fc-e698563caa9d,900,workload-20260609T133920373955Z,28,4,2,2026-06-09T14:01:13.710737Z,2026-06-09T14:01:14.018685Z,2026-06-09T14:01:18.219418Z,202,completed,62,3977,846f4f1cc24e:1:4d32c2c6,39138,0000007bfadae8cf4a18048ffa1a3b3e74de7c8eb5eaeb5882905934adc5cf4c,312.0,4508.681,2,
08cc2d48-db89-4b37-afc5-edd95999e812,3020bb6b-e7b8-472d-9b00-7567eb3061b8,426fdd7a-37cb-40d9-b4fc-e698563caa9d,900,workload-20260609T133920373955Z,29,4,2,2026-06-09T14:01:13.712738Z,2026-06-09T14:01:14.020685Z,2026-06-09T14:01:24.412688Z,202,completed,1591,7495,f112958ae7d8:1:ab64e6a9,1080736,00000cc2e16f0c8505e7e2eb4fedce9e93ab2fadb2452093cb33bfea8df5f22f,312.0,10699.95,5,
21980f50-2b6e-4fd8-a742-e85a9fe75291,21ba611f-9e01-4a4e-9143-4cdabc03a079,426fdd7a-37cb-40d9-b4fc-e698563caa9d,900,workload-20260609T133920373955Z,30,4,2,2026-06-09T14:01:13.715736Z,2026-06-09T14:01:14.028686Z,2026-06-09T14:01:39.049904Z,202,completed,2120,24044,f112958ae7d8:1:3459825a,1722187,00000bcd9bbe09d896b2c6db42c4b0ec80ce38353ce1f6fd3305909f7ac837f2,313.0,25334.168,16,
2b4ec049-f370-4a87-9138-2b7052dc7343,4205d239-aa52-4d83-a408-a889122c658a,426fdd7a-37cb-40d9-b4fc-e698563caa9d,900,workload-20260609T133920373955Z,31,4,2,2026-06-09T14:01:13.717737Z,2026-06-09T14:01:14.101825Z,2026-06-09T14:01:29.759801Z,202,completed,4195,14871,f112958ae7d8:1:216a490a,2732638,000009e0c94431b0dd31e975ee7a4a443eac3f71e9824c9ba08dab778f901863,375.0,16042.064,10,
e81f8214-8bb3-4dd3-8032-3b57774d227b,8039d042-4ea6-4ec3-86e8-c58161d234bc,426fdd7a-37cb-40d9-b4fc-e698563caa9d,900,workload-20260609T133920373955Z,32,4,2,2026-06-09T14:01:13.718737Z,2026-06-09T14:01:14.048685Z,2026-06-09T14:01:43.722822Z,202,completed,413,28956,0616728b7286:1:4535bb0c,255489,0000038d38261702412e21c202c2fae57e218b6d41e627b7b01d15a5c6d02d26,328.0,30004.085,22,
ac86c6bf-42b7-466d-afdb-1703056fd942,993b0af8-0152-45d3-8206-d0b42d240688,426fdd7a-37cb-40d9-b4fc-e698563caa9d,900,workload-20260609T133920373955Z,33,4,2,2026-06-09T14:01:13.719737Z,2026-06-09T14:01:14.033686Z,2026-06-09T14:01:41.478259Z,202,completed,167,26520,846f4f1cc24e:1:568417ff,96358,00000ff5f13f33eebaff3d797be23f0ebef7171f4f3c4855bc12872867980053,313.0,27758.522,20,
f2661790-d25b-47a9-92fe-3bdac51385d8,b15a0847-a37f-4ed0-895d-cd54e687d5d1,426fdd7a-37cb-40d9-b4fc-e698563caa9d,900,workload-20260609T133920373955Z,34,4,2,2026-06-09T14:01:13.720737Z,2026-06-09T14:01:14.074823Z,2026-06-09T14:01:50.059319Z,202,completed,7208,35914,9d8c9f4c40ba:1:7f87d4d0,2857328,000004750f5f81682c5fdb21c8131a1506c8b16d494b91f419e02861c8ee40e9,360.0,36338.582,26,
8a90cfc9-2dd9-4e42-8c5b-3e9cfee93a5b,41b6423c-284c-4281-8116-e857a71d5374,426fdd7a-37cb-40d9-b4fc-e698563caa9d,900,workload-20260609T133920373955Z,35,4,2,2026-06-09T14:01:13.721737Z,2026-06-09T14:01:14.071823Z,2026-06-09T14:01:20.242333Z,202,completed,188,5666,f112958ae7d8:1:90819de3,105840,000001ef988edb73d9bbf7dd2312e59e4a08c2a08ecd63b24fb8a58c7e657669,344.0,6520.596,3,
fe4e1435-4f2a-4656-835f-6d154e01263f,28c65575-85a8-40b3-8bf5-21db43bbddcd,426fdd7a-37cb-40d9-b4fc-e698563caa9d,900,workload-20260609T133920373955Z,36,4,2,2026-06-09T14:01:13.723737Z,2026-06-09T14:01:14.059823Z,2026-06-09T14:01:27.412805Z,202,completed,1414,12330,0616728b7286:1:0f96f705,544216,00000936d88dd2c80e5738b00277bdaba0eaf3b41622af2307965dd7b55c6627,344.0,13689.068,5,
06200f16-ef12-4269-b1c3-6e4f0d99aafc,e8f4a826-d39c-4c3a-9dac-c9624a8ca63b,426fdd7a-37cb-40d9-b4fc-e698563caa9d,900,workload-20260609T133920373955Z,37,4,2,2026-06-09T14:01:13.724737Z,2026-06-09T14:01:14.056683Z,2026-06-09T14:01:22.312450Z,202,completed,2137,7085,f112958ae7d8:1:da2d3575,1536267,00000c35b0a7d90623f35a1cdebba4cfe3cbf49f99dedd185c01767dbc4ae6a1,328.0,8587.713,3,
60789746-6ef6-4933-bf0b-85456ee5d922,c7a8d0e7-adbe-48b3-a83e-0017b7243b59,426fdd7a-37cb-40d9-b4fc-e698563caa9d,900,workload-20260609T133920373955Z,38,4,2,2026-06-09T14:01:13.725737Z,2026-06-09T14:01:14.081824Z,2026-06-09T14:01:27.294805Z,202,completed,1957,12952,f112958ae7d8:1:af63776f,1136476,000000aa5378351097980a2f0550953f714d7e2344c7607105c9733f197855a9,360.0,13569.068,7,
47ef2cd1-c586-43d5-b650-2d011d2e850e,4d91aa21-0dd9-4618-bebc-decbfc5d6400,426fdd7a-37cb-40d9-b4fc-e698563caa9d,900,workload-20260609T133920373955Z,39,4,2,2026-06-09T14:01:13.726737Z,2026-06-09T14:01:14.127826Z,2026-06-09T14:01:33.676256Z,202,completed,6564,19010,846f4f1cc24e:1:2f29b2a8,4230469,000007228d6118891fc94ecb55cc661a9ef4bf3f5b959f931c57ce7f0269ba5b,406.0,19949.519,10,
8aec5265-bb25-4ee0-8ba9-24038cf2d1a8,61f0cfd9-ebf0-4242-bd3a-596d017764df,426fdd7a-37cb-40d9-b4fc-e698563caa9d,900,workload-20260609T133920373955Z,40,4,2,2026-06-09T14:01:13.727696Z,2026-06-09T14:01:14.024686Z,2026-06-09T14:01:43.856823Z,202,completed,1930,28836,846f4f1cc24e:1:659c9449,1302233,00000a2a0d316c47069523901c3709ed50e738ed1b22fe451a193743ba7666cd,297.0,30129.127,22,
4547b4d0-49e4-4921-89ad-e2f15646165f,4cf4cded-2d8f-4184-bd0d-02c4d5f63f34,426fdd7a-37cb-40d9-b4fc-e698563caa9d,900,workload-20260609T133920373955Z,41,4,2,2026-06-09T14:01:13.729686Z,2026-06-09T14:01:14.087825Z,2026-06-09T14:01:27.385805Z,202,completed,1404,12757,0616728b7286:1:0a9946ee,530016,0000022fbd901e738708db4056850ed2a6fbb6b4712fe8030d9e507ea91c55e9,360.0,13656.119,6,
e834c70c-bb9d-4fb4-a9e1-1015e42ed48f,4cf2e073-4cf3-4302-a0df-16b55da7103e,426fdd7a-37cb-40d9-b4fc-e698563caa9d,900,workload-20260609T133920373955Z,42,4,2,2026-06-09T14:01:13.730686Z,2026-06-09T14:01:14.160821Z,2026-06-09T14:01:43.794823Z,202,completed,5758,29353,f112958ae7d8:1:5414cdb8,3750577,000000c07593d5281f92aecfe7ac27227fa14c3d82eafaa8714e49a007133c9c,422.0,30064.137,20,
250044ee-1c47-408c-9489-285423652bd0,fdc42760-7fe9-4d0e-aee9-726cf8035b15,426fdd7a-37cb-40d9-b4fc-e698563caa9d,900,workload-20260609T133920373955Z,43,4,2,2026-06-09T14:01:13.731687Z,2026-06-09T14:01:14.096822Z,2026-06-09T14:01:43.528824Z,202,completed,281,29368,846f4f1cc24e:1:35930e8b,321783,00000a8230080acb44251df585a438abf42a07814b112cc26aacc8ce9799de91,359.0,29797.137,22,
15ab3cba-73f5-4950-a160-5ffe1b482958,6fb335b9-e67e-444a-87b3-7e39cd608bc8,426fdd7a-37cb-40d9-b4fc-e698563caa9d,900,workload-20260609T133920373955Z,44,4,2,2026-06-09T14:01:13.738683Z,2026-06-09T14:01:14.119825Z,2026-06-09T14:01:37.970188Z,202,completed,714,23655,846f4f1cc24e:1:b6ed0c69,400616,00000695407d6690f4e86b0d5e18af119f683d006156a47139ea0c2df68195f5,375.0,24231.505,15,
4aa7856e-67ee-43e0-b6d8-9c919add96a4,e731c733-02d3-45a7-8ee3-fa54b830a788,426fdd7a-37cb-40d9-b4fc-e698563caa9d,900,workload-20260609T133920373955Z,45,4,2,2026-06-09T14:01:13.739684Z,2026-06-09T14:01:14.077824Z,2026-06-09T14:01:38.880186Z,202,completed,2068,24575,846f4f1cc24e:1:fbea889b,1535768,0000017eb4c8852d575ae6cb35b709271c20742befa78ee538d1f7c1dfc74aa8,344.0,25140.502,17,
2bc3867a-a81d-4257-b758-b94964908f93,1175e76f-b4dd-48cb-9490-c1877c8eadf6,426fdd7a-37cb-40d9-b4fc-e698563caa9d,900,workload-20260609T133920373955Z,46,4,2,2026-06-09T14:01:13.741684Z,2026-06-09T14:01:14.215818Z,2026-06-09T14:01:32.657255Z,202,completed,3626,17536,0616728b7286:1:984827ed,1183715,000008114cd6d872d1bc1075d781a61d41e8110fe2218846395c3f468c0c3b27,484.0,18915.571,12,
cd4fd2d0-81bc-4d47-9f32-e87bb66cbc49,1d223b4f-f681-4d0c-b400-b89da080ec97,426fdd7a-37cb-40d9-b4fc-e698563caa9d,900,workload-20260609T133920373955Z,47,4,2,2026-06-09T14:01:13.742684Z,2026-06-09T14:01:14.175843Z,2026-06-09T14:01:26.176890Z,202,completed,235,11159,0616728b7286:1:85a5c62c,68066,000007eb19e4e653b82ecd3617816a5f82d886e0ba6ef89ccbc5ad06aa88d23d,437.0,12434.206,4,
0cdc1e47-d760-4932-b251-1d30f108d2ce,dee6f084-2831-469a-b058-398601bec783,426fdd7a-37cb-40d9-b4fc-e698563caa9d,900,workload-20260609T133920373955Z,48,4,2,2026-06-09T14:01:13.743685Z,2026-06-09T14:01:14.171844Z,2026-06-09T14:01:31.515122Z,202,completed,4083,17105,0616728b7286:1:9aafc8cf,1319891,0000023feb1512a520afac14d69cfd22bc1bfdffd0327feece767ff9aa8f6ab0,437.0,17771.437,10,
7096fd41-2db5-4216-85da-7ebec593b3b5,7ae364b6-2437-4681-aee4-c53f22dbbaea,426fdd7a-37cb-40d9-b4fc-e698563caa9d,900,workload-20260609T133920373955Z,49,4,2,2026-06-09T14:01:13.744684Z,2026-06-09T14:01:14.147825Z,2026-06-09T14:01:48.081305Z,202,completed,3647,33516,0616728b7286:1:63717d4a,1230735,0000054f8adfcbdc744d995f026631534dff3109cbffce8f813812b4fbcc4149,406.0,34336.621,23,
808bc6ff-2b19-457f-8104-847299775cf2,156b7d3b-c08e-47be-9e27-a81298c4f88f,426fdd7a-37cb-40d9-b4fc-e698563caa9d,900,workload-20260609T133920373955Z,50,4,2,2026-06-09T14:01:13.745684Z,2026-06-09T14:01:14.163821Z,2026-06-09T14:01:33.348253Z,202,completed,6172,18839,9d8c9f4c40ba:1:96e3b144,2004905,000005886aea6cd395bebf67b52d9a27494d5e0179217830b0b3d142836716b0,422.0,19602.569,12,
6198001d-3d54-4b09-bfb2-89e5b246bcdd,dadb710a-a5f1-40c2-b7a4-eac8b662f008,426fdd7a-37cb-40d9-b4fc-e698563caa9d,900,workload-20260609T133920373955Z,51,4,2,2026-06-09T14:01:13.746684Z,2026-06-09T14:01:14.115822Z,2026-06-09T14:01:37.847191Z,202,completed,491,23394,f112958ae7d8:1:6bdc273a,302392,000004dbb608932a29f8ba2dd82c8687a673e33b1eb5447d2958013564e82d19,360.0,24100.507,17,
d519cbdd-8a29-492c-91ad-006d783e586b,c3777a60-4b23-46c8-8082-af56ac1ddedb,426fdd7a-37cb-40d9-b4fc-e698563caa9d,900,workload-20260609T133920373955Z,52,4,2,2026-06-09T14:01:13.748684Z,2026-06-09T14:01:14.134823Z,2026-06-09T14:01:27.666803Z,202,completed,927,13425,0616728b7286:1:0249bf05,349561,00000e1fd10294a0936c961522d3f1bef7aa09b551b6621279019f9e86f106cd,375.0,13918.119,7,
47662a69-da97-4704-8d3a-7cb5f0acfb4a,f2ee9db4-5048-4560-80f2-d3dac00d3bb2,426fdd7a-37cb-40d9-b4fc-e698563caa9d,900,workload-20260609T133920373955Z,53,4,2,2026-06-09T14:01:13.749684Z,2026-06-09T14:01:14.112824Z,2026-06-09T14:01:39.229421Z,202,completed,1160,24080,9d8c9f4c40ba:1:dd939010,386871,00000380f0fa6983e4a18dcbca6e849e8c050fc30c0c6962342d78377758ca46,360.0,25479.737,15,
28b1e270-84fd-4b89-90ad-5f81a2e73270,b2245430-2691-4ad4-9e8f-4da54a1257ac,426fdd7a-37cb-40d9-b4fc-e698563caa9d,900,workload-20260609T133920373955Z,54,4,2,2026-06-09T14:01:13.750684Z,2026-06-09T14:01:14.099822Z,2026-06-09T14:01:45.949572Z,202,completed,2299,31816,f112958ae7d8:1:575db1b5,1678701,0000092797b52f79219e9b852123f6ae4d038f45748923cb6345a49ae7b4898d,344.0,32198.888,22,
d9036527-d3ad-4611-9736-8d007e28ea0f,6e759743-3d75-4cb1-b0e1-0841314aa193,426fdd7a-37cb-40d9-b4fc-e698563caa9d,900,workload-20260609T133920373955Z,55,4,2,2026-06-09T14:01:13.751683Z,2026-06-09T14:01:14.065826Z,2026-06-09T14:01:37.338189Z,202,completed,369,22731,f112958ae7d8:1:86b032e8,230161,00000b5361f6ac03788f23a9b8f9626e9f6924442f3ca25c2b45033451004794,313.0,23586.506,16,
17d276e7-10a7-4dcc-9b95-ed923243fe61,86bcabd4-7819-4f9e-94c1-ea249d445885,426fdd7a-37cb-40d9-b4fc-e698563caa9d,900,workload-20260609T133920373955Z,56,4,2,2026-06-09T14:01:13.752684Z,2026-06-09T14:01:14.242826Z,2026-06-09T14:01:31.844122Z,202,completed,1560,16684,f112958ae7d8:1:47ef3050,1023056,00000861c7f248d72c46649c78943508f89cb743b47e3856ab769cde2d5d5bf7,485.0,18091.438,10,
8313b9e7-da5d-4af7-a26e-fddefaa08b44,90369bfd-ddb1-46d4-bc92-4b116fae772d,426fdd7a-37cb-40d9-b4fc-e698563caa9d,900,workload-20260609T133920373955Z,57,4,2,2026-06-09T14:01:13.753684Z,2026-06-09T14:01:14.107826Z,2026-06-09T14:01:44.690824Z,202,completed,141,29925,846f4f1cc24e:1:1fe49483,150505,0000070c0e3a06bb224c4abf1a9d5596d99711654b364dc5ee6932d48a2e40a0,360.0,30937.14,20,
1ff66b85-3e44-4fb4-a6c5-5520bd549fec,36c99ccc-4132-4b4b-a110-4dd2c0bc1bc6,426fdd7a-37cb-40d9-b4fc-e698563caa9d,900,workload-20260609T133920373955Z,58,4,2,2026-06-09T14:01:13.760683Z,2026-06-09T14:01:14.140822Z,2026-06-09T14:01:45.362821Z,202,completed,523,30649,9d8c9f4c40ba:1:425dd4c1,181358,0000023f1b3489a41b1a7aa56548122c6df42109bf1e85e88575230090c4fb13,391.0,31602.138,22,
155faf5e-955a-4de7-9426-bc83a42cec06,5e1a164a-06c9-4a18-a8c8-b46eb0ccddf3,426fdd7a-37cb-40d9-b4fc-e698563caa9d,900,workload-20260609T133920373955Z,59,4,2,2026-06-09T14:01:13.762684Z,2026-06-09T14:01:14.104824Z,2026-06-09T14:01:44.958822Z,202,completed,106,29862,846f4f1cc24e:1:dca0eafa,102073,00000956338ad85f808e60a6a81ab16704e500a7940e840f14117ae88bba1900,328.0,31196.138,22,
eafed213-366a-4c3f-a129-029e15cfa839,d65ce594-9c24-4bad-a6af-263a1a3f1132,426fdd7a-37cb-40d9-b4fc-e698563caa9d,900,workload-20260609T133920373955Z,60,4,2,2026-06-09T14:01:13.763684Z,2026-06-09T14:01:14.233820Z,2026-06-09T14:01:31.635122Z,202,completed,959,17083,f112958ae7d8:1:96a9d07d,693332,00000dd59087c400c003126afa336c6133efb6ef3a29f83b22f1d419b71528c4,469.0,17871.438,11,
c279b8da-957f-4102-be65-46f1906acfc5,130644a8-faba-4392-89a8-b4b1f857218b,426fdd7a-37cb-40d9-b4fc-e698563caa9d,900,workload-20260609T133920373955Z,61,4,2,2026-06-09T14:01:13.764684Z,2026-06-09T14:01:14.130823Z,2026-06-09T14:01:25.901889Z,202,completed,502,10811,f112958ae7d8:1:abd4a197,433351,000006bc8610e7726c457e2e54eb50b02eafbf0f2166f8a837118a3e0e69cc3d,359.0,12137.205,6,
cb73317e-f1ea-4c7f-833f-74ca14e4ad33,53e39a9f-ca9a-441c-a654-b70aaa4c9520,426fdd7a-37cb-40d9-b4fc-e698563caa9d,900,workload-20260609T133920373955Z,62,4,2,2026-06-09T14:01:13.765684Z,2026-06-09T14:01:14.083825Z,2026-06-09T14:01:24.937691Z,202,completed,1149,9921,846f4f1cc24e:1:129b0434,760232,00000c1a2ecca59f2568e6761a722e6167ad461896f33bbbde0820bf9d5a3ed3,313.0,11172.007,5,
ad5322ac-b874-488e-a1ca-e3df4bad5f45,cac62850-6c46-4ab1-b1fe-bed7232e2412,426fdd7a-37cb-40d9-b4fc-e698563caa9d,900,workload-20260609T133920373955Z,63,4,2,2026-06-09T14:01:13.766684Z,2026-06-09T14:01:14.150825Z,2026-06-09T14:01:26.481890Z,202,completed,1652,12018,846f4f1cc24e:1:88b8bf6b,1041013,00000da9248d3dad42150eee4b0835efba28f6e4a166a93fd30260c55e8c6e28,375.0,12715.206,7,
5cb916a9-29eb-49ab-bf4e-3017770bb742,e1033adf-c2ac-4777-b267-bc2bb129b6cc,426fdd7a-37cb-40d9-b4fc-e698563caa9d,900,workload-20260609T133920373955Z,64,4,2,2026-06-09T14:01:13.768685Z,2026-06-09T14:01:14.179818Z,2026-06-09T14:01:29.867802Z,202,completed,2569,15770,f112958ae7d8:1:c5f6f995,1723886,00000172ddc908f93df51f023d323c8d6112a26061b7aae2dc8c79d86bc822cc,406.0,16099.117,10,
68e6681a-ffea-4883-8792-e69f32a1ce69,a4f340ef-d36b-4213-9d3a-feee28e65b36,426fdd7a-37cb-40d9-b4fc-e698563caa9d,900,workload-20260609T133920373955Z,65,4,2,2026-06-09T14:01:13.769684Z,2026-06-09T14:01:14.090825Z,2026-06-09T14:01:24.633689Z,202,completed,1268,10001,846f4f1cc24e:1:8615e4cb,887623,00000d174cad6c16dc592de82d6ae5c580c1dac8f9046d2a74e9dfae0ad52ed8,328.0,10864.005,3,
cc0a8d86-06e6-4064-b2de-0c31ee56f077,5ba75695-82c2-43b4-861b-451edad275c1,426fdd7a-37cb-40d9-b4fc-e698563caa9d,900,workload-20260609T133920373955Z,66,4,2,2026-06-09T14:01:13.770684Z,2026-06-09T14:01:14.228823Z,2026-06-09T14:01:42.794259Z,202,completed,4250,28531,0616728b7286:1:4592e507,1368927,0000061080ed6394e9feffbdcee947e4576d31f5da3572d915569dcf1480324d,453.0,29023.575,22,
f0d08fde-56f9-4c6e-8ba8-89eedfa3153a,d7d19248-d463-4abd-9a3d-4a530873ef68,426fdd7a-37cb-40d9-b4fc-e698563caa9d,900,workload-20260609T133920373955Z,67,4,2,2026-06-09T14:01:13.771684Z,2026-06-09T14:01:14.187822Z,2026-06-09T14:01:39.310422Z,202,completed,881,24999,846f4f1cc24e:1:ef1ad69a,626374,00000ef16e460282aa28d75d686ec370ad2e5b263b6dd02df8acc353d78c70e9,422.0,25538.738,16,
13bc1faf-b125-44aa-bb74-8130b38200fc,1eb9dd37-5567-4325-95ce-0b41f76b0e39,426fdd7a-37cb-40d9-b4fc-e698563caa9d,900,workload-20260609T133920373955Z,68,4,2,2026-06-09T14:01:13.773685Z,2026-06-09T14:01:14.280824Z,2026-06-09T14:01:34.495257Z,202,completed,374,19534,f112958ae7d8:1:b34a4443,208087,0000081546d5a10545334e230a48e01a14e5e919e8661b8ee92f2269fb1b77ba,516.0,20721.572,12,
97b97c81-e64e-48d6-a5fb-82a94f36093b,1b26ba8a-6680-4205-a5d3-da81dd6147d4,426fdd7a-37cb-40d9-b4fc-e698563caa9d,900,workload-20260609T133920373955Z,69,4,2,2026-06-09T14:01:13.774684Z,2026-06-09T14:01:14.122825Z,2026-06-09T14:01:40.157424Z,202,completed,2674,25896,0616728b7286:1:f6ecad0f,876801,00000c111ed8a7a1de7285b59e929b60e660ca37cacbe548eb6770ac347c25db,359.0,26382.74,18,
40c9d5a8-16d0-409f-815a-ea4a52fa4cdc,97c92862-fea9-4681-84e9-30d2d75d3693,426fdd7a-37cb-40d9-b4fc-e698563caa9d,900,workload-20260609T133920373955Z,70,4,2,2026-06-09T14:01:13.775684Z,2026-06-09T14:01:14.143824Z,2026-06-09T14:01:31.053813Z,202,completed,5457,15945,846f4f1cc24e:1:661239ce,3404531,000000daa377fb10dc4fb371ea341a02c023c630785cb65f1bccd3a6a6c03e10,375.0,17278.129,10,
1863a0ec-dc79-410f-9f95-e7b71f968d9b,2fbf4d82-2ec4-4c46-8c2c-a9cd694f9612,426fdd7a-37cb-40d9-b4fc-e698563caa9d,900,workload-20260609T133920373955Z,71,4,2,2026-06-09T14:01:13.776684Z,2026-06-09T14:01:14.156824Z,2026-06-09T14:01:24.833690Z,202,completed,8,10632,0616728b7286:1:a70f4ad3,6329,00000b8376eb711558feb0908c9716c6e85adb9d22ec880b07b3b89cc1204282,391.0,11057.006,2,
79aa9daa-4efc-4650-af93-a5d3bec5a66d,3cafef0a-c89b-44bc-9fc0-e648f9c9160b,426fdd7a-37cb-40d9-b4fc-e698563caa9d,900,workload-20260609T133920373955Z,72,4,2,2026-06-09T14:01:13.790683Z,2026-06-09T14:01:14.376824Z,2026-06-09T14:01:43.542825Z,202,completed,2630,28520,9d8c9f4c40ba:1:4261c99a,858018,00000069b5d0cffbf0cffc8068a5b929248f775f01dd2550c11f5d055ccd6376,593.0,29752.142,21,
c9d3714e-32d3-4892-9d49-6429c9e5cd46,ab3b2056-bb65-4d82-8ff1-79142df7768b,426fdd7a-37cb-40d9-b4fc-e698563caa9d,900,workload-20260609T133920373955Z,73,4,2,2026-06-09T14:01:13.792684Z,2026-06-09T14:01:14.263817Z,2026-06-09T14:01:38.460190Z,202,completed,5522,23731,0616728b7286:1:04bb45aa,2121071,000006e37bb32ac35d616e576106e701bf249c5f4e4846c757e2e94e22774e97,484.0,24667.506,16,
31455482-893e-4c00-8d31-3f7581eb39e7,5eab850c-b920-400c-ac53-ba9ac400e7b7,426fdd7a-37cb-40d9-b4fc-e698563caa9d,900,workload-20260609T133920373955Z,74,4,2,2026-06-09T14:01:13.793684Z,2026-06-09T14:01:14.325824Z,2026-06-09T14:01:50.417318Z,202,completed,5,35544,846f4f1cc24e:1:59915845,3300,00000bd14e05311e5e38c83b7cf69cf84a650935fee86d35962ac56d35c0ac18,532.0,36623.634,27,
8b271af3-509f-4482-b9f7-2c637cd5aa76,ee59fde3-a61b-454b-b8f6-40679802044a,426fdd7a-37cb-40d9-b4fc-e698563caa9d,900,workload-20260609T133920373955Z,75,4,2,2026-06-09T14:01:13.794684Z,2026-06-09T14:01:14.391818Z,2026-06-09T14:01:37.283191Z,202,completed,3529,22684,9d8c9f4c40ba:1:fff3c2ab,1284018,00000afb3e47e24162b6fd08f9ae1446139f7c5242d13ad0fde89bc43669c610,594.0,23488.507,16,
86dc9220-ede4-4b49-98eb-bd51e05e8a9e,774e07d9-f76c-4ba6-9c93-715de66bf7cf,426fdd7a-37cb-40d9-b4fc-e698563caa9d,900,workload-20260609T133920373955Z,76,4,2,2026-06-09T14:01:13.795684Z,2026-06-09T14:01:14.341699Z,2026-06-09T14:01:49.828309Z,202,completed,3249,34711,9d8c9f4c40ba:1:449f8b38,1115315,000002747bdc2e06e57726fcd9042e3b05cb7cb2eb657268933398c61b1f2a42,547.0,36032.625,28,
fe137e3b-760f-45fe-ab61-568d5294e3fc,6a3e5917-be01-4de3-b4f7-17596b2859fc,426fdd7a-37cb-40d9-b4fc-e698563caa9d,900,workload-20260609T133920373955Z,77,4,2,2026-06-09T14:01:13.797684Z,2026-06-09T14:01:14.191819Z,2026-06-09T14:01:49.110309Z,202,completed,4366,34727,846f4f1cc24e:1:c2808810,3003660,00000759c32d132c1de20160b70ef94407d43cb2eda50553164ca5cfc7dc842b,391.0,35312.625,26,
31f7d3db-183b-4f59-b0f5-22d3ffe6cf50,57a50e54-cb2f-4124-9bcd-474396c74374,426fdd7a-37cb-40d9-b4fc-e698563caa9d,900,workload-20260609T133920373955Z,78,4,2,2026-06-09T14:01:13.798685Z,2026-06-09T14:01:14.224818Z,2026-06-09T14:01:43.035256Z,202,completed,4084,28414,9d8c9f4c40ba:1:5bea33ed,1502433,00000dc973233cff95a2b09a9a688e593e129bb7eb00cd8073d8ff8a6b6084da,422.0,29236.571,21,
94aa0d09-049a-4b26-a9d7-6dc6b3772022,bdd9131d-c5f5-400b-9681-42b30eaa7bcb,426fdd7a-37cb-40d9-b4fc-e698563caa9d,900,workload-20260609T133920373955Z,79,4,2,2026-06-09T14:01:13.799684Z,2026-06-09T14:01:14.336820Z,2026-06-09T14:01:41.843256Z,202,completed,1455,26939,846f4f1cc24e:1:b4871afe,1133838,0000005fd2796bfeb9d38c36cbbdf8e8b21d4e6426b532e08de092fd85c436e2,532.0,28043.572,20,
25ede594-2e64-4919-ac47-d23e474d80ae,ad9cd4a1-7987-4aad-a7d7-c06ffa819e6f,426fdd7a-37cb-40d9-b4fc-e698563caa9d,900,workload-20260609T133920373955Z,80,4,2,2026-06-09T14:01:13.800684Z,2026-06-09T14:01:14.195823Z,2026-06-09T14:01:45.935575Z,202,completed,762,31160,846f4f1cc24e:1:355e1636,462224,00000548994826f28628bd59b36251ff1a7c66b6dfe3419b0cd2ebe7abb083b5,391.0,32134.891,23,
e10d1e9e-2a75-4ae5-a7b7-49f5cf596029,264626e6-3fd6-4445-9ce9-f988027be6a9,426fdd7a-37cb-40d9-b4fc-e698563caa9d,900,workload-20260609T133920373955Z,81,4,2,2026-06-09T14:01:13.801684Z,2026-06-09T14:01:14.510828Z,2026-06-09T14:01:46.936573Z,202,completed,2970,32597,0616728b7286:1:026ade4a,1029731,0000089c09ee4feaa5b90a4aefdce131099d3816382d07790a166a007d4b39d3,703.0,33134.889,25,
178bfbdd-2b74-40a2-b8a7-1f0e5fb20779,16986878-0031-4d11-8b7d-356d64b74ef7,426fdd7a-37cb-40d9-b4fc-e698563caa9d,900,workload-20260609T133920373955Z,82,4,2,2026-06-09T14:01:13.802684Z,2026-06-09T14:01:14.275824Z,2026-06-09T14:01:47.406572Z,202,completed,707,32201,f112958ae7d8:1:31bb231e,529342,000008406ce717555e12264417403df2d38009f02a8f4ba19f8f2131f2eab7bd,469.0,33603.888,23,
b617d4b5-1b47-483b-928f-4d7e4e91e6a0,928a00b2-4350-4beb-b985-113cb46b4584,426fdd7a-37cb-40d9-b4fc-e698563caa9d,900,workload-20260609T133920373955Z,83,4,2,2026-06-09T14:01:13.804684Z,2026-06-09T14:01:14.219818Z,2026-06-09T14:01:39.858423Z,202,completed,1144,25442,f112958ae7d8:1:1017b662,671515,0000008c43be9b0e9731e23710f90e8ca814deacc29ff8a1d2a04ea6e68838a6,422.0,26053.739,18,
66994db4-323f-4600-8571-7d5554afe902,f8d209e8-338b-4dfb-bd2d-d6d964c0983b,426fdd7a-37cb-40d9-b4fc-e698563caa9d,900,workload-20260609T133920373955Z,84,4,2,2026-06-09T14:01:13.805684Z,2026-06-09T14:01:14.364818Z,2026-06-09T14:01:48.926308Z,202,completed,2932,34299,846f4f1cc24e:1:1e172f96,1761392,000001810c2a9a342ac00fe4c94364e5eaba9db7d17d280154551cf548b5ddec,563.0,35120.624,25,
32aabdae-011f-480c-af06-83ad24dc6535,8e865576-ed8c-456b-b90f-8d192daa7cac,426fdd7a-37cb-40d9-b4fc-e698563caa9d,900,workload-20260609T133920373955Z,85,4,2,2026-06-09T14:01:13.806684Z,2026-06-09T14:01:14.247826Z,2026-06-09T14:01:39.722421Z,202,completed,43,25068,846f4f1cc24e:1:dc0eabb7,48257,00000fe20dd587decb5dbf35a88309f1575617b00fb182f27e608f94e83f66f1,453.0,25915.737,18,
8d4063ac-81d1-4f18-9cc6-ecfd70a93370,5f7174a0-08b6-49fb-ba7b-dad14eee7505,426fdd7a-37cb-40d9-b4fc-e698563caa9d,900,workload-20260609T133920373955Z,86,4,2,2026-06-09T14:01:13.807684Z,2026-06-09T14:01:14.285825Z,2026-06-09T14:01:35.446575Z,202,completed,3415,20901,0616728b7286:1:5e7f99d7,1337731,00000fcf9d76ba586f4978b4fc1b70c239e251504f6bf51f1b6d511efbe4dc83,485.0,21638.891,14,
5025c6e8-97c1-44e3-9728-d852aac19c87,3adb1245-1a2a-431a-998b-53f58e658bf5,426fdd7a-37cb-40d9-b4fc-e698563caa9d,900,workload-20260609T133920373955Z,87,4,2,2026-06-09T14:01:13.808684Z,2026-06-09T14:01:14.268824Z,2026-06-09T14:01:33.185256Z,202,completed,1857,18727,f112958ae7d8:1:b0607665,1272806,000000361292198ef6885457ee8a4a056650f03d7531bd1899a81edb6374217b,453.0,19376.572,12,
50529869-c651-4ab1-b525-ce1b59d68cba,a55e873b-1f19-490c-8424-096a1a5ef401,426fdd7a-37cb-40d9-b4fc-e698563caa9d,900,workload-20260609T133920373955Z,88,4,2,2026-06-09T14:01:13.810684Z,2026-06-09T14:01:14.309819Z,2026-06-09T14:01:32.261122Z,202,completed,98,17962,0616728b7286:1:d1fb663a,31603,00000819bac23dd872b40b9e855614d8a6d8f41cc6fe971bb186300ae952ef88,500.0,18450.438,10,
2ca432b5-982f-4347-9954-8cf7d29ed4c4,f7221310-6360-4c1c-99d9-ed81153c13cf,426fdd7a-37cb-40d9-b4fc-e698563caa9d,900,workload-20260609T133920373955Z,89,4,2,2026-06-09T14:01:13.811684Z,2026-06-09T14:01:14.237829Z,2026-06-09T14:01:41.277258Z,202,completed,657,26102,846f4f1cc24e:1:900b9179,460607,00000fffa1e7c43f94359ebe8cde8cc5da19069b783ee8669a89b1d6bf3f6fca,422.0,27465.574,19,
e6580aa2-2888-4535-b69d-3d3518c1107e,71f4829c-6386-4b6e-ab9c-619eb5a6a081,426fdd7a-37cb-40d9-b4fc-e698563caa9d,900,workload-20260609T133920373955Z,90,4,2,2026-06-09T14:01:13.812684Z,2026-06-09T14:01:14.304819Z,2026-06-09T14:01:33.118257Z,202,completed,1539,18791,f112958ae7d8:1:4aa0b298,975616,000006c79674d8b2b6509d1ba792714b6f2e1622615563baa3c28e938b36c728,484.0,19305.573,12,
b86a5a9a-9971-4f59-8f44-6d3b878c4f75,17910440-2154-4c4e-8a03-e9bf4e25b395,426fdd7a-37cb-40d9-b4fc-e698563caa9d,900,workload-20260609T133920373955Z,91,4,2,2026-06-09T14:01:13.813684Z,2026-06-09T14:01:14.205821Z,2026-06-09T14:01:45.860575Z,202,completed,148,31126,f112958ae7d8:1:e2017b80,88744,00000ec6afff900770d2dd2481b3f7f3c670b1f977ef6bc187867e848ad34dd4,391.0,32046.891,22,
94c36ab1-7438-4387-ada3-5f1fda472c97,326135e1-c1ec-4f90-ad69-2d05be449d6f,426fdd7a-37cb-40d9-b4fc-e698563caa9d,900,workload-20260609T133920373955Z,92,4,2,2026-06-09T14:01:13.814684Z,2026-06-09T14:01:14.183816Z,2026-06-09T14:01:33.066253Z,202,completed,2399,18603,846f4f1cc24e:1:f4bb82f3,1410252,000009f8607463fdb1a43570858c92bb1a1b68de925e0e11fc9755b60797e571,375.0,19251.569,11,
0be4d8aa-3372-4296-a15f-a476a15c5589,be9d8bb9-85b7-48ff-8dfb-158f70625b40,426fdd7a-37cb-40d9-b4fc-e698563caa9d,900,workload-20260609T133920373955Z,93,4,2,2026-06-09T14:01:13.816684Z,2026-06-09T14:01:14.299821Z,2026-06-09T14:01:34.573933Z,202,completed,1019,19954,846f4f1cc24e:1:990f9437,854359,000006e627afd48e73842260ac06e89c19499d97a2028c3873493bd56393cc89,484.0,20757.249,12,
a5ea8eca-caa4-4e30-ae23-79012049c01a,04099fa1-20a6-400f-9dfa-c62181cfe10a,426fdd7a-37cb-40d9-b4fc-e698563caa9d,900,workload-20260609T133920373955Z,94,4,2,2026-06-09T14:01:13.817684Z,2026-06-09T14:01:14.385821Z,2026-06-09T14:01:48.212308Z,202,completed,771,33346,f112958ae7d8:1:c803d4b1,476576,00000fe88eca340540c414b60020b6e83712588cc94ee3c28314d7e3d0260fa4,562.0,34394.624,24,
380cb638-9456-4d4c-af96-64dc59837db7,de93d937-96e8-4f82-8344-8201ae532da7,426fdd7a-37cb-40d9-b4fc-e698563caa9d,900,workload-20260609T133920373955Z,95,4,2,2026-06-09T14:01:13.818684Z,2026-06-09T14:01:14.419819Z,2026-06-09T14:01:48.815305Z,202,completed,735,33569,0616728b7286:1:3fd8defb,227562,000004bc3dac6955e17b1c9f741a9a59ff4a15ca5d96e3cc9d8bb79875eb9bbf,609.0,34996.621,24,
4dac9d5c-1ff6-4471-9e24-9fcd67cdee34,c9cbe873-37dc-49cb-8018-a1c5193fac3e,426fdd7a-37cb-40d9-b4fc-e698563caa9d,900,workload-20260609T133920373955Z,96,4,2,2026-06-09T14:01:13.819684Z,2026-06-09T14:01:14.200823Z,2026-06-09T14:01:46.511572Z,202,completed,443,31317,9d8c9f4c40ba:1:18fbaf56,137032,0000060390aef733151007dd0cb560017d584931d90cfe1836235a992c0c8186,391.0,32691.888,24,
d59d80a6-223a-4d79-bb6b-a9f5a7a2856e,d54e8d23-674c-4d9c-b7d7-7f8dc84c6266,426fdd7a-37cb-40d9-b4fc-e698563caa9d,900,workload-20260609T133920373955Z,97,4,2,2026-06-09T14:01:13.820684Z,2026-06-09T14:01:14.358819Z,2026-06-09T14:01:45.830575Z,202,completed,5013,30756,f112958ae7d8:1:ad67e81a,3120073,00000900c2342b817123afb78baae90d85e89facb4ff1054098f03d3f92c6327,547.0,32009.891,22,
bd7ab889-cca9-431c-a670-f5bb39e248c3,a59552a8-922d-4e89-8d26-60a6e3d2cdb0,426fdd7a-37cb-40d9-b4fc-e698563caa9d,900,workload-20260609T133920373955Z,98,4,2,2026-06-09T14:01:13.822683Z,2026-06-09T14:01:14.347837Z,2026-06-09T14:01:49.208308Z,202,completed,2867,34912,f112958ae7d8:1:e9971552,2343397,000006bd23f1229bab55d4fa05c6e9e49fe0060421cb10ffd6577983283c8d03,531.0,35385.625,26,
3674e3af-7245-4623-96d5-36e7995aaca9,c76b1c02-eeb2-4467-b5ee-a4203e785cb6,426fdd7a-37cb-40d9-b4fc-e698563caa9d,900,workload-20260609T133920373955Z,99,4,2,2026-06-09T14:01:13.823684Z,2026-06-09T14:01:14.425820Z,2026-06-09T14:01:36.663577Z,202,completed,2633,21696,f112958ae7d8:1:10f12db1,1720042,0000087650642e0c28aba0050003461bce45a215524be419c890868abf29b2cc,609.0,22839.893,15,
de172534-37ff-4ea0-81fd-2ef4bb179510,509f106c-e322-4fe5-ac85-cbb904be2fe3,426fdd7a-37cb-40d9-b4fc-e698563caa9d,900,workload-20260609T133920373955Z,100,4,2,2026-06-09T14:01:13.840683Z,2026-06-09T14:01:14.468824Z,2026-06-09T14:01:53.847601Z,202,completed,5476,39247,0616728b7286:1:5f82d865,2121438,00000dc2bd98e247850bb31e89aeba23849aa04c934c876d3630d92ca81fc872,625.0,40006.918,30,
984b98a9-c219-490d-ae76-22f574daf8ec,fa547118-8422-4201-96f1-868461d9160c,426fdd7a-37cb-40d9-b4fc-e698563caa9d,900,workload-20260609T133920373955Z,101,4,2,2026-06-09T14:01:13.841684Z,2026-06-09T14:01:14.352822Z,2026-06-09T14:01:44.077822Z,202,completed,1830,29293,846f4f1cc24e:1:358ddbe3,1260210,00000b99d0a5f20a0a625557794623cfb0d16cd36f7a7d78717270c201abfda6,500.0,30236.138,22,
38456fe3-1ff2-4d99-9625-5afc2b35cd5d,6267bb76-bfac-40c8-a093-4b186ff2e6cd,426fdd7a-37cb-40d9-b4fc-e698563caa9d,900,workload-20260609T133920373955Z,102,4,2,2026-06-09T14:01:13.843684Z,2026-06-09T14:01:14.370823Z,2026-06-09T14:01:42.425258Z,202,completed,1990,28061,0616728b7286:1:f56a0f0f,615531,00000d29b9399ccb151cf43a6a89641c725c129a07869d000c0988abd5586eb0,516.0,28581.574,19,
b1baeef3-ef61-4e99-b92f-0d353d0e0d69,c60c7b5c-9802-4dbc-99be-b313999418b3,426fdd7a-37cb-40d9-b4fc-e698563caa9d,900,workload-20260609T133920373955Z,103,4,2,2026-06-09T14:01:13.844684Z,2026-06-09T14:01:14.431818Z,2026-06-09T14:01:48.194308Z,202,completed,71,33746,f112958ae7d8:1:0d95e46e,45441,00000cb85bfff5b0443c6cc301459ccaa89e29584ef7c248a5482bd8fbb4084d,578.0,34349.624,24,
fcc669f7-dac9-403d-b265-abf5254899c7,0ff3b9d7-d72f-432f-9fcb-391d22325128,426fdd7a-37cb-40d9-b4fc-e698563caa9d,900,workload-20260609T133920373955Z,104,4,2,2026-06-09T14:01:13.845684Z,2026-06-09T14:01:14.481827Z,2026-06-09T14:01:44.674824Z,202,completed,159,29663,0616728b7286:1:5050fa94,100048,00000c125bf44f9fe99c2f21287633fec8dedb405017a04e61547a42ddcdb0c4,641.0,30829.14,20,
3e8bbd04-7c8f-424f-a7db-4ea38737e040,8cb77094-1b9a-4b13-aa16-14ce2e7bb266,426fdd7a-37cb-40d9-b4fc-e698563caa9d,900,workload-20260609T133920373955Z,105,4,2,2026-06-09T14:01:13.846684Z,2026-06-09T14:01:14.258821Z,2026-06-09T14:01:51.593323Z,202,completed,1847,36879,9d8c9f4c40ba:1:7ae55963,967623,000002f494e107a3d4ae6c840766cb24207efc1613f4daf218a9fa63b8f86870,406.0,37746.639,28,
0c10a340-3487-421e-8bdc-31ea22373db6,8f3bc33d-34e6-4dd8-a39d-e6557151aa7a,426fdd7a-37cb-40d9-b4fc-e698563caa9d,900,workload-20260609T133920373955Z,106,4,2,2026-06-09T14:01:13.847684Z,2026-06-09T14:01:14.450684Z,2026-06-09T14:01:40.443421Z,202,completed,4734,25517,9d8c9f4c40ba:1:540c509c,1801397,000004c7d9a70b4b632822e3f5962896d932d44e67d92f279079c1dc71e3279e,610.0,26595.737,17,
f563595f-c4e5-48cf-8aa2-f17ca0a2a810,3263adb4-9912-440b-bd51-4bc5cd6387a1,426fdd7a-37cb-40d9-b4fc-e698563caa9d,900,workload-20260609T133920373955Z,107,4,2,2026-06-09T14:01:13.849684Z,2026-06-09T14:01:14.489829Z,2026-06-09T14:01:49.637305Z,202,completed,360,35133,846f4f1cc24e:1:8559f391,402184,000005b3e1d5275ee42d355442fde20429534b8653cecad095561162dda0458a,641.0,35787.621,24,
2a862a51-cadb-41a7-91db-19cdaebd6f27,6bb8c5e7-5d87-4cd1-b99b-f175f0692c61,426fdd7a-37cb-40d9-b4fc-e698563caa9d,900,workload-20260609T133920373955Z,108,4,2,2026-06-09T14:01:13.850684Z,2026-06-09T14:01:14.314820Z,2026-06-09T14:01:53.739596Z,202,completed,3558,38833,0616728b7286:1:2a07ba22,1142540,00000a052939018ab4fb9c2403dcd05cc78c6865a32d51a8fbaadefc648ed7b3,469.0,39888.912,30,
3cd2b750-b909-47c9-a689-97995a410d13,b3d6000b-ba16-4c19-8eb1-fdf1c8a11d05,426fdd7a-37cb-40d9-b4fc-e698563caa9d,900,workload-20260609T133920373955Z,109,4,2,2026-06-09T14:01:13.851684Z,2026-06-09T14:01:14.330822Z,2026-06-09T14:01:51.598319Z,202,completed,1337,37001,f112958ae7d8:1:83ad10d7,1320078,000005e5bf7277dc0e6c45a956a0b96fa254a959996978f34230a453b2038044,485.0,37746.635,27,
330029f7-62ba-452e-a26f-edfa3d417457,3dccc48b-e066-4ed0-a144-6383b5c2e29a,426fdd7a-37cb-40d9-b4fc-e698563caa9d,900,workload-20260609T133920373955Z,110,4,2,2026-06-09T14:01:13.852684Z,2026-06-09T14:01:14.409822Z,2026-06-09T14:01:36.773850Z,202,completed,3098,22303,846f4f1cc24e:1:dea8cc2e,2137430,000006ae5187ad2d60c008da8c34ab55fb345d9b6b73d0c657af838b08989d74,563.0,22921.166,15,
30fb348c-7180-4743-9c9f-55ec998f01e6,ce128423-dbc8-4f16-8690-648ae11c7411,426fdd7a-37cb-40d9-b4fc-e698563caa9d,900,workload-20260609T133920373955Z,111,4,2,2026-06-09T14:01:13.855684Z,2026-06-09T14:01:14.462824Z,2026-06-09T14:01:44.802824Z,202,completed,839,29763,9d8c9f4c40ba:1:159c2759,286010,00000637b254d21c69b2b44b286040a13d4b0cfd59f6fe030871c1371e1ecfe1,594.0,30947.14,21,
c5e59144-15e1-4c9f-9a11-d8b236b9929c,1bdedea6-d00d-46c8-87fb-500fcb4654f9,426fdd7a-37cb-40d9-b4fc-e698563caa9d,900,workload-20260609T133920373955Z,112,4,2,2026-06-09T14:01:13.856684Z,2026-06-09T14:01:14.438819Z,2026-06-09T14:01:36.666577Z,202,completed,2110,22087,f112958ae7d8:1:c8045a0b,1361740,00000b524c65f5d98210529e529b99d22c66e346af86ef30c0bf2503787a8de4,578.0,22809.893,14,
c3d2bbed-d37c-4c10-884f-a4190a570fb3,1ac610fe-7f2b-42d6-bfc1-f81d55ba1d78,426fdd7a-37cb-40d9-b4fc-e698563caa9d,900,workload-20260609T133920373955Z,113,4,2,2026-06-09T14:01:13.857684Z,2026-06-09T14:01:14.403819Z,2026-06-09T14:01:51.563322Z,202,completed,1226,36966,846f4f1cc24e:1:2f4ee707,758428,00000105407c298a748965bea3d1746a9f2f3b4f5b59fa9ebf612754a0ae5118,547.0,37705.638,28,
ed01485b-615a-4891-a95e-a6670b854588,4ab761d4-db98-4314-b0d6-93999557cc2e,426fdd7a-37cb-40d9-b4fc-e698563caa9d,900,workload-20260609T133920373955Z,114,4,2,2026-06-09T14:01:13.858684Z,2026-06-09T14:01:14.503827Z,2026-06-09T14:01:50.235322Z,202,completed,1247,35327,f112958ae7d8:1:fc1d3d95,927027,00000c2e7373d693d6e3a74837a8ddc9c222a7246d60e01d72592956bb7375a9,640.0,36376.638,26,
76910b95-e2e1-4647-97c8-fc65c16cfba5,8b0a7ef7-5b90-4d83-98c9-b3095d4bc9b5,426fdd7a-37cb-40d9-b4fc-e698563caa9d,900,workload-20260609T133920373955Z,115,4,2,2026-06-09T14:01:13.860685Z,2026-06-09T14:01:14.251824Z,2026-06-09T14:01:54.878148Z,202,completed,4575,39602,846f4f1cc24e:1:0f1bfa52,4558270,00000d8617b283ea9cf1e1af9aceabd91948730720f06b4c80086287fb62189e,390.0,41017.463,31,
bca2cac1-2c29-4310-93ea-e62e6fdb3ac6,57c37c01-4a89-4b57-823e-e723e3ebd986,426fdd7a-37cb-40d9-b4fc-e698563caa9d,900,workload-20260609T133920373955Z,116,4,2,2026-06-09T14:01:13.861684Z,2026-06-09T14:01:14.475822Z,2026-06-09T14:01:49.350307Z,202,completed,843,34900,0616728b7286:1:79c0e3b5,255727,00000c89bdd3029ab81879aa0894c7c9439fe536be61fb75a0ecbe218f6cb601,609.0,35488.623,25,
cc4a48f8-281f-4dc2-9841-f52f6ab0d547,8cb9de11-e243-4b1d-8ac7-915cb1dff5a4,426fdd7a-37cb-40d9-b4fc-e698563caa9d,900,workload-20260609T133920373955Z,117,4,2,2026-06-09T14:01:13.862685Z,2026-06-09T14:01:14.496827Z,2026-06-09T14:01:35.589577Z,202,completed,48,21321,0616728b7286:1:2bd61904,15114,0000050ba65bef72edc3e4d2141b7ce5f61b991834698b67e84e81c309752d0f,640.0,21726.892,13,
df581467-5a27-48b3-9a6e-d9e970eeeeb9,5efb43b1-27de-4f7d-9347-560f83894374,426fdd7a-37cb-40d9-b4fc-e698563caa9d,900,workload-20260609T133920373955Z,118,4,2,2026-06-09T14:01:13.863684Z,2026-06-09T14:01:14.444817Z,2026-06-09T14:01:35.827577Z,202,completed,1383,21630,846f4f1cc24e:1:8b77eba6,830822,000000d60fcf6c24fe191a688b143d16306feac2cb5e160d7a418d43b6d91a3a,578.0,21963.893,13,
a95e8087-cb45-4bef-acd4-b480d9145c71,f7051ba1-2c5c-4e0c-acbf-484f2a28e586,426fdd7a-37cb-40d9-b4fc-e698563caa9d,900,workload-20260609T133920373955Z,119,4,2,2026-06-09T14:01:13.865684Z,2026-06-09T14:01:14.397861Z,2026-06-09T14:01:43.554825Z,202,completed,164,29034,0616728b7286:1:c0aced7b,112862,0000015357930c660565bf767ccdd112b1ee356baeea412aacf781950c226db2,531.0,29689.141,20,
680db174-493f-413a-86a8-33d07b5033d4,143d6a3c-fb04-408c-9a59-349129cba168,426fdd7a-37cb-40d9-b4fc-e698563caa9d,900,workload-20260609T133920373955Z,120,4,2,2026-06-09T14:01:13.866684Z,2026-06-09T14:01:14.320823Z,2026-06-09T14:01:50.164318Z,202,completed,878,35987,f112958ae7d8:1:38305474,732264,00000dae378ce9519468f1f8f71052bf79435f043f2db510a81668b7235dd77f,453.0,36297.634,26,
f3e8056e-3c2f-4804-b1c4-3fbcdc39c429,c4076e17-cfd2-48fa-9e6a-d5241e29d490,426fdd7a-37cb-40d9-b4fc-e698563caa9d,1000,workload-20260609T133920373955Z,1,4,2,2026-06-09T14:02:55.350343Z,2026-06-09T14:02:55.629894Z,2026-06-09T14:03:00.701087Z,202,completed,259,587,f112958ae7d8:1:51a596ac,229784,00000aa9ff7540934d00c12b954b51a349fb7afb18fac468a82ae72313083194,281.0,5350.744,1,
287dd87d-0834-46db-86fa-efa7766460a1,98c43dd7-8ef6-427c-aa38-03136099d40d,426fdd7a-37cb-40d9-b4fc-e698563caa9d,1000,workload-20260609T133920373955Z,2,4,2,2026-06-09T14:02:55.352343Z,2026-06-09T14:02:55.634895Z,2026-06-09T14:03:00.770090Z,202,completed,1841,2112,9d8c9f4c40ba:1:2253bba2,762512,000002386bb39bfa9344ca4ba93ed8022278ea50f26a654ed0cbc52b2427d7ea,281.0,5417.747,1,
b24da465-792f-401d-91bd-fa0bd33105fb,f71c831a-b5db-4d3e-8a14-dae1564507dc,426fdd7a-37cb-40d9-b4fc-e698563caa9d,1000,workload-20260609T133920373955Z,3,4,2,2026-06-09T14:02:55.354343Z,2026-06-09T14:02:55.632894Z,2026-06-09T14:03:01.609086Z,202,completed,2409,4740,9d8c9f4c40ba:1:43ad70c9,808392,00000091948e6bec32089264b3a770dfdba558bc562eb5e5f3e8fe3232b5a42d,281.0,6254.743,1,
a84c9722-cb31-4727-b5e4-2fcfb4f7afd8,ce1d59fa-b19d-4bca-b0d0-f1d692051a7d,426fdd7a-37cb-40d9-b4fc-e698563caa9d,1000,workload-20260609T133920373955Z,4,4,2,2026-06-09T14:02:55.355342Z,2026-06-09T14:02:55.635894Z,2026-06-09T14:03:00.801089Z,202,completed,789,1252,f112958ae7d8:1:adc99200,664965,00000dc534dee7965acf844322881561a5103683a2c9d65f000cbbd428c32efc,265.0,5445.747,1,
c37c4025-1518-4f85-908e-cd26a43604c7,3cdefc33-da3d-4c2d-9fc2-d89594c8029c,426fdd7a-37cb-40d9-b4fc-e698563caa9d,1000,workload-20260609T133920373955Z,5,4,2,2026-06-09T14:02:55.357344Z,2026-06-09T14:02:55.689898Z,2026-06-09T14:03:00.831088Z,202,completed,2054,2735,0616728b7286:1:651dae3b,761756,000005c680d33bf8f14edeb0bb83b5cbc03e93d3b87998472e775609d6e1c127,328.0,5473.744,1,
7d0cd8c5-14f2-43bf-b4e1-e4c51f39895e,066025b7-45f2-49bb-8030-c3b795d9a2fb,426fdd7a-37cb-40d9-b4fc-e698563caa9d,1000,workload-20260609T133920373955Z,6,4,2,2026-06-09T14:02:55.358343Z,2026-06-09T14:02:55.681894Z,2026-06-09T14:03:10.681522Z,202,completed,2339,14746,f112958ae7d8:1:a4634cec,1552019,00000ac77385b22c6ed2197ceecd32ae2cd401ea7c1f07c313a46a780341166a,312.0,15323.179,9,
d2aa2880-562b-46a2-9234-27521f42e596,aa781dba-9201-482c-a9db-717ca73109cd,426fdd7a-37cb-40d9-b4fc-e698563caa9d,1000,workload-20260609T133920373955Z,7,4,2,2026-06-09T14:02:55.360344Z,2026-06-09T14:02:55.695894Z,2026-06-09T14:03:03.853168Z,202,completed,5153,6669,9d8c9f4c40ba:1:3831c93e,1935400,0000096607ec86970e03ba35abc4796148bc299910cc304f943797ea8b8f1528,328.0,8492.824,2,
839c9ca5-9c7d-4fb3-bc6a-d61bf7d4ee53,43cc8da6-5bf3-4710-a55c-7ccaec2dad83,426fdd7a-37cb-40d9-b4fc-e698563caa9d,1000,workload-20260609T133920373955Z,8,4,2,2026-06-09T14:02:55.361342Z,2026-06-09T14:02:55.691897Z,2026-06-09T14:03:00.774087Z,202,completed,440,1285,f112958ae7d8:1:bb0c4ff6,308344,0000081dc3f5d5d28b6f0d354c4465447e0fc4bdbff66a74537db5566cf674db,328.0,5412.745,1,
17f144ec-8cb5-4828-9068-f317c22cd9cd,5bf81de0-5d43-430b-8858-0599f7f33631,426fdd7a-37cb-40d9-b4fc-e698563caa9d,1000,workload-20260609T133920373955Z,9,4,2,2026-06-09T14:02:55.362343Z,2026-06-09T14:02:55.688897Z,2026-06-09T14:03:01.847832Z,202,completed,721,1303,0616728b7286:1:dd888819,274260,00000294409a9dbe65bcb3fd2a3d818467e719521c2dab216a040f6e5e4ceb64,328.0,6485.489,1,
f300e63d-628d-4f94-8ced-5be0dd894cfb,05b3b69d-7553-446b-afe5-60b9152a8233,426fdd7a-37cb-40d9-b4fc-e698563caa9d,1000,workload-20260609T133920373955Z,10,4,2,2026-06-09T14:02:55.363342Z,2026-06-09T14:02:55.670898Z,2026-06-09T14:03:01.730085Z,202,completed,1461,2053,846f4f1cc24e:1:7fcdb476,969877,000006a44e6f48558ad04e9a89e772c964e95a1368d029ce215a7cbb9cd6c612,312.0,6366.743,1,
256330b3-dc75-495a-8f3c-534b6b3a5cde,91dbd3f1-b389-4bf1-baef-571580662813,426fdd7a-37cb-40d9-b4fc-e698563caa9d,1000,workload-20260609T133920373955Z,11,4,2,2026-06-09T14:02:55.364342Z,2026-06-09T14:02:55.685898Z,2026-06-09T14:03:01.673088Z,202,completed,742,1172,9d8c9f4c40ba:1:9d7dbef1,259882,00000f51582fae27e8d0215283c5d23c7b8a6f4dc343c28095f004a92e4d46b2,328.0,6308.746,1,
6229faca-5949-4d4b-b5d9-1f209db2ca38,aa9c95d8-0d42-46bf-9f66-34ea806ede08,426fdd7a-37cb-40d9-b4fc-e698563caa9d,1000,workload-20260609T133920373955Z,12,4,2,2026-06-09T14:02:55.365345Z,2026-06-09T14:02:55.666898Z,2026-06-09T14:03:01.260085Z,202,completed,3306,4150,846f4f1cc24e:1:64186c46,2428119,000005491a1a5972d592e12a99a781da3c027e9a4a868437e6b60cc3a170111e,297.0,5894.74,1,
e96494e6-68f7-41ff-8dc0-44431c3b3df1,638789f9-c4ef-436d-b012-78c5f7165568,426fdd7a-37cb-40d9-b4fc-e698563caa9d,1000,workload-20260609T133920373955Z,13,4,2,2026-06-09T14:02:55.366344Z,2026-06-09T14:02:55.684897Z,2026-06-09T14:03:09.136198Z,202,completed,110,12569,846f4f1cc24e:1:cc6bc9ff,61913,00000fff9e6df02b5e30ca79fb97cb6321530572a1c8d7dc498fa91f07c4345e,328.0,13769.854,7,
9a371f1b-be81-4751-9dc4-53e15a20129f,1ce36f19-9da1-444e-943a-563a5353b39e,426fdd7a-37cb-40d9-b4fc-e698563caa9d,1000,workload-20260609T133920373955Z,14,4,2,2026-06-09T14:02:55.367345Z,2026-06-09T14:02:55.668898Z,2026-06-09T14:03:15.466910Z,202,completed,6105,18704,9d8c9f4c40ba:1:ba17cdd5,2197414,000001663c6e97f4eba40bcc0f5db4f4432ee07d22b6b774c249d692d8bba6cd,312.0,20099.565,13,
3cbb8c43-7d3d-40e7-8649-2886cf847ca0,8504331d-a310-40db-85c3-0692d8903b6d,426fdd7a-37cb-40d9-b4fc-e698563caa9d,1000,workload-20260609T133920373955Z,15,4,2,2026-06-09T14:02:55.368344Z,2026-06-09T14:02:55.667898Z,2026-06-09T14:03:11.475523Z,202,completed,2178,15056,9d8c9f4c40ba:1:159eaf0d,710561,00000e46098f1e8f3b57e09c94f1cf6c00bb88ba49106be894d3020eb5e6632e,312.0,16107.179,9,
972cd5dc-e454-4eaa-a776-4ee7f54b7913,641da117-87ca-4b09-906d-dc976ea8267d,426fdd7a-37cb-40d9-b4fc-e698563caa9d,1000,workload-20260609T133920373955Z,16,4,2,2026-06-09T14:02:55.369345Z,2026-06-09T14:02:55.672894Z,2026-06-09T14:03:00.934087Z,202,completed,663,2347,f112958ae7d8:1:6cbe226a,429197,000004f36c517883ddf1460ed61505fdbf7e79ffac929f96ad3e64eeb61276ae,312.0,5564.742,1,
e7dd3be7-3137-479c-8f74-4728b6398044,08f7fc00-3469-4734-a52a-8626b1860ae7,426fdd7a-37cb-40d9-b4fc-e698563caa9d,1000,workload-20260609T133920373955Z,17,4,2,2026-06-09T14:02:55.371345Z,2026-06-09T14:02:55.694894Z,2026-06-09T14:03:03.799166Z,202,completed,5810,7583,0616728b7286:1:ba30674a,1886380,000001f4071acc4e337483b6ff8f6cac8691b63e1eab09356d3dbe4b28a77bb9,313.0,8427.821,3,
e522baf1-367b-46dd-8ef9-d6d4709b0915,6fc9b8c1-145d-4630-8088-4d722fe2474c,426fdd7a-37cb-40d9-b4fc-e698563caa9d,1000,workload-20260609T133920373955Z,18,4,2,2026-06-09T14:02:55.375343Z,2026-06-09T14:02:55.723897Z,2026-06-09T14:03:03.416165Z,202,completed,4050,7127,0616728b7286:1:0ad3da65,1127858,000003ac32e8326dd0d6317db87fe89bcc8a8aca393a5c6ea43820aee7f4013f,344.0,8040.822,2,
53e4db35-1f71-4fc5-a09b-050d87f52efd,94f8e9e9-e209-4d6e-a66d-50cea5ea0641,426fdd7a-37cb-40d9-b4fc-e698563caa9d,1000,workload-20260609T133920373955Z,19,4,2,2026-06-09T14:02:55.376342Z,2026-06-09T14:02:55.772896Z,2026-06-09T14:03:20.115928Z,202,completed,1547,24221,f112958ae7d8:1:9b519fcf,1000511,000001d104ff2e2c5947be910441c2848ba5d37ca2fd05fcea684fbf0dc75e37,391.0,24739.586,17,
0cfa19ee-3b6a-4287-81d1-6bcb06e558df,87c8c754-4243-4f81-8a77-3f2cdc5439f2,426fdd7a-37cb-40d9-b4fc-e698563caa9d,1000,workload-20260609T133920373955Z,20,4,2,2026-06-09T14:02:55.377345Z,2026-06-09T14:02:55.753896Z,2026-06-09T14:03:00.969086Z,202,completed,292,4184,846f4f1cc24e:1:af8d3678,342815,00000d305778a6a6802f9392c4d9efe26e9821a9a5ca17fda1b055198698e296,375.0,5591.741,1,
ef472400-c4e8-4a2f-8c04-0d952362ca1c,2386680d-9989-4622-a173-abdc63c3486d,426fdd7a-37cb-40d9-b4fc-e698563caa9d,1000,workload-20260609T133920373955Z,21,4,2,2026-06-09T14:02:55.378344Z,2026-06-09T14:02:55.728896Z,2026-06-09T14:03:17.380373Z,202,completed,3131,21146,846f4f1cc24e:1:9cd083d9,1901850,00000f0c56f8f990a53205984c34c4b2cbb2832c34ec84fb7fd1da70e0a57142,344.0,22002.029,15,
58460af5-62c6-41cd-a118-e399da46105e,6fd0f763-9e8c-4748-a42c-59b097119cde,426fdd7a-37cb-40d9-b4fc-e698563caa9d,1000,workload-20260609T133920373955Z,22,4,2,2026-06-09T14:02:55.379344Z,2026-06-09T14:02:55.714897Z,2026-06-09T14:03:01.102085Z,202,completed,79,2905,f112958ae7d8:1:828e72c5,84218,000006234d7f422a539111ea37b80b2bfb70cd73cbe0cedbdd92e3bb0c82e50b,344.0,5722.741,1,
91a0da20-9dc6-45fc-ad39-ea756e034d5a,f2aa8fe4-1203-46bf-aebd-0c5200073acc,426fdd7a-37cb-40d9-b4fc-e698563caa9d,1000,workload-20260609T133920373955Z,23,4,2,2026-06-09T14:02:55.380344Z,2026-06-09T14:02:55.704896Z,2026-06-09T14:03:01.058087Z,202,completed,18,2847,f112958ae7d8:1:11e5f154,21072,00000900f0f1b91e03b89c3cbd83bb97c013f9bb46c6e58aa82d3967a8e9722d,329.0,5677.743,1,
fa6de024-f90e-4211-a4cc-d20cade2d3d1,8b6a3254-645b-4091-8f63-f68bb5227f0e,426fdd7a-37cb-40d9-b4fc-e698563caa9d,1000,workload-20260609T133920373955Z,24,4,2,2026-06-09T14:02:55.382343Z,2026-06-09T14:02:55.733894Z,2026-06-09T14:03:01.052085Z,202,completed,765,2284,f112958ae7d8:1:7685a12a,545110,000001b3679be7d27fe02bfab5c5f733e7fda2083465ff5a0d48037721624202,360.0,5669.742,1,
10fde9c0-879f-465f-bdd5-929fd17012a0,0059a156-4bc3-427f-b72a-3ef1ca895e06,426fdd7a-37cb-40d9-b4fc-e698563caa9d,1000,workload-20260609T133920373955Z,25,4,2,2026-06-09T14:02:55.382898Z,2026-06-09T14:02:55.706896Z,2026-06-09T14:03:01.025088Z,202,completed,1282,3697,846f4f1cc24e:1:fa95d77f,812758,0000053e2a5246515b1fe4d14b57d5e060ab1d3196275330d31362efba31fa97,329.0,5642.19,1,
9b78246e-9392-431f-8c0b-24c59c927455,67d50415-e4c7-424b-878a-faca53e23e5d,426fdd7a-37cb-40d9-b4fc-e698563caa9d,1000,workload-20260609T133920373955Z,26,4,2,2026-06-09T14:02:55.383895Z,2026-06-09T14:02:55.766898Z,2026-06-09T14:03:16.730910Z,202,completed,1991,21004,9d8c9f4c40ba:1:d833c309,731714,00000a5ff06f73acf55a15e499b120cab9f72390b0589cbda5f84a909c62d913,391.0,21347.015,14,
9ae3d525-a15f-48cd-b399-a815869e1b4f,a2eae084-a254-4c81-8b51-66a7d96ea197,426fdd7a-37cb-40d9-b4fc-e698563caa9d,1000,workload-20260609T133920373955Z,27,4,2,2026-06-09T14:02:55.384896Z,2026-06-09T14:02:55.741894Z,2026-06-09T14:03:15.420907Z,202,completed,63,18715,f112958ae7d8:1:286150e2,36549,00000710692d421e5c3769e5460a7c9e8da055161408227a85ed2d4e04015b00,360.0,20036.011,12,
956e1756-cec5-4e72-9394-e0e6c294c834,e7e7995d-7fb8-47f3-8390-d3680947e1ae,426fdd7a-37cb-40d9-b4fc-e698563caa9d,1000,workload-20260609T133920373955Z,28,4,2,2026-06-09T14:02:55.386894Z,2026-06-09T14:02:55.708896Z,2026-06-09T14:03:16.267912Z,202,completed,2274,20276,0616728b7286:1:994a1094,908774,00000a7e5475969c037c0b85c7754f9a97bf2b92340be3946e6f3833a34b07ca,313.0,20881.018,14,
7d6b8946-ef7e-4dd1-a36d-31529d875e71,af571328-db5d-454f-83c2-00b933583709,426fdd7a-37cb-40d9-b4fc-e698563caa9d,1000,workload-20260609T133920373955Z,29,4,2,2026-06-09T14:02:55.387895Z,2026-06-09T14:02:55.725896Z,2026-06-09T14:03:01.832893Z,202,completed,1036,4511,f112958ae7d8:1:a9da9784,993966,00000c2da52a28ba35da1e5239a27c9fdc7c52eb4437eccb08914e94b1f8287f,328.0,6444.998,1,
61222ae8-0f2f-497f-a1e1-3f36f348ccc9,f7a337b6-ac0f-4ee9-8238-89f293cc8fa8,426fdd7a-37cb-40d9-b4fc-e698563caa9d,1000,workload-20260609T133920373955Z,30,4,2,2026-06-09T14:02:55.388895Z,2026-06-09T14:02:55.736894Z,2026-06-09T14:03:01.091087Z,202,completed,273,4097,f112958ae7d8:1:b80f5a1e,164589,00000e75373477d9732b189bab161fc9b9275aa9cdfcfd005824b8c2a0a980f8,344.0,5702.192,1,
68dbb6cc-43e0-49b1-9238-d31e3b45d3c9,a00af2af-e243-4f14-9287-6cd7091b6023,426fdd7a-37cb-40d9-b4fc-e698563caa9d,1000,workload-20260609T133920373955Z,31,4,2,2026-06-09T14:02:55.389897Z,2026-06-09T14:02:55.699896Z,2026-06-09T14:03:01.696088Z,202,completed,48,3416,f112958ae7d8:1:69378731,53214,0000078df90404f77994cfea863a32920adbac933d991f65814dc05db78b9d32,313.0,6306.191,1,
903532de-3476-43ae-b3fb-ef6694cb7827,3f5966b7-b050-4e4f-aaa1-ffe4a1d64ff5,426fdd7a-37cb-40d9-b4fc-e698563caa9d,1000,workload-20260609T133920373955Z,32,4,2,2026-06-09T14:02:55.390896Z,2026-06-09T14:02:55.757897Z,2026-06-09T14:03:01.449087Z,202,completed,187,4589,f112958ae7d8:1:9aebbefa,220741,00000993cded9db933c46d8b4478672127809e15284179f2fb5184be200b4115,359.0,6058.191,1,
e9ff6426-2a63-4548-8888-1d8147969b25,9e723d09-8af9-480b-9f91-0138f55b7396,426fdd7a-37cb-40d9-b4fc-e698563caa9d,1000,workload-20260609T133920373955Z,33,4,2,2026-06-09T14:02:55.395895Z,2026-06-09T14:02:55.793894Z,2026-06-09T14:03:24.674577Z,202,completed,903,28738,846f4f1cc24e:1:6b591770,552099,0000038071d9142fb51fc45c160fc31999fbc52a6e73270c295d76d26ec704ba,406.0,29278.682,21,
12f195c8-c255-4223-820d-2797854620e1,16e33c72-68e8-4f8b-b8f4-75db2f468884,426fdd7a-37cb-40d9-b4fc-e698563caa9d,1000,workload-20260609T133920373955Z,34,4,2,2026-06-09T14:02:55.396894Z,2026-06-09T14:02:55.731894Z,2026-06-09T14:03:03.620165Z,202,completed,1958,6445,846f4f1cc24e:1:cc8ca0a6,1218076,00000e659e6692c31bff5417cb7b63f8f5382be026745e70e2de31513dd7ca44,344.0,8223.271,2,
7fca46d1-b356-4300-930e-6b7487452141,43a3ddab-1305-4d4e-8e9c-7412dad38544,426fdd7a-37cb-40d9-b4fc-e698563caa9d,1000,workload-20260609T133920373955Z,35,4,2,2026-06-09T14:02:55.397895Z,2026-06-09T14:02:55.782896Z,2026-06-09T14:03:07.372547Z,202,completed,5512,10511,f112958ae7d8:1:0eee2f95,3712350,0000060dabb8c6ca799049b32245cde1aa15970d9383aebe9c06a9f73f68e413,391.0,11974.652,6,
1962bda2-4c47-499d-95db-9f85d806015f,8e7d9ba3-6732-425b-947d-5301f48e0fa6,426fdd7a-37cb-40d9-b4fc-e698563caa9d,1000,workload-20260609T133920373955Z,36,4,2,2026-06-09T14:02:55.398895Z,2026-06-09T14:02:55.744895Z,2026-06-09T14:03:04.307076Z,202,completed,455,8409,0616728b7286:1:6f778756,113710,0000001398962227812cce01cb9ce095d75927647400f57ffca62a3808d0fff4,344.0,8908.181,3,
f9c5854a-ea50-4509-ad8a-befadd0158e2,205e2286-1c88-40d8-9fda-1b89eb0c933c,426fdd7a-37cb-40d9-b4fc-e698563caa9d,1000,workload-20260609T133920373955Z,37,4,2,2026-06-09T14:02:55.399897Z,2026-06-09T14:02:55.785896Z,2026-06-09T14:03:07.679546Z,202,completed,1907,11818,9d8c9f4c40ba:1:85428b08,764292,00000b0b597fa90f298c3ad75fa2b20e4a97261cb3e8cf690451ec7e81c280b2,391.0,12279.649,6,
465df56c-24b8-4388-81e1-63a80ce9bae3,887a7919-ed1c-4653-b511-22abe5871342,426fdd7a-37cb-40d9-b4fc-e698563caa9d,1000,workload-20260609T133920373955Z,38,4,2,2026-06-09T14:02:55.400894Z,2026-06-09T14:02:55.760896Z,2026-06-09T14:03:05.243075Z,202,completed,4299,9192,9d8c9f4c40ba:1:3f66e5c6,1654272,00000b6fe32ed6c608c4c67e917ce74f49739b0a1c551da51548827fa4685f70,359.0,9842.181,4,
65192b6a-55a3-43ff-9044-847665a72319,276a64ef-7cc0-48e1-87c3-cece86e725a3,426fdd7a-37cb-40d9-b4fc-e698563caa9d,1000,workload-20260609T133920373955Z,39,4,2,2026-06-09T14:02:55.401896Z,2026-06-09T14:02:55.804894Z,2026-06-09T14:03:08.150546Z,202,completed,1492,12162,f112958ae7d8:1:07f7f9a9,861440,000002e7b6ea66080b80b78d057bf53209ce555461ec2e08e70fb254e6acdb8c,390.0,12748.65,7,
795b1541-f52a-4f9a-9746-49d0bf38142e,be6beb9d-9593-4a6a-8070-d45be327e45c,426fdd7a-37cb-40d9-b4fc-e698563caa9d,1000,workload-20260609T133920373955Z,40,4,2,2026-06-09T14:02:55.403894Z,2026-06-09T14:02:55.746899Z,2026-06-09T14:03:06.120077Z,202,completed,1945,9722,846f4f1cc24e:1:19a63468,1318159,00000d3bd901b0dd84ed961fcf1c90ee4b6aa6bbb9c7f70539e5476d774b2a49,343.0,10716.183,5,
565cff69-b5ab-419e-9af7-97a73aae6fef,d12d9107-1c93-4a9f-864a-db1d4813de6e,426fdd7a-37cb-40d9-b4fc-e698563caa9d,1000,workload-20260609T133920373955Z,41,4,2,2026-06-09T14:02:55.404894Z,2026-06-09T14:02:56.014895Z,2026-06-09T14:03:07.125548Z,202,completed,1404,11415,9d8c9f4c40ba:1:69361cde,500428,000004afc1c2ff15015cb6c617108040f06b6f5403abf3300ea67daf101a35bb,609.0,11720.654,5,
e2d7a205-b113-43e6-8848-da25b13eb94e,9fbe8460-e974-498a-8daf-88fe3e54ddf5,426fdd7a-37cb-40d9-b4fc-e698563caa9d,1000,workload-20260609T133920373955Z,42,4,2,2026-06-09T14:02:55.405894Z,2026-06-09T14:02:55.846895Z,2026-06-09T14:03:08.671200Z,202,completed,398,12244,9d8c9f4c40ba:1:df96468b,189071,00000ef8643a9b7fc2b6b37a8564d9d43e39c00d19e3e1dd3c8168437f00f1a2,437.0,13265.306,6,
f1179ff3-5689-4080-ae03-a5d57ce82c8c,3bfbbf45-8eac-498b-84a4-c57230be59b3,426fdd7a-37cb-40d9-b4fc-e698563caa9d,1000,workload-20260609T133920373955Z,43,4,2,2026-06-09T14:02:55.406894Z,2026-06-09T14:02:55.813897Z,2026-06-09T14:03:02.697166Z,202,completed,69,6022,f112958ae7d8:1:78f3164c,35697,00000d64818293a5962e7e7a8b27c6fdd13ef6828fe4a1ac8d52e958e8ebad7e,406.0,7290.272,2,
e80e8f28-bb04-4e0f-a3fd-4c01950b98e1,816a02f1-7f7a-4d3c-aad5-98c941c9036b,426fdd7a-37cb-40d9-b4fc-e698563caa9d,1000,workload-20260609T133920373955Z,44,4,2,2026-06-09T14:02:55.409894Z,2026-06-09T14:02:55.775896Z,2026-06-09T14:03:28.259141Z,202,completed,2672,31818,846f4f1cc24e:1:4ddde7c6,1874882,00000c28fd2b4f5bd8c7a38704ad5388a89ef56ea0f79d98af9bd77275c2d6ea,359.0,32849.247,24,
60b0d71c-868d-4dad-8500-e4352348e432,54d44eec-91b2-47c6-9e2d-ed5a8625d2c5,426fdd7a-37cb-40d9-b4fc-e698563caa9d,1000,workload-20260609T133920373955Z,45,4,2,2026-06-09T14:02:55.410894Z,2026-06-09T14:02:55.822894Z,2026-06-09T14:03:10.908522Z,202,completed,3825,15000,846f4f1cc24e:1:51ae4861,2632652,00000cb4836945157c1341974c609cae6c17a7265bfbc9268ceb7dd5a1e6e3e3,406.0,15497.628,9,
2e26e5aa-4b62-47f7-b92a-1c0bcaefec61,794bf9fd-ab3b-416d-b66a-58ac1eb62966,426fdd7a-37cb-40d9-b4fc-e698563caa9d,1000,workload-20260609T133920373955Z,46,4,2,2026-06-09T14:02:55.411894Z,2026-06-09T14:02:55.779896Z,2026-06-09T14:03:02.366167Z,202,completed,683,5594,f112958ae7d8:1:f8428a87,408385,000003722f8f5020893486bce7c3802a7f9bb079c692c12072712982c1c847f9,375.0,6954.273,2,
d1f575b8-0109-4b80-8ba8-2f7a39a4a856,97c794d7-0e86-4fbb-9247-071a2eb4a217,426fdd7a-37cb-40d9-b4fc-e698563caa9d,1000,workload-20260609T133920373955Z,47,4,2,2026-06-09T14:02:55.412894Z,2026-06-09T14:02:55.818895Z,2026-06-09T14:03:27.860185Z,202,completed,2401,31992,f112958ae7d8:1:6a77fba1,1781961,00000183d6f00197469dbddf378fef8bdd90907730699ea2eb6e9f81b25b43c3,406.0,32447.291,23,
9fcea2e4-4c8e-4c44-a060-3ee5ab43c6ea,0d87ee67-2ec9-472b-9976-c4f9e032f683,426fdd7a-37cb-40d9-b4fc-e698563caa9d,1000,workload-20260609T133920373955Z,48,4,2,2026-06-09T14:02:55.413896Z,2026-06-09T14:02:55.738895Z,2026-06-09T14:03:03.821167Z,202,completed,313,7610,0616728b7286:1:375aa529,158235,000007f8d964c29a6ade61732741d0086a1768de26f16e73504c89c10086a095,328.0,8407.271,3,
1504339a-e8aa-499a-aaa1-8614bfa90cd1,03ee4ba1-6b69-423e-925a-b18ea06d54cc,426fdd7a-37cb-40d9-b4fc-e698563caa9d,1000,workload-20260609T133920373955Z,49,4,2,2026-06-09T14:02:55.419897Z,2026-06-09T14:02:59.571870Z,2026-06-09T14:03:33.688196Z,202,completed,1203,36054,846f4f1cc24e:1:f83157f9,745105,0000043d5a06eb38f7852f85ebf21c7bf60ff3d7fbf916ada33a61c3923b372a,4141.0,38268.299,29,
0a2441b8-51e4-41ef-8481-3fbcefa0d517,34b7c65e-5132-4d6b-b07a-20677b12fb50,426fdd7a-37cb-40d9-b4fc-e698563caa9d,1000,workload-20260609T133920373955Z,50,4,2,2026-06-09T14:02:55.420895Z,2026-06-09T14:02:55.864894Z,2026-06-09T14:03:05.021074Z,202,completed,1214,8027,9d8c9f4c40ba:1:49fc8c4b,408787,00000afe44ae336aad8a4b25431f825f3abae713858896435c741530cefd0117,438.0,9600.179,3,
bef56cce-535b-48b2-a330-9b6e461b95f9,2a9e8b30-d6f9-42bd-8c8e-ea5f8385f6da,426fdd7a-37cb-40d9-b4fc-e698563caa9d,1000,workload-20260609T133920373955Z,51,4,2,2026-06-09T14:02:55.421893Z,2026-06-09T14:02:55.838896Z,2026-06-09T14:03:09.221198Z,202,completed,650,12661,9d8c9f4c40ba:1:50e47b13,367115,00000f558aa8d00e71d1dafca2fed89f9ab21ce00c579ac317279f9a9bd9687f,407.0,13799.305,7,
9d459b40-a180-4016-9b1f-8cb4a5ae4e31,8f26e674-2bf8-4743-8566-00016d27a1fe,426fdd7a-37cb-40d9-b4fc-e698563caa9d,1000,workload-20260609T133920373955Z,52,4,2,2026-06-09T14:02:55.422896Z,2026-06-09T14:02:55.769897Z,2026-06-09T14:03:07.886547Z,202,completed,1858,11766,846f4f1cc24e:1:fc04b292,1502368,00000ef5418e5c649d7979967741e921e309fc233dd433bf31003e81747b72e8,344.0,12463.651,6,
df559d3d-79f1-443f-86b5-5ed8537f695d,20f2c226-46e7-4c75-9cda-0e40989f8045,426fdd7a-37cb-40d9-b4fc-e698563caa9d,1000,workload-20260609T133920373955Z,53,4,2,2026-06-09T14:02:55.423894Z,2026-06-09T14:02:55.944894Z,2026-06-09T14:03:30.321973Z,202,completed,13828,34394,0616728b7286:1:64322d97,4231267,00000e9a30a1543e539a80d3168419141ac0cdb626cd5b592919e5eb2545e718,516.0,34898.079,26,
399143e0-3f5e-47d0-848d-b4288bc7bc80,c9dff755-4464-41b3-abe8-1e518481b4b4,426fdd7a-37cb-40d9-b4fc-e698563caa9d,1000,workload-20260609T133920373955Z,54,4,2,2026-06-09T14:02:55.425895Z,2026-06-09T14:02:55.763897Z,2026-06-09T14:03:05.475077Z,202,completed,4199,8802,846f4f1cc24e:1:07e81587,2732501,000002dc8755c4c07554f661ec7f26191e84e356a18392eed2b0c000cb01c022,344.0,10049.182,4,
d8c50e12-0617-40c9-a49a-8ba9d227cfa0,0eb34c44-d049-40e1-af2c-0e2fdbd8862a,426fdd7a-37cb-40d9-b4fc-e698563caa9d,1000,workload-20260609T133920373955Z,55,4,2,2026-06-09T14:02:55.426895Z,2026-06-09T14:02:55.868896Z,2026-06-09T14:03:27.190188Z,202,completed,432,30933,f112958ae7d8:1:d86dac1d,253637,000004ddab05dd732d7d4e4a56c69d1c57dbc01eb11c46dc54fd62d141c01215,438.0,31763.293,23,
e5cddf35-fe41-4c78-a232-13c4552aa6c2,35a419a4-0644-4ce0-9df0-d79fcd1982e6,426fdd7a-37cb-40d9-b4fc-e698563caa9d,1000,workload-20260609T133920373955Z,56,4,2,2026-06-09T14:02:55.428895Z,2026-06-09T14:02:55.973894Z,2026-06-09T14:03:09.848200Z,202,completed,4591,14082,f112958ae7d8:1:833e86e6,2954352,00000a501dbb84674d827fa1f89291c3140e78c1c487f7d40bc6964c07c177f7,547.0,14419.305,8,
e368e53d-a91e-482a-8d24-b62413d02450,47f3b8b6-e7a4-421b-8eb4-f4b0ee70ebc2,426fdd7a-37cb-40d9-b4fc-e698563caa9d,1000,workload-20260609T133920373955Z,57,4,2,2026-06-09T14:02:55.429895Z,2026-06-09T14:02:55.860894Z,2026-06-09T14:03:28.706137Z,202,completed,1035,32839,f112958ae7d8:1:83af7387,952553,000008028632d81bd1ac0218c0ce6663a012a5df6db302667f4ea14e4fa54d38,438.0,33276.242,24,
c46ed613-89a5-4194-a275-5804a792a689,b035e2a9-7f1a-4752-9eb8-e816c5ef187f,426fdd7a-37cb-40d9-b4fc-e698563caa9d,1000,workload-20260609T133920373955Z,58,4,2,2026-06-09T14:02:55.430894Z,2026-06-09T14:02:55.810894Z,2026-06-09T14:03:28.641140Z,202,completed,2836,32231,846f4f1cc24e:1:919f66d7,1977548,000007f352b9bc2cc8c3c3a4fe58ae4663b39cfb772f6e85d01106e9383f3352,391.0,33210.246,24,
ad68458b-447d-49c7-bafd-f039524f3b77,be05e426-3c97-411c-86d5-0d6184c923da,426fdd7a-37cb-40d9-b4fc-e698563caa9d,1000,workload-20260609T133920373955Z,59,4,2,2026-06-09T14:02:55.431899Z,2026-06-09T14:02:55.807898Z,2026-06-09T14:03:04.060525Z,202,completed,748,6935,f112958ae7d8:1:71dc9b96,433418,00000a99c924bc2f7abecd6637d78b950c2be471b14bf86d19e1457f3832bb0a,375.0,8628.626,3,
f736268a-67da-4bef-989b-a5f1428ef979,e4bb7f2b-b610-43e6-b33a-7909a73cbbd4,426fdd7a-37cb-40d9-b4fc-e698563caa9d,1000,workload-20260609T133920373955Z,60,4,2,2026-06-09T14:02:55.433893Z,2026-06-09T14:02:55.796896Z,2026-06-09T14:03:06.900547Z,202,completed,3,10850,846f4f1cc24e:1:fa5e0f37,2320,00000ca3c4dbfb2802deebb3f556526612b6298048a5677c153fcf6ea5cb02a0,359.0,11466.654,5,
9ea5ea69-fe02-43e3-8ade-f66cb6bb72e3,bb2ad64c-1752-4162-9d1b-d4bdbdb67bfc,426fdd7a-37cb-40d9-b4fc-e698563caa9d,1000,workload-20260609T133920373955Z,61,4,2,2026-06-09T14:02:55.434896Z,2026-06-09T14:02:55.890894Z,2026-06-09T14:03:10.032200Z,202,completed,231,12176,846f4f1cc24e:1:be70a2d1,143329,00000098de808760a2856152a80b46ef96c3773e94b03428e1557587ad49337c,453.0,14597.304,5,
5a48e635-bbc0-4895-b332-ce00a0c0d918,4adaf7c3-b03e-421d-b739-2b062dd15e0f,426fdd7a-37cb-40d9-b4fc-e698563caa9d,1000,workload-20260609T133920373955Z,62,4,2,2026-06-09T14:02:55.435894Z,2026-06-09T14:02:55.849900Z,2026-06-09T14:03:04.459078Z,202,completed,712,7357,846f4f1cc24e:1:26ba5a8c,428028,0000022ab05d2da9e58d59eb1572c89c6df4ee0b670453cfde6226a5113b95c8,406.0,9023.184,3,
74218484-2ea9-49dc-aad1-e0b1a82bbf04,78461d07-a6fc-431f-9f2b-ad0860b0772c,426fdd7a-37cb-40d9-b4fc-e698563caa9d,1000,workload-20260609T133920373955Z,63,4,2,2026-06-09T14:02:55.436894Z,2026-06-09T14:02:55.853894Z,2026-06-09T14:03:06.429546Z,202,completed,1793,9096,f112958ae7d8:1:babd9c05,1011792,00000f4f4b9141ed6b1517c6102e782d179cd79c90a980c8a5ceaf7f3c7d3c43,406.0,10992.652,4,
48c1c4dc-90e6-4b6c-a359-fc6da7b80c80,0449e528-9a83-4cdd-8b24-eadb6cd51632,426fdd7a-37cb-40d9-b4fc-e698563caa9d,1000,workload-20260609T133920373955Z,64,4,2,2026-06-09T14:02:55.437898Z,2026-06-09T14:02:55.871894Z,2026-06-09T14:03:28.513141Z,202,completed,372,31581,f112958ae7d8:1:d930f3c4,221648,0000079baf2593e186f71068322e75fc7a7b4fe66dde2d6415f6ede023bebdcd,437.0,33075.243,24,
1c2f9c2a-0d7d-4b22-b1be-74428b6d64e3,c0477377-9967-4e1a-9489-6936139050df,426fdd7a-37cb-40d9-b4fc-e698563caa9d,1000,workload-20260609T133920373955Z,65,4,2,2026-06-09T14:02:55.446896Z,2026-06-09T14:02:55.925894Z,2026-06-09T14:03:17.367374Z,202,completed,4926,21058,f112958ae7d8:1:f417bd32,3222388,00000acdabe4cb5a7e984ba9f335d9141df6f513ce0650e0bdc1af1615801817,484.0,21920.478,15,
5878352f-fbac-44f8-9e63-42e26f90992c,5590ed1a-055c-4898-8e41-336b7391ce0b,426fdd7a-37cb-40d9-b4fc-e698563caa9d,1000,workload-20260609T133920373955Z,66,4,2,2026-06-09T14:02:55.448897Z,2026-06-09T14:02:55.903894Z,2026-06-09T14:03:05.047076Z,202,completed,374,9089,0616728b7286:1:155a56f3,105686,00000bc7e8e903c0eb74dfbddb794345047ef8a1e0ecaae664bcd128821f23c3,469.0,9598.179,4,
7c754c65-9dbb-4c95-8d43-f59a03d3e576,05599a87-8f8a-483c-b22d-3dd2222e4870,426fdd7a-37cb-40d9-b4fc-e698563caa9d,1000,workload-20260609T133920373955Z,67,4,2,2026-06-09T14:02:55.449898Z,2026-06-09T14:02:56.062897Z,2026-06-09T14:03:20.596928Z,202,completed,1239,24297,f112958ae7d8:1:97cf6d81,750222,000002619d3b934bf7da0f33d8b60f184d686ef5ed63fe15cbf9c96ce468e836,609.0,25147.03,17,
89031ffa-ac9a-450b-b3ad-e7196d3a5322,2a7f9a1d-0e0c-4049-881a-a5db66937d6c,426fdd7a-37cb-40d9-b4fc-e698563caa9d,1000,workload-20260609T133920373955Z,68,4,2,2026-06-09T14:02:55.450898Z,2026-06-09T14:02:55.895898Z,2026-06-09T14:03:05.537077Z,202,completed,1246,9576,9d8c9f4c40ba:1:3f72a377,479452,00000cdebe797e9ecd6e282a9041bbe74e7a91021e8a49a76e85fb5d9f609959,437.0,10086.179,4,
e24f0eae-d44c-4050-af0e-bf43b68690cf,dcbb9a44-92f1-48d1-b129-0ff7d190538c,426fdd7a-37cb-40d9-b4fc-e698563caa9d,1000,workload-20260609T133920373955Z,69,4,2,2026-06-09T14:02:55.451897Z,2026-06-09T14:02:55.908895Z,2026-06-09T14:03:29.181137Z,202,completed,1105,33155,846f4f1cc24e:1:c143ffdb,805580,00000420419ef34150518a3191f371db8f5cf1c0f2e4667656b120c684daaacb,453.0,33729.24,24,
5a0f4f85-97f5-498f-9279-af43f03ef759,9e1010c0-af97-4f6e-a3ba-85d793742e5d,426fdd7a-37cb-40d9-b4fc-e698563caa9d,1000,workload-20260609T133920373955Z,70,4,2,2026-06-09T14:02:55.453898Z,2026-06-09T14:02:56.028896Z,2026-06-09T14:03:20.268927Z,202,completed,2137,23661,846f4f1cc24e:1:52b5de4c,1311161,00000f12e9c46e1093c1335b69162688c80aab64e6c86c461b265d1d02192a8b,578.0,24815.029,16,
0013c313-f108-4761-8de7-cc544292db9c,6c2e1da9-42b5-46f2-9881-4b90c60b6e85,426fdd7a-37cb-40d9-b4fc-e698563caa9d,1000,workload-20260609T133920373955Z,71,4,2,2026-06-09T14:02:55.454898Z,2026-06-09T14:02:55.789896Z,2026-06-09T14:03:17.061907Z,202,completed,5704,21079,846f4f1cc24e:1:552a5746,4009995,00000c9691648d644bb1f124cf37a7e49024f0c61d36988b17fdfa0c8f8738a2,328.0,21607.009,14,
47c8bb3c-e14e-4a8f-b223-d00351d6ada0,b0241130-bc6d-43cf-8677-79214304c8e5,426fdd7a-37cb-40d9-b4fc-e698563caa9d,1000,workload-20260609T133920373955Z,72,4,2,2026-06-09T14:02:55.455898Z,2026-06-09T14:02:59.564870Z,2026-06-09T14:03:35.203403Z,202,completed,3352,37146,846f4f1cc24e:1:fe5375e9,2773677,00000913627ffcea7b304e394f4cfd0bee7cdf20f82e090aaad6bf3c732f2629,4109.0,39747.505,30,
84e17f09-5efb-4231-b431-2906f90cceb7,08ef6c35-53af-40f0-b5e9-6dd3e16a5fb3,426fdd7a-37cb-40d9-b4fc-e698563caa9d,1000,workload-20260609T133920373955Z,73,4,2,2026-06-09T14:02:55.456898Z,2026-06-09T14:02:55.886895Z,2026-06-09T14:03:13.037644Z,202,completed,689,16559,846f4f1cc24e:1:afbe1f3f,408970,00000b342da3ed783a9e59ff363194634a7043c1651fc466f9aebec0df5379e3,437.0,17580.746,10,
b4070532-e057-4647-beae-85ce497e9687,240136c6-b643-4d12-b7f7-70e22a50bab8,426fdd7a-37cb-40d9-b4fc-e698563caa9d,1000,workload-20260609T133920373955Z,74,4,2,2026-06-09T14:02:55.457898Z,2026-06-09T14:02:55.963895Z,2026-06-09T14:03:18.964374Z,202,completed,896,22296,f112958ae7d8:1:7b593280,570069,000007981c9785a249786a50742ea1ca50ffd03a8f0a81da9d7fa6a965579254,500.0,23506.476,16,
e276ebb7-eaae-4c47-8b1b-22d72d0e5af6,960ce1b4-ee5f-4b57-99b1-a020f5519b29,426fdd7a-37cb-40d9-b4fc-e698563caa9d,1000,workload-20260609T133920373955Z,75,4,2,2026-06-09T14:02:55.458898Z,2026-06-09T14:02:55.968896Z,2026-06-09T14:03:07.074547Z,202,completed,1232,10397,846f4f1cc24e:1:be4a2bd3,941701,00000c8239c9940e9efddaf35a6317df9911a0f7227e9141f6c9c8f6be4cb426,515.0,11615.649,5,
22d87681-ee13-457d-ba8e-bb281ac55b35,c447a950-4a26-4b48-a0f3-7f01b2b6ef07,426fdd7a-37cb-40d9-b4fc-e698563caa9d,1000,workload-20260609T133920373955Z,76,4,2,2026-06-09T14:02:55.460898Z,2026-06-09T14:02:55.916899Z,2026-06-09T14:03:16.672909Z,202,completed,169,20348,0616728b7286:1:3575b141,106431,000002961e1a0f789ac567dc58576609e9fc87dcafb63b7b84e38a365ff8040b,453.0,21212.011,14,
daa12880-0cbc-4a0f-97ea-f876efaa748f,2568e783-f3e0-48be-95f5-7148aeab5482,426fdd7a-37cb-40d9-b4fc-e698563caa9d,1000,workload-20260609T133920373955Z,77,4,2,2026-06-09T14:02:55.461896Z,2026-06-09T14:02:56.020896Z,2026-06-09T14:03:21.597625Z,202,completed,1473,25310,9d8c9f4c40ba:1:b7dada92,506761,000000ba55cdfe6853e759e4dad9fa7af305de4aba8deca6d6cf95446e3ee141,562.0,26135.729,18,
8e466015-69c2-46ee-80db-b39db823729d,5961bf03-a4f2-400c-aede-42788b6601c9,426fdd7a-37cb-40d9-b4fc-e698563caa9d,1000,workload-20260609T133920373955Z,78,4,2,2026-06-09T14:02:55.462899Z,2026-06-09T14:02:55.983896Z,2026-06-09T14:03:13.853640Z,202,completed,8069,17497,0616728b7286:1:ac991b71,2827298,0000015d85800bfbfea7c23c82aa9f37b2a4870b7773517fc668572a35078de5,531.0,18390.741,11,
72388314-ccb5-4552-b344-d27f4b3186d4,60318e94-4efe-42d5-b063-a004bc64cf30,426fdd7a-37cb-40d9-b4fc-e698563caa9d,1000,workload-20260609T133920373955Z,79,4,2,2026-06-09T14:02:55.463898Z,2026-06-09T14:02:55.830894Z,2026-06-09T14:03:14.268644Z,202,completed,132,17633,846f4f1cc24e:1:18f99a9c,76455,0000052c1ae82b54a44b7104353fd7a68d48cffac4d915302f7fd7f54b1b66f1,375.0,18804.746,11,
a6befe34-7416-4ae8-8c87-135e6839f616,b505ad6f-8f17-4282-bd6e-7e3a7084bd6c,426fdd7a-37cb-40d9-b4fc-e698563caa9d,1000,workload-20260609T133920373955Z,80,4,2,2026-06-09T14:02:55.464898Z,2026-06-09T14:02:55.834894Z,2026-06-09T14:03:16.641909Z,202,completed,1733,20642,f112958ae7d8:1:e9f959fa,992454,00000d8e2b0316516cb3fb140611d58f5e012425db24940a6336b9e904b36fd5,360.0,21177.011,14,
109425df-9197-4c43-b2d8-2b148bc30edd,9958ee42-4c94-4783-b1ab-55f2d1eb4d58,426fdd7a-37cb-40d9-b4fc-e698563caa9d,1000,workload-20260609T133920373955Z,81,4,2,2026-06-09T14:02:55.466898Z,2026-06-09T14:02:55.921894Z,2026-06-09T14:03:16.011908Z,202,completed,425,19824,0616728b7286:1:2c46944d,133185,00000d7a05a47075cfa420d86ed1e8c48b7fcd365d257082af8849dfbbd8a64a,453.0,20545.01,13,
39ad3482-1ec2-410b-8788-66958794091a,e2458932-d1be-48db-bb81-a3edec915ca9,426fdd7a-37cb-40d9-b4fc-e698563caa9d,1000,workload-20260609T133920373955Z,82,4,2,2026-06-09T14:02:55.467899Z,2026-06-09T14:02:55.856895Z,2026-06-09T14:03:09.712199Z,202,completed,4986,13024,0616728b7286:1:d95a6f17,1672229,00000223ee614298c355c016ff6983688456aadd69cc19ef1e4bf3436e1f4a9c,391.0,14244.3,8,
da5d27c1-b453-42ff-8d5c-b29ad0172ba0,07f70d59-7032-4dc3-a985-f948446b6e54,426fdd7a-37cb-40d9-b4fc-e698563caa9d,1000,workload-20260609T133920373955Z,83,4,2,2026-06-09T14:02:55.468899Z,2026-06-09T14:02:56.009895Z,2026-06-09T14:03:17.838372Z,202,completed,380,21808,9d8c9f4c40ba:1:8b1d7c59,113401,000004cb77c62a23de001966701ec6a0124a184100902c97d0589c0856a8ceb3,531.0,22369.473,15,
3e0bb4c9-53d8-418d-a712-229c2d27da28,3f1eed47-ebd9-4050-b6cb-960287c4c683,426fdd7a-37cb-40d9-b4fc-e698563caa9d,1000,workload-20260609T133920373955Z,84,4,2,2026-06-09T14:02:55.469898Z,2026-06-09T14:02:55.978895Z,2026-06-09T14:03:05.550078Z,202,completed,226,9651,9d8c9f4c40ba:1:86c98a1f,118474,000009d153dfe1d41c54fe7cd1cc84d78147be309a8b3658bae5f3967b146fe7,500.0,10080.18,4,
ea6a8556-0803-4273-b481-2bb7858196a4,c10709d8-0d09-4ea8-8f15-ba30ff27cb49,426fdd7a-37cb-40d9-b4fc-e698563caa9d,1000,workload-20260609T133920373955Z,85,4,2,2026-06-09T14:02:55.470898Z,2026-06-09T14:02:55.827896Z,2026-06-09T14:03:13.158644Z,202,completed,401,17217,846f4f1cc24e:1:76455e39,247735,00000350bc4f6970a2ab29e64daee003fede8c3a34b4b1a2ed997d9639f02d79,360.0,17687.746,11,
d3b08bef-afb0-4120-97eb-05a84d667ff6,e6ffe234-cf86-411d-a363-afeae3c0d742,426fdd7a-37cb-40d9-b4fc-e698563caa9d,1000,workload-20260609T133920373955Z,86,4,2,2026-06-09T14:02:55.471898Z,2026-06-09T14:02:55.876895Z,2026-06-09T14:03:17.826376Z,202,completed,1823,21063,9d8c9f4c40ba:1:4aa4fe72,608779,000001764c25ef726ab5f4fd309344d3d9f8ac1de66cadb9ab9c660473ff608f,406.0,22354.478,14,
6d87f4dd-9965-4d91-b3f9-054be1676a16,2014a757-112a-4e83-9731-c46d4157c93b,426fdd7a-37cb-40d9-b4fc-e698563caa9d,1000,workload-20260609T133920373955Z,87,4,2,2026-06-09T14:02:55.473898Z,2026-06-09T14:02:55.799894Z,2026-06-09T14:03:14.909644Z,202,completed,3485,18754,9d8c9f4c40ba:1:e69812fb,1221514,00000521c99fe917ae595320d2235635501ba4ed66ea9b88cbef2515e81b1371,328.0,19435.746,12,
c53d090e-3a32-40bd-a392-f37ac75e5e1f,26fddc6e-c882-45a2-9559-1cac7836bc80,426fdd7a-37cb-40d9-b4fc-e698563caa9d,1000,workload-20260609T133920373955Z,88,4,2,2026-06-09T14:02:55.474896Z,2026-06-09T14:02:55.912894Z,2026-06-09T14:03:31.289144Z,202,completed,2516,35073,846f4f1cc24e:1:6e8109aa,1639489,00000af47de8995a3c6703421ce6a59146bcd2868a9cb84190e9ae7e9dbed3f1,438.0,35814.248,26,
b2d6df23-7092-4ffd-9294-80e3465dbedf,d852e91b-aae1-4bdd-8c5c-dbc704dfad61,426fdd7a-37cb-40d9-b4fc-e698563caa9d,1000,workload-20260609T133920373955Z,89,4,2,2026-06-09T14:02:55.475896Z,2026-06-09T14:02:55.899895Z,2026-06-09T14:03:28.423140Z,202,completed,22,32408,f112958ae7d8:1:1deac6fd,13829,00000d040f938d8383bb62848c9ac92a35ac13c8d4868da7c01bde2a0ab6d3e6,422.0,32947.244,24,
a9e545ee-5c32-4619-8778-01b89904182a,19d75ac6-41fa-44ec-b60d-e3d42b38fcd3,426fdd7a-37cb-40d9-b4fc-e698563caa9d,1000,workload-20260609T133920373955Z,90,4,2,2026-06-09T14:02:55.477896Z,2026-06-09T14:02:55.949895Z,2026-06-09T14:03:18.399377Z,202,completed,1193,22222,f112958ae7d8:1:1d0f2fbd,798268,00000c1b60485b67544193625c23bb2c7939cf189dec7996e3caf66deb0ad8e0,485.0,22921.481,15,
605a106a-e41f-4015-9c51-84b03fcaea7c,0b888a1e-e0c7-4cbe-a4bd-30dd7a8121ad,426fdd7a-37cb-40d9-b4fc-e698563caa9d,1000,workload-20260609T133920373955Z,91,4,2,2026-06-09T14:02:55.478895Z,2026-06-09T14:02:55.959896Z,2026-06-09T14:03:29.900172Z,202,completed,432,33253,f112958ae7d8:1:9dee749e,388275,00000115547379587c191a4562512637b04360becf3758cc446234d3c3b535d0,485.0,34421.277,25,
3773beaa-e434-4980-ae6a-3df916ba1d51,33158094-829b-458a-b8d7-5b0ec1d7125f,426fdd7a-37cb-40d9-b4fc-e698563caa9d,1000,workload-20260609T133920373955Z,92,4,2,2026-06-09T14:02:55.479898Z,2026-06-09T14:02:55.954897Z,2026-06-09T14:03:18.903377Z,202,completed,759,22225,9d8c9f4c40ba:1:e48aab7a,353868,000005003d4da6e8aff9e9cb6d53a8d3d66c822ef0363508fc07f931b0817696,485.0,23423.479,15,
1f15573e-085a-4add-a4a3-d6653e7116b4,31aeb940-d27e-4e16-a2c8-32eb912d2c4c,426fdd7a-37cb-40d9-b4fc-e698563caa9d,1000,workload-20260609T133920373955Z,93,4,2,2026-06-09T14:02:55.480896Z,2026-06-09T14:02:55.940899Z,2026-06-09T14:03:33.414197Z,202,completed,16197,37078,0616728b7286:1:01d47bde,4992557,00000e23ebeab1b0bef5cffbd1ac1a4948119e8afe6578a55679bf3dcb319e6a,453.0,37933.301,28,
803448e1-e2ba-4b76-8d29-9218cec66086,6843db00-ef4a-445d-8be6-0481c963ba8a,426fdd7a-37cb-40d9-b4fc-e698563caa9d,1000,workload-20260609T133920373955Z,94,4,2,2026-06-09T14:02:55.481894Z,2026-06-09T14:02:55.988897Z,2026-06-09T14:03:32.562196Z,202,completed,3363,36474,f112958ae7d8:1:cbd3d235,2664403,000005c3d4f8faa7bb1a9c7d1d0e7b283f12b1114035c63f7bc1ccb333601d8a,500.0,37080.302,28,
1a32e3fb-c123-43b3-ae5c-61f885e8ae3f,4a1aab21-6f1b-409d-ad0b-2a306b297252,426fdd7a-37cb-40d9-b4fc-e698563caa9d,1000,workload-20260609T133920373955Z,95,4,2,2026-06-09T14:02:55.483894Z,2026-06-09T14:02:56.073897Z,2026-06-09T14:03:23.096625Z,202,completed,2699,26662,846f4f1cc24e:1:d0b90708,1792767,000005e6a8e8cf1c5989dfc81334deadfc540b1063e8728946857e65a387ec55,578.0,27612.731,19,
03fde9ce-48ca-48b5-ba15-8c468d201937,36529e0c-832f-406d-9cc8-72f368ddd7e1,426fdd7a-37cb-40d9-b4fc-e698563caa9d,1000,workload-20260609T133920373955Z,96,4,2,2026-06-09T14:02:55.501894Z,2026-06-09T14:02:56.108896Z,2026-06-09T14:03:29.762173Z,202,completed,8088,33715,9d8c9f4c40ba:1:714de061,2790830,000004a0c9b6680cc33e337662bad4b1c6392a81b2bf18e0b4cff41abbcf364c,610.0,34260.279,24,
7b4eaca5-3987-4fbf-95df-5c1268d8a742,c4072361-a899-4cde-b043-69bee6809b7d,426fdd7a-37cb-40d9-b4fc-e698563caa9d,1000,workload-20260609T133920373955Z,97,4,2,2026-06-09T14:02:55.502894Z,2026-06-09T14:02:56.172898Z,2026-06-09T14:03:25.810506Z,202,completed,2053,29154,846f4f1cc24e:1:bdf663ca,1516076,00000000158884fe5611eb16e400738bfa0457497c5acfec75d05fc3f1e3d834,672.0,30307.612,21,
63c67c09-6365-49c4-bda2-6551e2615529,7ae8d776-f25b-40da-b6aa-618428252279,426fdd7a-37cb-40d9-b4fc-e698563caa9d,1000,workload-20260609T133920373955Z,98,4,2,2026-06-09T14:02:55.503894Z,2026-06-09T14:02:56.004896Z,2026-06-09T14:03:16.979909Z,202,completed,2784,15656,846f4f1cc24e:1:e0c80379,1867900,000000c22ca8d85296d5806a94dfd8281b888da19b979dbcf3a486562c8f9256,500.0,21476.015,9,
e541fe52-3c0c-41fe-8ab4-41c9d7ee16e7,0c0eeae6-23c2-41d4-85d3-73708b90b8f8,426fdd7a-37cb-40d9-b4fc-e698563caa9d,1000,workload-20260609T133920373955Z,99,4,2,2026-06-09T14:02:55.505896Z,2026-06-09T14:02:56.084894Z,2026-06-09T14:03:36.618404Z,202,completed,18260,40893,9d8c9f4c40ba:1:ebfa701e,7163385,00000b7ec16eb3e2ec52fd6f52a7f6628b7335f65e3e1c32c4bdfbe155525ecc,579.0,41112.508,31,
aca6911a-becb-4457-96b8-0cb32342c31e,8964296b-dba3-48f5-b39b-0f579a28eab8,426fdd7a-37cb-40d9-b4fc-e698563caa9d,1000,workload-20260609T133920373955Z,100,4,2,2026-06-09T14:02:55.506894Z,2026-06-09T14:02:56.114894Z,2026-06-09T14:03:12.720518Z,202,completed,988,15898,f112958ae7d8:1:cde5a849,610259,00000dda2d4a6b7ca6647dc37baaeffd3837af5604d02e48922abdf4024dcbec,610.0,17213.624,10,
dfae509c-b798-45fa-aba8-0c258aca0b95,5ceff5bd-f1a4-48eb-88a2-e2f379b9f40c,426fdd7a-37cb-40d9-b4fc-e698563caa9d,1000,workload-20260609T133920373955Z,101,4,2,2026-06-09T14:02:55.507896Z,2026-06-09T14:02:56.187896Z,2026-06-09T14:03:33.104197Z,202,completed,2705,36267,846f4f1cc24e:1:03132d37,1829020,000004ae4cb5349a434f524c7cd2c4812b298b74b3b92c2d72ff0e33af49db1f,688.0,37596.301,28,
80e4a3b2-9582-4836-98e7-89f11cc99fbb,3429fd78-45cb-447b-a792-a9a51a3c8c01,426fdd7a-37cb-40d9-b4fc-e698563caa9d,1000,workload-20260609T133920373955Z,102,4,2,2026-06-09T14:02:55.508896Z,2026-06-09T14:02:56.079895Z,2026-06-09T14:03:34.174424Z,202,completed,3133,37728,0616728b7286:1:c850cabc,1248446,0000052f273049be7f1be617023f8505dd57e4f1d49c8958f322187143db33a9,579.0,38665.528,29,
35e40a15-9331-4d56-866a-6456425ebea9,056257db-ebc1-4b39-96bb-9f2d57e3e7c5,426fdd7a-37cb-40d9-b4fc-e698563caa9d,1000,workload-20260609T133920373955Z,103,4,2,2026-06-09T14:02:55.509895Z,2026-06-09T14:02:55.994895Z,2026-06-09T14:03:34.861401Z,202,completed,4816,38838,9d8c9f4c40ba:1:66ccf7a8,1660063,00000ff9478ae720b98c31706836793ef5541b75f82b5a1d038d2857ebcdd19b,485.0,39351.506,30,
3c415201-1042-4e5a-86d5-3a89a3a60a8e,43d8ab4e-efa2-4ba0-b24f-ba2a39a02648,426fdd7a-37cb-40d9-b4fc-e698563caa9d,1000,workload-20260609T133920373955Z,104,4,2,2026-06-09T14:02:55.510896Z,2026-06-09T14:02:55.999894Z,2026-06-09T14:03:29.807172Z,202,completed,261,33887,f112958ae7d8:1:bc41b227,156124,00000ccdeb42322447aef5a46c4f854dc766126f451be2c5f8b6df8f66a89a51,500.0,34296.276,25,
dfd86b32-2a93-4e63-8076-8643dd42e916,8a443e94-cf82-4cfb-8259-66c72f4e652c,426fdd7a-37cb-40d9-b4fc-e698563caa9d,1000,workload-20260609T133920373955Z,105,4,2,2026-06-09T14:02:55.512894Z,2026-06-09T14:02:56.127897Z,2026-06-09T14:03:23.538624Z,202,completed,1278,27560,846f4f1cc24e:1:3f5810a2,865813,00000af84b4d3631baf5c8eea94bb697b386e08b54eab71ba580099d5167e293,609.0,28025.73,20,
ee607abc-1a63-4960-952b-53b9eef44d2d,f28d215d-e302-4656-ab89-84bd173fd268,426fdd7a-37cb-40d9-b4fc-e698563caa9d,1000,workload-20260609T133920373955Z,106,4,2,2026-06-09T14:02:55.513894Z,2026-06-09T14:02:56.090896Z,2026-06-09T14:03:22.421625Z,202,completed,1939,25997,846f4f1cc24e:1:87a95683,1168656,00000de9b14d5a78eed71d7624bb57f6dc58df7c7267ec39a5ee6ff8454412d8,578.0,26907.731,19,
7c70e489-43e3-468f-b6bd-40c116123f11,230107a1-5c49-4282-b8a3-c156c2ae2112,426fdd7a-37cb-40d9-b4fc-e698563caa9d,1000,workload-20260609T133920373955Z,107,4,2,2026-06-09T14:02:55.514895Z,2026-06-09T14:02:56.067896Z,2026-06-09T14:03:26.497189Z,202,completed,5747,30296,f112958ae7d8:1:dab1bd1d,3908988,00000f2bf7f6b45bb1948a403d0fb222cbfa6cfd4d6adf0fbaedee2c491f5ff2,547.0,30982.294,22,
430a4407-6dd8-4a73-a5a9-0d57d24234a8,c00ac1ce-1427-464c-9d94-fcf2df7b77ef,426fdd7a-37cb-40d9-b4fc-e698563caa9d,1000,workload-20260609T133920373955Z,108,4,2,2026-06-09T14:02:55.515894Z,2026-06-09T14:02:56.179899Z,2026-06-09T14:03:25.869920Z,202,completed,2056,29374,f112958ae7d8:1:77c81e63,1229094,00000a9d743196d3b4a5a5022ce586b5bcbebeb2ec8b01b1e50041c93f27a1dd,656.0,30354.026,21,
a34eaa5e-5410-4e72-b2d0-af0936cef328,dcf000bb-cca1-48d7-aba5-5835d316af91,426fdd7a-37cb-40d9-b4fc-e698563caa9d,1000,workload-20260609T133920373955Z,109,4,2,2026-06-09T14:02:55.516896Z,2026-06-09T14:02:56.045896Z,2026-06-09T14:03:20.382928Z,202,completed,1632,23650,9d8c9f4c40ba:1:e2d38cef,662337,00000803963608214c88ac34d1f9f428ada997b167064619a658f204e69a971f,531.0,24866.032,17,
a4825338-250c-4798-85cb-53e58ebe9afc,49d018d5-2b0e-4bcb-a01a-e6a5162aa89a,426fdd7a-37cb-40d9-b4fc-e698563caa9d,1000,workload-20260609T133920373955Z,110,4,2,2026-06-09T14:02:55.517897Z,2026-06-09T14:02:56.146894Z,2026-06-09T14:03:10.869518Z,202,completed,40,14368,0616728b7286:1:5c3a8564,12377,00000eb8452f1283edb0082d5e22a39c9f221b3538b294bf94369aced692245d,625.0,15351.621,8,
11afa24b-777a-4884-b1d8-90d968cabbe3,5a896572-d3b3-44be-a372-bd8d236d24f8,426fdd7a-37cb-40d9-b4fc-e698563caa9d,1000,workload-20260609T133920373955Z,111,4,2,2026-06-09T14:02:55.519894Z,2026-06-09T14:02:56.152894Z,2026-06-09T14:03:10.413198Z,202,completed,662,13937,0616728b7286:1:3fb17d10,181554,000005ac6dd94c3bd0c138552b67a23902bc3058828ec2678440b8961cb3fa75,641.0,14893.304,8,
ee00a9e4-3b95-47bb-a769-16872e5eb631,c3387ec1-bdfd-4aa6-a475-de2d222221fa,426fdd7a-37cb-40d9-b4fc-e698563caa9d,1000,workload-20260609T133920373955Z,112,4,2,2026-06-09T14:02:55.520894Z,2026-06-09T14:02:56.165896Z,2026-06-09T14:03:34.818173Z,202,completed,2674,38075,f112958ae7d8:1:cb06de13,2444557,00000711e4080c35616e944988363344fea661b71c98cb51aee519452e97b97e,641.0,39297.279,29,
541ecca0-369a-4de3-96ea-32c3f4628c1b,d5633fbf-8a50-492a-a860-2da2f91b5d9a,426fdd7a-37cb-40d9-b4fc-e698563caa9d,1000,workload-20260609T133920373955Z,113,4,2,2026-06-09T14:02:55.521894Z,2026-06-09T14:02:56.102894Z,2026-06-09T14:03:22.932625Z,202,completed,1064,26961,f112958ae7d8:1:5eda8270,647385,00000050449412fcf87013fad8de44ef8a929fc8cd36edef59b6ec156a26bfd7,578.0,27410.731,19,
29afb37f-8a86-40a6-97bd-3c75e190c572,f0b982f8-4478-4aa7-878f-71f2ddff2f6f,426fdd7a-37cb-40d9-b4fc-e698563caa9d,1000,workload-20260609T133920373955Z,114,4,2,2026-06-09T14:02:55.522895Z,2026-06-09T14:02:56.139894Z,2026-06-09T14:03:11.374521Z,202,completed,96,14802,0616728b7286:1:59a4f782,25857,000008086a516bf981ed24c054dd745fbc7487fd2e6a4b55fc4687fa8f370bc2,625.0,15851.626,9,
ec2de5fe-199b-4153-ac55-9fdcbd8d23ba,cf7db48c-b1f4-4a2e-93e9-ccce5e11d329,426fdd7a-37cb-40d9-b4fc-e698563caa9d,1000,workload-20260609T133920373955Z,115,4,2,2026-06-09T14:02:55.523897Z,2026-06-09T14:02:56.158896Z,2026-06-09T14:03:21.872625Z,202,completed,1072,25547,f112958ae7d8:1:8aec722e,690772,000006b0d4b4a88435387b8446afdd6fe7a7e1f810ee22535a7b0c39ff408b6d,641.0,26348.728,18,
e672ac2a-36ce-4077-90b4-2d1b4664f63d,40b47ce2-1665-40d3-9004-0f4569b95935,426fdd7a-37cb-40d9-b4fc-e698563caa9d,1000,workload-20260609T133920373955Z,116,4,2,2026-06-09T14:02:55.525894Z,2026-06-09T14:02:56.121895Z,2026-06-09T14:03:15.431910Z,202,completed,3981,19164,0616728b7286:1:025b5b72,1342752,00000bbdcc621df80a89b853466428e25fe858f6a6f323333fd05b0b8ade29de,609.0,19906.016,13,
565abffd-209c-47ea-8c70-7837dfddcda3,62e96a78-8479-46fa-9d07-1e52db0251d4,426fdd7a-37cb-40d9-b4fc-e698563caa9d,1000,workload-20260609T133920373955Z,117,4,2,2026-06-09T14:02:55.526896Z,2026-06-09T14:02:56.039894Z,2026-06-09T14:03:30.910144Z,202,completed,803,35034,f112958ae7d8:1:389edd66,490898,00000119788cebe8b38d961c2d1df2362d9c162f47276d1340e8a4d5268507e0,516.0,35383.248,25,
2a2c2e24-d7c1-4a94-85ac-79d50633af9a,1b095744-7cf2-4440-8abb-1ecc9a52a351,426fdd7a-37cb-40d9-b4fc-e698563caa9d,1000,workload-20260609T133920373955Z,118,4,2,2026-06-09T14:02:55.527896Z,2026-06-09T14:02:56.133893Z,2026-06-09T14:03:15.148909Z,202,completed,4086,18315,f112958ae7d8:1:cde36527,2622300,000003f9f0785ae5688f056ab436efcd7aa68222cd629d9c0cc9c28cf7a081ca,593.0,19621.013,12,
4dc84f43-aef7-4c07-b07b-fef7cde78e02,3eb38c34-1a92-46ff-8f69-caa8fbd35917,426fdd7a-37cb-40d9-b4fc-e698563caa9d,1000,workload-20260609T133920373955Z,119,4,2,2026-06-09T14:02:55.528896Z,2026-06-09T14:02:56.034897Z,2026-06-09T14:03:20.023924Z,202,completed,2238,23747,846f4f1cc24e:1:efffaa7d,1433412,000001205e9d71f5580d8a5f0e883af9fbe7adfb4a1bb9cfd64a421d2f0bc979,500.0,24495.028,16,
4d182acf-39e3-4903-b8e8-1d811358ae1d,6b80a275-2a39-4fbb-84a4-3d2f6d7bd8dc,426fdd7a-37cb-40d9-b4fc-e698563caa9d,1000,workload-20260609T133920373955Z,120,4,2,2026-06-09T14:02:55.530896Z,2026-06-09T14:02:56.096894Z,2026-06-09T14:03:18.840373Z,202,completed,245,22811,f112958ae7d8:1:5ee4608b,177148,00000001d9e2bb0bba5187ac859d253ed5c8d825db79b2abae2c185cca26a6dd,562.0,23309.477,16,
