request_id,job_id,experiment_id,target_rps,run_label,request_seq,vm_count,worker_count_per_vm,submit_started_at,post_response_at,job_completed_at,http_status,job_status,execution_time_ms,end_to_end_time_ms,worker_id,nonce,result_hash,enqueue_time_ms,client_end_to_end_time_ms,poll_count,error_message
14a04e40-f211-47c6-898f-5dc4bc13f89a,fdf6edcb-7828-41b9-b6ea-6c929d152f90,4b6f4aee-54a4-45df-8b95-3d61f3cbf035,1,workload-20260609T121504519314Z,1,,2,2026-06-09T12:15:05.072139Z,2026-06-09T12:15:05.217141Z,2026-06-09T12:17:04.455328Z,202,completed,353,1329,cb9fb5da3c43:1:08faa39b,217111,000006a276aa0e92a2eeca54c7a64901ae8d03d22ea20c8af50d87da551a9f46,156.0,119383.189,1,
77f997a0-a742-4b17-8c1e-33ce1011dd31,c977a87d-6439-4447-b108-3888de6ce332,4b6f4aee-54a4-45df-8b95-3d61f3cbf035,1,workload-20260609T121504519314Z,2,,2,2026-06-09T12:15:06.074149Z,2026-06-09T12:15:06.196323Z,2026-06-09T12:17:04.486329Z,202,completed,333,1111,cb9fb5da3c43:1:8e05b8c7,205822,000006b097bcf79c6697d1c155f976d250732d131b2778efaadf1ad974e7ac0f,109.0,118412.18,1,
abb990b0-35a7-47bd-894a-fd11d7a0f545,c98322be-f892-4083-ab8b-ede77971073e,4b6f4aee-54a4-45df-8b95-3d61f3cbf035,1,workload-20260609T121504519314Z,3,,2,2026-06-09T12:15:07.085323Z,2026-06-09T12:15:07.220846Z,2026-06-09T12:17:04.544328Z,202,completed,1277,1795,cb9fb5da3c43:1:56406b74,709540,00000aead5e5738793f8bb98f75575c6403ebaa85eeb52558ddec3b6e12df2bd,140.0,117459.005,1,
cb18fc8e-1648-4267-a703-e6ae86b2d3a4,e0d58a2c-687b-4d4a-bab1-033873bc05f7,4b6f4aee-54a4-45df-8b95-3d61f3cbf035,1,workload-20260609T121504519314Z,4,,2,2026-06-09T12:15:08.066845Z,2026-06-09T12:15:08.201846Z,2026-06-09T12:17:04.535331Z,202,completed,5007,5538,cb9fb5da3c43:1:1a1b1400,1603963,00000239586b8c61f5792cd90e6a8be0e951e68ff9e0c7dffb6e8c12daddabb9,141.0,116468.486,1,
90d06a96-3d87-4ebb-b58f-227abc50d788,50fa4720-df61-4cd7-bf7e-a79f9d82f5b7,4b6f4aee-54a4-45df-8b95-3d61f3cbf035,1,workload-20260609T121504519314Z,5,,2,2026-06-09T12:15:09.069746Z,2026-06-09T12:15:09.211234Z,2026-06-09T12:17:05.658554Z,202,completed,4326,4949,cb9fb5da3c43:1:fc165190,1263832,00000b4bcff12ca1446450b46922a61805a914317c515e32493b9cda377888c4,141.0,116588.808,1,
3ef74b27-4ce5-44b7-bb08-2f8214c1c023,95ef9ffe-7c3d-4b48-94f5-43a606391a83,4b6f4aee-54a4-45df-8b95-3d61f3cbf035,1,workload-20260609T121504519314Z,6,,2,2026-06-09T12:15:10.076753Z,2026-06-09T12:15:10.213802Z,2026-06-09T12:17:05.215554Z,202,completed,1480,5251,cb9fb5da3c43:1:2a80f5be,669355,00000a8a0152dc21c512f27b2e83fe06ef036dd6cca5c3325b51ed7024006ed4,125.0,115138.801,1,
b19483c9-ba8d-4880-bbc0-8ca6b6f4a9fe,861606d8-baa6-4202-be7e-51ce615a0132,4b6f4aee-54a4-45df-8b95-3d61f3cbf035,1,workload-20260609T121504519314Z,7,,2,2026-06-09T12:15:11.083834Z,2026-06-09T12:15:11.201672Z,2026-06-09T12:17:04.762277Z,202,completed,283,3586,cb9fb5da3c43:1:76c06989,76395,000002c8b2b9c3f906c82f9cc60a9fbaf19d2661751b83efee83a5ca1df89263,125.0,113678.443,1,
cad7dd47-f0a3-4fc8-9e31-7495b43c6e4e,b5a1e21d-8013-4c72-8b48-15bd47d7a02d,4b6f4aee-54a4-45df-8b95-3d61f3cbf035,1,workload-20260609T121504519314Z,8,,2,2026-06-09T12:15:12.076805Z,2026-06-09T12:15:12.196602Z,2026-06-09T12:17:04.704355Z,202,completed,3571,6575,cb9fb5da3c43:1:9440af0d,1161120,00000d68eef02f8f6aa9a3f3923fc086b44089b8ec54d3329815e6946a8dc37b,109.0,112627.55,1,
e03b71fc-96da-45dc-b83b-b8b7e6acbf47,e9925a30-c1bb-4052-80ae-a06989fc37d2,4b6f4aee-54a4-45df-8b95-3d61f3cbf035,1,workload-20260609T121504519314Z,9,,2,2026-06-09T12:15:13.080467Z,2026-06-09T12:15:13.235466Z,2026-06-09T12:17:05.505554Z,202,completed,574,3163,cb9fb5da3c43:1:f282d9d6,154562,000009b692c8e13bc5c96f55398b605f645854a64aa6fd91daceff9ab12f6e46,156.0,112425.087,1,
81f86a21-10bb-4231-98fb-74d402646c58,077fdfba-e686-4e68-bb60-92720b71621c,4b6f4aee-54a4-45df-8b95-3d61f3cbf035,1,workload-20260609T121504519314Z,10,,2,2026-06-09T12:15:14.077060Z,2026-06-09T12:15:14.215061Z,2026-06-09T12:17:05.058679Z,202,completed,12014,14377,cb9fb5da3c43:1:09c83531,3557028,00000ececf16df36d54370534949ac44562662abd5a508fb210fe274e67667de,140.0,110981.619,1,
2bd9a2be-e7b3-47a0-8652-f5d82155e225,39bdb053-7559-405e-885a-8c842e8fac2b,4b6f4aee-54a4-45df-8b95-3d61f3cbf035,1,workload-20260609T121504519314Z,11,,2,2026-06-09T12:15:15.067060Z,2026-06-09T12:15:15.206061Z,2026-06-09T12:17:04.840281Z,202,completed,936,4766,cb9fb5da3c43:1:11bc639a,249477,00000aeb2a2a0732179bd2b39ee0c861eaf2b903a50c718041dafe607a1393bc,141.0,109773.221,1,
75d7f66b-e05e-4f9f-a1cd-94c919629711,a2eac273-3c90-4424-948a-1c1f6e65589f,4b6f4aee-54a4-45df-8b95-3d61f3cbf035,1,workload-20260609T121504519314Z,12,,2,2026-06-09T12:15:16.077485Z,2026-06-09T12:15:16.196188Z,2026-06-09T12:17:05.770552Z,202,completed,3159,7216,cb9fb5da3c43:1:6db1cbe8,841844,00000a359b2c79534f862ede4138ef4b5d2ba5617a863d429d7fa8343bfe00d6,109.0,109693.067,1,
61d4c6fe-c4d8-424f-b9d5-de52cabaef51,bd9df3ef-a86a-4f83-89df-06a588e3c7d2,4b6f4aee-54a4-45df-8b95-3d61f3cbf035,1,workload-20260609T121504519314Z,13,,2,2026-06-09T12:15:17.073810Z,2026-06-09T12:15:17.193928Z,2026-06-09T12:17:05.530554Z,202,completed,10345,16817,cb9fb5da3c43:1:a16ed60f,2862316,00000a04106ce6bed0a9a0fb7e5e94b3ac450b809819c338e4c44a0ec54b33e0,125.0,108456.744,1,
39fb1fb0-6ecd-456c-8184-a513beb5156b,,4b6f4aee-54a4-45df-8b95-3d61f3cbf035,1,workload-20260609T121504519314Z,14,,2,2026-06-09T12:15:18.076925Z,2026-06-09T12:15:48.086680Z,,,failed,,,,,,30000.0,,0,POST /pow failed: 
1d9a48b6-62a5-4cef-b7cd-329540cce80b,aa93a10e-4b45-42b3-895c-98c9d1fe73f6,4b6f4aee-54a4-45df-8b95-3d61f3cbf035,1,workload-20260609T121504519314Z,15,,2,2026-06-09T12:15:19.070901Z,2026-06-09T12:15:19.241902Z,2026-06-09T12:17:05.662552Z,202,completed,8959,18694,cb9fb5da3c43:1:01e18208,2480070,000002f62257ae508ac4df64ad944906b033190b6387ca175ece1423a5f7ad68,172.0,106591.651,1,
a69300a9-d33e-4dfb-9fab-cc69a6f61ee6,ac201e55-1fce-41bf-8ed2-48cc075db179,4b6f4aee-54a4-45df-8b95-3d61f3cbf035,1,workload-20260609T121504519314Z,16,,2,2026-06-09T12:15:20.085676Z,2026-06-09T12:15:20.228188Z,2026-06-09T12:17:05.661554Z,202,completed,4645,18624,cb9fb5da3c43:1:eb9ab081,1374118,000002badaf886be3d982ae56103690207b73a4957432b771e01531a72b65d24,140.0,105575.878,1,
b0d22872-958e-458e-bc3f-4d37fc3009d5,bcb6d77b-5ce9-447d-a0f1-9127436de761,4b6f4aee-54a4-45df-8b95-3d61f3cbf035,1,workload-20260609T121504519314Z,17,,2,2026-06-09T12:15:21.076273Z,2026-06-09T12:15:21.210725Z,2026-06-09T12:17:05.808553Z,202,completed,2915,20050,cb9fb5da3c43:1:c18cf46f,844345,000004deb5956650ccad83146f87a22ef729d70a0dfafd6e491d4144929b37c5,125.0,104732.28,1,
8da3939a-505e-4852-8152-409be3ee9f8a,0f3733cd-c441-4036-bc09-276bf6814918,4b6f4aee-54a4-45df-8b95-3d61f3cbf035,1,workload-20260609T121504519314Z,18,,2,2026-06-09T12:15:22.075637Z,2026-06-09T12:15:22.217498Z,2026-06-09T12:17:05.553554Z,202,completed,17910,34718,cb9fb5da3c43:1:ad7f6fdd,4952955,000007f85c99b9fdfeb07cd00277bc6cb3c1c4762bef2df006c22a71728d5bdb,140.0,103477.917,1,
9a1d26ff-aaf6-42c7-94e9-3a8874ced894,a839d45a-469f-4ecf-a65c-9f204dd88947,4b6f4aee-54a4-45df-8b95-3d61f3cbf035,1,workload-20260609T121504519314Z,19,,2,2026-06-09T12:15:23.076640Z,2026-06-09T12:15:23.198542Z,2026-06-09T12:17:05.672552Z,202,completed,15827,34126,cb9fb5da3c43:1:f370ac1d,4287251,00000625151842bb0d6f2211874496784d87b3cc40726040af5cc83fe36f6dfb,109.0,102595.912,1,
44b57de1-4da7-4b4a-aaac-ef492b52f0ed,9c03fe9c-8473-4ce7-b727-9f15a7a77ede,4b6f4aee-54a4-45df-8b95-3d61f3cbf035,1,workload-20260609T121504519314Z,20,,2,2026-06-09T12:15:24.081720Z,2026-06-09T12:15:24.215720Z,2026-06-09T12:17:05.674553Z,202,completed,621,33530,cb9fb5da3c43:1:48834218,289779,00000713786dab7de4fb32da7a6540805839d09e641b2c2ee7af9a0961dd4c9e,140.0,101592.833,1,
30836d55-6baa-485c-9e4a-8fb373907980,df153258-354d-4b18-abdd-071875e02a8d,4b6f4aee-54a4-45df-8b95-3d61f3cbf035,1,workload-20260609T121504519314Z,21,,2,2026-06-09T12:15:25.068895Z,2026-06-09T12:15:25.190717Z,2026-06-09T12:17:05.671553Z,202,completed,108,32619,cb9fb5da3c43:1:c749bbf6,29666,000005cdbfe982d570a6c0639fba33e86eb615d67ff3dc04d0dc88bc86542fd0,125.0,100602.658,1,
d86727b8-0838-4913-bc63-f24d49340650,21b88b7d-0428-4f56-a679-36508b5cd20c,4b6f4aee-54a4-45df-8b95-3d61f3cbf035,1,workload-20260609T121504519314Z,22,,2,2026-06-09T12:15:26.067717Z,2026-06-09T12:15:26.201718Z,2026-06-09T12:17:05.681552Z,202,completed,1419,33367,cb9fb5da3c43:1:062b1e4b,407942,00000a6a486e10572f099c69c62f3072a8426be0299794d46dacb9f905c6c94c,141.0,99613.835,1,
7063648f-6bcc-4f2b-a9ff-f856c5b31f11,6ae94709-cc01-4f4d-b2f4-f1df8cb10e8b,4b6f4aee-54a4-45df-8b95-3d61f3cbf035,1,workload-20260609T121504519314Z,23,,2,2026-06-09T12:15:27.066715Z,2026-06-09T12:15:27.202720Z,2026-06-09T12:17:05.678553Z,202,completed,4650,35695,cb9fb5da3c43:1:56dcd598,1508552,00000dd6c478f686b2ce712e60fe9c8fa981c7e7cd827b2dfd6ecd7c5e48ddf2,141.0,98611.838,1,
fe3bbd8e-4988-4cd2-9f4d-29e8674d89b8,9762683b-486b-4d01-ae3f-2ca6c1969127,4b6f4aee-54a4-45df-8b95-3d61f3cbf035,1,workload-20260609T121504519314Z,24,,2,2026-06-09T12:15:28.066586Z,2026-06-09T12:15:28.188713Z,2026-06-09T12:17:05.694553Z,202,completed,2512,34280,cb9fb5da3c43:1:65f4c304,670293,0000028a3f3565d5207cdbafb35a8791af501b5a8a1b0731a42e0249b48afc2a,125.0,97627.967,1,
d06545df-847d-4397-a009-413e00be72a0,054f874a-5388-4950-b179-98ece5e9d521,4b6f4aee-54a4-45df-8b95-3d61f3cbf035,1,workload-20260609T121504519314Z,25,,2,2026-06-09T12:15:29.064610Z,2026-06-09T12:15:29.204743Z,2026-06-09T12:17:05.665555Z,202,completed,1321,34864,cb9fb5da3c43:1:bf58ff23,475809,000001610220a428b0cdf4bc52d3e9d0bf42f9031f2e38323a4fa3a1eaa8698b,141.0,96600.945,1,
7d477575-92cd-4f5b-bd85-1995e0489d3b,f03cf558-7586-4912-abb3-3a943c7114de,4b6f4aee-54a4-45df-8b95-3d61f3cbf035,1,workload-20260609T121504519314Z,26,,2,2026-06-09T12:15:30.065908Z,2026-06-09T12:15:30.185935Z,2026-06-09T12:17:05.815554Z,202,completed,1767,34776,cb9fb5da3c43:1:a34dd669,564472,000004fe8718f7d2f0a4218ed3aea20691fcd0158c0b4b5ec24311187fab7a6d,125.0,95749.646,1,
12202634-9e01-47f8-ad3e-e91045a9d61f,bc874b0d-a408-4f42-93e9-ddf9086681c6,4b6f4aee-54a4-45df-8b95-3d61f3cbf035,1,workload-20260609T121504519314Z,27,,2,2026-06-09T12:15:31.064582Z,2026-06-09T12:15:31.201098Z,2026-06-09T12:17:05.812551Z,202,completed,634,33852,cb9fb5da3c43:1:416b0dfc,180129,00000403faec72ee792b5cf12e5ee24087533ad847af98f4acfbaef520c023f2,141.0,94747.969,1,
b2fec8c3-78e5-4256-b0cc-a3d4f28c1885,1fe3b72e-cea9-4d63-ba62-09cbc38ccc39,4b6f4aee-54a4-45df-8b95-3d61f3cbf035,1,workload-20260609T121504519314Z,28,,2,2026-06-09T12:15:32.065483Z,2026-06-09T12:15:32.200422Z,2026-06-09T12:17:05.691554Z,202,completed,673,33883,cb9fb5da3c43:1:4b6e4331,227102,00000876ed9f035002966a2aade7b7a0b7ceaf11dc8ef780b224850596f57e8f,141.0,93626.071,1,
00f14c9f-250d-424e-afad-b3b50f8860ef,966aa10b-3514-4e3b-8ca8-8c3c194cc9f1,4b6f4aee-54a4-45df-8b95-3d61f3cbf035,1,workload-20260609T121504519314Z,29,,2,2026-06-09T12:15:33.063729Z,2026-06-09T12:15:33.184124Z,2026-06-09T12:17:05.680552Z,202,completed,2353,34694,cb9fb5da3c43:1:9be8b185,880353,00000fec8cb4907da25786fdfd1e079571a3ec2b89646a19ee85a7ca0797b91f,125.0,92616.823,1,
d14dcd3e-9f21-4d9d-ba0f-0ed50d7b8452,a1e641a6-2b62-441c-9f00-b9c67736ce8e,4b6f4aee-54a4-45df-8b95-3d61f3cbf035,1,workload-20260609T121504519314Z,30,,2,2026-06-09T12:15:34.068704Z,2026-06-09T12:15:34.206017Z,2026-06-09T12:17:05.700553Z,202,completed,44,32273,cb9fb5da3c43:1:ba4709fe,11623,000006dc9c9ccdd44db663b9816d8cb78f3192dac7df5e750e9eaa61ddea2cc7,141.0,91631.849,1,
68da53c6-9885-4f5f-9ae3-e0cd1de4930c,afa0165e-d59d-457f-9758-7b5fdcd00ed3,4b6f4aee-54a4-45df-8b95-3d61f3cbf035,1,workload-20260609T121504519314Z,31,,2,2026-06-09T12:15:35.080309Z,2026-06-09T12:15:35.215188Z,2026-06-09T12:17:05.708552Z,202,completed,2398,33864,cb9fb5da3c43:1:5ae1b3ee,781329,00000b8f91fca32f5d730dd15488e2de51ee2adead430c44911815c09fd83be4,140.0,90628.243,1,
3f531dc6-7189-4cef-a678-c31c33b3a6f0,dd0908e8-674c-411d-aa47-5f38e5251288,4b6f4aee-54a4-45df-8b95-3d61f3cbf035,1,workload-20260609T121504519314Z,32,,2,2026-06-09T12:15:36.064697Z,2026-06-09T12:15:36.185698Z,2026-06-09T12:17:05.697553Z,202,completed,8883,40820,cb9fb5da3c43:1:adb87b1b,2464161,000008204105ca683653775965e9efac01a2ececa369d8be891501ba77b610fe,125.0,89632.856,1,
20216b00-5c82-451b-b15d-3d06121bd85e,6799309c-5d92-4ec8-8211-fc085a4de93f,4b6f4aee-54a4-45df-8b95-3d61f3cbf035,1,workload-20260609T121504519314Z,33,,2,2026-06-09T12:15:37.062702Z,2026-06-09T12:15:37.185672Z,2026-06-09T12:17:05.710553Z,202,completed,8524,40732,cb9fb5da3c43:1:5b23021d,2347182,00000c490737368921ad2a35cce717c5ef7faf2e76bf8089c8d3c2b89c689107,125.0,88647.851,1,
24599db2-bc24-4a2d-a22b-5d73fd6a9971,4c07d116-c3bb-4f0c-abd6-b213900a842b,4b6f4aee-54a4-45df-8b95-3d61f3cbf035,1,workload-20260609T121504519314Z,34,,2,2026-06-09T12:15:38.061429Z,2026-06-09T12:15:38.196827Z,2026-06-09T12:17:05.714552Z,202,completed,2599,41645,cb9fb5da3c43:1:3c3571a5,803659,000007748ef931ae0056e049554d7ce210a0cdb1ecb386d0925f81c6c423cd4c,125.0,87653.123,1,
64204d27-fe51-47cb-9194-ee476deb9e08,ea1b27b1-e1c5-45cb-95bc-34a59a53b5fd,4b6f4aee-54a4-45df-8b95-3d61f3cbf035,1,workload-20260609T121504519314Z,35,,2,2026-06-09T12:15:39.079438Z,2026-06-09T12:15:39.199509Z,2026-06-09T12:17:05.703551Z,202,completed,3215,42448,cb9fb5da3c43:1:b0861121,987674,00000647fe5ebf4da5839001c1af6945a842b0111452fbda93a32bb0616f2b9b,125.0,86624.113,1,
029098ac-344d-4c82-9bfb-fe79aea7f8bd,bec762e6-2f11-47db-82da-4aef9856acd3,4b6f4aee-54a4-45df-8b95-3d61f3cbf035,1,workload-20260609T121504519314Z,36,,2,2026-06-09T12:15:40.073740Z,2026-06-09T12:15:40.207698Z,2026-06-09T12:17:05.933552Z,202,completed,1132,41045,cb9fb5da3c43:1:b024794a,306861,000001a4b582561f3e703f664d641adf4224ea295304f4db3ba177eb5c63bf53,141.0,85859.812,1,
87d9a396-4b0f-43c5-9163-33e4c7c16d2e,dfaab609-b54e-4283-8123-ca2a8c8a9f98,4b6f4aee-54a4-45df-8b95-3d61f3cbf035,1,workload-20260609T121504519314Z,37,,2,2026-06-09T12:15:41.073886Z,2026-06-09T12:15:41.194692Z,2026-06-09T12:17:05.819551Z,202,completed,614,40862,cb9fb5da3c43:1:7207a4d8,327407,000000c0450944e84fc3f5ab0a15110d2341048e624c4dcf20326b82c7712c7d,125.0,84745.665,1,
f71ef4a2-f790-4642-8c75-1a309d41a69c,265e6354-b076-49e8-9544-8d4206c25041,4b6f4aee-54a4-45df-8b95-3d61f3cbf035,1,workload-20260609T121504519314Z,38,,2,2026-06-09T12:15:42.076862Z,2026-06-09T12:15:42.204694Z,2026-06-09T12:17:05.705551Z,202,completed,151,39920,cb9fb5da3c43:1:020f63b6,40311,000007d649f9d3efc54f3503dfd602b07e13cb93fa7603f843fa13bed43a500b,125.0,83628.689,1,
8a52218b-c06d-4d02-acc5-7cc105dac94a,f4c3bed4-5ea0-4959-97df-8fa79bd40771,4b6f4aee-54a4-45df-8b95-3d61f3cbf035,1,workload-20260609T121504519314Z,39,,2,2026-06-09T12:15:43.070688Z,2026-06-09T12:15:43.203725Z,2026-06-09T12:17:05.734551Z,202,completed,3386,42699,cb9fb5da3c43:1:62f70df0,938280,000003a43b3a7b811938654a13bbc030962855f10536eeef51f644314e55d434,141.0,82663.863,1,
75af269b-66fd-407f-a44e-409845c40dfd,d017a229-5238-4ec7-aede-72373500da76,4b6f4aee-54a4-45df-8b95-3d61f3cbf035,1,workload-20260609T121504519314Z,40,,2,2026-06-09T12:15:44.075806Z,2026-06-09T12:15:44.196505Z,2026-06-09T12:17:05.798553Z,202,completed,4237,42603,cb9fb5da3c43:1:034d011f,1262893,00000b31bfb9f7b4a06724d63555e648a3cdd659e7be6a267db6bdf2b1bb4bfd,109.0,81722.747,1,
14240ba8-af0d-4577-b329-b0d81ff67d9f,6dfb6dd2-3240-4ca0-adb5-d950568d6389,4b6f4aee-54a4-45df-8b95-3d61f3cbf035,1,workload-20260609T121504519314Z,41,,2,2026-06-09T12:15:45.081857Z,2026-06-09T12:15:45.217687Z,2026-06-09T12:17:05.795552Z,202,completed,3100,44047,cb9fb5da3c43:1:f71cfea5,1148317,00000bb9f9ab92ade63d38b72cc4a1e1e4cd4dfc392e1488c1bfb171ba9c8bfc,140.0,80713.695,1,
ba7afea4-1785-415b-98dd-5fa111b384d4,5811eb16-e541-4df1-ba3b-dbaac78c0ca3,4b6f4aee-54a4-45df-8b95-3d61f3cbf035,1,workload-20260609T121504519314Z,42,,2,2026-06-09T12:15:46.069885Z,2026-06-09T12:15:46.189853Z,2026-06-09T12:17:05.712555Z,202,completed,557,41505,cb9fb5da3c43:1:14bb9820,148089,00000f0e156ac1c86be1b35bc0fbb8dc901db06642022e931a36a49cd04d61dd,125.0,79642.67,1,
781d961a-e558-4464-9edb-04fcf068ce8c,b8835796-02c2-4d96-b818-18b2113d8dd7,4b6f4aee-54a4-45df-8b95-3d61f3cbf035,1,workload-20260609T121504519314Z,43,,2,2026-06-09T12:15:47.077681Z,2026-06-09T12:15:47.196681Z,2026-06-09T12:17:05.732551Z,202,completed,656,41407,cb9fb5da3c43:1:d78da919,175849,00000c5d01be5e7375bcdcb2aa016544daa09f37cfb4d567049348a774a2b3d4,109.0,78654.87,1,
b7587bcb-6bec-4775-bfff-bd9ee62feb1f,8653123e-a41d-44c4-9642-921b51d2a33b,4b6f4aee-54a4-45df-8b95-3d61f3cbf035,1,workload-20260609T121504519314Z,44,,2,2026-06-09T12:15:48.084680Z,2026-06-09T12:15:48.224682Z,2026-06-09T12:17:05.725553Z,202,completed,5859,46466,cb9fb5da3c43:1:88608cf2,1718655,00000aa353d9deb5de047bac74b26035d76ca08e00155fe34549acb8f1e56269,140.0,77640.873,1,
e536cc7e-001e-44bf-8232-0dae80722291,264cac42-ea37-4c6f-8b68-a4b21d3af170,4b6f4aee-54a4-45df-8b95-3d61f3cbf035,1,workload-20260609T121504519314Z,45,,2,2026-06-09T12:15:49.071952Z,2026-06-09T12:15:49.194605Z,2026-06-09T12:17:05.742553Z,202,completed,5025,45556,cb9fb5da3c43:1:f2fbbe58,1343726,0000063d82fb4944abfdeda90348c73af88b7f5732fd5bbfdf7c8ef8d3ecfd49,125.0,76670.601,1,
c3d921c5-f4aa-46de-9737-80838b738ccb,ba6ffca0-2f71-432c-8721-03680b374b87,4b6f4aee-54a4-45df-8b95-3d61f3cbf035,1,workload-20260609T121504519314Z,46,,2,2026-06-09T12:15:50.081679Z,2026-06-09T12:15:50.202677Z,2026-06-09T12:17:05.737553Z,202,completed,11968,56838,cb9fb5da3c43:1:266f81c6,3834209,0000095961214380f0aa1b9a9f84dfa53a003067e4528ef66712b54df5b0b306,125.0,75655.874,1,
db4bb49a-f04d-469f-ac5d-869b12be3468,4f00b154-1ba2-47f3-b3e9-255ec3aa867c,4b6f4aee-54a4-45df-8b95-3d61f3cbf035,1,workload-20260609T121504519314Z,47,,2,2026-06-09T12:15:51.068054Z,2026-06-09T12:15:51.203423Z,2026-06-09T12:17:05.730553Z,202,completed,1369,45306,cb9fb5da3c43:1:a84216f8,362491,00000f6e4c3fae11e0c0b86617902c38e3a0084a59f6fd097d882249d6be8f38,141.0,74662.499,1,
c62479e7-cd5a-45e3-b388-bb310afea84e,51188346-18a6-4fa5-8619-ff1921461d5b,4b6f4aee-54a4-45df-8b95-3d61f3cbf035,1,workload-20260609T121504519314Z,48,,2,2026-06-09T12:15:52.072849Z,2026-06-09T12:15:52.195674Z,2026-06-09T12:17:05.740551Z,202,completed,13,44712,cb9fb5da3c43:1:74bd9312,3581,0000062fb50c64a025815fe78394de647bdc441a08f2ecd45774583b032d4f1d,125.0,73667.702,1,
eeab801a-3442-40db-9cd9-85a207426613,0d93c9b3-35fb-4878-9642-65fe250f4ceb,4b6f4aee-54a4-45df-8b95-3d61f3cbf035,1,workload-20260609T121504519314Z,49,,2,2026-06-09T12:15:53.074672Z,2026-06-09T12:15:53.208669Z,2026-06-09T12:17:05.727553Z,202,completed,7043,51129,cb9fb5da3c43:1:f99ec9c6,1881083,0000024986b24e0ab67e86d2844376f8106aa34597cec82074a3c06ad813406f,125.0,72652.881,1,
bdfcf4e2-63f3-4714-b9e6-5d440abcfde8,f6a6b71a-c56e-4b4d-8848-b784f9a8ea7e,4b6f4aee-54a4-45df-8b95-3d61f3cbf035,1,workload-20260609T121504519314Z,50,,2,2026-06-09T12:15:54.077222Z,2026-06-09T12:15:54.205691Z,2026-06-09T12:17:05.745551Z,202,completed,545,51035,cb9fb5da3c43:1:e2cb8b35,145070,00000e97430c416e6a5f83037e17af6ae4df0782c8d8e8d14beb396bb2d38f6d,125.0,71668.329,1,
7bee898d-2de0-4049-a4e0-3bd94f90ad8f,d272296f-54a8-4900-9cc5-b53973622bb8,4b6f4aee-54a4-45df-8b95-3d61f3cbf035,1,workload-20260609T121504519314Z,51,,2,2026-06-09T12:15:55.071842Z,2026-06-09T12:15:55.191669Z,2026-06-09T12:17:05.750551Z,202,completed,125,50453,cb9fb5da3c43:1:b6c46d0e,34087,00000e50846f46bbfd76a449a6343f4e3b814e6ff8fb7b6cb75434587a8248dd,125.0,70678.709,1,
de583cef-c098-45ab-8b72-c7958bc2807a,938c9216-8f10-4e26-8ac6-0f55d2e1fa58,4b6f4aee-54a4-45df-8b95-3d61f3cbf035,1,workload-20260609T121504519314Z,52,,2,2026-06-09T12:15:56.073152Z,2026-06-09T12:15:56.205542Z,2026-06-09T12:17:05.753551Z,202,completed,10189,59889,cb9fb5da3c43:1:3c2f8d05,3356733,0000002f2feddcf69c5295f75988c0aef8f2ea82919783cf3b141786c83f5435,141.0,69680.399,1,
2c203892-ad55-4495-865b-b1d237d08a52,659e4596-43aa-40b2-b3d2-5675ae3e170e,4b6f4aee-54a4-45df-8b95-3d61f3cbf035,1,workload-20260609T121504519314Z,53,,2,2026-06-09T12:15:57.070644Z,2026-06-09T12:15:57.192693Z,2026-06-09T12:17:05.748554Z,202,completed,506,50762,cb9fb5da3c43:1:44d34ec5,135110,000007cc903f6a14abc5a8dfd97c0321d722efb2f141ff33f78faf7639f70b3b,125.0,68677.91,1,
4dbbcc8b-5484-4f8a-b051-29b1d451d62d,ac3f3fe4-96d1-47fa-be89-88b7a1ecc278,4b6f4aee-54a4-45df-8b95-3d61f3cbf035,1,workload-20260609T121504519314Z,54,,2,2026-06-09T12:15:58.082664Z,2026-06-09T12:15:58.217662Z,2026-06-09T12:17:05.900552Z,202,completed,1794,51911,cb9fb5da3c43:1:0e131245,480568,000009147904bbff876c465f6d55c8e3f1e87636d4c1ddfee280a0d20a31e072,140.0,67817.888,1,
5cc2e670-8b4f-42af-84ba-426b92da505e,ceb02ab0-2507-4302-9596-a6a72ca1e1a4,4b6f4aee-54a4-45df-8b95-3d61f3cbf035,1,workload-20260609T121504519314Z,55,,2,2026-06-09T12:15:59.065678Z,2026-06-09T12:15:59.186727Z,2026-06-09T12:17:05.801552Z,202,completed,1333,52590,cb9fb5da3c43:1:b77454f7,355735,0000043aad259899bbfbbed193253dbb909bb02b1aaeaf2f61d4e1396ff48dde,125.0,66735.874,1,
46d91788-acbf-45b7-b621-5d98ea7e8c18,e2d06e3b-efc5-4f8f-80b9-dd543e8c7516,4b6f4aee-54a4-45df-8b95-3d61f3cbf035,1,workload-20260609T121504519314Z,56,,2,2026-06-09T12:16:00.069238Z,2026-06-09T12:16:00.213338Z,2026-06-09T12:17:05.782552Z,202,completed,1285,53222,cb9fb5da3c43:1:dadf78e4,348245,00000cf3610df97e21f7d319eff5427c867e6718cc84e2db2b85f0670a6690b7,141.0,65713.314,1,
b9945e3c-e774-4fd7-93d4-0533f4414828,07814773-547a-4fe5-a945-84de0d72e3b2,4b6f4aee-54a4-45df-8b95-3d61f3cbf035,1,workload-20260609T121504519314Z,57,,2,2026-06-09T12:16:01.076114Z,2026-06-09T12:16:01.209835Z,2026-06-09T12:17:05.779554Z,202,completed,4074,56531,cb9fb5da3c43:1:50f86232,1179187,000004a9b180529457d7ffab57dcf6f704f9479d287ed65f7fae38574bf7d4f1,125.0,64703.44,1,
273a1b11-fc40-469c-befd-0f8c78687efb,258b8718-f07a-467f-a214-252958c0c573,4b6f4aee-54a4-45df-8b95-3d61f3cbf035,1,workload-20260609T121504519314Z,58,,2,2026-06-09T12:16:02.075832Z,2026-06-09T12:16:02.209658Z,2026-06-09T12:17:05.776551Z,202,completed,6942,61113,cb9fb5da3c43:1:34f38a95,1957863,000006a714320fd07fa93f5780f92195d77555fc56d259c14398ba26a58176f4,125.0,63700.719,1,
19fa8e23-9f93-4564-84cd-d43dfaa4414e,8c32c541-be7c-4990-ab97-cb7a39564657,4b6f4aee-54a4-45df-8b95-3d61f3cbf035,1,workload-20260609T121504519314Z,59,,2,2026-06-09T12:16:03.073337Z,2026-06-09T12:16:03.193853Z,2026-06-09T12:17:05.773554Z,202,completed,1991,56699,cb9fb5da3c43:1:a79ed634,537457,000006373a110dc9991161905066c20c72c2868b14a5f8b1035eabbd4ba11045,125.0,62700.217,1,
c1e7db0c-9388-4c23-b552-9074a336b187,f2dcd8ab-5567-43ce-8a79-35769937e103,4b6f4aee-54a4-45df-8b95-3d61f3cbf035,1,workload-20260609T121504519314Z,60,,2,2026-06-09T12:16:04.073653Z,2026-06-09T12:16:04.194654Z,2026-06-09T12:17:05.805551Z,202,completed,4250,60275,cb9fb5da3c43:1:1078fcf7,1248713,0000090709b43fa7bc41464eaf8c149a29a5355df44c98f0a27df93ae7cfa7bd,125.0,61731.898,1,
4d14109c-5dc4-48c4-9d19-932aeb46b8fa,592b75ab-e341-4447-a7d3-4a6c5b790cb5,4b6f4aee-54a4-45df-8b95-3d61f3cbf035,1,workload-20260609T121504519314Z,61,,2,2026-06-09T12:16:05.078850Z,2026-06-09T12:16:05.209032Z,2026-06-09T12:17:07.528444Z,202,completed,1246,60404,cb9fb5da3c43:1:561489c2,423176,00000c2d62e7fc791eff981f1ddbf78d23ad21c18029d64cd1a7c3d9d781f1e4,125.0,62449.594,2,
fb2ba59c-70fa-41e6-86e8-485c5c17d5e4,e6432525-350c-44df-8908-eb6b3be212fc,4b6f4aee-54a4-45df-8b95-3d61f3cbf035,1,workload-20260609T121504519314Z,62,,2,2026-06-09T12:16:06.074654Z,2026-06-09T12:16:06.212847Z,2026-06-09T12:17:07.367441Z,202,completed,47,59823,cb9fb5da3c43:1:18244244,27699,000006c3b3f270840aaa86a09b3947c62ce1995b84a7f514132589acd047d0b8,125.0,61292.787,2,
2805e12b-35af-40ea-800a-0320baa6c633,769d1cb8-15b4-4cfb-bcc6-164f0af4a864,4b6f4aee-54a4-45df-8b95-3d61f3cbf035,1,workload-20260609T121504519314Z,63,,2,2026-06-09T12:16:07.072892Z,2026-06-09T12:16:07.207453Z,2026-06-09T12:17:10.969218Z,202,completed,3231,62557,cb9fb5da3c43:1:181ef5cb,979718,0000002212df2e9c403aec148e7d92d3f1f0c2beb68b98666c049490042eee33,141.0,63896.326,4,
78a21318-3fab-4564-8061-83157b949f3a,7eb75b0b-9e3b-435b-beef-6e522935c19e,4b6f4aee-54a4-45df-8b95-3d61f3cbf035,1,workload-20260609T121504519314Z,64,,2,2026-06-09T12:16:08.067661Z,2026-06-09T12:16:08.202647Z,2026-06-09T12:17:09.601219Z,202,completed,2836,61147,cb9fb5da3c43:1:194cfa49,756191,0000046622f21a04e4808af9ccb7b5c161e9f3543b3c6d074ae5e3ff57176ed6,141.0,61533.558,3,
a4a63654-2e32-4091-a6ed-b3f24fb52384,d6a1c3f3-6297-4b4e-bf2c-97de03c77729,4b6f4aee-54a4-45df-8b95-3d61f3cbf035,1,workload-20260609T121504519314Z,65,,2,2026-06-09T12:16:09.066645Z,2026-06-09T12:16:09.189647Z,2026-06-09T12:17:12.304132Z,202,completed,2206,62708,cb9fb5da3c43:1:b3603c8b,677858,00000acd4f8216f0c0c5c7f530da196bb63ce3df454656a9de3a12f694184388,125.0,63237.487,5,
09324b96-5508-4c41-aaa6-18b05be54118,220ce318-d6d4-4003-a118-16602b5952b6,4b6f4aee-54a4-45df-8b95-3d61f3cbf035,1,workload-20260609T121504519314Z,66,,2,2026-06-09T12:16:10.068650Z,2026-06-09T12:16:10.202968Z,2026-06-09T12:17:17.786296Z,202,completed,6568,66520,cb9fb5da3c43:1:d1889ae2,1954809,000009da104beb82d7192e44284917f2d82dee453c7c8a31df747df627d01c43,141.0,67717.646,8,
b787ccc5-393c-49dc-8556-8c7b9f69292c,65a8ee20-d736-4220-a133-19c3d3d6d7eb,4b6f4aee-54a4-45df-8b95-3d61f3cbf035,1,workload-20260609T121504519314Z,67,,2,2026-06-09T12:16:11.066642Z,2026-06-09T12:16:11.187146Z,2026-06-09T12:17:15.746523Z,202,completed,2784,63875,cb9fb5da3c43:1:fc7fab58,673035,00000cadcb04d473f3d0712416a2d79a68f0f8e4a123a12ab2afcde85e6ace42,125.0,64679.881,7,
021b3b7d-7129-4ee5-b903-7923902431fd,ec94f685-746f-4df8-9726-0afb97b6eb47,4b6f4aee-54a4-45df-8b95-3d61f3cbf035,1,workload-20260609T121504519314Z,68,,2,2026-06-09T12:16:12.067805Z,2026-06-09T12:16:12.190630Z,2026-06-09T12:17:25.579440Z,202,completed,9229,72551,cb9fb5da3c43:1:51ef353a,2702176,0000044278b35f16e579e440c27a92e3bc8d943d16ec1c6736db7451e1857689,125.0,73511.635,16,
4e50e126-2da5-4e0f-b1b1-100e9e545d15,608780e6-081c-4410-a8e0-aec75f285652,4b6f4aee-54a4-45df-8b95-3d61f3cbf035,1,workload-20260609T121504519314Z,69,,2,2026-06-09T12:16:13.078175Z,2026-06-09T12:16:13.215175Z,2026-06-09T12:17:18.909411Z,202,completed,1483,65151,cb9fb5da3c43:1:64b4c08d,365777,0000033b318b649f7468ac24ab346a9eec6a614796d8a15822c41bf09d803b1f,140.0,65831.236,10,
7d6928d4-2fee-457f-9747-0fbdbdc6023e,62c0a068-e5ff-41e3-9cbb-d53c48d4d76f,4b6f4aee-54a4-45df-8b95-3d61f3cbf035,1,workload-20260609T121504519314Z,70,,2,2026-06-09T12:16:14.065173Z,2026-06-09T12:16:14.186177Z,2026-06-09T12:17:21.425722Z,202,completed,2229,66582,cb9fb5da3c43:1:e861df39,574054,00000c2ae85b9cd490f0565edfc156d2ba4d7f97e63da7e2dbb216b247c13bcb,125.0,67360.549,13,
decfb5b5-5a7d-4120-b6aa-2737237ae9a4,610301a5-7ad3-4926-8fa5-440ae73315b9,4b6f4aee-54a4-45df-8b95-3d61f3cbf035,1,workload-20260609T121504519314Z,71,,2,2026-06-09T12:16:15.073837Z,2026-06-09T12:16:15.209835Z,2026-06-09T12:17:25.029957Z,202,completed,2811,68718,cb9fb5da3c43:1:493019f7,710300,00000f7385edd7386a2657f9de5efb5de014290019f3a421182830a1faceac06,141.0,69956.12,16,
f84c446d-000e-4906-a4e2-83f99f2aaffd,2d413485-ce18-4d9d-a6d0-1debb054c357,4b6f4aee-54a4-45df-8b95-3d61f3cbf035,1,workload-20260609T121504519314Z,72,,2,2026-06-09T12:16:16.081836Z,2026-06-09T12:16:16.202836Z,2026-06-09T12:17:24.956497Z,202,completed,150,68139,cb9fb5da3c43:1:ec94e1cc,38672,00000a27d329d330cbcac0fb60d14f039a8bbe520cf8cf0e052e8e5c7c9f7eac,125.0,68874.661,15,
dcd3a929-fa0a-441e-9ef8-6280a73c3bcc,73cd0f06-88b4-4c50-adca-192ec9afc0c2,4b6f4aee-54a4-45df-8b95-3d61f3cbf035,1,workload-20260609T121504519314Z,73,,2,2026-06-09T12:16:17.070884Z,2026-06-09T12:16:17.192882Z,2026-06-09T12:17:27.518872Z,202,completed,2435,69865,cb9fb5da3c43:1:fe335383,856343,00000b95d8d15fb091d39a7e5c42148fd00f479d50315a26cbe6231a9a254e61,125.0,70447.988,18,
6cb2535f-cf69-4446-b80b-1616d22983fe,93e9a0f9-35f6-47ab-bf77-538f666cfac1,4b6f4aee-54a4-45df-8b95-3d61f3cbf035,1,workload-20260609T121504519314Z,74,,2,2026-06-09T12:16:18.071741Z,2026-06-09T12:16:18.206743Z,2026-06-09T12:17:26.215441Z,202,completed,819,67718,cb9fb5da3c43:1:1b3ddb14,218825,0000039812dc40f9d7dee55ac64328d54ed16d83e71bdbeaeb6641f57e6f77d7,141.0,68143.7,16,
7a55d9af-fad8-44c4-9617-c5c368f8edf1,1875498f-cdec-4e19-a8ba-f3a414df7068,4b6f4aee-54a4-45df-8b95-3d61f3cbf035,1,workload-20260609T121504519314Z,75,,2,2026-06-09T12:16:19.077953Z,2026-06-09T12:16:19.197951Z,2026-06-09T12:17:28.967725Z,202,completed,1907,68811,cb9fb5da3c43:1:cc93d12f,580757,000005898537a62144558dbe21a2f0008365ac8ad10bc7cde2ac017cc02ce614,109.0,69889.772,19,
58d41963-b9fe-48b1-8945-c03e9d7b7dd8,725d098b-d26d-44ff-a465-5281e03ac744,4b6f4aee-54a4-45df-8b95-3d61f3cbf035,1,workload-20260609T121504519314Z,76,,2,2026-06-09T12:16:20.078674Z,2026-06-09T12:16:20.212801Z,2026-06-09T12:17:31.782160Z,202,completed,3847,71151,cb9fb5da3c43:1:f091b540,1095976,00000017de5a46462c922d02400fcc843adde4e18e77bbd17824a4430bfb594f,125.0,71703.486,20,
689cf585-e7f3-4b68-9464-c6f64ac486db,d2561544-cdcf-4c84-9963-c59566c06e45,4b6f4aee-54a4-45df-8b95-3d61f3cbf035,1,workload-20260609T121504519314Z,77,,2,2026-06-09T12:16:21.076799Z,2026-06-09T12:16:21.196824Z,2026-06-09T12:17:31.604156Z,202,completed,2411,69458,cb9fb5da3c43:1:d95dc049,648425,000008b8b4a4c3a8eb583be77d51a62c6cb511dbade374563cba1482714fc5e1,109.0,70527.357,21,
d8dad2f8-aeec-4f6a-a88a-f47a8f1fda09,6a41c14b-ca35-4986-a3b9-f2664e2e5d0b,4b6f4aee-54a4-45df-8b95-3d61f3cbf035,1,workload-20260609T121504519314Z,78,,2,2026-06-09T12:16:22.073816Z,2026-06-09T12:16:22.195248Z,2026-06-09T12:17:42.855812Z,202,completed,11426,80236,cb9fb5da3c43:1:be468a77,3208578,00000683d46c2acfd0c72b2fe97890ca1d07ac06cdd3d6d0d43ea9257a310bf3,125.0,80781.996,32,
704827a6-15e7-4095-bea1-a2b4411a2605,abfc2ba1-dc76-41d8-a8b6-14843d8ebde4,4b6f4aee-54a4-45df-8b95-3d61f3cbf035,1,workload-20260609T121504519314Z,79,,2,2026-06-09T12:16:23.073884Z,2026-06-09T12:16:23.208643Z,2026-06-09T12:17:32.948658Z,202,completed,625,69065,cb9fb5da3c43:1:7ce5cc35,142154,000009b2f5d36cd92f112d852256440434d2c4558c219c15a5f37b0456befac2,141.0,69874.774,22,
77743f71-b196-4197-a175-cc483b0cb549,48db7b72-59ac-44eb-86a8-d30ab28f3eae,4b6f4aee-54a4-45df-8b95-3d61f3cbf035,1,workload-20260609T121504519314Z,80,,2,2026-06-09T12:16:24.083469Z,2026-06-09T12:16:24.205621Z,2026-06-09T12:17:46.017174Z,202,completed,13144,81389,cb9fb5da3c43:1:3f9f33b4,3397635,000009b9249e985760524a62e13d6d695631c1d7cdc667737e572f64275352c7,125.0,81933.705,34,
68ebaec0-6d95-4287-adeb-ba03439953a9,b80331f3-9b57-458f-a68e-2f1da66c822c,4b6f4aee-54a4-45df-8b95-3d61f3cbf035,1,workload-20260609T121504519314Z,81,,2,2026-06-09T12:16:25.076620Z,2026-06-09T12:16:25.212619Z,2026-06-09T12:17:55.572509Z,202,completed,12548,90165,cb9fb5da3c43:1:339c2836,3447053,00000d1a02f4679d5e7b854ba74cd73587ce1ae597574ea1d4574cef162c7df2,125.0,90495.889,42,
d60d2dc4-5f31-4c80-a0bc-0dc487d201d2,ba817172-4f9d-4d34-87b8-1742b9e65aeb,4b6f4aee-54a4-45df-8b95-3d61f3cbf035,1,workload-20260609T121504519314Z,82,,2,2026-06-09T12:16:26.086617Z,2026-06-09T12:16:26.228548Z,2026-06-09T12:17:48.921318Z,202,completed,2597,82295,cb9fb5da3c43:1:d6f9f90c,687567,00000932e9bc56c8587a71cfda15c901f24e743a6d22ea27443dd09bfb196253,140.0,82834.701,37,
d5c04095-3a7b-4e1b-aa74-83ad898573ed,ca75c493-e413-4111-8af4-036716de8efb,4b6f4aee-54a4-45df-8b95-3d61f3cbf035,1,workload-20260609T121504519314Z,83,,2,2026-06-09T12:16:27.073825Z,2026-06-09T12:16:27.211787Z,2026-06-09T12:17:50.054323Z,202,completed,915,82473,cb9fb5da3c43:1:b23ef7a2,211224,0000028e4a494bdcae4a0a3a1254beab20c395f08b1f5bbafb20ece6895d266f,141.0,82980.498,38,
b4269035-176f-4175-8c34-62cca36b9bb2,d2899b2a-210d-4a5a-8f6a-a6b92f5c4beb,4b6f4aee-54a4-45df-8b95-3d61f3cbf035,1,workload-20260609T121504519314Z,84,,2,2026-06-09T12:16:28.086645Z,2026-06-09T12:16:28.221210Z,2026-06-09T12:17:55.809372Z,202,completed,5267,87240,cb9fb5da3c43:1:0d23ca04,1370376,00000a7904badde90479e18b4db4e9b868f1d8b481c12113120980725d00ca9f,140.0,87722.727,42,
814cdaa5-8d3d-4b2b-b350-11d8191406cd,a07d3a73-4e51-4a28-8d22-627a9d75a3d9,4b6f4aee-54a4-45df-8b95-3d61f3cbf035,1,workload-20260609T121504519314Z,85,,2,2026-06-09T12:16:29.078587Z,2026-06-09T12:16:29.213847Z,2026-06-09T12:17:56.804599Z,202,completed,1170,87047,0616728b7286:1:335cad72,478118,00000f97fbf3634728d6f65bdb38435a7be3797150ba7734540b0b225946142a,125.0,87726.012,44,
a1c31f88-0f64-49e7-b866-d3bd938e0e23,b24ccca2-2fa4-478c-b6f8-7041e0529abf,4b6f4aee-54a4-45df-8b95-3d61f3cbf035,1,workload-20260609T121504519314Z,86,,2,2026-06-09T12:16:30.087613Z,2026-06-09T12:16:30.222650Z,2026-06-09T12:17:56.481751Z,202,completed,824,85607,0616728b7286:1:5868da0b,262681,000001669ea9083b513fb834ad123f8239823bcdfcbff47e29d18c941bb45c35,140.0,86394.138,43,
6730d7aa-7701-47db-85c6-36ca9fc0cddd,22cd0d09-fff0-4920-8dca-66aa16361f49,4b6f4aee-54a4-45df-8b95-3d61f3cbf035,1,workload-20260609T121504519314Z,87,,2,2026-06-09T12:16:31.068695Z,2026-06-09T12:16:31.204650Z,2026-06-09T12:17:58.103742Z,202,completed,2304,86797,cb9fb5da3c43:1:10fcd73e,644427,00000c0d440619126697d036c4ce88bf167a782f18ced3ebd26cd310515b3222,141.0,87035.047,44,
8ac00a13-c93d-4518-bc1e-ad54d84644da,1d2a173a-1bec-446d-9d0e-b2241be14ffe,4b6f4aee-54a4-45df-8b95-3d61f3cbf035,1,workload-20260609T121504519314Z,88,,2,2026-06-09T12:16:32.067611Z,2026-06-09T12:16:32.190928Z,2026-06-09T12:17:59.307211Z,202,completed,2432,86195,cb9fb5da3c43:1:90675f1b,669090,0000033846cf99b502ddcb3f667fe8a7add148dfd164d888c6cf5f0b7c2cacae,125.0,87239.6,46,
a0f25646-7d41-46d8-a7ae-609559feaed2,6b014721-932a-4a60-9105-885c966e12a9,4b6f4aee-54a4-45df-8b95-3d61f3cbf035,1,workload-20260609T121504519314Z,89,,2,2026-06-09T12:16:33.078605Z,2026-06-09T12:16:33.197611Z,2026-06-09T12:17:59.198519Z,202,completed,2452,85351,0616728b7286:1:c2926902,975743,000009fc267e15816465503599eded7eb0b3528b7b5b205ad3d237977e0a064a,109.0,86119.914,45,
642673fd-d140-4206-b87b-da3ce0096271,233052d1-09f7-4f78-a952-bd413330fb72,4b6f4aee-54a4-45df-8b95-3d61f3cbf035,1,workload-20260609T121504519314Z,90,,2,2026-06-09T12:16:34.073797Z,2026-06-09T12:16:34.207294Z,2026-06-09T12:17:58.066998Z,202,completed,645,82984,0616728b7286:1:87511228,199729,000006ef3186134169b1e45b14b660666c4634e742fdebe6f9c1a06eead4f155,141.0,83993.201,44,
7f159ab9-d182-4e9d-81d5-2f6f3e301f08,b7caef77-a8b4-481b-98c1-4b0e48b306bf,4b6f4aee-54a4-45df-8b95-3d61f3cbf035,1,workload-20260609T121504519314Z,91,,2,2026-06-09T12:16:35.080617Z,2026-06-09T12:16:35.215600Z,2026-06-09T12:17:59.078118Z,202,completed,716,82916,0616728b7286:1:ed12f558,205119,00000e46115b9a1a2d1bbe63c7f978f16c789bef0ce7e2da6b1a4147d751e3bf,140.0,83997.501,45,
f4a1b48d-724c-4cc5-af86-944f1ea245fa,5739954a-b8d5-4f08-97f1-5fa9f92880a7,4b6f4aee-54a4-45df-8b95-3d61f3cbf035,1,workload-20260609T121504519314Z,92,,2,2026-06-09T12:16:36.073773Z,2026-06-09T12:16:36.201601Z,2026-06-09T12:18:00.193243Z,202,completed,750,82830,cb9fb5da3c43:1:be389f47,304110,000006d674026893d54f80930ebf7a1de93c5121069e9a5b9a353e4004a2401b,141.0,84119.47,46,
c6f596e5-c1dd-42bd-9581-f82715cc41a2,171224a8-612a-4dfb-a3ad-bd4fe2fd9cdc,4b6f4aee-54a4-45df-8b95-3d61f3cbf035,1,workload-20260609T121504519314Z,93,,2,2026-06-09T12:16:37.066327Z,2026-06-09T12:16:37.187598Z,2026-06-09T12:17:59.243330Z,202,completed,356,81792,0616728b7286:1:91dc40e0,166638,00000210812160c1e2d219c3e339c8f2e1962102afecd4a3d59e8a1504b21785,125.0,82177.003,46,
ab404fc8-68a1-48a0-a2d3-304b8d7747e9,39258b73-d04d-4f68-b827-4df6404f627d,4b6f4aee-54a4-45df-8b95-3d61f3cbf035,1,workload-20260609T121504519314Z,94,,2,2026-06-09T12:16:38.062790Z,2026-06-09T12:16:38.197597Z,2026-06-09T12:18:00.286918Z,202,completed,710,81242,cb9fb5da3c43:1:b9c5c474,286358,0000092e6f7ee44c221d0171d0928dcc3a22b0299e6ff9231074f9c129cff25c,125.0,82224.128,45,
92a5f9b5-0bf2-42c1-950f-b61869eb2986,b5446533-6f47-43a7-96aa-40ced7acded7,4b6f4aee-54a4-45df-8b95-3d61f3cbf035,1,workload-20260609T121504519314Z,95,,2,2026-06-09T12:16:39.077513Z,2026-06-09T12:16:39.197332Z,2026-06-09T12:18:02.579458Z,202,completed,2723,82495,0616728b7286:1:8439eea1,1012583,000001c3f106266a1f60648607bb9930734551c91f0c8dfff8b83e82d1e4e1bd,109.0,83501.945,47,
674054a0-aecc-464c-8b55-d1e04e994c2a,fbbb3805-fa96-4c93-8c93-f9ecfb4e89fb,4b6f4aee-54a4-45df-8b95-3d61f3cbf035,1,workload-20260609T121504519314Z,96,,2,2026-06-09T12:16:40.077592Z,2026-06-09T12:16:40.212756Z,2026-06-09T12:18:00.357467Z,202,completed,734,80070,cb9fb5da3c43:1:56b00cdb,373213,00000e1c79bbf1b1a84fc76b909e29491678b0b088c131ee45b1e11be1d9019c,125.0,80279.875,46,
1b409a69-4a1d-4177-8592-63dc61061a76,7e4eefc5-9120-4408-a0a1-6c752437b046,4b6f4aee-54a4-45df-8b95-3d61f3cbf035,1,workload-20260609T121504519314Z,97,,2,2026-06-09T12:16:41.077351Z,2026-06-09T12:16:41.197098Z,2026-06-09T12:18:03.733856Z,202,completed,4184,82189,0616728b7286:1:1416ec68,1475397,000001237635cd014b4665596119bbeaa8ea429ace06197d92ce73df98ecb4aa,109.0,82656.505,50,
46cdb661-24a0-4578-a1fe-0e4117102af8,9cff2934-1585-494e-8693-d157f9f42442,4b6f4aee-54a4-45df-8b95-3d61f3cbf035,1,workload-20260609T121504519314Z,98,,2,2026-06-09T12:16:42.073353Z,2026-06-09T12:16:42.193402Z,2026-06-09T12:18:00.256342Z,202,completed,107,77646,cb9fb5da3c43:1:a379ee00,30573,000002b1e648759ed0b8fea414ddaf22e9a3b96ef79a465c61bbbd75d494be8b,125.0,78182.989,46,
a50790c0-3a71-471a-9dcb-5f7f0aa55d8d,9e91de01-1b32-4bb8-bf5d-5e7a5f56a8a2,4b6f4aee-54a4-45df-8b95-3d61f3cbf035,1,workload-20260609T121504519314Z,99,,2,2026-06-09T12:16:43.074668Z,2026-06-09T12:16:43.209669Z,2026-06-09T12:18:05.360704Z,202,completed,4656,81643,cb9fb5da3c43:1:af958a9c,1496939,000006abcc7ff25ec374e51f754d7e0e8f11f78bddcce5ee711fc5087bbf1b14,125.0,82286.036,51,
59f00e62-9afd-4f2c-ac84-344227e23e5c,0a93d4ee-97a4-45e6-a0de-a82427a428a1,4b6f4aee-54a4-45df-8b95-3d61f3cbf035,1,workload-20260609T121504519314Z,100,,2,2026-06-09T12:16:44.071667Z,2026-06-09T12:16:44.191665Z,2026-06-09T12:18:01.542457Z,202,completed,506,76982,cb9fb5da3c43:1:76d53d16,138434,00000e846cb8a96c654053014424420b1a2fd7982828f0d935e40249dda67641,125.0,77470.79,47,
39368f31-78bf-4a6c-b417-9e4718aea642,4e26cbb6-3890-4092-af8b-74ee1595f90d,4b6f4aee-54a4-45df-8b95-3d61f3cbf035,1,workload-20260609T121504519314Z,101,,2,2026-06-09T12:16:45.068587Z,2026-06-09T12:16:45.202959Z,2026-06-09T12:18:05.994174Z,202,completed,3289,79713,cb9fb5da3c43:1:167030f0,865021,000002a4964c4b497e1930a327d13afd3c6bdc65f2dda14912afc77b315329c9,141.0,80925.587,52,
a5fb9fe3-1e71-443f-b01a-a9bd2d282063,64804efb-c0bd-4668-9e26-7636617110ea,4b6f4aee-54a4-45df-8b95-3d61f3cbf035,1,workload-20260609T121504519314Z,102,,2,2026-06-09T12:16:46.070508Z,2026-06-09T12:16:46.200509Z,2026-06-09T12:18:04.229453Z,202,completed,1675,77685,0616728b7286:1:e6aa68eb,587035,0000059b268ca6f738b5fa6c06a386b2caed5d3388a1d062fe43d3ba0979babf,141.0,78158.945,49,
8bbddbe5-4dd9-4e01-b087-e119bdadc04e,b87c5184-95e7-4cbf-8746-88ccb1433acf,4b6f4aee-54a4-45df-8b95-3d61f3cbf035,1,workload-20260609T121504519314Z,103,,2,2026-06-09T12:16:47.071508Z,2026-06-09T12:16:47.190442Z,2026-06-09T12:18:05.898100Z,202,completed,2018,78618,0616728b7286:1:806d3c82,787623,00000b48475104f26b191e70f696b2c51332535f3aff619979c83f86b6c08acd,125.0,78826.592,52,
90237986-1496-46fa-b538-3426c050d537,b1ba5261-8e26-4e55-94a5-0f191a6512d8,4b6f4aee-54a4-45df-8b95-3d61f3cbf035,1,workload-20260609T121504519314Z,104,,2,2026-06-09T12:16:48.067698Z,2026-06-09T12:16:48.203426Z,2026-06-09T12:18:17.936432Z,202,completed,12731,88697,0616728b7286:1:08febc68,4982480,0000081e8a6f8fe0097436753036ddf6bbbbf682dfe9449777e5aefe23bdf565,141.0,89868.734,61,
8daa24c6-4b57-40e7-b693-93cc52f79080,89ea7e84-6bdb-4fec-8a48-a3acc8cfbed4,4b6f4aee-54a4-45df-8b95-3d61f3cbf035,1,workload-20260609T121504519314Z,105,,2,2026-06-09T12:16:49.063486Z,2026-06-09T12:16:49.183228Z,2026-06-09T12:18:11.608444Z,202,completed,5648,81645,cb9fb5da3c43:1:a6ea79c6,1827196,0000032fefcfa9115f4bf973c9e346c42d347546c38b614be8032bd48711a5bf,109.0,82544.958,56,
72e71b06-b01f-4572-b8b4-f181bf32011d,53e4b998-bb53-4582-a1e0-cde1d6391852,4b6f4aee-54a4-45df-8b95-3d61f3cbf035,1,workload-20260609T121504519314Z,106,,2,2026-06-09T12:16:50.075818Z,2026-06-09T12:16:50.211578Z,2026-06-09T12:18:06.545450Z,202,completed,428,75438,cb9fb5da3c43:1:91aa0948,112144,000009be5e750ccb076616cb4b1feee4a0726502a0546d864ef5f681a4068e3f,125.0,76469.632,51,
d33b909d-2041-4c00-8de6-e89c0ec3e1c9,54fe563a-4759-4d67-848a-892b14519011,4b6f4aee-54a4-45df-8b95-3d61f3cbf035,1,workload-20260609T121504519314Z,107,,2,2026-06-09T12:16:51.075766Z,2026-06-09T12:16:51.209534Z,2026-06-09T12:18:07.709637Z,202,completed,745,75378,cb9fb5da3c43:1:6ac7dc3e,194114,000002b41b515781e7dd4acb7c3072caa2e3e8f948a437d319d2ef744017a830,125.0,76633.871,52,
65f4ab6d-6c52-47d8-8a28-a2ff01f69c7e,c2166bf2-59cc-42ec-8ce6-819109890f17,4b6f4aee-54a4-45df-8b95-3d61f3cbf035,1,workload-20260609T121504519314Z,108,,2,2026-06-09T12:16:52.069574Z,2026-06-09T12:16:52.202573Z,2026-06-09T12:18:15.011471Z,202,completed,8301,82307,0616728b7286:1:276ec55c,2630501,00000134e7806be718ba5f01f3bf310bd31dfb4eeb23a838ab5e8de3e5590f07,141.0,82941.897,59,
19536ca6-ca7e-4951-9026-20df2eb8085b,367bf13b-32cb-4330-8072-6f58a5a3a4f1,4b6f4aee-54a4-45df-8b95-3d61f3cbf035,1,workload-20260609T121504519314Z,109,,2,2026-06-09T12:16:53.075393Z,2026-06-09T12:16:53.194963Z,2026-06-09T12:18:08.322656Z,202,completed,1481,75026,cb9fb5da3c43:1:3e9b17f0,387954,000003a665eb2d1c47187b5d2ca8c4a81c638fc5e66923e91b3d7b374c078f1a,109.0,75247.263,53,
83507c0f-bf6d-4c4b-b50b-837878be9bd0,d3ae34de-235c-414b-85f8-25601b4cf058,4b6f4aee-54a4-45df-8b95-3d61f3cbf035,1,workload-20260609T121504519314Z,110,,2,2026-06-09T12:16:54.078764Z,2026-06-09T12:16:54.211569Z,2026-06-09T12:18:11.493180Z,202,completed,3462,76365,6084be8b8ecc:1:d0385b7d,1372400,00000a550e8dfddb708636d2ff2cd18dd093db8d325025417b7860fe8202e415,125.0,77414.416,56,
fde43f5c-46b9-4a31-bbb3-70e5244caab2,335b5abd-4747-4e77-ae9b-b5a43d2f4251,4b6f4aee-54a4-45df-8b95-3d61f3cbf035,1,workload-20260609T121504519314Z,111,,2,2026-06-09T12:16:55.072762Z,2026-06-09T12:16:55.195569Z,2026-06-09T12:18:09.374619Z,202,completed,1035,73219,6084be8b8ecc:1:1c972d7b,373336,000009216ee78c68a72fb874159ef6ca71da3fe3656482b81af5f05200839376,125.0,74301.857,54,
1812189e-ea11-4609-b1c0-67efb6f0c584,7924bc7c-02e2-459f-989a-b3bd1d367189,4b6f4aee-54a4-45df-8b95-3d61f3cbf035,1,workload-20260609T121504519314Z,112,,2,2026-06-09T12:16:56.086136Z,2026-06-09T12:16:56.220763Z,2026-06-09T12:18:08.825644Z,202,completed,180,72458,cb9fb5da3c43:1:179e5c12,48975,000008094e04cc8061156b80b1ae688414b6e1f23b4eb21be5801c88f059ff3a,140.0,72739.508,54,
1bc7520d-8257-468d-88eb-d07f1317c9b5,cd890770-263d-49db-b865-b157f1fc7100,4b6f4aee-54a4-45df-8b95-3d61f3cbf035,1,workload-20260609T121504519314Z,113,,2,2026-06-09T12:16:57.067003Z,2026-06-09T12:16:57.209571Z,2026-06-09T12:18:14.520629Z,202,completed,5247,76803,6084be8b8ecc:1:818c0e6a,1924599,00000f7a1039b916b9f1abe4aa494af546ef0c8aa03ab8734866d6a155c64f3c,141.0,77453.626,59,
4e15a8ae-713b-447f-9d9f-0abeaf2c7005,d12d9792-133a-414f-ae8b-1791e3fceed2,4b6f4aee-54a4-45df-8b95-3d61f3cbf035,1,workload-20260609T121504519314Z,114,,2,2026-06-09T12:16:58.082573Z,2026-06-09T12:16:58.205574Z,2026-06-09T12:18:12.616456Z,202,completed,2641,73514,cb9fb5da3c43:1:2e53f650,890022,000005629949f094d1f51786fdcc495acfd9a863b529bbf3916b793a58dff517,125.0,74533.883,58,
4410ab4b-adb6-471b-9e87-979290eec754,91ce8d16-e566-4b2e-811b-61f48fae23e2,4b6f4aee-54a4-45df-8b95-3d61f3cbf035,1,workload-20260609T121504519314Z,115,,2,2026-06-09T12:16:59.069760Z,2026-06-09T12:16:59.205136Z,2026-06-09T12:18:16.264626Z,202,completed,5388,76964,6084be8b8ecc:1:85d58c46,2061071,00000f581f8afedf26378250da9538fd75fd45081f2013096c7064055398a097,141.0,77194.866,61,
20b34dcd-a873-4c34-8cab-2534b0479934,f9ef7096-e31c-4fb2-b4f3-a035ff6468da,4b6f4aee-54a4-45df-8b95-3d61f3cbf035,1,workload-20260609T121504519314Z,116,,2,2026-06-09T12:17:00.079236Z,2026-06-09T12:17:00.215243Z,2026-06-09T12:18:12.106612Z,202,completed,230,71040,cb9fb5da3c43:1:c9799adb,60345,00000325eca5bd36b7d47daca0296bb6309bc95bdb1dc89253f9e7c5386d2e80,140.0,72027.376,57,
70d1aeb8-b382-4945-86c2-78fa084933fc,2816ad64-fcf0-4383-998b-40cb50ee1b03,4b6f4aee-54a4-45df-8b95-3d61f3cbf035,1,workload-20260609T121504519314Z,117,,2,2026-06-09T12:17:01.073777Z,2026-06-09T12:17:01.209849Z,2026-06-09T12:18:15.265455Z,202,completed,2692,73124,cb9fb5da3c43:1:dc4dbb07,993863,000009b632c37213b8b05db7fb68c3989b730a2fccabc2664fad67a015a957ab,141.0,74191.678,59,
23884dfa-6146-4b76-b795-d2c0b146364f,8b27cf10-1721-4068-a7d0-f90a5306a7b0,4b6f4aee-54a4-45df-8b95-3d61f3cbf035,1,workload-20260609T121504519314Z,118,,2,2026-06-09T12:17:02.070751Z,2026-06-09T12:17:02.192116Z,2026-06-09T12:18:12.822358Z,202,completed,561,70481,cb9fb5da3c43:1:8580d915,150256,00000bba6b64bc4f5ba8d9c76bbf9af032ebf9050e551a5b09ab4fb172564f87,125.0,70751.607,56,
bff7ec48-dfe5-431c-834d-e88af6d16ef8,f5249541-ff5b-4781-82d5-f4dc51ffadf0,4b6f4aee-54a4-45df-8b95-3d61f3cbf035,1,workload-20260609T121504519314Z,119,,2,2026-06-09T12:17:03.079557Z,2026-06-09T12:17:03.201290Z,2026-06-09T12:18:15.599156Z,202,completed,1981,71833,cb9fb5da3c43:1:d1f725db,754271,00000ff95f6040e1316073f94b89b67761f22d0626c6f7d56b2612d26efc5c48,125.0,72519.599,60,
cb4b4c8d-b9be-46f7-86d3-3c504b74ae6f,ad241f9a-dc58-48ad-819d-118da8e7e4ae,4b6f4aee-54a4-45df-8b95-3d61f3cbf035,1,workload-20260609T121504519314Z,120,,2,2026-06-09T12:17:04.073554Z,2026-06-09T12:17:04.194328Z,2026-06-09T12:18:17.298426Z,202,completed,2419,72421,6084be8b8ecc:1:c7642f08,1026711,000001bfaef30f458a39216fb3e1f232b27798d843738ec8f3ebdc4104cf4849,125.0,73224.872,61,
f9bf10c5-113a-462e-8855-fd63260f4e4a,df419902-21d5-4513-b987-286aef643bc9,4b6f4aee-54a4-45df-8b95-3d61f3cbf035,10,workload-20260609T121504519314Z,1,,2,2026-06-09T12:19:18.293524Z,2026-06-09T12:19:18.467746Z,2026-06-09T12:19:38.744774Z,202,completed,18223,18658,0616728b7286:1:3967d523,6222181,0000074c20f871d6416ff08a77586793cfae0c6fcc73475801f71cc480b85733,172.0,20451.25,4,
672b9518-2805-4991-8044-fb72a8e2862e,b491e710-cddd-4757-8ead-ef01f0c15b4d,4b6f4aee-54a4-45df-8b95-3d61f3cbf035,10,workload-20260609T121504519314Z,2,,2,2026-06-09T12:19:18.402524Z,2026-06-09T12:19:18.570829Z,2026-06-09T12:19:30.662484Z,202,completed,7240,7570,cb9fb5da3c43:1:03ddfed7,2353372,0000047068feb7d94bd843dbc3a05e7faf1d4ea0c6a7c884f80300b7081a492c,156.0,12259.96,1,
da21c871-9fef-4bef-a8b7-569bf286d8f7,6534eb70-dd89-4d86-80c5-a0a3981c507c,4b6f4aee-54a4-45df-8b95-3d61f3cbf035,10,workload-20260609T121504519314Z,3,,2,2026-06-09T12:19:18.495907Z,2026-06-09T12:19:18.638935Z,2026-06-09T12:19:30.672482Z,202,completed,521,1033,cb9fb5da3c43:1:4454f5d9,139653,00000f722224d4fbafbac340659a4b49e9180dbffd50697b38b8a7a27afc5006,156.0,12176.575,1,
95aeecc3-7f29-4b22-a2b6-725eacf75236,8ed463fb-18b2-4afa-b42e-5d77a0568cdd,4b6f4aee-54a4-45df-8b95-3d61f3cbf035,10,workload-20260609T121504519314Z,4,,2,2026-06-09T12:19:18.604990Z,2026-06-09T12:19:18.726113Z,2026-06-09T12:19:30.717483Z,202,completed,5400,5689,0616728b7286:1:2f868057,1647568,00000e09062fc6ea3bdf352c7389353c81d7662003dee3cab7021251f68b7084,125.0,12112.493,1,
7eb3f2a0-808b-4ac3-a4a1-0a45a49252c6,bc081021-0c42-43da-b83f-a9fe62cba9c7,4b6f4aee-54a4-45df-8b95-3d61f3cbf035,10,workload-20260609T121504519314Z,5,,2,2026-06-09T12:19:18.697206Z,2026-06-09T12:19:18.858220Z,2026-06-09T12:19:30.665483Z,202,completed,14,1025,6084be8b8ecc:1:af175e30,10852,00000f34efc50d963e77c82bf62d493335f4451a570b47f24d71eea85bc8c220,172.0,11968.277,1,
3295cbd2-29d0-4834-b199-c77ef077d3c8,7254954f-d4f0-47e0-ae10-240b1e9b125e,4b6f4aee-54a4-45df-8b95-3d61f3cbf035,10,workload-20260609T121504519314Z,6,,2,2026-06-09T12:19:18.805523Z,2026-06-09T12:19:18.944661Z,2026-06-09T12:19:30.704484Z,202,completed,1225,2083,6084be8b8ecc:1:e84d2593,587514,00000aa1bb9f9aadf371d26ac8e89ff701a9b6f1cbceb0f2f72dd20c8b815c07,141.0,11898.961,1,
32088e98-8f6d-4acd-b0a6-f7df066170fc,bed0c610-7e3f-4837-879a-dc5ad29f3ce6,4b6f4aee-54a4-45df-8b95-3d61f3cbf035,10,workload-20260609T121504519314Z,7,,2,2026-06-09T12:19:18.899589Z,2026-06-09T12:19:19.032504Z,2026-06-09T12:19:30.707482Z,202,completed,4047,5018,cb9fb5da3c43:1:edc4bbc2,1078086,00000c10bdf547aa267a6afe02cf60d4b61937b1be26a21f190729a2d8d01e94,141.0,11807.893,1,
b317f5ca-bec9-4a9e-8fb5-130f38c3146c,7eca2942-6ee6-4dba-a043-4141f1b83fff,4b6f4aee-54a4-45df-8b95-3d61f3cbf035,10,workload-20260609T121504519314Z,8,,2,2026-06-09T12:19:19.008363Z,2026-06-09T12:19:19.154523Z,2026-06-09T12:19:30.769482Z,202,completed,4537,5711,6084be8b8ecc:1:f6ab01a4,1753174,0000095ecc9be4e83158dd90b68bafb7836d3b7c6309aebbe652b28389628623,157.0,11761.119,1,
2b7edfe9-015f-4e2e-994c-46a853aa3663,5d61c59f-8df8-4b37-8906-91d708e05ec9,4b6f4aee-54a4-45df-8b95-3d61f3cbf035,10,workload-20260609T121504519314Z,9,,2,2026-06-09T12:19:19.101501Z,2026-06-09T12:19:19.238527Z,2026-06-09T12:19:30.695482Z,202,completed,3178,5203,6084be8b8ecc:1:a15f39f5,1099529,000009279c8e60399e03c9679df399173f000aedaa4639711f6b220d2e73b8d9,141.0,11593.981,1,
2ed0bd68-1008-45ab-a5a4-d7028e2f655b,ad1f986d-4c96-4bc8-b03a-3f13503d4cb4,4b6f4aee-54a4-45df-8b95-3d61f3cbf035,10,workload-20260609T121504519314Z,10,,2,2026-06-09T12:19:19.196317Z,2026-06-09T12:19:19.333540Z,2026-06-09T12:19:30.807484Z,202,completed,286,5396,cb9fb5da3c43:1:5a4c6328,76562,00000b5c9e917f6844ff039718ff5b1ee8c3c802f1677e40b6e7c2e5e63dd8c8,141.0,11611.167,1,
d4b9deb0-412f-42d1-bf69-b3dd5aae6ec0,a1096340-b243-471e-a1da-89c6c4359103,4b6f4aee-54a4-45df-8b95-3d61f3cbf035,10,workload-20260609T121504519314Z,11,,2,2026-06-09T12:19:19.305643Z,2026-06-09T12:19:19.453588Z,2026-06-09T12:19:30.715484Z,202,completed,4556,9895,0616728b7286:1:93f7f52a,1430354,0000089dc853c0155f7629f0897591e14fc35498b160246771060ab33954e3c3,157.0,11409.841,1,
2a32f913-48af-406e-815d-f54731cdd4f9,39ff6a4f-6776-4c60-9fe7-bd298c9a4176,4b6f4aee-54a4-45df-8b95-3d61f3cbf035,10,workload-20260609T121504519314Z,12,,2,2026-06-09T12:19:19.415519Z,2026-06-09T12:19:19.539503Z,2026-06-09T12:19:30.752482Z,202,completed,2391,7475,6084be8b8ecc:1:8ca9464d,961231,00000be0d09f2fa3f83dace67ba246db920f421fd795b5efb0fb959e2ce597ad,125.0,11336.963,1,
440056f9-fb20-44a8-8f0a-97d721cf41ef,7e21fbe7-4788-42f4-93a0-d8bf850c7fbe,4b6f4aee-54a4-45df-8b95-3d61f3cbf035,10,workload-20260609T121504519314Z,13,,2,2026-06-09T12:19:19.507724Z,2026-06-09T12:19:19.639503Z,2026-06-09T12:19:30.725484Z,202,completed,5290,10566,cb9fb5da3c43:1:5a8bac6a,1592740,00000232b72fb55d52de231b527aeb310ea00974cd9c237744e761aabad8c684,141.0,11217.76,1,
5709310d-21af-4dfe-83f3-e15aba19ee1a,d7dc32cf-bd24-4f53-b9b9-31eaafc11675,4b6f4aee-54a4-45df-8b95-3d61f3cbf035,10,workload-20260609T121504519314Z,14,,2,2026-06-09T12:19:19.615518Z,2026-06-09T12:19:19.736217Z,2026-06-09T12:19:34.405356Z,202,completed,8053,13442,6084be8b8ecc:1:6f0ec69f,2786247,000008707cec43bf8aa84e639ccf0cae21a1b42142542494cee283c54b03d894,125.0,14789.838,2,
321bb71e-0669-45bb-9805-fabea9c2214e,b2ecc502-178f-44f9-9e31-b0e6701299f7,4b6f4aee-54a4-45df-8b95-3d61f3cbf035,10,workload-20260609T121504519314Z,15,,2,2026-06-09T12:19:19.709175Z,2026-06-09T12:19:19.845529Z,2026-06-09T12:19:30.831844Z,202,completed,2143,8710,cb9fb5da3c43:1:ff9f8699,571310,00000143cf47e8544bf23a5cbba201b2759324c7bcb83dc6ddf21aba4eb8f7cc,140.0,11122.669,1,
f7ddcf68-e893-4ccf-accd-9874c79baaa7,7cb87a56-16c0-45bc-a0b1-f55a2e3b0ce9,4b6f4aee-54a4-45df-8b95-3d61f3cbf035,10,workload-20260609T121504519314Z,16,,2,2026-06-09T12:19:19.802347Z,2026-06-09T12:19:19.938455Z,2026-06-09T12:19:36.806813Z,202,completed,6193,13678,6084be8b8ecc:1:c65f49bb,2201021,00000e8da3f92a8d433964ea06aa4f42afdf8124c1a7da1845472eb24a7209cc,141.0,17004.466,3,
adce3a21-11ec-4d5b-a434-75f1b90e27c9,3aea9713-d495-408b-be75-e24eb69acd80,4b6f4aee-54a4-45df-8b95-3d61f3cbf035,10,workload-20260609T121504519314Z,17,,2,2026-06-09T12:19:19.908665Z,2026-06-09T12:19:20.043872Z,2026-06-09T12:19:30.767483Z,202,completed,1526,10245,cb9fb5da3c43:1:061df8ef,424937,00000fed8958a9fe270af1a03236dceced51a24c21ce21bce198145820ecaa2a,140.0,10858.818,1,
5f93daff-e5d2-413c-a7c7-46d150df12db,bbf20bd5-05a5-4088-83c9-feb0979b000f,4b6f4aee-54a4-45df-8b95-3d61f3cbf035,10,workload-20260609T121504519314Z,18,,2,2026-06-09T12:19:20.002342Z,2026-06-09T12:19:20.178426Z,2026-06-09T12:19:34.417356Z,202,completed,2695,12154,0616728b7286:1:fbd30f6e,788714,00000f47a571fd4a5550053d1ce2a143be42148c98eb9ec461ba7cea45e90b73,172.0,14415.014,2,
69d4782c-7b57-49a9-aebe-44306bfc2412,2c8c4391-dd24-4f18-95a2-e6a0863279d1,4b6f4aee-54a4-45df-8b95-3d61f3cbf035,10,workload-20260609T121504519314Z,19,,2,2026-06-09T12:19:20.109512Z,2026-06-09T12:19:20.244300Z,2026-06-09T12:19:36.444776Z,202,completed,3410,13768,cb9fb5da3c43:1:7b9ca042,935731,0000079e1edf1a8d1fef962b8a2bcf5472d963360bf06f442ee229b664441455,125.0,16335.264,2,
59efbf03-0089-48a3-af87-62dbfc0cb48f,f6fd4b59-9126-46c3-bd21-eebcef6ad796,4b6f4aee-54a4-45df-8b95-3d61f3cbf035,10,workload-20260609T121504519314Z,20,,2,2026-06-09T12:19:20.203664Z,2026-06-09T12:19:20.348172Z,2026-06-09T12:19:35.603768Z,202,completed,3319,13752,cb9fb5da3c43:1:30c976a1,860361,00000f63f8675828c2aa586fffbaf742ebe3232d14d67f9d7c4079c64e99355d,140.0,15400.104,2,
9262fa6d-afde-4cc1-a749-6d116472345c,8202f8fd-a786-4861-a03d-80a42f24a524,4b6f4aee-54a4-45df-8b95-3d61f3cbf035,10,workload-20260609T121504519314Z,21,,2,2026-06-09T12:19:20.312718Z,2026-06-09T12:19:20.455209Z,2026-06-09T12:19:34.516354Z,202,completed,1010,13495,0616728b7286:1:6139fe94,322852,0000013ca1f99cff2c8e0df2b31984160d22ca77705047859e4e952e0f75aff1,141.0,14203.636,3,
688dec41-4c4e-48f7-844d-8b53038ad259,bde1d49d-83e7-4022-a417-b798d0b60d81,4b6f4aee-54a4-45df-8b95-3d61f3cbf035,10,workload-20260609T121504519314Z,22,,2,2026-06-09T12:19:20.406345Z,2026-06-09T12:19:20.534988Z,2026-06-09T12:19:39.827774Z,202,completed,5079,18131,6084be8b8ecc:1:2cbfb984,1921765,000002323f26f2c7d0bff14b411b5d4803b7de061292b9fac13392ed13968a72,125.0,19421.429,5,
7339efe7-5e8b-451a-9198-9d83a406955a,2d839258-b3b7-453a-9c72-2d8c9393d1e3,4b6f4aee-54a4-45df-8b95-3d61f3cbf035,10,workload-20260609T121504519314Z,23,,2,2026-06-09T12:19:20.498929Z,2026-06-09T12:19:20.633523Z,2026-06-09T12:19:36.774496Z,202,completed,46,13379,6084be8b8ecc:1:c0a0d81d,17661,0000031b7a0328f72af0a2e1a32de28e25459ac20f50f54f2ccea4a9600d998f,125.0,16275.567,2,
16c90648-4f1e-4a21-bd1e-0dab8c7a8c3c,2c7c2770-43df-4b40-ada9-200d40a149f0,4b6f4aee-54a4-45df-8b95-3d61f3cbf035,10,workload-20260609T121504519314Z,24,,2,2026-06-09T12:19:20.606326Z,2026-06-09T12:19:20.727860Z,2026-06-09T12:19:37.544298Z,202,completed,2931,16459,0616728b7286:1:e34d2ea2,908117,000005243e282f83729cad9018d9da902b1eadc1686e58821d27158c4db2d210,109.0,16937.972,3,
c5c4f2dd-0fde-46be-a3b4-3fe6b1aeede8,3db713c8-a66c-462b-8c16-7237e574ad1d,4b6f4aee-54a4-45df-8b95-3d61f3cbf035,10,workload-20260609T121504519314Z,25,,2,2026-06-09T12:19:20.714324Z,2026-06-09T12:19:20.835501Z,2026-06-09T12:19:42.166301Z,202,completed,6669,19990,6084be8b8ecc:1:5ed1f278,2406358,00000c772c940cfb61f13258c3f983fb6acf3ff690210671578200dfbf1aa680,125.0,21451.977,6,
4beaa9fd-c222-4b68-823a-66d88bd83e86,2cd2eff7-4987-424f-8577-b3db7a8d7efc,4b6f4aee-54a4-45df-8b95-3d61f3cbf035,10,workload-20260609T121504519314Z,26,,2,2026-06-09T12:19:20.808240Z,2026-06-09T12:19:20.967521Z,2026-06-09T12:19:38.224775Z,202,completed,2589,16098,cb9fb5da3c43:1:44e87f87,776944,0000042911e0413147279f61311ad2f1e1648104df16324afccb09a923031969,172.0,17416.535,4,
c967d8c3-0e98-4341-8efe-aaeba9d0e8f9,d7bf68e5-b9b1-4020-9b83-a38b64e0a26e,4b6f4aee-54a4-45df-8b95-3d61f3cbf035,10,workload-20260609T121504519314Z,27,,2,2026-06-09T12:19:20.918525Z,2026-06-09T12:19:21.054498Z,2026-06-09T12:19:36.716909Z,202,completed,1231,14588,cb9fb5da3c43:1:7c87fdb3,327555,00000749f8ac5e2708cc24a2d9bd758a0f353291776c933210cbe201d5f289aa,125.0,15798.384,3,
2edf9ed2-734e-4451-9129-fff60353f274,2cb82e56-c323-408b-b2e1-bf7cc44871bb,4b6f4aee-54a4-45df-8b95-3d61f3cbf035,10,workload-20260609T121504519314Z,28,,2,2026-06-09T12:19:20.997325Z,2026-06-09T12:19:21.164342Z,2026-06-09T12:19:44.994880Z,202,completed,8022,22700,cb9fb5da3c43:1:fcf2e276,2252002,000005684909e12b32b8469bbdd22447e7bcff5793d88d3f246396e2dc424bf9,157.0,23997.555,7,
50234810-8f3d-4737-bd53-ee271a811d39,a538fb18-0332-480b-99c8-1fa3f8b52af2,4b6f4aee-54a4-45df-8b95-3d61f3cbf035,10,workload-20260609T121504519314Z,29,,2,2026-06-09T12:19:21.106498Z,2026-06-09T12:19:21.246320Z,2026-06-09T12:19:39.186775Z,202,completed,1460,17464,cb9fb5da3c43:1:d8ab0ce0,388959,00000c6365954a50f5f3b896aab5d94b45298f28abfa84bc9a6ec035265a09f8,140.0,18080.277,4,
c0b6cbfd-0b1e-408f-8524-bbeac392b0bf,6c7f793d-c685-458a-a8f3-3d5826d9ca27,4b6f4aee-54a4-45df-8b95-3d61f3cbf035,10,workload-20260609T121504519314Z,30,,2,2026-06-09T12:19:21.215508Z,2026-06-09T12:19:21.357103Z,2026-06-09T12:19:45.251313Z,202,completed,6613,22885,0616728b7286:1:f6e8021b,2173094,0000078e9d74c4a9e07dad8c872c3d322b6d7f4a268cda56f4c892bc7c4125b3,141.0,24035.805,8,
356862fe-9c21-4a2f-b2b1-e528f4be4178,41ab26c4-1065-4d53-8ce1-98dcd0a63cfe,4b6f4aee-54a4-45df-8b95-3d61f3cbf035,10,workload-20260609T121504519314Z,31,,2,2026-06-09T12:19:21.294631Z,2026-06-09T12:19:21.437301Z,2026-06-09T12:19:41.729284Z,202,completed,3102,19342,0616728b7286:1:fcf7e745,911251,0000094219e4f14bb8384e460750c63b27f5079b15915c795d219b8bb1a36c8f,141.0,20434.653,5,
3da7f17c-8114-4e13-acfd-33d004adc889,62bbb706-8bba-49e0-b5d0-a7073069965a,4b6f4aee-54a4-45df-8b95-3d61f3cbf035,10,workload-20260609T121504519314Z,32,,2,2026-06-09T12:19:21.401498Z,2026-06-09T12:19:21.562358Z,2026-06-09T12:19:42.093516Z,202,completed,1774,19370,6084be8b8ecc:1:56041301,568422,00000a04fdd374ded498e2dbb2a49e9159fc050bf10677997a0a1707f8b2c680,172.0,20692.018,5,
64c117e8-fe16-4547-8d57-33c1061a4174,be6d4103-c719-48ac-ba6d-f2f65b789185,4b6f4aee-54a4-45df-8b95-3d61f3cbf035,10,workload-20260609T121504519314Z,33,,2,2026-06-09T12:19:21.509966Z,2026-06-09T12:19:21.628803Z,2026-06-09T12:19:46.835350Z,202,completed,7025,24380,cb9fb5da3c43:1:6ae1bb5d,1913244,000005dc82ad80080c2a5da45ecabbc39341a2528c1cef96aa58735fd2f7e812,125.0,25325.384,9,
0a8802d7-ea38-4306-b18f-63f248fe7dd5,46fac766-5d36-4616-9b4e-6025af442d5c,4b6f4aee-54a4-45df-8b95-3d61f3cbf035,10,workload-20260609T121504519314Z,34,,2,2026-06-09T12:19:21.604778Z,2026-06-09T12:19:21.722521Z,2026-06-09T12:19:45.007881Z,202,completed,3121,22600,0616728b7286:1:c6cb82d4,959399,00000461bf4bd5e4871e79e553c23ffeb897f0970bc5a75017bbae0b0c5dd1b1,125.0,23403.103,9,
cf576a11-20e9-4141-83a7-f832676925a6,fd20c1c8-d1cf-420c-a19f-0dffa77e7ab0,4b6f4aee-54a4-45df-8b95-3d61f3cbf035,10,workload-20260609T121504519314Z,35,,2,2026-06-09T12:19:21.713521Z,2026-06-09T12:19:21.848523Z,2026-06-09T12:19:44.763970Z,202,completed,3426,22683,6084be8b8ecc:1:355f61e0,1463370,0000022413672393385ec446181027390f6d106ae9752ca8e9a4d3a617e61d5b,140.0,23050.449,7,
15a075af-d3c0-4bd9-bb39-4bd12bc2d1b7,955521be-d4cd-4d8e-978f-4750ece54a3b,4b6f4aee-54a4-45df-8b95-3d61f3cbf035,10,workload-20260609T121504519314Z,36,,2,2026-06-09T12:19:21.807223Z,2026-06-09T12:19:21.926518Z,2026-06-09T12:19:43.629607Z,202,completed,1578,21018,6084be8b8ecc:1:6e791380,545298,000007c86eece0e4fdd6aab887ff5de9faa79983b6b665046c0f0b1d5fc3e904,125.0,21822.384,7,
c0cdb51d-cfa9-4146-b8c2-8c93fbe030f6,9a70e913-0343-45a8-9904-7f19bfb2541c,4b6f4aee-54a4-45df-8b95-3d61f3cbf035,10,workload-20260609T121504519314Z,37,,2,2026-06-09T12:19:21.914618Z,2026-06-09T12:19:22.056323Z,2026-06-09T12:19:44.983879Z,202,completed,761,22060,6084be8b8ecc:1:0b3b52a9,263698,00000405e7cb5e54c2a2a3f808648a8aa2a950dd959cb5ec1dd202d293552566,140.0,23069.261,9,
e4126c4b-c0f9-4082-9ad2-e35095853a83,447f1d62-3a30-462a-982c-bf7273954863,4b6f4aee-54a4-45df-8b95-3d61f3cbf035,10,workload-20260609T121504519314Z,38,,2,2026-06-09T12:19:22.007331Z,2026-06-09T12:19:22.145673Z,2026-06-09T12:19:46.539889Z,202,completed,1984,23985,cb9fb5da3c43:1:415444d9,539794,000004aa7f88e053f23ee199538dd844e5c53473ececbe06e4c38a5fe8dc88c6,141.0,24532.558,10,
20638044-0752-4cda-96b9-f83f207705e4,44a36fe8-63ee-446f-a62c-94f01c1f570f,4b6f4aee-54a4-45df-8b95-3d61f3cbf035,10,workload-20260609T121504519314Z,39,,2,2026-06-09T12:19:22.113681Z,2026-06-09T12:19:22.249754Z,2026-06-09T12:19:46.035457Z,202,completed,470,22697,6084be8b8ecc:1:8e08d17a,226888,00000dc2a0bb7a10bd81d0ba7f2a44dd56ed9bce4ac8894aee1f018880a8d2e0,140.0,23921.776,9,
6513d511-3b5c-4f74-99e9-8eb956697a07,7149590e-1f6d-4288-926d-f99e9b5bcda9,4b6f4aee-54a4-45df-8b95-3d61f3cbf035,10,workload-20260609T121504519314Z,40,,2,2026-06-09T12:19:22.206330Z,2026-06-09T12:19:22.340501Z,2026-06-09T12:19:46.960455Z,202,completed,2216,24441,0616728b7286:1:9334671a,874973,000004dc5d0a78a369635bfba369417a719ac7e81f466f9e76b6fb2e9319736b,140.0,24754.125,9,
5037f046-7092-4ad5-9983-ee68d24ef837,4ac90fe5-1380-4f9e-8ff3-9dc5ca47363e,4b6f4aee-54a4-45df-8b95-3d61f3cbf035,10,workload-20260609T121504519314Z,41,,2,2026-06-09T12:19:22.299496Z,2026-06-09T12:19:22.458519Z,2026-06-09T12:19:46.103277Z,202,completed,790,23213,0616728b7286:1:2f102413,217856,0000062f1b35cf1647adf79afc4b46b09d9bc46eeb0ffe9822e39f3306e39c41,157.0,23803.781,10,
1d8eacf2-2732-40da-8295-a91e3fdf6041,d4881abe-c019-4b35-963d-9face66642d8,4b6f4aee-54a4-45df-8b95-3d61f3cbf035,10,workload-20260609T121504519314Z,42,,2,2026-06-09T12:19:22.408117Z,2026-06-09T12:19:22.542633Z,2026-06-09T12:19:52.028700Z,202,completed,6629,28800,6084be8b8ecc:1:fa7370a8,2837080,00000fc2d2928fc6a10497cdb4272b1783c1c4bda2f068ffe0ead5f73eb630c1,125.0,29620.583,13,
a017133e-0ab5-4ad9-8f92-9eb4178424fb,0784a35e-ca3d-4a24-9d98-0df749eb60e7,4b6f4aee-54a4-45df-8b95-3d61f3cbf035,10,workload-20260609T121504519314Z,43,,2,2026-06-09T12:19:22.501625Z,2026-06-09T12:19:22.623322Z,2026-06-09T12:19:46.536889Z,202,completed,682,23225,6084be8b8ecc:1:9d595213,243578,0000031e24efdf5d9cd8e093d17b9219e45da8d04f4c55f1b685d97c21a12343,125.0,24035.264,9,
a251fbda-c427-4071-adac-df7423abb43f,768a6bce-440a-4a67-b429-33dbcc30597a,4b6f4aee-54a4-45df-8b95-3d61f3cbf035,10,workload-20260609T121504519314Z,44,,2,2026-06-09T12:19:22.596322Z,2026-06-09T12:19:22.716322Z,2026-06-09T12:19:48.489192Z,202,completed,1987,25515,0616728b7286:1:e0f0b19e,658949,000004daf0db63fab8a02f617cd338b1729e575b564fba471f32b6d4aa329fe2,125.0,25892.87,11,
327fa861-c46e-45c5-b85d-954530a98389,dfff6aaf-370b-4a7d-a2b3-02ba0790af34,4b6f4aee-54a4-45df-8b95-3d61f3cbf035,10,workload-20260609T121504519314Z,45,,2,2026-06-09T12:19:22.706322Z,2026-06-09T12:19:22.841417Z,2026-06-09T12:19:48.627089Z,202,completed,1379,24732,6084be8b8ecc:1:e2f7aeaf,485255,00000b8c467836644ddcbdbca1e562297d7facaf5ab3d72fa942d5b76d37050d,140.0,25920.767,12,
a19cd1d7-ca37-484d-ac01-b43b9f02a174,8469fc37-b863-4323-a5be-5a2d6a08876f,4b6f4aee-54a4-45df-8b95-3d61f3cbf035,10,workload-20260609T121504519314Z,46,,2,2026-06-09T12:19:22.800323Z,2026-06-09T12:19:22.935527Z,2026-06-09T12:19:50.591880Z,202,completed,3328,26953,cb9fb5da3c43:1:e401c9fa,1022346,000003f2e887e1bcbc7992c3ece6d9b8121664ccee20a5a9cbaee64aaf931b03,141.0,27791.557,14,
1cbb3e8c-7557-4168-9908-17b6b023755c,2223a9ac-d911-4c22-ab30-db6f9a745c51,4b6f4aee-54a4-45df-8b95-3d61f3cbf035,10,workload-20260609T121504519314Z,47,,2,2026-06-09T12:19:22.909231Z,2026-06-09T12:19:23.037793Z,2026-06-09T12:19:48.528248Z,202,completed,1871,25413,cb9fb5da3c43:1:1055b87e,475462,00000ad2bdd0c5a711b34dae67e8f50a4c1710e953b60481765994d0b2e658f0,125.0,25619.017,13,
6fffe47b-8383-4ca2-8f0e-0f55c3fc813c,3744d275-24f7-47ef-8f87-e2de585b0831,4b6f4aee-54a4-45df-8b95-3d61f3cbf035,10,workload-20260609T121504519314Z,48,,2,2026-06-09T12:19:23.001188Z,2026-06-09T12:19:23.121794Z,2026-06-09T12:19:50.227137Z,202,completed,2336,26397,0616728b7286:1:03bc3f75,850039,0000061adfd8dca8de4d79ccd505b791542e82b95a56f9a3329bc85e82074233,125.0,27225.949,13,
35b1c270-cd24-4658-9c9b-c239ef468b48,24bd0392-08f4-4088-a593-4170f1dcf9f4,4b6f4aee-54a4-45df-8b95-3d61f3cbf035,10,workload-20260609T121504519314Z,49,,2,2026-06-09T12:19:23.111792Z,2026-06-09T12:19:23.245322Z,2026-06-09T12:19:49.109477Z,202,completed,285,25041,6084be8b8ecc:1:1af50907,99876,000009124bd7273c0beac69267b0f9f43caa2880c5515d061ea6e1efa3261025,125.0,25997.685,12,
5763871e-e207-4bdb-b33c-5c8711ff948f,710b35f9-02a8-4e9f-917c-ea169a20235a,4b6f4aee-54a4-45df-8b95-3d61f3cbf035,10,workload-20260609T121504519314Z,50,,2,2026-06-09T12:19:23.204017Z,2026-06-09T12:19:23.357324Z,2026-06-09T12:19:50.711788Z,202,completed,1936,27101,6084be8b8ecc:1:135b7408,657632,000006d7cc36553f2490632ba153ee34c44020d0c94ed44fcd0726313ec9512b,156.0,27507.771,12,
53848cb0-57b5-43be-a9a1-795f201b6ae0,7b5bf3e1-8661-43b7-871c-c93f663d56ff,4b6f4aee-54a4-45df-8b95-3d61f3cbf035,10,workload-20260609T121504519314Z,51,,2,2026-06-09T12:19:23.312443Z,2026-06-09T12:19:23.472320Z,2026-06-09T12:19:50.839968Z,202,completed,833,26168,0616728b7286:1:82da0f68,241903,00000320d10b9c3a9fa397d463b894b15ddc2d805a23086e10748f9d26393449,156.0,27527.525,14,
cbd7ef64-2c5c-4ccb-bf90-c18de36f84dc,1fc601e0-fa78-4b83-a33f-965118d60e90,4b6f4aee-54a4-45df-8b95-3d61f3cbf035,10,workload-20260609T121504519314Z,52,,2,2026-06-09T12:19:23.405743Z,2026-06-09T12:19:23.541321Z,2026-06-09T12:20:02.837623Z,202,completed,13447,38701,cb9fb5da3c43:1:08709676,3876881,00000c8a94bfad20483574b41a46741f9b82f641760d012761e0c6d2f70110ea,125.0,39431.88,24,
f165e4b2-4455-4466-b263-d5151ef57751,aec6580d-f711-424f-b267-f159a1256093,4b6f4aee-54a4-45df-8b95-3d61f3cbf035,10,workload-20260609T121504519314Z,53,,2,2026-06-09T12:19:23.514320Z,2026-06-09T12:19:23.635329Z,2026-06-09T12:19:54.052442Z,202,completed,3922,30268,0616728b7286:1:223326f6,1300966,00000ce66df1ad79abc6ed6f81e806063d0b24e8f60387a45d63a1fd30986632,109.0,30538.122,16,
a3cc9da0-02e7-4ef3-b662-f35a4de995cc,6e4aefbe-48ac-4fd4-97f8-c3a98da46285,4b6f4aee-54a4-45df-8b95-3d61f3cbf035,10,workload-20260609T121504519314Z,54,,2,2026-06-09T12:19:23.608321Z,2026-06-09T12:19:23.743341Z,2026-06-09T12:19:52.813972Z,202,completed,2341,28749,0616728b7286:1:693ab15d,676023,00000ab72e3231c2e38c1b99ef27ba1f89fbf0478e05481504598feb6bbde41d,125.0,29205.651,14,
b0622f63-a985-4848-93a2-eaa535fcd187,e1ce1e35-1659-44de-ab99-3f5f65e10ab2,4b6f4aee-54a4-45df-8b95-3d61f3cbf035,10,workload-20260609T121504519314Z,55,,2,2026-06-09T12:19:23.715163Z,2026-06-09T12:19:23.841058Z,2026-06-09T12:19:54.173940Z,202,completed,3893,30188,cb9fb5da3c43:1:82368209,1015381,0000060c220b7540471faf8cb5499b44498a6f5f43faa18b968e2d76e113068c,125.0,30458.777,15,
83c2bbac-0f5e-4858-8320-83c5d7126124,80d2965e-83ee-4ae2-b934-ac14de20c5dc,4b6f4aee-54a4-45df-8b95-3d61f3cbf035,10,workload-20260609T121504519314Z,56,,2,2026-06-09T12:19:23.807325Z,2026-06-09T12:19:23.932515Z,2026-06-09T12:19:55.921546Z,202,completed,4718,31756,6084be8b8ecc:1:09e57448,1711490,000006c85598fd311e8c4070eda6012b6771d6455cea0ee42bac93dd6dccc383,125.0,32114.221,20,
7480e6f0-ee3a-4ec3-a07a-f13cc324e128,ad1b33e4-69dc-4951-948b-6f804a101c2f,4b6f4aee-54a4-45df-8b95-3d61f3cbf035,10,workload-20260609T121504519314Z,57,,2,2026-06-09T12:19:23.899494Z,2026-06-09T12:19:24.043592Z,2026-06-09T12:19:55.970693Z,202,completed,3636,31247,6084be8b8ecc:1:98fb58a9,1289067,000005d70e96cbc51e21c5875849c0e5c990c6167a2ee6b000b5f8e03d629f7b,156.0,32071.199,17,
dec231f1-5b0a-4e9f-96b1-f109dca15aea,85a45d42-55cc-4b98-a239-86fc9c83b94d,4b6f4aee-54a4-45df-8b95-3d61f3cbf035,10,workload-20260609T121504519314Z,58,,2,2026-06-09T12:19:24.009510Z,2026-06-09T12:19:24.212616Z,2026-06-09T12:19:57.355319Z,202,completed,3652,32481,0616728b7286:1:5513049d,1309828,000006adc528e64f94e73a3ab40657328194fdbb33362736124029a3c714fde3,204.0,33345.809,19,
cca00548-26ba-4bc5-aa6a-403a1e48903c,1d964e66-f70e-4902-a1d4-fe3c861df8d1,4b6f4aee-54a4-45df-8b95-3d61f3cbf035,10,workload-20260609T121504519314Z,59,,2,2026-06-09T12:19:24.100974Z,2026-06-09T12:19:24.249495Z,2026-06-09T12:19:57.145545Z,202,completed,1952,31936,0616728b7286:1:a421f234,587147,00000f5bb51f756df0a5f9c360e5b697eee505136a44dae6529ce39f422d772f,156.0,33044.571,19,
c575ea31-5b34-49c4-b8c5-29dd85180524,bc0707ef-c175-4de4-93cb-b844f068d5a7,4b6f4aee-54a4-45df-8b95-3d61f3cbf035,10,workload-20260609T121504519314Z,60,,2,2026-06-09T12:19:24.209612Z,2026-06-09T12:19:24.366090Z,2026-06-09T12:19:56.225566Z,202,completed,1058,31055,cb9fb5da3c43:1:4fde3adc,273484,000004145f10eaf1df823a38878faec8840978dae1159338a367b79cd0a68ddc,156.0,32015.954,18,
a3924973-d829-4b78-9e07-3b891c5c91e5,bb88dd5e-c9af-4293-bf19-6d4361f4a205,4b6f4aee-54a4-45df-8b95-3d61f3cbf035,10,workload-20260609T121504519314Z,61,,2,2026-06-09T12:19:24.302338Z,2026-06-09T12:19:24.421938Z,2026-06-09T12:19:57.246456Z,202,completed,382,31676,6084be8b8ecc:1:31c21ab0,271081,00000c04f89f7baf483a7a077432d36e38d8b3a6e24303f073b17f127f8b32f8,125.0,32944.118,20,
362b6de5-d5ed-4ffc-871d-b448b29a5842,725aa894-be19-4ca3-9497-507a2ae2f763,4b6f4aee-54a4-45df-8b95-3d61f3cbf035,10,workload-20260609T121504519314Z,62,,2,2026-06-09T12:19:24.411492Z,2026-06-09T12:19:24.544489Z,2026-06-09T12:19:59.074458Z,202,completed,3133,34282,cb9fb5da3c43:1:219e5ab5,810094,000000003678cd8166deb7edf3166aabe9e94a2d6c44e066eb94cb2cae08c422,140.0,34662.966,21,
b9114960-8f05-467a-af91-b4fd837014ba,0df5c6cf-b500-4082-bfaf-5cc556cdbfee,4b6f4aee-54a4-45df-8b95-3d61f3cbf035,10,workload-20260609T121504519314Z,63,,2,2026-06-09T12:19:24.503839Z,2026-06-09T12:19:24.626256Z,2026-06-09T12:20:01.288455Z,202,completed,4264,35514,6084be8b8ecc:1:da196205,1625907,000008a1809244b596cbdd89c749e94e9e8d2eab1c43141e5bb638b23ec612bd,125.0,36784.616,22,
8f917271-0a7d-42c7-9499-bc5f3b4c1767,e8ea8846-4a31-45a4-8e14-bc384f541d1b,4b6f4aee-54a4-45df-8b95-3d61f3cbf035,10,workload-20260609T121504519314Z,64,,2,2026-06-09T12:19:24.597649Z,2026-06-09T12:19:24.715588Z,2026-06-09T12:19:57.234456Z,202,completed,223,31778,6084be8b8ecc:1:1b8ac437,72398,000005f05fb7830ea04e82c1dd6db50a4ac5010c8a4951ba060aac0951de75c6,125.0,32636.807,20,
1833cb88-bc2f-406b-b6c2-9c9eb1c2cf6c,486de078-7a24-4b71-8c28-71dc8f0dd7ac,4b6f4aee-54a4-45df-8b95-3d61f3cbf035,10,workload-20260609T121504519314Z,65,,2,2026-06-09T12:19:24.706080Z,2026-06-09T12:19:24.840352Z,2026-06-09T12:19:58.524269Z,202,completed,1346,33011,0616728b7286:1:7be9a1d2,552713,00000248256ff8866b7b00b26719f900511256b013b8f0771948a17743efa937,140.0,33818.189,20,
d2019b0d-5a5d-4924-b7ce-ef7a9f449713,5890fae8-657c-4127-84df-9b930ac652dc,4b6f4aee-54a4-45df-8b95-3d61f3cbf035,10,workload-20260609T121504519314Z,66,,2,2026-06-09T12:19:24.799339Z,2026-06-09T12:19:24.935936Z,2026-06-09T12:20:07.372663Z,202,completed,10513,42299,6084be8b8ecc:1:6544a014,3724071,00000cf1b9349638ec74f4679dcd0489ccfd4a31f8d6da1188f3e8429f2828c3,141.0,42573.324,27,
3e35cf35-8b26-45ae-9db0-914569c1495d,42b6bb11-85eb-4e42-92fe-9cd02c3b6154,4b6f4aee-54a4-45df-8b95-3d61f3cbf035,10,workload-20260609T121504519314Z,67,,2,2026-06-09T12:19:24.907907Z,2026-06-09T12:19:25.045356Z,2026-06-09T12:19:59.837272Z,202,completed,2559,34486,0616728b7286:1:580f9301,858869,00000e51b85a71fc116cb9c96b4d1f542973d0a5d934c8223fcd615084947f0d,140.0,34929.365,21,
7f879fd8-4eba-4c01-961f-71487f367e9a,ef15b0db-72a5-4129-8aec-b22e9104a22f,4b6f4aee-54a4-45df-8b95-3d61f3cbf035,10,workload-20260609T121504519314Z,68,,2,2026-06-09T12:19:25.001295Z,2026-06-09T12:19:25.134642Z,2026-06-09T12:20:05.863345Z,202,completed,7264,40188,0616728b7286:1:31216d07,2760606,0000093523acb998c176f77f60c01d0a305ab0d0e196e2631f7fd70817b95940,125.0,40862.05,27,
edfb6368-36a8-4356-a32e-dfa288562824,4721b2be-790d-40de-b27a-38d0f7334d81,4b6f4aee-54a4-45df-8b95-3d61f3cbf035,10,workload-20260609T121504519314Z,69,,2,2026-06-09T12:19:25.110513Z,2026-06-09T12:19:25.261012Z,2026-06-09T12:20:11.295877Z,202,completed,11334,45328,cb9fb5da3c43:1:2a99e26d,3179266,00000700896ad85383108265b2dd8c95fe18fd76f4afa0f2415294c4231833ae,140.0,46185.364,31,
99e79db1-c75a-4890-b496-c97febdf7558,cbaa0681-4aa8-4aba-a2cd-dbb53d681931,4b6f4aee-54a4-45df-8b95-3d61f3cbf035,10,workload-20260609T121504519314Z,70,,2,2026-06-09T12:19:25.217688Z,2026-06-09T12:19:25.558394Z,2026-06-09T12:20:00.899252Z,202,completed,81,34617,0616728b7286:1:7002cb0e,23170,0000089602f78c0612310f7b74370cb94b1a36c4ef59495f4a02768a92b87d30,328.0,35681.564,22,
f9b0498e-86bc-4b5f-83d1-f4afe3ee0598,59d960e7-f3aa-4e3b-8de2-0f786e528373,4b6f4aee-54a4-45df-8b95-3d61f3cbf035,10,workload-20260609T121504519314Z,71,,2,2026-06-09T12:19:25.310515Z,2026-06-09T12:19:25.465336Z,2026-06-09T12:20:02.915780Z,202,completed,1667,36460,0616728b7286:1:e27e4f77,482592,00000207f54019b9252d7a3d552d6620d3db6f366c7124ca925de83033756678,156.0,37605.265,24,
0dedad16-9380-4c47-b6f1-9e9f75383753,cfa5af95-afe9-4bac-875d-aad68ff2ef08,4b6f4aee-54a4-45df-8b95-3d61f3cbf035,10,workload-20260609T121504519314Z,72,,2,2026-06-09T12:19:25.403036Z,2026-06-09T12:19:25.560122Z,2026-06-09T12:20:02.300255Z,202,completed,1170,36030,6084be8b8ecc:1:63c8431b,359768,00000ab425599166031761d8843da58835844d4a89f978ed76618ac5dbc05b06,156.0,36897.219,23,
ec876f56-36cc-47a2-b6d8-23a087d13509,3fbfb255-0380-4938-87e3-15db70d7e4ab,4b6f4aee-54a4-45df-8b95-3d61f3cbf035,10,workload-20260609T121504519314Z,73,,2,2026-06-09T12:19:25.495901Z,2026-06-09T12:19:25.635515Z,2026-06-09T12:20:08.692442Z,202,completed,5836,42025,6084be8b8ecc:1:4c69fafc,2022929,000008c1221f95d19632f82ef290c8568d1d68ca6e7979151f93958730876003,140.0,43196.541,29,
961f3b6b-7aa9-491e-8097-2cb2db9c8d07,32c4f5e5-9beb-479e-bd0b-a738d2edf93b,4b6f4aee-54a4-45df-8b95-3d61f3cbf035,10,workload-20260609T121504519314Z,74,,2,2026-06-09T12:19:25.605509Z,2026-06-09T12:19:25.738511Z,2026-06-09T12:20:02.624405Z,202,completed,255,36861,0616728b7286:1:08c9e62c,78658,0000017c45323c8bb6b00434eb31136b36cb6f51e10969054daf514646d7022a,125.0,37018.896,23,
f56f5dc0-1293-456e-ac54-8b38b89797a8,19221fdd-95ff-45fb-8867-4a515e6d9413,4b6f4aee-54a4-45df-8b95-3d61f3cbf035,10,workload-20260609T121504519314Z,75,,2,2026-06-09T12:19:25.713079Z,2026-06-09T12:19:25.832461Z,2026-06-09T12:20:08.467474Z,202,completed,5212,41815,cb9fb5da3c43:1:1fc07c27,1372476,000001d0566a60d1a5d3cec4dd1e3dfff313635adc64a78870e70d2268d4d3cc,125.0,42754.395,28,
65958a5d-11cf-4d3f-9bdb-5e35915a8a04,da3c1067-1ff8-4029-8849-66fadba1ce59,4b6f4aee-54a4-45df-8b95-3d61f3cbf035,10,workload-20260609T121504519314Z,76,,2,2026-06-09T12:19:25.806802Z,2026-06-09T12:19:25.925317Z,2026-06-09T12:20:05.049579Z,202,completed,1382,38341,0616728b7286:1:4051e362,391470,00000e666c9fe87d06433844b06090520a62bc4bb025de6bdeed7b5aa87cfc37,125.0,39242.777,26,
b354ab3e-5a56-4eea-a420-525b52741e26,ce0a0efb-e4d6-4241-aab2-55e4dea2903a,4b6f4aee-54a4-45df-8b95-3d61f3cbf035,10,workload-20260609T121504519314Z,77,,2,2026-06-09T12:19:25.914316Z,2026-06-09T12:19:26.046317Z,2026-06-09T12:20:07.427046Z,202,completed,2116,40723,0616728b7286:1:0b8816a7,421790,00000c5c96fdf2547a1b2b477b9410f358b5dae06af554842b6dcb82a1c18eee,140.0,41512.73,25,
6d697d32-219d-4e27-a702-b75092b55f23,79aca26d-3170-48b6-93fb-14872f9091fc,4b6f4aee-54a4-45df-8b95-3d61f3cbf035,10,workload-20260609T121504519314Z,78,,2,2026-06-09T12:19:26.007316Z,2026-06-09T12:19:26.126063Z,2026-06-09T12:20:07.081217Z,202,completed,1268,40702,0616728b7286:1:3468f3f7,177783,000007644e3c53aeef28ddd75336fe1c2522d1b28bc493f156e303c32e5d13f8,125.0,41073.901,28,
6376d41f-b6f5-4e15-98a8-0bfe0287f314,3b7b0920-7535-4b2b-8940-162577241d8f,4b6f4aee-54a4-45df-8b95-3d61f3cbf035,10,workload-20260609T121504519314Z,79,,2,2026-06-09T12:19:26.101251Z,2026-06-09T12:19:26.235142Z,2026-06-09T12:20:08.216702Z,202,completed,150,41323,0616728b7286:1:26f0e897,35202,00000f97c525d535c4684a8ece6e265360fc3048d4502402f7611ffab890b410,141.0,42115.451,28,
fb973129-cced-4331-9672-82ca203caa4e,52064678-7b5c-40eb-a7ef-fef4c3384e4f,4b6f4aee-54a4-45df-8b95-3d61f3cbf035,10,workload-20260609T121504519314Z,80,,2,2026-06-09T12:19:26.209514Z,2026-06-09T12:19:26.328753Z,2026-06-09T12:20:17.641406Z,202,completed,9910,51083,0616728b7286:1:f0760b9c,2982364,00000c6bf65f1827cf16c7e92b57c8d474c72b0ebeb215a024b7cef39f286d59,125.0,51431.892,37,
5283c966-c3c6-4968-917f-65c803161eb0,0df01494-95f7-4d58-90df-4658db457bcf,4b6f4aee-54a4-45df-8b95-3d61f3cbf035,10,workload-20260609T121504519314Z,81,,2,2026-06-09T12:19:26.300530Z,2026-06-09T12:19:26.439481Z,2026-06-09T12:20:08.361367Z,202,completed,594,41618,6084be8b8ecc:1:5b5a52b5,294737,00000bd89e0853478c59dd740372065b7b050b92d0c6a23ae0a7fbf6a383e5e3,141.0,42060.837,29,
a9f4dd75-c1c7-4156-8777-3719c82cb5c9,77199e34-1286-4baf-9f02-f19447fe7302,4b6f4aee-54a4-45df-8b95-3d61f3cbf035,10,workload-20260609T121504519314Z,82,,2,2026-06-09T12:19:26.408789Z,2026-06-09T12:19:26.526312Z,2026-06-09T12:20:12.216228Z,202,completed,3252,44725,0616728b7286:1:d76605d7,764403,0000027fe8e5a19ddb0d19f28eadcd14ae501eff0f07d6bdc75540fae1364cff,109.0,45807.439,32,
904fd5c8-6f63-484d-9308-93ebc0248f78,41d3080f-8a5d-4dbf-8b62-2662c0dbb83a,4b6f4aee-54a4-45df-8b95-3d61f3cbf035,10,workload-20260609T121504519314Z,83,,2,2026-06-09T12:19:26.502458Z,2026-06-09T12:19:26.636661Z,2026-06-09T12:20:12.413834Z,202,completed,3846,45076,6084be8b8ecc:1:5d4b9549,1415123,0000089e71b5a203ff81d3777b27dad05df7e024fe906a469ae807beec00a8fa,141.0,45911.376,33,
09537cb5-0d9a-432c-aecb-14e086dec66f,e7e9c7ec-859c-4b3a-9935-8d3dc2fd9917,4b6f4aee-54a4-45df-8b95-3d61f3cbf035,10,workload-20260609T121504519314Z,84,,2,2026-06-09T12:19:26.612488Z,2026-06-09T12:19:26.750519Z,2026-06-09T12:20:12.083485Z,202,completed,2872,44268,cb9fb5da3c43:1:dd0152c2,898199,000003715473af1e687991837baf19d258004d5238c2b6e082bcdd0233eea3c4,140.0,45470.997,32,
50c6ec17-880e-47bc-8ce5-28142f9fdba5,73a7e00a-6a7b-44a5-b95c-6f7d8898fe1c,4b6f4aee-54a4-45df-8b95-3d61f3cbf035,10,workload-20260609T121504519314Z,85,,2,2026-06-09T12:19:26.704489Z,2026-06-09T12:19:26.839318Z,2026-06-09T12:20:13.132650Z,202,completed,4152,45771,6084be8b8ecc:1:27bcb013,1522133,0000067868f085e894d25643cb3be03832b362a5aab3a900b5885e279a997c21,125.0,46428.161,30,
6771f968-6e32-464c-8d28-48f45d259bb0,734b3492-88a9-4d0b-8df2-833b38a4448c,4b6f4aee-54a4-45df-8b95-3d61f3cbf035,10,workload-20260609T121504519314Z,86,,2,2026-06-09T12:19:26.813315Z,2026-06-09T12:19:26.946307Z,2026-06-09T12:20:13.554313Z,202,completed,1498,45504,cb9fb5da3c43:1:89f86221,542779,00000873c3e79d44617b27e0b82d7f6d983a826ac0d140bd9426ada7ced92152,125.0,46740.998,34,
783f07dd-abd9-4528-b6c1-016b58ca4819,76611b28-da2e-41b3-a9a1-00194260bf7b,4b6f4aee-54a4-45df-8b95-3d61f3cbf035,10,workload-20260609T121504519314Z,87,,2,2026-06-09T12:19:26.922317Z,2026-06-09T12:19:27.066309Z,2026-06-09T12:20:13.766228Z,202,completed,1352,45817,cb9fb5da3c43:1:45782599,448915,00000bdd8d634fbcfb6f3fd872c4540143b4df22ffef17534461fd4836f4fc71,141.0,46843.911,33,
b3838316-8888-4285-b654-fce2be6027b4,efbe4ba5-dad2-475a-b408-8bf6bea436be,4b6f4aee-54a4-45df-8b95-3d61f3cbf035,10,workload-20260609T121504519314Z,88,,2,2026-06-09T12:19:27.015362Z,2026-06-09T12:19:27.133489Z,2026-06-09T12:20:17.008252Z,202,completed,4547,49094,0616728b7286:1:8b39b137,1378712,00000ff7446c3e8c87adde7b99903fd231595e4f0b18eee00c5c3ce587ad20a3,109.0,49992.89,37,
086903b6-9c81-482a-b53c-8127d89157b3,edbc17d2-4cae-471b-bf87-947b64e5f24c,4b6f4aee-54a4-45df-8b95-3d61f3cbf035,10,workload-20260609T121504519314Z,89,,2,2026-06-09T12:19:27.108335Z,2026-06-09T12:19:27.244735Z,2026-06-09T12:20:14.470346Z,202,completed,2095,46894,6084be8b8ecc:1:793866df,1108854,00000f6952e4c0fb9c29e4f6171adc092d0b87e10618d113ed3053f49741d0d1,125.0,47362.011,34,
d1962a94-eff9-4b72-9d7b-a2b878d0b08e,efb3939c-c0b7-4498-bde5-703d8a9396fa,4b6f4aee-54a4-45df-8b95-3d61f3cbf035,10,workload-20260609T121504519314Z,90,,2,2026-06-09T12:19:27.215649Z,2026-06-09T12:19:27.380330Z,2026-06-09T12:20:18.004252Z,202,completed,4201,49792,cb9fb5da3c43:1:64b8c0bd,1447059,0000031792a378addd4520a1607561925fe1dd74b09558b9f2d34f4c5c5c2a69,156.0,50788.603,38,
affd55f6-e1f6-424b-b7a9-3fd168ea9142,567a1bed-a627-4e37-8d96-1147899c6933,4b6f4aee-54a4-45df-8b95-3d61f3cbf035,10,workload-20260609T121504519314Z,91,,2,2026-06-09T12:19:27.307462Z,2026-06-09T12:19:27.427927Z,2026-06-09T12:20:13.583304Z,202,completed,239,45576,6084be8b8ecc:1:8e4432eb,86143,000009e0e80fd5e0aa7237aaa58c619028161e7a61a9b4f00177032dabebc55e,125.0,46275.842,34,
6623997c-f8fc-4177-b404-de4ee81b5326,107ad86d-730d-48f2-86fb-66217563080b,4b6f4aee-54a4-45df-8b95-3d61f3cbf035,10,workload-20260609T121504519314Z,92,,2,2026-06-09T12:19:27.417313Z,2026-06-09T12:19:27.549254Z,2026-06-09T12:20:14.198449Z,202,completed,312,45990,cb9fb5da3c43:1:e60c5355,83240,00000fefeeca9285daacdb9205d7068f2fb8fa12bd56f53aae368f78e43176ba,140.0,46781.136,32,
b8534a24-e08b-4f7a-b4d8-29c5dea3adc0,d1279dbe-621c-407f-805a-c5b222793534,4b6f4aee-54a4-45df-8b95-3d61f3cbf035,10,workload-20260609T121504519314Z,93,,2,2026-06-09T12:19:27.509832Z,2026-06-09T12:19:27.642477Z,2026-06-09T12:20:14.286432Z,202,completed,262,46057,6084be8b8ecc:1:b3280716,87860,000000229e93e978038702a95b9a24e17a8d7ee5a50fe591d6c6fe5adcf28d2e,141.0,46776.6,33,
bde6f771-574c-472e-8188-bbe3938d9099,9a7faba0-673b-467f-a189-d31cac13bd8e,4b6f4aee-54a4-45df-8b95-3d61f3cbf035,10,workload-20260609T121504519314Z,94,,2,2026-06-09T12:19:27.602915Z,2026-06-09T12:19:27.734965Z,2026-06-09T12:20:17.716421Z,202,completed,2872,48980,cb9fb5da3c43:1:024b9eeb,750662,0000026db2d87dc5a0b0a7a06282b155b0797bff0a0cb35d6e6e2cfeab026c3c,141.0,50113.506,38,
54755833-69aa-4653-9e92-e11c163ab868,912ad6ba-f8f3-4804-8581-b5b9407c6e28,4b6f4aee-54a4-45df-8b95-3d61f3cbf035,10,workload-20260609T121504519314Z,95,,2,2026-06-09T12:19:27.710933Z,2026-06-09T12:19:27.829147Z,2026-06-09T12:20:16.930232Z,202,completed,2729,48933,6084be8b8ecc:1:74ce9b18,1077692,00000ebb48c87c75bfa389a44076b55683ab4efd6df0b9aeee219007dadab84a,125.0,49219.299,37,
098e1f00-534b-4d8b-8ff5-b6abb930b01c,377e399e-64f4-4ea1-8c1f-bc226650fa9c,4b6f4aee-54a4-45df-8b95-3d61f3cbf035,10,workload-20260609T121504519314Z,96,,2,2026-06-09T12:19:27.804665Z,2026-06-09T12:19:27.922511Z,2026-06-09T12:20:19.953199Z,202,completed,4518,51203,6084be8b8ecc:1:042e2132,1812419,00000519ea0303574acb75395a7faeddc2493b7a8317484f425ac336f993c83d,125.0,52148.534,38,
123caa84-9ea9-4744-82a1-3d8e84473f74,ecef4e41-4009-4f38-9739-cea473450787,4b6f4aee-54a4-45df-8b95-3d61f3cbf035,10,workload-20260609T121504519314Z,97,,2,2026-06-09T12:19:27.898644Z,2026-06-09T12:19:28.052642Z,2026-06-09T12:20:17.585424Z,202,completed,1049,49469,0616728b7286:1:11645ea9,394985,00000dd2f089abc0eff8ade1b335860395ba9ed5db33ef92b03f50f7a37f6ddc,156.0,49686.78,38,
0e282dab-31b9-4214-bcfe-4af2d5353642,3253bb40-98a9-45f1-ad4b-20c3812fbce2,4b6f4aee-54a4-45df-8b95-3d61f3cbf035,10,workload-20260609T121504519314Z,98,,2,2026-06-09T12:19:28.006041Z,2026-06-09T12:19:28.125697Z,2026-06-09T12:20:26.000083Z,202,completed,7741,56747,cb9fb5da3c43:1:0cc34613,2417237,00000c3e051d1bf085cc22f00db7c09871c142352e6a00491357bb9bbabada06,125.0,57994.042,46,
219c1b01-58d0-4ed0-ad62-5f52a9a3e409,464391d6-acf0-4850-939c-3d88a492ea97,4b6f4aee-54a4-45df-8b95-3d61f3cbf035,10,workload-20260609T121504519314Z,99,,2,2026-06-09T12:19:28.113434Z,2026-06-09T12:19:28.245972Z,2026-06-09T12:20:19.216740Z,202,completed,1520,50432,6084be8b8ecc:1:c8f672a7,546372,000000c6944deeee14babe98e4dbaaa25be2d0e65e403d3a7b06cee734de67ea,125.0,51103.306,40,
dafb1e8d-6223-4ccd-9881-8743fe953c4f,0fea043c-3215-4ee1-b0ec-ea9a333073ef,4b6f4aee-54a4-45df-8b95-3d61f3cbf035,10,workload-20260609T121504519314Z,100,,2,2026-06-09T12:19:28.206508Z,2026-06-09T12:19:28.341940Z,2026-06-09T12:20:19.130666Z,202,completed,1641,50730,cb9fb5da3c43:1:a40d1c4e,435807,00000f4cd8eafe192af10f44fa031f7ba06aec5c8da948f4ad2057e7e0747f61,140.0,50924.158,37,
f38eb9bd-25c8-4112-aee5-5242ad24d4b9,ae6ef416-9aac-4774-9aa7-ae65dab66673,4b6f4aee-54a4-45df-8b95-3d61f3cbf035,10,workload-20260609T121504519314Z,101,,2,2026-06-09T12:19:28.314220Z,2026-06-09T12:19:28.458147Z,2026-06-09T12:20:20.468232Z,202,completed,1547,51028,0616728b7286:1:e9fed04b,606490,00000f1fdca735d423a01f0db34bd4d83ad665b2790582273e3192b8240d41e2,141.0,52154.012,38,
1b594586-100f-425d-b978-da77f8bda50b,f4ddf800-9b69-46ac-b8e4-3d6f02f072f1,4b6f4aee-54a4-45df-8b95-3d61f3cbf035,10,workload-20260609T121504519314Z,102,,2,2026-06-09T12:19:28.408247Z,2026-06-09T12:19:28.532488Z,2026-06-09T12:20:19.089079Z,202,completed,1110,50489,0616728b7286:1:1f8e6448,346879,00000369562679c3d81c25e327a4408fbc187242efdd6bd0177c19432ecdf19b,125.0,50680.832,38,
ddf155a8-359f-44c1-a05d-fc41716620fc,17509027-b681-4f05-9be2-621a3786b5c6,4b6f4aee-54a4-45df-8b95-3d61f3cbf035,10,workload-20260609T121504519314Z,103,,2,2026-06-09T12:19:28.515897Z,2026-06-09T12:19:28.649233Z,2026-06-09T12:20:19.974401Z,202,completed,351,50905,6084be8b8ecc:1:bbe2a8fd,254430,00000c7b9e4314fd5c60508ce7245ccbedc0018e1836c0d6867bddd39ce32620,125.0,51458.504,39,
9f857675-219a-440a-8a12-41a5d3c53c5d,873d9409-62ec-4909-a4b4-579ce40d37df,4b6f4aee-54a4-45df-8b95-3d61f3cbf035,10,workload-20260609T121504519314Z,104,,2,2026-06-09T12:19:28.608485Z,2026-06-09T12:19:28.742487Z,2026-06-09T12:20:26.261943Z,202,completed,6659,57147,0616728b7286:1:64e1505d,2378252,000002b7123b488ff9be2e958904b1dc4a564e4941dd2604b96c13d10bdc7812,125.0,57653.458,46,
5814d2d0-66de-49f7-949c-db0123cca563,5d129bc0-d5f4-467d-9add-dc5b0b97e09a,4b6f4aee-54a4-45df-8b95-3d61f3cbf035,10,workload-20260609T121504519314Z,105,,2,2026-06-09T12:19:28.716315Z,2026-06-09T12:19:28.835501Z,2026-06-09T12:20:24.588418Z,202,completed,5080,55633,cb9fb5da3c43:1:627bcbe8,1360444,00000603d81bbcc77a81f3cdd5101c90f7cd5d71992bca53354dd6b466aa7c65,110.0,55872.103,43,
d234e634-a759-44a1-a36e-81219f3c9328,73bb7718-b979-43b4-9999-434dea6eebd8,4b6f4aee-54a4-45df-8b95-3d61f3cbf035,10,workload-20260609T121504519314Z,106,,2,2026-06-09T12:19:28.809507Z,2026-06-09T12:19:28.943339Z,2026-06-09T12:20:22.744418Z,202,completed,2449,52925,6084be8b8ecc:1:9a261d2e,1110476,00000433015834fb84def4f0832033707e0ed947370257f74ac67c76fbb068df,125.0,53934.911,41,
74d081ee-4db6-4b83-9e77-bc8f17dfee12,7e04f675-9f6f-40df-896f-258309d71be4,4b6f4aee-54a4-45df-8b95-3d61f3cbf035,10,workload-20260609T121504519314Z,107,,2,2026-06-09T12:19:28.918339Z,2026-06-09T12:19:29.050340Z,2026-06-09T12:20:24.649394Z,202,completed,4111,54902,0616728b7286:1:6add44a6,1306976,000005ee5ec0621eb79a9f2bc8636dde27495ba6a5a789d2aa734bb293e3b5c7,125.0,55731.055,43,
6580ae01-4040-4093-a45f-2fed6e94294d,6f5e3ed6-096f-4033-8b6b-adf9c792ca29,4b6f4aee-54a4-45df-8b95-3d61f3cbf035,10,workload-20260609T121504519314Z,108,,2,2026-06-09T12:19:29.011658Z,2026-06-09T12:19:29.143758Z,2026-06-09T12:20:21.844319Z,202,completed,918,51556,6084be8b8ecc:1:02da56db,321693,000009c0eb73134da14f66e9fd4558a3f5ebdc15196c63bcfa1946436d10d40e,125.0,52832.661,41,
760d5e8e-6426-41d5-a267-3c12331e3c7e,1ae80492-f68a-40e6-b742-103a1c9fd31b,4b6f4aee-54a4-45df-8b95-3d61f3cbf035,10,workload-20260609T121504519314Z,109,,2,2026-06-09T12:19:29.104511Z,2026-06-09T12:19:29.223504Z,2026-06-09T12:20:25.490768Z,202,completed,3228,55088,6084be8b8ecc:1:3b5f51ed,1260370,000000d396139bf30d6bc338030c77e6562af78155216c92877ac7f3d50242b8,125.0,56386.257,44,
f2e216d7-f9e2-47be-8316-eb47cbdf39e5,5ac9d1c8-70a3-43a3-949b-e87aff1a1262,4b6f4aee-54a4-45df-8b95-3d61f3cbf035,10,workload-20260609T121504519314Z,110,,2,2026-06-09T12:19:29.212505Z,2026-06-09T12:19:29.474962Z,2026-06-09T12:20:27.668215Z,202,completed,4949,57697,6084be8b8ecc:1:8d7e4131,1900634,0000041da7df897195e4597c093091e6c5ad3d4bcd2d5bb300cb962d6e6cc986,265.0,58455.71,45,
a4d06c69-5839-43bb-adcd-41b34c9e1bcd,1f03c2bf-11f4-4b7c-8e55-038de3822587,4b6f4aee-54a4-45df-8b95-3d61f3cbf035,10,workload-20260609T121504519314Z,111,,2,2026-06-09T12:19:29.306330Z,2026-06-09T12:19:29.425537Z,2026-06-09T12:20:31.287167Z,202,completed,6445,61345,0616728b7286:1:79c2ee96,2472140,00000d311df354cea9e49a2b74cdfb87ce03d7ccabb79d399100510c727ca8ba,125.0,61980.837,49,
0f7fe589-4de9-47db-9e68-2600eb3f288b,6bc119e9-a668-4f5e-b5f8-10274b53b98a,4b6f4aee-54a4-45df-8b95-3d61f3cbf035,10,workload-20260609T121504519314Z,112,,2,2026-06-09T12:19:29.415516Z,2026-06-09T12:19:29.536485Z,2026-06-09T12:20:29.573521Z,202,completed,4573,59819,6084be8b8ecc:1:3a31c38e,1759607,000006555f6001e032816b73c36cbb7863ecaaf3eb83c5f34b7f62e886d60a24,125.0,60158.005,48,
432b1f64-c078-4af5-bb39-82b0a43fbde0,89db877d-2cd6-40d1-895a-9baf126fbfdb,4b6f4aee-54a4-45df-8b95-3d61f3cbf035,10,workload-20260609T121504519314Z,113,,2,2026-06-09T12:19:29.509800Z,2026-06-09T12:19:29.643508Z,2026-06-09T12:20:29.965386Z,202,completed,4474,59529,cb9fb5da3c43:1:4e6f6100,1486633,00000b517bf5da2cc3c334f6aea550cb8cf79e99a91e4e9d88e5f6e28bc02929,141.0,60455.586,48,
797bc94d-b1c7-4ec6-a249-f486eb77c0b0,96551ed8-1c9e-4e25-9c35-a6bcf4d21766,4b6f4aee-54a4-45df-8b95-3d61f3cbf035,10,workload-20260609T121504519314Z,114,,2,2026-06-09T12:19:29.604184Z,2026-06-09T12:19:29.726507Z,2026-06-09T12:20:26.669404Z,202,completed,535,56079,cb9fb5da3c43:1:408a5873,142719,00000d0a1f9b1516f82c572e2820a38573ecfc68fe9082a3f3722d3b7644d754,125.0,57065.22,44,
ac5adb36-7502-4e8d-8aa6-3832d1b8b669,243f63ed-9443-4ce5-9a9a-a595e32ff024,4b6f4aee-54a4-45df-8b95-3d61f3cbf035,10,workload-20260609T121504519314Z,115,,2,2026-06-09T12:19:29.711219Z,2026-06-09T12:19:29.834508Z,2026-06-09T12:20:28.879924Z,202,completed,1998,58144,cb9fb5da3c43:1:f1441b01,536978,000002258020918af1ee3d222116c3b171bebe71c50e7148a4a102d847436a25,125.0,59168.705,46,
531a5e89-f335-45b8-8d88-5f7de01389c8,709cd403-c39a-4d9f-9985-8cb08cad98e9,4b6f4aee-54a4-45df-8b95-3d61f3cbf035,10,workload-20260609T121504519314Z,116,,2,2026-06-09T12:19:29.818321Z,2026-06-09T12:19:29.943562Z,2026-06-09T12:20:26.491389Z,202,completed,22,56474,0616728b7286:1:885f5779,7696,000004a505fbf62785d029fe58a5921bc66713ba66f5d09f7dc306d522f0d4f1,125.0,56673.068,43,
d6a49317-80c7-4229-8293-7f5fb33ffa1c,4933e104-f88b-4fd8-833f-925f6d9c2a20,4b6f4aee-54a4-45df-8b95-3d61f3cbf035,10,workload-20260609T121504519314Z,117,,2,2026-06-09T12:19:29.909857Z,2026-06-09T12:19:30.048328Z,2026-06-09T12:20:30.916117Z,202,completed,3656,60336,0616728b7286:1:03b6be2e,1202570,00000f3d1564da6c82a6a4211df860806755bbe8ba257f2791db74fba4ec09c8,140.0,61006.26,48,
403c18ab-cb15-4acc-a692-d4016465b8ea,7fd8dac8-1330-48d6-b724-99cf1d45dd71,4b6f4aee-54a4-45df-8b95-3d61f3cbf035,10,workload-20260609T121504519314Z,118,,2,2026-06-09T12:19:30.017319Z,2026-06-09T12:19:30.135686Z,2026-06-09T12:20:29.373121Z,202,completed,1712,58802,6084be8b8ecc:1:2cec06f7,609320,00000d6a86e24901f63edcd52fe0871c73c09445b76917795ed7716d5120b8bd,109.0,59355.802,48,
4fc6631e-1cb2-4403-ad23-69bdcbe6ad11,e3cb0a53-867f-4b72-ac0d-075576a9ae4c,4b6f4aee-54a4-45df-8b95-3d61f3cbf035,10,workload-20260609T121504519314Z,119,,2,2026-06-09T12:19:30.110500Z,2026-06-09T12:19:30.244834Z,2026-06-09T12:20:31.676208Z,202,completed,3101,61251,cb9fb5da3c43:1:54e79696,1601672,000004e62e64122055db002a7d2ab2676408e39564fafc1eca03d2d321d87d6b,125.0,61565.708,49,
f823365d-9114-46a8-9ff6-ec968662781b,1582144a-ce7d-415c-af7f-36c5cbe0cabe,4b6f4aee-54a4-45df-8b95-3d61f3cbf035,10,workload-20260609T121504519314Z,120,,2,2026-06-09T12:19:30.218316Z,2026-06-09T12:19:30.358941Z,2026-06-09T12:20:30.132381Z,202,completed,750,59730,6084be8b8ecc:1:8c704bcc,549688,000001b12964e206f7a79b14e6c4845da2d89a3ddd567d703f1b685f85fb75c3,141.0,59914.065,47,
e663c64c-a56f-4d2c-9aee-9041d05cb156,dd7cb8d0-2f49-49c9-8d83-57928201ffa6,4b6f4aee-54a4-45df-8b95-3d61f3cbf035,50,workload-20260609T121504519314Z,1,,2,2026-06-09T12:21:32.007110Z,2026-06-09T12:21:32.207108Z,2026-06-09T12:21:38.418508Z,202,completed,2664,3076,cb9fb5da3c43:1:c0fed390,728729,000005107f77310d6fa6599d5ab22f9232e8a7f9b4a3aa09249af125096006d7,204.0,6411.398,2,
025a7381-5a87-4bd0-9c64-39737909d290,ed0be6e2-0acf-46c9-80a9-80ecdf62a48b,4b6f4aee-54a4-45df-8b95-3d61f3cbf035,50,workload-20260609T121504519314Z,2,,2,2026-06-09T12:21:32.038753Z,2026-06-09T12:21:32.201108Z,2026-06-09T12:21:40.873096Z,202,completed,5269,5569,cb9fb5da3c43:1:eeb69ed9,1495706,000007dc0a296ac2d5e646bc29dac0eaa30a0f296e2226bfebdd8ab44956a00c,172.0,8834.343,3,
35794cbf-48c3-4c58-932c-3a568af69e9c,5eab712a-d6fa-423e-b27a-94cdc9044245,4b6f4aee-54a4-45df-8b95-3d61f3cbf035,50,workload-20260609T121504519314Z,3,,2,2026-06-09T12:21:32.040753Z,2026-06-09T12:21:32.498116Z,2026-06-09T12:21:40.229598Z,202,completed,5262,5796,0616728b7286:1:f42daf83,1845869,000007b5f8aefecd12a4a9c9047136f7d5801b643ba861958fa7f10bdb070f97,468.0,8188.845,3,
3b989e1a-ad88-4f3c-8967-610886c6add1,97cd2583-b003-4a96-86df-09e39a17dab3,4b6f4aee-54a4-45df-8b95-3d61f3cbf035,50,workload-20260609T121504519314Z,4,,2,2026-06-09T12:21:32.043499Z,2026-06-09T12:21:32.199106Z,2026-06-09T12:21:34.840480Z,202,completed,227,602,6084be8b8ecc:1:876b4d91,111610,00000b5017c4c07687e7cfb6a6e934a9668af899b02d901f6c3b81e997f2ce5c,141.0,2796.981,1,
face71fb-b3cb-419a-ac6f-57d2f364cbdc,094bb4df-c749-4053-b317-ceea83608c03,4b6f4aee-54a4-45df-8b95-3d61f3cbf035,50,workload-20260609T121504519314Z,5,,2,2026-06-09T12:21:32.074654Z,2026-06-09T12:21:32.231294Z,2026-06-09T12:21:40.258598Z,202,completed,7544,7883,6084be8b8ecc:1:5f4a1514,2856868,000001db941519b4fc232332d0d6c3528c43b0d69664ba02afd0cbf5593b2feb,156.0,8183.944,3,
7c40d014-6fce-42fd-8771-e1c953859d41,32a8eaae-9e94-43aa-8a34-09ba28ce7096,4b6f4aee-54a4-45df-8b95-3d61f3cbf035,50,workload-20260609T121504519314Z,6,,2,2026-06-09T12:21:32.109383Z,2026-06-09T12:21:32.295510Z,2026-06-09T12:21:40.924569Z,202,completed,6086,6940,6084be8b8ecc:1:27be071d,2149027,00000e1b9c5f86c292eda2da6756aa6278bb945a92daa69f557561df5c2af453,187.0,8815.186,3,
bb4838a3-60bd-43f9-aab7-b4b4a9ca8c8a,1aeda7f4-48ae-4a88-ac78-53baac374b0a,4b6f4aee-54a4-45df-8b95-3d61f3cbf035,50,workload-20260609T121504519314Z,7,,2,2026-06-09T12:21:32.112380Z,2026-06-09T12:21:32.274299Z,2026-06-09T12:21:34.860766Z,202,completed,1269,2038,0616728b7286:1:6ef43ff9,409124,0000099c2b31485ad4feaf4315f36ab313e1a70bbec99563c69ae3a241c1da2a,156.0,2748.386,1,
a19a91a2-b5e0-4a82-8a60-57a83e0ad9f8,8ba0f440-d354-46a5-8574-07f6a47d0258,4b6f4aee-54a4-45df-8b95-3d61f3cbf035,50,workload-20260609T121504519314Z,8,,2,2026-06-09T12:21:32.144276Z,2026-06-09T12:21:32.358115Z,2026-06-09T12:21:43.383824Z,202,completed,6560,8874,0616728b7286:1:508b2297,2137918,000001ab732cc48d2077381f1c1a8123bcd439384bde611240c0f0bc5f4aa372,219.0,11239.548,5,
9fa02928-648c-4e90-ac31-3d0e7ea3cb40,ee0ee24c-4ad4-4c9f-a0e6-8082541fc6c3,4b6f4aee-54a4-45df-8b95-3d61f3cbf035,50,workload-20260609T121504519314Z,9,,2,2026-06-09T12:21:32.178648Z,2026-06-09T12:21:32.330116Z,2026-06-09T12:21:40.184599Z,202,completed,473,6110,cb9fb5da3c43:1:a685dda4,126939,00000554bb780536b5d5abd1fa28cc02731deda8f9c3e6813a24867a0c1d70f6,157.0,8005.951,3,
8c40fd1d-76ad-4a83-9d89-5e092bfd8c27,e935bd40-b752-480e-9ac3-d39ce82a5a97,4b6f4aee-54a4-45df-8b95-3d61f3cbf035,50,workload-20260609T121504519314Z,10,,2,2026-06-09T12:21:32.180647Z,2026-06-09T12:21:32.395115Z,2026-06-09T12:21:44.743696Z,202,completed,3494,10646,6084be8b8ecc:1:4ea4ee5c,1300081,00000048c2b51cb7156cd84d46c296ee7e94a52c5fc4eb610156d35a2d14d702,219.0,12563.049,6,
2f1ef548-e216-4864-ad3d-8663d6a0a2e9,8e3896db-4e60-42fd-b3d7-d02caa108d02,4b6f4aee-54a4-45df-8b95-3d61f3cbf035,50,workload-20260609T121504519314Z,11,,2,2026-06-09T12:21:32.199106Z,2026-06-09T12:21:32.337116Z,2026-06-09T12:21:40.939568Z,202,completed,5013,8277,cb9fb5da3c43:1:c4bc9047,1474134,0000080a1e08e4336160ec2204e59d6d154d92b7df3de3e4191a2babc009bcb4,141.0,8740.462,4,
c087d4dc-61cd-47bb-b9b2-ae5ff438f18d,98bdb593-00b8-423b-b61c-29649cfecc33,4b6f4aee-54a4-45df-8b95-3d61f3cbf035,50,workload-20260609T121504519314Z,12,,2,2026-06-09T12:21:32.215809Z,2026-06-09T12:21:32.360116Z,2026-06-09T12:21:46.424776Z,202,completed,7838,13912,0616728b7286:1:4ea09baa,2936189,0000093eb01668d024e0beb510bc87014d58efaab57ba7e966bae1ea1a8323c1,141.0,14208.967,5,
58ea7e97-3b99-440d-8459-06a3031f5a3c,0bc0613a-1650-4923-938d-5ae8c8584626,4b6f4aee-54a4-45df-8b95-3d61f3cbf035,50,workload-20260609T121504519314Z,13,,2,2026-06-09T12:21:32.231294Z,2026-06-09T12:21:32.495113Z,2026-06-09T12:21:46.395779Z,202,completed,5988,12407,cb9fb5da3c43:1:1e3d4b8d,1639452,00000dc2ccb8af0d96dfafd1744ca03a8d3cf107fec437fe788b144ff9941bad,250.0,14164.485,7,
8afeba3e-36bf-440d-b42f-bd1d7a72d623,cfef2b01-67fa-4085-bdfe-4e19061d65e2,4b6f4aee-54a4-45df-8b95-3d61f3cbf035,50,workload-20260609T121504519314Z,14,,2,2026-06-09T12:21:32.270299Z,2026-06-09T12:21:32.392114Z,2026-06-09T12:21:47.333626Z,202,completed,6729,14774,6084be8b8ecc:1:d3dd7842,2431051,00000550e128a8797faf8ef8bd22714ea7c56eef0f443d2d4332118b6ef50641,125.0,15063.327,5,
32cbee43-b393-4421-862f-e9eab07aace2,21e706f2-144f-4c72-a5a9-8cc4d87064a7,4b6f4aee-54a4-45df-8b95-3d61f3cbf035,50,workload-20260609T121504519314Z,15,,2,2026-06-09T12:21:32.271300Z,2026-06-09T12:21:32.438115Z,2026-06-09T12:21:44.239694Z,202,completed,1312,10464,0616728b7286:1:2037f70d,416771,000003298d308d4be630e6858f189919c31c60e7b3c351bac5a453de96f2e750,172.0,11968.394,5,
59fa9acb-adc5-4d3b-b432-bbf00304bb1a,301ee1b7-2576-4586-b618-ac491edb6d9e,4b6f4aee-54a4-45df-8b95-3d61f3cbf035,50,workload-20260609T121504519314Z,16,,2,2026-06-09T12:21:32.295510Z,2026-06-09T12:21:32.430116Z,2026-06-09T12:21:46.247119Z,202,completed,4385,12778,cb9fb5da3c43:1:34604acf,1274989,00000bd8ab8451cd86f489005bbfc8ce30cba3f6b207ce88723c25276694f521,125.0,13951.609,4,
da9c9348-f6fa-4715-bacb-ddd09a63f35a,63524a76-48bf-4954-83ec-06c295323ddd,4b6f4aee-54a4-45df-8b95-3d61f3cbf035,50,workload-20260609T121504519314Z,17,,2,2026-06-09T12:21:32.330116Z,2026-06-09T12:21:32.470117Z,2026-06-09T12:21:55.322764Z,202,completed,11079,22025,6084be8b8ecc:1:2f974909,4061899,000001e5b7663c56cd86f4d092578f8f7e2a898a8f182c967cddc1ea0a5f3e36,140.0,22992.648,13,
f26f4246-8e92-4bc2-ad4a-4d1da8e0696a,5e933639-6f66-4b8b-9621-74445babaeb8,4b6f4aee-54a4-45df-8b95-3d61f3cbf035,50,workload-20260609T121504519314Z,18,,2,2026-06-09T12:21:32.331115Z,2026-06-09T12:21:32.452117Z,2026-06-09T12:21:46.333770Z,202,completed,1481,12149,0616728b7286:1:4b851d88,473844,00000cfd157a8bfba7c0bef0c8b70c1a4d9d03d4099fa2dc9fbc549990f43219,125.0,14002.655,6,
460f2941-b747-40cf-bd3b-e71274cb4f9e,e4968f62-2a76-4b15-a2c7-08028e775c5f,4b6f4aee-54a4-45df-8b95-3d61f3cbf035,50,workload-20260609T121504519314Z,19,,2,2026-06-09T12:21:32.358115Z,2026-06-09T12:21:32.478116Z,2026-06-09T12:21:46.277948Z,202,completed,127,12548,0616728b7286:1:bf5dd41b,38035,00000bd50934ca2b3663b385366cda8bdbaa22bcca6d2d9ef6cdac97b34245e7,109.0,13919.833,6,
ecfdcb63-63c7-453e-a786-668b25d916cc,aa5341e2-56db-45bb-8771-6fe658e092a5,4b6f4aee-54a4-45df-8b95-3d61f3cbf035,50,workload-20260609T121504519314Z,20,,2,2026-06-09T12:21:32.392114Z,2026-06-09T12:21:32.537116Z,2026-06-09T12:21:47.666554Z,202,completed,2542,15101,cb9fb5da3c43:1:84a13317,726213,0000078dc05098ac1b6892dddbc6f5e0272d2bf852924db5d14447e83da46445,141.0,15274.44,8,
9c81a642-544f-4d75-aefd-3bfaa651bbab,af16fc6f-ea59-45cf-98dc-62b6051a70d4,4b6f4aee-54a4-45df-8b95-3d61f3cbf035,50,workload-20260609T121504519314Z,21,,2,2026-06-09T12:21:32.393115Z,2026-06-09T12:21:32.526116Z,2026-06-09T12:21:52.221255Z,202,completed,6045,18803,0616728b7286:1:39c7370d,2252180,00000b61960297f2a22b11deaa6808c4fe931820acf1875b51dd75c634252644,125.0,19828.14,10,
be3ace19-49f2-48c4-a652-1fb77e706763,68cbd47d-8836-4c3f-8dc8-43f7a7b5902c,4b6f4aee-54a4-45df-8b95-3d61f3cbf035,50,workload-20260609T121504519314Z,22,,2,2026-06-09T12:21:32.430116Z,2026-06-09T12:21:32.556116Z,2026-06-09T12:21:49.482546Z,202,completed,3323,16209,cb9fb5da3c43:1:197dc72b,951175,00000fc5d1af37f142f0ddfa6eb4741419bd11aa3e5430981eaec0e5271330be,125.0,17052.43,9,
dbeea905-331e-4eb3-8189-278519146a80,1d1f3fb7-551a-4d11-a081-b80cb6edd65a,4b6f4aee-54a4-45df-8b95-3d61f3cbf035,50,workload-20260609T121504519314Z,23,,2,2026-06-09T12:21:32.438115Z,2026-06-09T12:21:32.572116Z,2026-06-09T12:21:47.102237Z,202,completed,328,14390,0616728b7286:1:2cd4aee6,98207,000002b1779c1db63bdee7b784e681ee0b9e2464b33915e09151299a2169b93b,125.0,14664.122,7,
a9beb2ca-4678-4b03-9ac9-9862459f422c,257972aa-383d-4222-8d77-4a36b26ddc8a,4b6f4aee-54a4-45df-8b95-3d61f3cbf035,50,workload-20260609T121504519314Z,24,,2,2026-06-09T12:21:32.452117Z,2026-06-09T12:21:32.591114Z,2026-06-09T12:21:50.561081Z,202,completed,2116,16811,0616728b7286:1:dbe6615a,674971,00000a23d32371f5fd987e01db98db71fac1a930012131b75f28ba603fc4b804,140.0,18108.964,9,
b692b8db-0cad-4726-8b1b-f6181a316678,7e8cd907-c0aa-469f-9fb8-d3aadea2f64b,4b6f4aee-54a4-45df-8b95-3d61f3cbf035,50,workload-20260609T121504519314Z,25,,2,2026-06-09T12:21:32.470117Z,2026-06-09T12:21:32.607117Z,2026-06-09T12:21:53.603800Z,202,completed,5145,19972,6084be8b8ecc:1:c584ebff,1753767,00000e8356fff6ccec8d0ae5e68130b33e594fcdf71a0104ee910ec52640c8c2,141.0,21133.683,12,
dd8c6850-b9e5-43f6-9811-a4384c5d32c9,8d41e693-8a04-48a9-8214-3a9a5e39b51e,4b6f4aee-54a4-45df-8b95-3d61f3cbf035,50,workload-20260609T121504519314Z,26,,2,2026-06-09T12:21:32.495113Z,2026-06-09T12:21:32.615116Z,2026-06-09T12:21:58.149236Z,202,completed,9931,25149,cb9fb5da3c43:1:8a9f6075,3018945,00000eec400739ef4d9e7030c052a01252dd475bdc7e709d95a9e94146868564,125.0,25654.123,17,
777be29d-6850-4239-a6c4-a5c7a85e66dc,889c14de-99e9-40b2-b746-156712aaef79,4b6f4aee-54a4-45df-8b95-3d61f3cbf035,50,workload-20260609T121504519314Z,27,,2,2026-06-09T12:21:32.526116Z,2026-06-09T12:21:32.717143Z,2026-06-09T12:21:50.062101Z,202,completed,777,17281,cb9fb5da3c43:1:c952560b,196745,000007abe5ff86f36df72c3f405711f64648cf17ee24e1b990dc4076d1f42397,203.0,17535.985,10,
6a78618a-f4da-4f88-b549-fd73084620e5,ba542960-720f-40df-933d-782fc0f02965,4b6f4aee-54a4-45df-8b95-3d61f3cbf035,50,workload-20260609T121504519314Z,28,,2,2026-06-09T12:21:32.528116Z,2026-06-09T12:21:32.712142Z,2026-06-09T12:21:52.145025Z,202,completed,2022,19115,0616728b7286:1:1584cc1b,688050,0000012bb65370550c67d80bc4208ac6d3b9f46e4b83ff3507bd418a66fc8eeb,172.0,19616.909,12,
0bec9b9c-1e57-4c35-bd81-f243d4ae0b8c,6b47be57-f6fc-49d0-be4e-393f4926bd34,4b6f4aee-54a4-45df-8b95-3d61f3cbf035,50,workload-20260609T121504519314Z,29,,2,2026-06-09T12:21:32.556116Z,2026-06-09T12:21:32.681677Z,2026-06-09T12:21:55.813787Z,202,completed,4416,22000,cb9fb5da3c43:1:c3b342f5,1147015,00000a1400d57680ee4a99296d69aa4c1b95345bd30a388c697ab723babbecbe,125.0,23257.671,14,
be1b53ff-7118-437f-84ef-a02257dd4ead,12d30d69-7f42-4215-bc33-bd52260aa272,4b6f4aee-54a4-45df-8b95-3d61f3cbf035,50,workload-20260609T121504519314Z,30,,2,2026-06-09T12:21:32.591114Z,2026-06-09T12:21:32.752410Z,2026-06-09T12:21:56.978553Z,202,completed,4220,23661,0616728b7286:1:43ee9d62,1451636,0000072041db65179bb5c485f8946ebc770a288c195ffd830aad0833f6d79023,156.0,24387.439,14,
b9855ba9-4eae-4a07-8cc2-5885219a76e9,7bca7151-756a-4155-ad3d-8c57228dd690,4b6f4aee-54a4-45df-8b95-3d61f3cbf035,50,workload-20260609T121504519314Z,31,,2,2026-06-09T12:21:32.592116Z,2026-06-09T12:21:32.724141Z,2026-06-09T12:21:54.276062Z,202,completed,2214,21232,0616728b7286:1:ac0bd5c5,813468,00000e783c3980a48c16cf4ca35f0f1e6ea37c4359b413acfd4e8541b14a9222,125.0,21683.946,11,
f80f20c6-649a-4b23-8f2f-7b0e4a4a5bc3,b81ea4d8-90c5-4141-b27c-fa3b3fce1402,4b6f4aee-54a4-45df-8b95-3d61f3cbf035,50,workload-20260609T121504519314Z,32,,2,2026-06-09T12:21:32.607117Z,2026-06-09T12:21:32.758426Z,2026-06-09T12:21:58.926226Z,202,completed,5081,25220,6084be8b8ecc:1:40e69f4e,2151389,000007419115da1a6ef9654d0ba19dae8a8e69d98b2863ea507c3a5b80037363,140.0,26319.109,15,
9b4af038-085a-48a8-a8ef-a046e1712dfb,7f611b8b-2892-4b73-aa3b-9f2eadbfbd5b,4b6f4aee-54a4-45df-8b95-3d61f3cbf035,50,workload-20260609T121504519314Z,33,,2,2026-06-09T12:21:32.655785Z,2026-06-09T12:21:32.796475Z,2026-06-09T12:21:55.565197Z,202,completed,79,22086,6084be8b8ecc:1:87cc6d86,26206,000008a61e8de60de11fb0f15df493d2d7aee8b01219cf681156a9ee3ee156d7,140.0,22909.412,15,
03557f9c-f6c7-45a4-bf17-83468191672a,2254b172-f2ac-4f12-950a-8a261b467cd4,4b6f4aee-54a4-45df-8b95-3d61f3cbf035,50,workload-20260609T121504519314Z,34,,2,2026-06-09T12:21:32.656781Z,2026-06-09T12:21:32.782388Z,2026-06-09T12:21:57.422757Z,202,completed,2065,23675,0616728b7286:1:de729a7d,677290,000004c470a01e10b4703b7ec8c6d0b20267a424f101b05d2be44c600fed9a41,125.0,24765.976,15,
c6fdf72c-8fd4-4ee8-af89-eddcdda05eb3,8020a9fa-4ead-45a9-ba8a-509843085543,4b6f4aee-54a4-45df-8b95-3d61f3cbf035,50,workload-20260609T121504519314Z,35,,2,2026-06-09T12:21:32.681677Z,2026-06-09T12:21:32.814460Z,2026-06-09T12:21:57.709038Z,202,completed,1762,24057,cb9fb5da3c43:1:2e932d5f,459937,00000e01e664141dd1b693b3cda1b369f6f5afa652d0f97a9a5f34fcede1a1d7,141.0,25027.361,15,
cfc667a1-1bf4-4d27-a939-f8eb808c0e45,c933aee2-0b4e-4612-a10e-d9cf30a36031,4b6f4aee-54a4-45df-8b95-3d61f3cbf035,50,workload-20260609T121504519314Z,36,,2,2026-06-09T12:21:32.712142Z,2026-06-09T12:21:32.830922Z,2026-06-09T12:21:55.680018Z,202,completed,313,22699,6084be8b8ecc:1:b12130aa,110307,00000db611c3316c8cc74293830f6363fb23775fb74263936e6648c88e99bca1,125.0,22967.876,11,
90fb228b-ace2-4297-8f6c-82dd44f1dfd6,078670bf-059e-4c84-83b4-29aebf93e909,4b6f4aee-54a4-45df-8b95-3d61f3cbf035,50,workload-20260609T121504519314Z,37,,2,2026-06-09T12:21:32.717143Z,2026-06-09T12:21:32.839922Z,2026-06-09T12:22:01.323135Z,202,completed,5227,28205,6084be8b8ecc:1:94e1c065,2080628,00000d015dc83273d2f4ac8d6f12edc7d7024772a843b6c4ee7ea8f0ad28ef75,125.0,28605.992,18,
fee9bbda-8d12-46eb-a6d6-5cdda0005a24,31b2c792-5912-4473-b5e1-2b688e669a0b,4b6f4aee-54a4-45df-8b95-3d61f3cbf035,50,workload-20260609T121504519314Z,38,,2,2026-06-09T12:21:32.748407Z,2026-06-09T12:21:32.881640Z,2026-06-09T12:22:18.012204Z,202,completed,20774,44765,0616728b7286:1:97f3d172,7689703,00000c1601e945c2eda8dd66fb5959dc89c418ab942f9747c07310ba7fc0e3fe,125.0,45263.797,34,
f13f5244-066d-40cf-a7cd-368d80595025,3c52f9d7-1440-4abd-9632-7796fa8a7145,4b6f4aee-54a4-45df-8b95-3d61f3cbf035,50,workload-20260609T121504519314Z,39,,2,2026-06-09T12:21:32.749407Z,2026-06-09T12:21:32.883639Z,2026-06-09T12:21:58.260563Z,202,completed,1105,25125,0616728b7286:1:70a961a4,347731,000000b04010d4525b838593c1e1615e8c28bbc486a1bd15d4f5a2979bbed546,125.0,25511.156,14,
845ef695-92b3-4e51-8635-6991801fa790,57b57660-d946-4bc6-87ad-155c78e4ac10,4b6f4aee-54a4-45df-8b95-3d61f3cbf035,50,workload-20260609T121504519314Z,40,,2,2026-06-09T12:21:32.782388Z,2026-06-09T12:21:32.916110Z,2026-06-09T12:21:58.799258Z,202,completed,1260,25698,cb9fb5da3c43:1:93e9fa2e,472921,000002bf4f1844971729f1b7b68074b1f980be17ca1f47270e4a4f21ae79bd20,125.0,26016.87,17,
ed6d4066-3863-4d78-bf3d-2df74104194f,8bc1e47e-76a9-4381-a30a-d12a74ebc836,4b6f4aee-54a4-45df-8b95-3d61f3cbf035,50,workload-20260609T121504519314Z,41,,2,2026-06-09T12:21:32.796475Z,2026-06-09T12:21:32.928584Z,2026-06-09T12:21:59.173247Z,202,completed,123,25266,cb9fb5da3c43:1:55473c47,29544,0000030497f8f69334b9e3d0f3baa48742a3a23a17f3537c235ad916d7659b2a,125.0,26376.772,17,
4411ec60-5f22-4adc-a501-639429344c83,655bb164-1529-4311-9bd9-8b1021e9ae99,4b6f4aee-54a4-45df-8b95-3d61f3cbf035,50,workload-20260609T121504519314Z,42,,2,2026-06-09T12:21:32.814460Z,2026-06-09T12:21:32.934585Z,2026-06-09T12:22:00.983860Z,202,completed,1839,27174,6084be8b8ecc:1:938d7aa1,636797,000007208c23e1cd39cc55c322373065d2c105e3049b239616e1c0ce4b0cb088,125.0,28169.4,19,
9cf9f17f-6d0c-43d1-a11e-fab27cdabde5,d38acd26-8280-4de6-bb27-c06edb05ebfb,4b6f4aee-54a4-45df-8b95-3d61f3cbf035,50,workload-20260609T121504519314Z,43,,2,2026-06-09T12:21:32.830922Z,2026-06-09T12:21:33.022303Z,2026-06-09T12:22:00.541381Z,202,completed,1529,27011,0616728b7286:1:548b4dd9,458187,00000a1cb35c9a4c53f6152231cf02dcf38e8099e0184e96fa051e0a6a893089,187.0,27710.459,17,
3d266c4e-0a0d-4c53-b28f-94fe99d880a3,40a02c63-5cef-4216-8bcf-3a45b58120ad,4b6f4aee-54a4-45df-8b95-3d61f3cbf035,50,workload-20260609T121504519314Z,44,,2,2026-06-09T12:21:32.858131Z,2026-06-09T12:21:33.053868Z,2026-06-09T12:22:00.423549Z,202,completed,945,26705,cb9fb5da3c43:1:96a8a313,470054,00000ed127c04cecfd298b664a2b155ac81a108ba8bf08d7de4a89772a67c5c9,187.0,27565.418,20,
0b5963bb-e9ff-4668-a0ec-5d38f4925a46,ce846dd6-1a17-4f28-af33-e622df27f796,4b6f4aee-54a4-45df-8b95-3d61f3cbf035,50,workload-20260609T121504519314Z,45,,2,2026-06-09T12:21:32.881640Z,2026-06-09T12:21:32.999294Z,2026-06-09T12:21:59.648258Z,202,completed,278,26255,cb9fb5da3c43:1:cceeca99,72171,00000233f812acfff4547d7213685b8cc657ba665aa86e0f97b0478c6bb3f479,125.0,26766.618,17,
606e1632-2862-4869-b620-85c56dfb7773,6e24917e-fac0-42fd-917e-0efc509c47d9,4b6f4aee-54a4-45df-8b95-3d61f3cbf035,50,workload-20260609T121504519314Z,46,,2,2026-06-09T12:21:32.916110Z,2026-06-09T12:21:33.049871Z,2026-06-09T12:22:00.584255Z,202,completed,138,26716,cb9fb5da3c43:1:9de87201,84038,00000d246925c0851618d9b892796bd4d38a00c179fbe35a0add047c7d937834,140.0,27668.145,19,
334904da-02bf-4430-9045-ffd1f1cc32be,896250f4-48c9-4dda-9d9d-e72f5820992f,4b6f4aee-54a4-45df-8b95-3d61f3cbf035,50,workload-20260609T121504519314Z,47,,2,2026-06-09T12:21:32.918119Z,2026-06-09T12:21:33.057868Z,2026-06-09T12:22:09.040101Z,202,completed,8466,35397,cb9fb5da3c43:1:7f515188,2609470,00000405df699fff44ec2007749a2946b23899e58691c26eb8e3389ad8bf8357,125.0,36121.982,26,
bc05ea22-8d2e-4819-9e64-3af29a339d4d,82ba755f-9207-42e8-b7b0-77f4122cbd89,4b6f4aee-54a4-45df-8b95-3d61f3cbf035,50,workload-20260609T121504519314Z,48,,2,2026-06-09T12:21:32.934585Z,2026-06-09T12:21:33.067870Z,2026-06-09T12:22:01.468082Z,202,completed,587,27709,cb9fb5da3c43:1:dc8faec8,146965,00000e98f46d603e8824d0e4b2390a6de39b1e7a15c3e3e46d6861a28721f081,125.0,28533.497,18,
5cf352af-ebf4-488c-9247-9a5eb1d5ecd5,bc51d6bc-c431-415d-984d-b3f0788b25a2,4b6f4aee-54a4-45df-8b95-3d61f3cbf035,50,workload-20260609T121504519314Z,49,,2,2026-06-09T12:21:32.966320Z,2026-06-09T12:21:33.094683Z,2026-06-09T12:22:07.161053Z,202,completed,6410,33770,6084be8b8ecc:1:fbb4c6ef,2449154,00000016337469e1cb7a0fb0bf9a4b9b38ecc33d005fc1f8fee78706a7565c18,125.0,34194.733,23,
96aec0d2-002b-4f33-ad00-f3a18c285db9,b2471c7e-ec04-4859-a853-ec9a49a3692e,4b6f4aee-54a4-45df-8b95-3d61f3cbf035,50,workload-20260609T121504519314Z,50,,2,2026-06-09T12:21:32.967320Z,2026-06-09T12:21:33.199277Z,2026-06-09T12:22:01.875694Z,202,completed,733,27810,0616728b7286:1:27eda1c0,227274,0000008a36d58da33150888e2474d66a70b0abfd2589b6cc46e212abb1427b24,235.0,28908.374,20,
33d95a6c-4c74-45bb-be70-8c423c5a5682,31b8ea0b-f58c-496e-9119-09dfa03088c9,4b6f4aee-54a4-45df-8b95-3d61f3cbf035,50,workload-20260609T121504519314Z,51,,2,2026-06-09T12:21:32.999294Z,2026-06-09T12:21:33.133039Z,2026-06-09T12:22:04.194225Z,202,completed,2045,30060,cb9fb5da3c43:1:f25b5518,547361,00000c201a29fbac3c95ae5e42e49a5b1ae9490588b8f2a7d04ff22b00fc88c3,125.0,31194.931,22,
eee9ed08-9634-4a41-b6e6-efb2252e232d,1f9e41d8-58bf-4779-8575-80391f6eec11,4b6f4aee-54a4-45df-8b95-3d61f3cbf035,50,workload-20260609T121504519314Z,52,,2,2026-06-09T12:21:33.022303Z,2026-06-09T12:21:33.155731Z,2026-06-09T12:22:03.839248Z,202,completed,1500,29683,0616728b7286:1:d1929e53,467651,00000d860cadc3046ad9218ccabd9c143c51fe558928404a9d657f0de1ecb472,141.0,30816.945,22,
d7d3e7b6-9461-4264-aacd-0f261eb0be9d,a56366c0-94b1-4b8c-8910-7db377d5d475,4b6f4aee-54a4-45df-8b95-3d61f3cbf035,50,workload-20260609T121504519314Z,53,,2,2026-06-09T12:21:33.049871Z,2026-06-09T12:21:33.191277Z,2026-06-09T12:22:05.806791Z,202,completed,3875,32043,6084be8b8ecc:1:2fdc2b90,1327579,000005c030d22cd269376cdc68058a0588a8ee7348a50d17921120a35caa7ccf,141.0,32756.92,22,
00f8c7f0-035b-428c-9372-bf230d71506d,c86bdca4-3f8a-438f-a2f0-14a3b3c5c793,4b6f4aee-54a4-45df-8b95-3d61f3cbf035,50,workload-20260609T121504519314Z,54,,2,2026-06-09T12:21:33.051869Z,2026-06-09T12:21:33.185522Z,2026-06-09T12:22:06.664207Z,202,completed,2374,32359,0616728b7286:1:68b7c91c,750208,00000bcfe0ac53d6aef6011ce63206a5afd29766a7506907588860f540f78a3d,141.0,33612.338,25,
2dc7e826-432d-47a2-82db-c68bfcffecb3,3a626726-13ac-4b4a-8725-bd73ad832089,4b6f4aee-54a4-45df-8b95-3d61f3cbf035,50,workload-20260609T121504519314Z,55,,2,2026-06-09T12:21:33.090926Z,2026-06-09T12:21:33.214310Z,2026-06-09T12:22:09.047109Z,202,completed,3111,35328,6084be8b8ecc:1:05bb0ab8,1414452,00000b693b57cf413a11521c0a343981b6c00fab1825f4c3c1307d49f7c0e56c,110.0,35956.183,25,
cf609477-221a-41d4-904c-146070bcbb36,fed4580f-992a-4a57-9ab1-ae64db1bf4a9,4b6f4aee-54a4-45df-8b95-3d61f3cbf035,50,workload-20260609T121504519314Z,56,,2,2026-06-09T12:21:33.092544Z,2026-06-09T12:21:33.231246Z,2026-06-09T12:22:06.283297Z,202,completed,2731,32899,cb9fb5da3c43:1:457af95f,700404,000003fc489d9c704876e9ed0382b0fef33980df7a378051e75d39777fced362,141.0,33190.753,22,
9ae1e494-a8fa-44b9-b1e8-4b6c02f87958,a10b0fd2-ea19-49c2-8faa-2959f5cb2206,4b6f4aee-54a4-45df-8b95-3d61f3cbf035,50,workload-20260609T121504519314Z,57,,2,2026-06-09T12:21:33.133039Z,2026-06-09T12:21:33.266099Z,2026-06-09T12:22:11.718066Z,202,completed,5417,37984,0616728b7286:1:da3f028f,1701120,00000490fda72b3f6fb5da8ad0f9b032207d85eb997102215299335b1619ba1e,141.0,38585.027,28,
0b7c991e-27e3-4248-a172-bfe71d7ff007,ad5f6219-5620-4bf2-946d-62b39776edb4,4b6f4aee-54a4-45df-8b95-3d61f3cbf035,50,workload-20260609T121504519314Z,58,,2,2026-06-09T12:21:33.134037Z,2026-06-09T12:21:33.269106Z,2026-06-09T12:22:08.169220Z,202,completed,1623,34766,cb9fb5da3c43:1:b4eda225,420844,00000ef9cc744728739dbd2d39a32b08f60c5e9a3d01e9bf4d4ff9d2cdd26010,141.0,35035.183,25,
a97ba6bd-9dcf-4722-a70a-5d14226bf9a5,aaaf9d51-7553-4c6a-b905-1aa0424734c8,4b6f4aee-54a4-45df-8b95-3d61f3cbf035,50,workload-20260609T121504519314Z,59,,2,2026-06-09T12:21:33.155731Z,2026-06-09T12:21:33.289301Z,2026-06-09T12:22:08.221226Z,202,completed,310,34232,6084be8b8ecc:1:342f54f8,105411,0000037db57eee738ced8d80654be81d7bc789ba3965578d6dcc0766e7671e87,125.0,35065.495,25,
15455c86-3c80-43c3-b49a-d4f61a706d63,43f7f635-5594-41cc-863a-eea8998637a9,4b6f4aee-54a4-45df-8b95-3d61f3cbf035,50,workload-20260609T121504519314Z,60,,2,2026-06-09T12:21:33.182523Z,2026-06-09T12:21:33.359138Z,2026-06-09T12:22:08.047619Z,202,completed,194,34600,6084be8b8ecc:1:77c3f505,67047,000003230d55d1751d8bd2145b8ead81476924541665d3a6e34861801e497265,188.0,34865.096,24,
c5fa0ee0-eb13-485d-9aa2-db922f954edc,884f46fe-c039-412f-962c-218d0b9f2354,4b6f4aee-54a4-45df-8b95-3d61f3cbf035,50,workload-20260609T121504519314Z,61,,2,2026-06-09T12:21:33.185522Z,2026-06-09T12:21:33.315916Z,2026-06-09T12:22:10.496509Z,202,completed,1343,36184,6084be8b8ecc:1:01a4cc15,569436,00000c107d745ee78ce996ea6e94e638f9938da4cb55f5dd75814dbf2a8d6487,125.0,37310.987,28,
a6ecaadc-503d-4f70-b53e-d92d6ab1c383,42dccbf7-a1c1-44a2-a0da-04a68aecd1ec,4b6f4aee-54a4-45df-8b95-3d61f3cbf035,50,workload-20260609T121504519314Z,62,,2,2026-06-09T12:21:33.231246Z,2026-06-09T12:21:33.356453Z,2026-06-09T12:22:16.450057Z,202,completed,6881,42195,cb9fb5da3c43:1:99a215e4,2222400,000008cfd5793364be4728ea3d87483e0b326ffe1ab885532d77828c807b9f20,125.0,43218.811,32,
9b222b70-2736-4502-b3a4-9d90f086314a,432da0c7-184d-409f-a5eb-6268b35f8a2d,4b6f4aee-54a4-45df-8b95-3d61f3cbf035,50,workload-20260609T121504519314Z,63,,2,2026-06-09T12:21:33.232247Z,2026-06-09T12:21:33.415304Z,2026-06-09T12:22:10.028085Z,202,completed,678,35772,cb9fb5da3c43:1:1b334a0b,255784,000005c8b91d7bb7be695ec8bc808775421d79d31875be883318651bc00abbbb,172.0,36795.838,27,
9e812335-3d6e-47f3-a7b7-16144f0e6f20,caeb7c05-0ebb-4197-960a-b079756aa384,4b6f4aee-54a4-45df-8b95-3d61f3cbf035,50,workload-20260609T121504519314Z,64,,2,2026-06-09T12:21:33.266099Z,2026-06-09T12:21:33.405718Z,2026-06-09T12:22:11.304215Z,202,completed,1642,37003,6084be8b8ecc:1:ddde3f7c,667985,000006ceac3b75717fd5218b1a88c16c10df06a6b8a087e93dfdb4d4adaeea85,141.0,38038.116,27,
4a7ff218-58ae-4694-b374-2711291de918,29c0253c-4270-4b61-a306-3c72e7dc7f00,4b6f4aee-54a4-45df-8b95-3d61f3cbf035,50,workload-20260609T121504519314Z,65,,2,2026-06-09T12:21:33.267105Z,2026-06-09T12:21:33.401302Z,2026-06-09T12:22:10.480610Z,202,completed,84,36146,cb9fb5da3c43:1:bea435a3,20376,0000060cbac1fd09ed7309664079e0db1eebf2e85ee6ea5b29fa2de1bb71e70e,125.0,37213.505,26,
c0369e5d-b8c0-4abb-9d55-588da2fadc68,754fe38f-d8de-4b10-ade3-63c8f0f1ec4a,4b6f4aee-54a4-45df-8b95-3d61f3cbf035,50,workload-20260609T121504519314Z,66,,2,2026-06-09T12:21:33.315916Z,2026-06-09T12:21:33.435525Z,2026-06-09T12:22:10.591509Z,202,completed,723,37018,6084be8b8ecc:1:23fa2b41,247196,000001bfa8bfe8edf0cf5c1a9734d027e50fc54c08a00664ae5eed9c179b95e7,125.0,37275.593,28,
99c9a361-6bc8-40ed-a401-df2ac1e2a005,c208465c-7a45-48c8-818f-40b9f9ac60d8,4b6f4aee-54a4-45df-8b95-3d61f3cbf035,50,workload-20260609T121504519314Z,67,,2,2026-06-09T12:21:33.316872Z,2026-06-09T12:21:33.448524Z,2026-06-09T12:22:11.685537Z,202,completed,907,37274,cb9fb5da3c43:1:51137754,236050,000009d19b37c958e92120765f4df87fb6f76a2593f196eb94654dea56bbac2d,125.0,38368.665,27,
d8445a89-aba9-418b-ab8d-3677993e26f1,3ae92e4c-9298-4003-af30-75f302e46138,4b6f4aee-54a4-45df-8b95-3d61f3cbf035,50,workload-20260609T121504519314Z,68,,2,2026-06-09T12:21:33.353453Z,2026-06-09T12:21:33.478352Z,2026-06-09T12:22:12.727084Z,202,completed,934,38225,6084be8b8ecc:1:44635540,350051,0000060d2331656ca37a9011ba94093e39623b439a1f457ee75c0a25c020428c,125.0,39373.631,30,
f82af8d9-ebf7-413f-bee8-541f9c86aa94,00ae6e0b-cc11-4ec2-9f98-35820cd42986,4b6f4aee-54a4-45df-8b95-3d61f3cbf035,50,workload-20260609T121504519314Z,69,,2,2026-06-09T12:21:33.356453Z,2026-06-09T12:21:33.491277Z,2026-06-09T12:22:14.876110Z,202,completed,3564,40878,6084be8b8ecc:1:3b8d9335,1366793,0000064a8bad7fd29ae863d83cd046cec5a76f872d79f9cd3fca5c284dc2588a,125.0,41519.657,30,
8974e9d2-7947-4599-91a3-4662076dfabe,025a4827-6069-476d-a531-d552cfafae4d,4b6f4aee-54a4-45df-8b95-3d61f3cbf035,50,workload-20260609T121504519314Z,70,,2,2026-06-09T12:21:33.382884Z,2026-06-09T12:21:33.501278Z,2026-06-09T12:22:11.625243Z,202,completed,462,37891,cb9fb5da3c43:1:ae3f4e0b,118632,0000082a5995ba2f964e9eb0663935ba22e805ea96818424dfe6d55565e52aa9,125.0,38242.359,28,
b9544c29-3849-45c6-9569-e3ef4c5d8ce4,c0e716d2-40a1-41b9-9538-b5a91f1d3c23,4b6f4aee-54a4-45df-8b95-3d61f3cbf035,50,workload-20260609T121504519314Z,71,,2,2026-06-09T12:21:33.401302Z,2026-06-09T12:21:33.560131Z,2026-06-09T12:22:23.179213Z,202,completed,11395,49520,cb9fb5da3c43:1:9638d23c,3314831,0000029b57b4d68b7f9a48e2952a3efea9b5d61e73d78d0270d9adf7b4fa9541,172.0,49777.911,39,
3f27ae17-3f8f-4dc2-af5f-6f8a8339cf92,095f21c3-5af6-48b9-a5d0-0eb24891ea7c,4b6f4aee-54a4-45df-8b95-3d61f3cbf035,50,workload-20260609T121504519314Z,72,,2,2026-06-09T12:21:33.402301Z,2026-06-09T12:21:33.520410Z,2026-06-09T12:22:14.602827Z,202,completed,1894,39919,0616728b7286:1:5cc7b3fe,593517,000000039e88610819bd57aac137a6ac5d5a6c781ecdeb9266b9b35a9d261a1e,109.0,41200.526,31,
d49a70e1-3781-421d-9579-b1501ec6cf95,779c621d-f586-4b00-8cbb-7a3a037c6315,4b6f4aee-54a4-45df-8b95-3d61f3cbf035,50,workload-20260609T121504519314Z,73,,2,2026-06-09T12:21:33.435525Z,2026-06-09T12:21:33.556133Z,2026-06-09T12:22:15.444897Z,202,completed,2815,41224,6084be8b8ecc:1:04df10df,1077457,00000b3e19afdd3d978419a2411b338223dfa6d5f937c4e1aa53fd735b906a45,109.0,42009.372,32,
3adc32c1-5673-416d-856c-63b056903bac,5badbd15-b70b-4f04-8812-36babe11f8e5,4b6f4aee-54a4-45df-8b95-3d61f3cbf035,50,workload-20260609T121504519314Z,74,,2,2026-06-09T12:21:33.475353Z,2026-06-09T12:21:33.597681Z,2026-06-09T12:22:15.095803Z,202,completed,172,40948,0616728b7286:1:3eea6573,54617,00000cfdff6ff47ebecf4e4e21f0fc9e0dac3c644c08157e86c73054b9551072,125.0,41620.45,31,
af528f27-381b-4899-a6e7-08fcf8951a7c,b66a5607-1f25-40b8-9323-2f67aed0ae9a,4b6f4aee-54a4-45df-8b95-3d61f3cbf035,50,workload-20260609T121504519314Z,75,,2,2026-06-09T12:21:33.476352Z,2026-06-09T12:21:33.694985Z,2026-06-09T12:22:15.005329Z,202,completed,316,40525,0616728b7286:1:3d265b88,96456,00000311754f122341770cb5f1155114d0c56671d591df734d50f1dea8a9e6d5,219.0,41528.977,31,
a2502c6c-8f48-4dbd-afca-b3cdecaab45d,f06ea98b-7839-4a4c-8d36-7e53da64378e,4b6f4aee-54a4-45df-8b95-3d61f3cbf035,50,workload-20260609T121504519314Z,76,,2,2026-06-09T12:21:33.491277Z,2026-06-09T12:21:33.627647Z,2026-06-09T12:22:16.138230Z,202,completed,1382,42311,6084be8b8ecc:1:8fb66a20,639980,000007832ecc297a87f2a4c249e804193a1b8b274d557e49d0530ffdbb902014,140.0,42646.953,32,
9201d1ee-4401-438d-9d00-9e113af3701d,37b477bf-dd66-4858-be9e-5076a0ae3e59,4b6f4aee-54a4-45df-8b95-3d61f3cbf035,50,workload-20260609T121504519314Z,77,,2,2026-06-09T12:21:33.520410Z,2026-06-09T12:21:33.651917Z,2026-06-09T12:22:18.552434Z,202,completed,3222,44680,0616728b7286:1:c4563a7d,1144633,00000858d026f603f63c6c1ec535a949dcc2fb708c78da111ed8e96d19f69203,125.0,45032.024,33,
ba8748de-d836-4461-a66a-ca3046dc603b,b872a588-02ea-4852-bab8-2f7e3dab8891,4b6f4aee-54a4-45df-8b95-3d61f3cbf035,50,workload-20260609T121504519314Z,78,,2,2026-06-09T12:21:33.553132Z,2026-06-09T12:21:33.682985Z,2026-06-09T12:22:16.109822Z,202,completed,825,42313,6084be8b8ecc:1:6f2036b2,275709,000004562c0aed91d6160f4bd2c9bf02605814f255f8ae8590c4b69b2d4d462e,125.0,42556.69,32,
53107c1f-4a75-45c9-b6b4-b2ada25489f5,5277f3a4-d6e1-4ded-8b88-324d7f5b0c95,4b6f4aee-54a4-45df-8b95-3d61f3cbf035,50,workload-20260609T121504519314Z,79,,2,2026-06-09T12:21:33.554134Z,2026-06-09T12:21:33.753146Z,2026-06-09T12:22:16.261306Z,202,completed,307,42536,cb9fb5da3c43:1:1ba2e171,82509,000003f5417daeb6a7672a2e6b48ae521ea1e8819d11f3ffc0377aea07526a86,203.0,42707.172,31,
aa9eb8f1-7b35-42d6-847a-d194bc819e4b,c284c840-5765-4127-8b87-ada2e610c597,4b6f4aee-54a4-45df-8b95-3d61f3cbf035,50,workload-20260609T121504519314Z,80,,2,2026-06-09T12:21:33.583184Z,2026-06-09T12:21:33.750147Z,2026-06-09T12:22:18.005204Z,202,completed,676,43197,6084be8b8ecc:1:e88188c3,373201,00000c7170fec07b6e5a706e75496815903800d57e0d7b8b4e8bacadd77f60c1,171.0,44422.02,35,
44f07a1e-888d-4751-bf35-32e70843a0e7,0d8cb1ea-0b5f-40a5-8e26-5595e73d35ea,4b6f4aee-54a4-45df-8b95-3d61f3cbf035,50,workload-20260609T121504519314Z,81,,2,2026-06-09T12:21:33.597681Z,2026-06-09T12:21:33.741278Z,2026-06-09T12:22:17.260677Z,202,completed,80,42790,6084be8b8ecc:1:8922b70a,27256,00000b9cdf6e9eff42913d154346c50b30379650c6933a128413bd48b194b7b2,141.0,43662.996,33,
4057d9b1-8f1c-4497-8cae-aca53728d0a8,92edf7da-2a2d-41c1-8063-7ac724c1d018,4b6f4aee-54a4-45df-8b95-3d61f3cbf035,50,workload-20260609T121504519314Z,82,,2,2026-06-09T12:21:33.627647Z,2026-06-09T12:21:33.765146Z,2026-06-09T12:22:20.552199Z,202,completed,3828,46621,cb9fb5da3c43:1:305786f8,1000550,000004bda99f5ca9c6e3b6f50d0db79c744d6aa7d7c6c2dc86074a2c31b49bd6,141.0,46924.552,34,
19526d46-cc65-4b6a-8ff6-6151fc8a0971,409d42ab-6fff-41d7-a6d1-b8b7ac95aa34,4b6f4aee-54a4-45df-8b95-3d61f3cbf035,50,workload-20260609T121504519314Z,83,,2,2026-06-09T12:21:33.628643Z,2026-06-09T12:21:33.767146Z,2026-06-09T12:22:19.654073Z,202,completed,2226,45189,6084be8b8ecc:1:d290b63a,938889,0000032837db2b826ef624d813c6d6e5fc0945c2554c86b1a6fbc7609355295a,141.0,46025.43,32,
9c30c72a-560f-41a9-ad2b-c558ccf94b0c,cb249b36-c058-48ea-90d9-a3d59b83514d,4b6f4aee-54a4-45df-8b95-3d61f3cbf035,50,workload-20260609T121504519314Z,84,,2,2026-06-09T12:21:33.677110Z,2026-06-09T12:21:33.808278Z,2026-06-09T12:22:19.520676Z,202,completed,343,44597,0616728b7286:1:23a20c29,132724,00000a8d65c8dc7c890dab7e3ea571165a06199e3329143c1a25ec596d1ea9dc,125.0,45843.566,36,
065a4ea6-46a7-41f2-9342-01b5213ec68b,f709e820-db74-441d-94be-fe9d596f8aab,4b6f4aee-54a4-45df-8b95-3d61f3cbf035,50,workload-20260609T121504519314Z,85,,2,2026-06-09T12:21:33.678113Z,2026-06-09T12:21:33.797106Z,2026-06-09T12:22:18.426011Z,202,completed,930,44248,6084be8b8ecc:1:ff4c6251,326866,00000fd3d59f367b482ae8d69e29dd06ede24c4d1fb055f32fbd5afff32179b5,125.0,44747.898,33,
9b9e10f5-8a11-4f17-a1b1-08341129c5c1,d3e5a543-04df-43a7-a0ac-ec5745e2c0b2,4b6f4aee-54a4-45df-8b95-3d61f3cbf035,50,workload-20260609T121504519314Z,86,,2,2026-06-09T12:21:33.694985Z,2026-06-09T12:21:33.829009Z,2026-06-09T12:22:24.503347Z,202,completed,5895,50441,6084be8b8ecc:1:6c7214b5,2408582,00000cdffed65fba7303d5e82b137ba482e6a5edd39b8f6b09f64ea33986de87,141.0,50808.362,41,
e4427509-51e9-44c1-80fe-cad3b44b78e5,a8fca217-58cc-43d5-a379-8c288c4aa80d,4b6f4aee-54a4-45df-8b95-3d61f3cbf035,50,workload-20260609T121504519314Z,87,,2,2026-06-09T12:21:33.738277Z,2026-06-09T12:21:33.877319Z,2026-06-09T12:22:31.230372Z,202,completed,11781,56692,0616728b7286:1:bd87fb83,4242530,00000c63e04a9b77f4b5f527ee67da41fb0aac7c6825e74b03a0940aea772ef4,140.0,57492.095,46,
6324c928-255f-4637-b868-c6d7df46f448,6b61dd14-8a81-4499-ba01-4f115c37c873,4b6f4aee-54a4-45df-8b95-3d61f3cbf035,50,workload-20260609T121504519314Z,88,,2,2026-06-09T12:21:33.739279Z,2026-06-09T12:21:33.866299Z,2026-06-09T12:22:19.539444Z,202,completed,168,45084,0616728b7286:1:d88ffefb,53894,000009dbc3da261b31128af045e63cc0c7c51954e8aa3aed9604955dc652ed20,125.0,45800.165,34,
2b4da72e-9f14-4250-b7e4-f02b3dc0f76e,15eb87e2-ec6b-44c8-8135-a42cb3066611,4b6f4aee-54a4-45df-8b95-3d61f3cbf035,50,workload-20260609T121504519314Z,89,,2,2026-06-09T12:21:33.750147Z,2026-06-09T12:21:33.874319Z,2026-06-09T12:22:21.428687Z,202,completed,1462,46729,6084be8b8ecc:1:7af46de4,520030,000001bc7690edfc328033b4f44d584ba066c027306dbcf09e62523b15e115d2,125.0,47678.54,36,
857fb640-5508-478c-9665-efc546e77277,36782af7-f6dc-4b58-9364-1688ca224ae4,4b6f4aee-54a4-45df-8b95-3d61f3cbf035,50,workload-20260609T121504519314Z,90,,2,2026-06-09T12:21:33.765146Z,2026-06-09T12:21:33.888338Z,2026-06-09T12:22:23.594087Z,202,completed,4188,49498,0616728b7286:1:0c6a73e1,1323937,00000240402c5de6b5ed9716193578a9fb1aaa2b3f7e83f17ea2e3bc963dd58f,125.0,49828.941,36,
68eb5b79-0fcf-46ae-a7cc-661b3bcfdd15,c399726e-e794-455a-8fcd-7be5c4ef7c88,4b6f4aee-54a4-45df-8b95-3d61f3cbf035,50,workload-20260609T121504519314Z,91,,2,2026-06-09T12:21:33.797106Z,2026-06-09T12:21:33.934211Z,2026-06-09T12:22:27.479140Z,202,completed,6494,53191,cb9fb5da3c43:1:f11c3bb4,1924203,00000eb04416b5f11d25f453026248205ec6a67499afff988e6b3e8385c6896e,141.0,53682.034,42,
3fcbd723-9c69-4a1f-aa3c-e74e2e1ed972,bdffda4a-7910-4c08-b707-5a6188ebb576,4b6f4aee-54a4-45df-8b95-3d61f3cbf035,50,workload-20260609T121504519314Z,92,,2,2026-06-09T12:21:33.829009Z,2026-06-09T12:21:33.968760Z,2026-06-09T12:22:23.178215Z,202,completed,1258,48305,6084be8b8ecc:1:499f0676,452490,00000445851e2af0327266d91472c11ef67ee1cc5534044c99b415b607f72854,140.0,49349.206,36,
85efe007-dd6e-4dfe-bd40-7337c893d905,92d25ffe-c9f7-41c3-8e2d-1659cedf6719,4b6f4aee-54a4-45df-8b95-3d61f3cbf035,50,workload-20260609T121504519314Z,93,,2,2026-06-09T12:21:33.830008Z,2026-06-09T12:21:33.966758Z,2026-06-09T12:22:26.123189Z,202,completed,2484,51197,6084be8b8ecc:1:62038d4b,1011303,000002075c2ef62bc948feca765755b078af9f75cc0594e5cf86f9da87f60941,140.0,52293.181,41,
ff950c11-c8c9-4ce4-bd1b-c602445736be,87041c37-288f-4b61-8cb6-0aaba96f147e,4b6f4aee-54a4-45df-8b95-3d61f3cbf035,50,workload-20260609T121504519314Z,94,,2,2026-06-09T12:21:33.866299Z,2026-06-09T12:21:33.982592Z,2026-06-09T12:22:25.364542Z,202,completed,1506,50970,cb9fb5da3c43:1:b5145328,403311,000006f8e8f6dccd613bcbe134cade54766ce72576435f6986f64ef274dfe641,125.0,51498.243,40,
930dd8ee-a344-4d35-8755-7c82c39a84c5,369a82fd-fe41-44ec-90c3-0ebd649291e8,4b6f4aee-54a4-45df-8b95-3d61f3cbf035,50,workload-20260609T121504519314Z,95,,2,2026-06-09T12:21:33.874319Z,2026-06-09T12:21:33.992593Z,2026-06-09T12:22:25.285014Z,202,completed,1342,51066,0616728b7286:1:5d5a8f1b,424619,00000dafd5ecc77f2acf885108e0a6a6ab0d4ee23eb9a50ec7b24bcaf049bc93,110.0,51410.695,40,
38efed9c-c882-463f-a2e4-763fa8056c02,0e6787db-f871-4f6c-b863-a63b79ff775c,4b6f4aee-54a4-45df-8b95-3d61f3cbf035,50,workload-20260609T121504519314Z,96,,2,2026-06-09T12:21:33.888338Z,2026-06-09T12:21:34.025488Z,2026-06-09T12:22:28.593480Z,202,completed,3367,53845,6084be8b8ecc:1:954554b1,1420760,00000cfca70eb68e5aa4177c5218c8307cfa0a0ef3a1a2888f9eaebfbfb19e41,125.0,54705.142,42,
54b0a47d-feae-4874-a0a0-391804061a67,638f5c59-c18b-468a-ba69-53aaea4fa5e3,4b6f4aee-54a4-45df-8b95-3d61f3cbf035,50,workload-20260609T121504519314Z,97,,2,2026-06-09T12:21:33.922294Z,2026-06-09T12:21:34.078143Z,2026-06-09T12:22:33.841944Z,202,completed,8035,59145,cb9fb5da3c43:1:86bbf478,2319943,000000d4adec7361d4a84b473ce4be5f3e4995abf133ebb49c69e566aba2c525,157.0,59919.65,48,
f0ba7657-c715-40fa-982c-bc56e8c549fc,f6d13e45-2b47-4a98-b877-5feb14069fb1,4b6f4aee-54a4-45df-8b95-3d61f3cbf035,50,workload-20260609T121504519314Z,98,,2,2026-06-09T12:21:33.937100Z,2026-06-09T12:21:34.076143Z,2026-06-09T12:22:27.635207Z,202,completed,1074,52438,0616728b7286:1:545e0cae,331171,000003c02dadcd67552c3f62672a80a07f4e087b130a0f5e42e7233155ead1a5,141.0,53698.107,44,
6ae4ff17-8b95-4558-b397-62f29585878a,aab9b342-5eb8-41dc-8b7d-e1707f80d140,4b6f4aee-54a4-45df-8b95-3d61f3cbf035,50,workload-20260609T121504519314Z,99,,2,2026-06-09T12:21:33.966758Z,2026-06-09T12:21:34.088304Z,2026-06-09T12:22:27.565058Z,202,completed,1710,52964,6084be8b8ecc:1:2537357b,598726,000007728144097532a2b286eb1d1f80e5bece738b16e00ddc71bef6d400ac5f,110.0,53598.3,40,
e885621b-5280-43e0-af75-858c6381d251,b27dcbe8-5b19-4be3-87b1-7a14960349ab,4b6f4aee-54a4-45df-8b95-3d61f3cbf035,50,workload-20260609T121504519314Z,100,,2,2026-06-09T12:21:33.968760Z,2026-06-09T12:21:34.105244Z,2026-06-09T12:22:38.041437Z,202,completed,10898,63825,0616728b7286:1:e4d92762,3518324,000009098e0843dc198bba067a6805feb38b315e0753fa142ac99d5b4198833a,125.0,64072.677,51,
9e9655c2-ea73-4ad8-9ee7-ffe86ebf24ca,28664d26-3f99-44fe-bd52-b17a730e948a,4b6f4aee-54a4-45df-8b95-3d61f3cbf035,50,workload-20260609T121504519314Z,101,,2,2026-06-09T12:21:33.982592Z,2026-06-09T12:21:34.101242Z,2026-06-09T12:22:28.141734Z,202,completed,242,53355,6084be8b8ecc:1:07883a21,77286,00000ec80c59860a031a1460f592e530c43a97c1499cef449bd17f28607bf573,109.0,54159.142,42,
2cceb7d2-f495-4df4-be3a-ea8a60b22652,6b0cd8b9-9c80-4b3f-9d61-6ed83a9fb101,4b6f4aee-54a4-45df-8b95-3d61f3cbf035,50,workload-20260609T121504519314Z,102,,2,2026-06-09T12:21:34.025488Z,2026-06-09T12:21:34.160302Z,2026-06-09T12:22:32.082806Z,202,completed,3550,56879,cb9fb5da3c43:1:86568c3f,941930,00000ade03fc0d66b91aa9618e214f2be133dfba3025b8cd13a3b2fcace85804,141.0,58057.318,45,
093ad7ca-1926-44aa-b957-decdeade4b63,a7402376-f052-49e5-baee-aa47345e777b,4b6f4aee-54a4-45df-8b95-3d61f3cbf035,50,workload-20260609T121504519314Z,103,,2,2026-06-09T12:21:34.059593Z,2026-06-09T12:21:34.178851Z,2026-06-09T12:22:30.937208Z,202,completed,2458,55963,6084be8b8ecc:1:534e9202,1046249,00000bba7eaa0562c71d39690e95ad2ab394efbf72f6e849564514ab0f2e4c4f,109.0,56877.615,43,
98a3c165-d845-4529-9e26-9e9289c93163,4167e75c-874d-44cf-919f-e14ca7bd8d0e,4b6f4aee-54a4-45df-8b95-3d61f3cbf035,50,workload-20260609T121504519314Z,104,,2,2026-06-09T12:21:34.060595Z,2026-06-09T12:21:34.182850Z,2026-06-09T12:22:30.058510Z,202,completed,890,54817,6084be8b8ecc:1:6cdb1a37,318281,00000e887dfef4bb5e9fabf32b765d7f99d91c66fed59a74849f16a16ba73481,109.0,55997.915,43,
3bb691af-c36a-4bd0-bc7b-69c517b434b5,9d38cb26-af5e-4979-96df-8eb93da181a2,4b6f4aee-54a4-45df-8b95-3d61f3cbf035,50,workload-20260609T121504519314Z,105,,2,2026-06-09T12:21:34.076143Z,2026-06-09T12:21:34.213277Z,2026-06-09T12:22:30.770612Z,202,completed,1048,56010,6084be8b8ecc:1:df8ecf22,419252,0000092feb69e99674dac7a3987aa4013419e0c39a3824baf9f7390704b1b8a0,125.0,56694.469,46,
509563be-dd4d-48cf-b25e-578c2e73982e,a0fd9b96-3df5-4cef-be3e-024ec13ade3f,4b6f4aee-54a4-45df-8b95-3d61f3cbf035,50,workload-20260609T121504519314Z,106,,2,2026-06-09T12:21:34.101242Z,2026-06-09T12:21:34.236317Z,2026-06-09T12:22:31.480343Z,202,completed,208,56471,6084be8b8ecc:1:196d5572,107125,00000335e52817c47b293cbeddedf639ef3455cbea871623f63b35ab8f239b55,141.0,57379.101,46,
839d1153-4ff1-47a3-960a-ee41f65c23ff,53ec0b7d-7959-446d-80e6-6ca24a5c0d7a,4b6f4aee-54a4-45df-8b95-3d61f3cbf035,50,workload-20260609T121504519314Z,107,,2,2026-06-09T12:21:34.137100Z,2026-06-09T12:21:34.257298Z,2026-06-09T12:22:31.892039Z,202,completed,507,56831,6084be8b8ecc:1:b32256c8,284969,00000abdce5fd529385b69e30ebb604846955eeb229d9f9ea335f447c21020f1,109.0,57754.939,46,
cff8ac1e-2977-4982-b632-992524e8f7d8,01b4cf69-845b-4e43-b36f-90773d934fc5,4b6f4aee-54a4-45df-8b95-3d61f3cbf035,50,workload-20260609T121504519314Z,108,,2,2026-06-09T12:21:34.138102Z,2026-06-09T12:21:34.270276Z,2026-06-09T12:22:34.492646Z,202,completed,2580,59228,0616728b7286:1:36d23b59,825626,00000cf5d83776a4ded7ceb9becb2d2e049177c6440ec7ffdbfeffffe67964d2,125.0,60354.544,49,
009faf0d-f26c-4f78-b6a5-aaceb470e113,44a7ff69-9812-4a89-abb7-7cf635133703,4b6f4aee-54a4-45df-8b95-3d61f3cbf035,50,workload-20260609T121504519314Z,109,,2,2026-06-09T12:21:34.160302Z,2026-06-09T12:21:34.300380Z,2026-06-09T12:22:32.132199Z,202,completed,258,56888,6084be8b8ecc:1:f33f7d66,150578,00000f3ce43f6af5c5ad4a9d68145fb449c3c444c518ede070c972378920c071,140.0,57971.897,46,
521276e0-ba2a-4841-a4f3-d56e400c1d69,76a66531-fe47-449d-a5ac-4df238cf3c18,4b6f4aee-54a4-45df-8b95-3d61f3cbf035,50,workload-20260609T121504519314Z,110,,2,2026-06-09T12:21:34.178851Z,2026-06-09T12:21:34.311384Z,2026-06-09T12:22:34.419194Z,202,completed,1989,58963,cb9fb5da3c43:1:a40b66d9,551364,000008193a363f1d26902627e1172ef839938c047fa8eed2071325847ec8da7d,141.0,60240.343,49,
46898b2d-6990-49f8-9c7b-17bfe432cbd3,1c2fe1a8-aa95-4b44-a0a7-cceb6dcd1976,4b6f4aee-54a4-45df-8b95-3d61f3cbf035,50,workload-20260609T121504519314Z,111,,2,2026-06-09T12:21:34.213277Z,2026-06-09T12:21:34.362379Z,2026-06-09T12:22:32.135052Z,202,completed,576,57589,6084be8b8ecc:1:6ecbb3f7,238203,00000365be509a14d9f5dff2aa62b0177de9410b0082cee0e53568478412e442,156.0,57921.775,46,
1cec67d8-7cde-4cfe-acf4-3001fb25e312,dbbd65d3-9d04-439c-9208-16956282f84a,4b6f4aee-54a4-45df-8b95-3d61f3cbf035,50,workload-20260609T121504519314Z,112,,2,2026-06-09T12:21:34.231317Z,2026-06-09T12:21:34.354379Z,2026-06-09T12:22:34.958941Z,202,completed,2476,60394,6084be8b8ecc:1:202794f1,1044247,00000df6b4f57f557617f4355c92378273e8e590c90477c50995d257a0815401,109.0,60727.624,49,
9adef87a-5a5d-4727-a88c-fc1cd3db7280,9621fad9-4c4b-45bd-b02c-6ac988f7c753,4b6f4aee-54a4-45df-8b95-3d61f3cbf035,50,workload-20260609T121504519314Z,113,,2,2026-06-09T12:21:34.232319Z,2026-06-09T12:21:34.374379Z,2026-06-09T12:22:32.980033Z,202,completed,666,57985,6084be8b8ecc:1:84fa0154,305989,000004058693c65a515446f3c9007b2bfe026257f49c06a24711f35883f5e9cc,140.0,58747.714,46,
e28a35a5-5183-40b7-ac07-6257fafb97d9,c8241543-94df-4586-a255-9e898f67b278,4b6f4aee-54a4-45df-8b95-3d61f3cbf035,50,workload-20260609T121504519314Z,114,,2,2026-06-09T12:21:34.257298Z,2026-06-09T12:21:34.379379Z,2026-06-09T12:22:36.182622Z,202,completed,3554,61693,6084be8b8ecc:1:4250288b,1437739,000008aac2bb14f184e17d33e1778bacd6bc552fc2384aef6267aac12c44f134,125.0,61925.324,49,
8409eceb-e5d0-4d34-80ad-c4d27a9c2296,3ee6595f-c908-4dea-af91-270688747cd5,4b6f4aee-54a4-45df-8b95-3d61f3cbf035,50,workload-20260609T121504519314Z,115,,2,2026-06-09T12:21:34.271276Z,2026-06-09T12:21:34.455379Z,2026-06-09T12:22:37.732453Z,202,completed,3995,63058,cb9fb5da3c43:1:c354d6fd,1210913,000008cf79f1571e205c83f6c13c8376777b2cfaf327d7b1f68d3998742525e6,188.0,63461.177,52,
a24a2a91-01a4-41d4-9cd1-f4267870d43a,484c547b-8a01-4500-bff3-132bac888977,4b6f4aee-54a4-45df-8b95-3d61f3cbf035,50,workload-20260609T121504519314Z,116,,2,2026-06-09T12:21:34.300380Z,2026-06-09T12:21:34.444382Z,2026-06-09T12:22:36.585992Z,202,completed,2781,62112,cb9fb5da3c43:1:ccf1f02d,743851,0000027ddf991dfb5d6008aeb57e949e16e0dc6c2d4ad719356c90f3ead56187,141.0,62285.612,51,
c829a190-f220-4025-8824-eea88c6025f8,512e7116-6d57-48b6-b3de-8118531b64c3,4b6f4aee-54a4-45df-8b95-3d61f3cbf035,50,workload-20260609T121504519314Z,117,,2,2026-06-09T12:21:34.312383Z,2026-06-09T12:21:34.451379Z,2026-06-09T12:22:45.962970Z,202,completed,11650,71097,0616728b7286:1:eaa1d356,5822973,0000037cedf31e7e981d213fb6f170ffe5933726d32f36180aa9354d90f5fb9a,141.0,71650.587,58,
52fb200f-d06b-4d29-b2bf-788133ddd60e,f3bbf0c2-5f7e-4a4f-bed8-322e35976afc,4b6f4aee-54a4-45df-8b95-3d61f3cbf035,50,workload-20260609T121504519314Z,118,,2,2026-06-09T12:21:34.354379Z,2026-06-09T12:21:34.511378Z,2026-06-09T12:22:43.655389Z,202,completed,7220,68072,6084be8b8ecc:1:8b23554e,3579449,000004a5a6712270d72aa2651e83147373aa79fa6d67a449aacb05ce505b9181,156.0,69301.01,55,
1a41b44a-142d-46a8-b9cf-83b476bb1359,94de0871-8565-482f-bcbd-47479122ff5d,4b6f4aee-54a4-45df-8b95-3d61f3cbf035,50,workload-20260609T121504519314Z,119,,2,2026-06-09T12:21:34.355379Z,2026-06-09T12:21:34.525378Z,2026-06-09T12:22:43.520402Z,202,completed,6202,68450,cb9fb5da3c43:1:9bc6034e,3448014,0000052f5c2ef03e436609ea167823b6eddeba529003a9ac5e2b53bed5132474,156.0,69165.023,56,
e746bd7f-8fe1-4c9f-a3d6-a9ed72747915,0552417c-b7f3-4b98-ad9b-b965ce7c7bba,4b6f4aee-54a4-45df-8b95-3d61f3cbf035,50,workload-20260609T121504519314Z,120,,2,2026-06-09T12:21:34.374379Z,2026-06-09T12:21:34.553300Z,2026-06-09T12:22:41.004188Z,202,completed,3606,65485,6084be8b8ecc:1:fb5e215d,1296523,000003f9b194d32a76c15189a6c1fb2635ac9e83ffd25f52872e0ad1198ec932,172.0,66629.809,53,
5d0f7337-4544-4f6d-96b5-def5e9027155,d92152df-2926-4e1e-95dd-0c70ecb7a2d2,4b6f4aee-54a4-45df-8b95-3d61f3cbf035,100,workload-20260609T121504519314Z,1,,2,2026-06-09T12:23:46.322497Z,2026-06-09T12:23:46.497268Z,2026-06-09T12:23:49.205315Z,202,completed,1736,2241,6084be8b8ecc:1:6edae372,894123,00000683bc6f26f092a701ac0ce797f1a5f9c8a22abb193566521026b71fae04,187.0,2882.818,2,
77644014-f005-4281-b1d2-1148bdeec223,ce4c9efe-314a-4842-b6f4-f105cceec809,4b6f4aee-54a4-45df-8b95-3d61f3cbf035,100,workload-20260609T121504519314Z,2,,2,2026-06-09T12:23:46.323496Z,2026-06-09T12:23:46.490269Z,2026-06-09T12:23:47.919734Z,202,completed,765,1343,208573d5cce8:1:073d21eb,536103,000003e1ca238b9c93aab10c4c56b44c06636d6879d506e92645f44d8ea1ad4b,172.0,1596.238,1,
7b3866a8-11a8-4a8e-8eaf-62b1422f4f74,b1069b48-bef5-497c-aebd-32a8eccdf76d,4b6f4aee-54a4-45df-8b95-3d61f3cbf035,100,workload-20260609T121504519314Z,3,,2,2026-06-09T12:23:46.325495Z,2026-06-09T12:23:46.481269Z,2026-06-09T12:24:07.459843Z,202,completed,20118,20599,0616728b7286:1:b80e7990,6729129,00000a595a7dc9be1355d071394a4062b3dd9814e7d17ad4e3f84f8ebf7aae41,156.0,21134.348,16,
f42b1d67-6b59-44be-8bd3-6d5298fc4c2f,1a8eff95-552e-4caf-a7f7-c556485995d8,4b6f4aee-54a4-45df-8b95-3d61f3cbf035,100,workload-20260609T121504519314Z,4,,2,2026-06-09T12:23:46.327498Z,2026-06-09T12:23:46.493269Z,2026-06-09T12:23:47.953737Z,202,completed,117,749,6084be8b8ecc:1:e1beb64b,36356,000001533ddb5e14bcc1a841542e6afa7005e72c92abdb2507d6a9ec4a295dfc,156.0,1626.239,1,
81cd1080-9d38-4f9a-8956-cce036550d62,81def4c0-1238-4071-9572-e4cbb8429e36,4b6f4aee-54a4-45df-8b95-3d61f3cbf035,100,workload-20260609T121504519314Z,5,,2,2026-06-09T12:23:46.353883Z,2026-06-09T12:23:46.533271Z,2026-06-09T12:23:49.355317Z,202,completed,1697,2331,cb9fb5da3c43:1:2484ecfc,466873,0000034b1bc8cba36460720866607f3a2764f06326f1ed294c2c22d55fc15e8b,188.0,3001.434,2,
ed740023-568a-4a45-97c0-1dab1d7a61ad,b0875c01-c45d-4141-892d-392e8af92773,4b6f4aee-54a4-45df-8b95-3d61f3cbf035,100,workload-20260609T121504519314Z,6,,2,2026-06-09T12:23:46.355883Z,2026-06-09T12:23:46.521878Z,2026-06-09T12:23:49.933315Z,202,completed,1183,1969,208573d5cce8:1:955fd9cd,828218,00000dde31c73e893ffb497f4038d8f68af46451d03c319f558355ba0345b08d,156.0,3577.432,2,
856dcfdb-66cd-44f8-a630-fa3a6e18c5e8,606634e3-b8f1-4b66-ad38-d0cc97ea23e9,4b6f4aee-54a4-45df-8b95-3d61f3cbf035,100,workload-20260609T121504519314Z,7,,2,2026-06-09T12:23:46.357883Z,2026-06-09T12:23:46.530271Z,2026-06-09T12:23:53.188220Z,202,completed,5369,6044,0616728b7286:1:fc6f0ed2,1670118,000005be307c286d9514fd661120c092bd3eeb5e79a1a2c41a1e9af064711adc,172.0,6830.337,3,
188fa648-2aa1-4d01-bdb9-aa6d4721e96d,5e4b194b-94a3-47c9-948d-6dffa07b77f1,4b6f4aee-54a4-45df-8b95-3d61f3cbf035,100,workload-20260609T121504519314Z,8,,2,2026-06-09T12:23:46.388988Z,2026-06-09T12:23:46.549209Z,2026-06-09T12:23:52.646205Z,202,completed,2503,3208,cb9fb5da3c43:1:5cbdb6ed,767992,00000a17f6eccc5f1935523c7a7b415c831573824a57eb3d51eb144bf00474d4,156.0,6257.217,3,
f4469d7f-4682-4ee8-a0bd-79a9e0042e1a,71856750-0a2f-44a9-9b74-68340734cbcd,4b6f4aee-54a4-45df-8b95-3d61f3cbf035,100,workload-20260609T121504519314Z,9,,2,2026-06-09T12:23:46.390989Z,2026-06-09T12:23:46.552361Z,2026-06-09T12:23:51.240467Z,202,completed,1595,2249,fcc05684ba59:1:b9b32bcb,1160959,000008f855cad5c904e4ef5d5b44cbe8c5cf0569e1f5ce26fcc427a189e73afd,156.0,4849.478,2,
da0cea7c-2d61-4f93-847c-5eaecc371d9d,593f38ee-77a3-4a0b-a8d8-0ac5b1fd8fa2,4b6f4aee-54a4-45df-8b95-3d61f3cbf035,100,workload-20260609T121504519314Z,10,,2,2026-06-09T12:23:46.392989Z,2026-06-09T12:23:46.569426Z,2026-06-09T12:23:48.056736Z,202,completed,403,1318,fcc05684ba59:1:086cefce,232624,0000027b6205176bf6e3ea5664283106ee9b9df918345f2e2a11c251cd3e433a,172.0,1663.747,1,
9fea0f60-68fe-46ea-872f-7ea558fc2fc6,1c958184-2dcc-42ef-afd8-1467e5fed4ad,4b6f4aee-54a4-45df-8b95-3d61f3cbf035,100,workload-20260609T121504519314Z,11,,2,2026-06-09T12:23:46.424079Z,2026-06-09T12:23:46.581931Z,2026-06-09T12:23:50.912468Z,202,completed,1742,3450,208573d5cce8:1:370af491,1229275,00000affd594da0ede928b35e3a4a07a7ed34cb24da6d82a05d4aeb4a7580f2e,157.0,4488.389,3,
12d43e53-baa0-4a5c-8450-e3a06b572f13,e53ba591-7d36-412c-848d-21847d5c838c,4b6f4aee-54a4-45df-8b95-3d61f3cbf035,100,workload-20260609T121504519314Z,12,,2,2026-06-09T12:23:46.426078Z,2026-06-09T12:23:46.599168Z,2026-06-09T12:23:48.261695Z,202,completed,429,1310,6084be8b8ecc:1:b14ac2d9,147917,00000232cdede28e333f6491b6b57081aeefb1e5aedf1e9d967ce4f8f5752831,172.0,1835.617,1,
76551c7a-6943-4000-a647-37427d6c780f,a71a80ad-794a-49b6-a9ce-68b4386d705e,4b6f4aee-54a4-45df-8b95-3d61f3cbf035,100,workload-20260609T121504519314Z,13,,2,2026-06-09T12:23:46.428080Z,2026-06-09T12:23:46.597168Z,2026-06-09T12:23:52.563471Z,202,completed,3347,4794,0b769b3035e6:1:22177204,2520467,000003e860e35ad063d6fe231f19313e53a9aaaab065d631fceb48d7f6f2d279,172.0,6135.391,4,
7f48012d-07e7-4dc0-8d76-cb353ca5e6e9,d65e5388-2c79-4310-808f-3194fbb936a6,4b6f4aee-54a4-45df-8b95-3d61f3cbf035,100,workload-20260609T121504519314Z,14,,2,2026-06-09T12:23:46.458219Z,2026-06-09T12:23:46.652501Z,2026-06-09T12:23:54.637478Z,202,completed,5208,7707,cb9fb5da3c43:1:13a21b87,1606717,000003026dbd90ccb10d447c3aac059a4730cdb878ddbd3053841f5cc7e08e1f,203.0,8179.259,5,
6c92af40-7dff-4b27-bea5-d587817b0e72,2439aa8c-5488-4db3-bcde-76c7470e9426,4b6f4aee-54a4-45df-8b95-3d61f3cbf035,100,workload-20260609T121504519314Z,15,,2,2026-06-09T12:23:46.460218Z,2026-06-09T12:23:46.635076Z,2026-06-09T12:23:53.410218Z,202,completed,464,3177,6084be8b8ecc:1:3bf17293,154622,00000ce77bf1b2428c1151dc43decbe8663c97d5cebba73d4fb2b646d36e7b47,171.0,6950.0,3,
3dde3fde-2264-4fc0-94f9-dea7f8da9815,ba285bd5-58f8-4176-a306-1c607693f54c,4b6f4aee-54a4-45df-8b95-3d61f3cbf035,100,workload-20260609T121504519314Z,16,,2,2026-06-09T12:23:46.462218Z,2026-06-09T12:23:46.642078Z,2026-06-09T12:23:50.270318Z,202,completed,962,3020,208573d5cce8:1:33dfc989,536742,00000a824865aaaf0ac55fdd67b21efec25646afa482abb6ca68a9d18866afd8,187.0,3808.1,2,
e6b34bc9-2bdb-4648-8698-bb845d34b0de,730d1a73-0571-41bb-83a8-ebe9f49fe898,4b6f4aee-54a4-45df-8b95-3d61f3cbf035,100,workload-20260609T121504519314Z,17,,2,2026-06-09T12:23:46.465218Z,2026-06-09T12:23:46.643077Z,2026-06-09T12:23:51.946468Z,202,completed,2670,4602,6084be8b8ecc:1:415c7db8,1258465,00000924793fd12cb9314a880b64510acd93c89cb3ad837d2c6d04815a2b80ba,172.0,5481.25,2,
1072b03f-5806-423e-9714-82eceeee5aea,88a4a02b-bdfc-425f-8053-b32f2b92a4c4,4b6f4aee-54a4-45df-8b95-3d61f3cbf035,100,workload-20260609T121504519314Z,18,,2,2026-06-09T12:23:46.467219Z,2026-06-09T12:23:46.638078Z,2026-06-09T12:23:49.538316Z,202,completed,22,2532,6084be8b8ecc:1:c41102ef,8270,0000040ff8d4594f1e01c172c7d97520758d3dcb7a256b8ef32925a57042cb31,172.0,3071.097,2,
be970f40-203a-4613-ac7b-1b8af359b93d,4928069e-8ec8-4e41-9395-b6800671059d,4b6f4aee-54a4-45df-8b95-3d61f3cbf035,100,workload-20260609T121504519314Z,19,,2,2026-06-09T12:23:46.490269Z,2026-06-09T12:23:46.607807Z,2026-06-09T12:23:49.288316Z,202,completed,894,2457,0b769b3035e6:1:099a7835,560423,00000fdbbec5f474ae5d6be6e2bb2af3312e8f783cc269dcc2a3dcf8b960a505,125.0,2798.047,2,
d25bf204-33f2-4981-bd4b-a7888b07cf2c,140c1652-2035-4b22-b767-ffc45530ce1c,4b6f4aee-54a4-45df-8b95-3d61f3cbf035,100,workload-20260609T121504519314Z,20,,2,2026-06-09T12:23:46.497268Z,2026-06-09T12:23:46.668760Z,2026-06-09T12:23:51.025467Z,202,completed,1183,2655,fcc05684ba59:1:c9f881e5,838160,0000005f6fe181156943400c29b36611f957e46578dc4ce819f80a3291e3bf5f,172.0,4528.199,2,
dac4d012-62e6-4f56-916b-301a435687ea,69f02b43-b7bb-4cec-a953-964d91d0f3c4,4b6f4aee-54a4-45df-8b95-3d61f3cbf035,100,workload-20260609T121504519314Z,21,,2,2026-06-09T12:23:46.499266Z,2026-06-09T12:23:46.637078Z,2026-06-09T12:23:50.649467Z,202,completed,148,1694,6084be8b8ecc:1:5103cb26,52871,00000d7f471846b56b5597381d88e330918e16dbefaafebf01296d0c3f194faf,141.0,4150.201,2,
a07ff2cb-d114-4e2a-8169-3c73c48c60e7,af5e4848-0233-4903-8694-e7da565e3fb4,4b6f4aee-54a4-45df-8b95-3d61f3cbf035,100,workload-20260609T121504519314Z,22,,2,2026-06-09T12:23:46.521878Z,2026-06-09T12:23:46.657761Z,2026-06-09T12:23:53.584444Z,202,completed,3814,6417,fcc05684ba59:1:362ffa48,2702972,00000953105f2d972c99523469866673380a7dbfd527784feeb143e2ef0473d5,141.0,7062.566,3,
5b91bda4-bc79-4210-933d-5e486b2b682a,17ad920e-7d8b-4020-b1c1-3e9c83d2b819,4b6f4aee-54a4-45df-8b95-3d61f3cbf035,100,workload-20260609T121504519314Z,23,,2,2026-06-09T12:23:46.530271Z,2026-06-09T12:23:46.653498Z,2026-06-09T12:23:51.669468Z,202,completed,1592,4337,0b769b3035e6:1:d4b7512f,987406,000008f3db864208416d9f624a02d4dff2c72df1dd94daa79cde89be985eb7f2,125.0,5139.197,3,
5d36977c-d30f-45a7-b3a2-3618e7709d56,4dc3e124-ec4d-408c-9af4-b1051dd3f2bc,4b6f4aee-54a4-45df-8b95-3d61f3cbf035,100,workload-20260609T121504519314Z,24,,2,2026-06-09T12:23:46.531269Z,2026-06-09T12:23:46.664760Z,2026-06-09T12:23:52.180468Z,202,completed,1349,4292,fcc05684ba59:1:d1e82c44,822080,0000061179f10bad94555ff2ef89a7ac186cd7d3d302c5315265b984d4a5b28c,125.0,5649.199,4,
e55711fa-e9eb-48e5-aea5-a7e2073a1c0e,09b92ef0-8658-4f3c-b650-542cd2e98e16,4b6f4aee-54a4-45df-8b95-3d61f3cbf035,100,workload-20260609T121504519314Z,25,,2,2026-06-09T12:23:46.549209Z,2026-06-09T12:23:46.683707Z,2026-06-09T12:23:53.627056Z,202,completed,714,4015,208573d5cce8:1:36fd2948,621200,000009cf9fdc778c21d802fc37ee2d5935dd42137c981c1af1c04ed0a4476f94,141.0,7077.847,3,
26211cd0-92a0-479e-947b-b9a1f61c2b7a,eda43c55-e263-4905-9cc9-f791358e049d,4b6f4aee-54a4-45df-8b95-3d61f3cbf035,100,workload-20260609T121504519314Z,26,,2,2026-06-09T12:23:46.570427Z,2026-06-09T12:23:46.708467Z,2026-06-09T12:23:51.763470Z,202,completed,799,4223,cb9fb5da3c43:1:e820ebf0,214476,0000053b20f5d643d0102a7c855c7fe7327fbdcfab1bb592f7b267393cc55c1e,141.0,5193.043,3,
ca92e5df-1cec-48ab-953b-0f51645b2057,ef8853a8-c16f-472e-b6e9-c318f02ce326,4b6f4aee-54a4-45df-8b95-3d61f3cbf035,100,workload-20260609T121504519314Z,27,,2,2026-06-09T12:23:46.571426Z,2026-06-09T12:23:46.705466Z,2026-06-09T12:23:52.729220Z,202,completed,1084,4593,6084be8b8ecc:1:f064b8c4,361172,00000a46791f8678fce0beb0d51461893ffef9014d0e21839be3c35dedc9e065,141.0,6157.794,3,
676463a7-0c07-42f7-849b-2e6005c95b39,4db18609-b44b-4696-b687-9cf1a83b633b,4b6f4aee-54a4-45df-8b95-3d61f3cbf035,100,workload-20260609T121504519314Z,28,,2,2026-06-09T12:23:46.581931Z,2026-06-09T12:23:46.707467Z,2026-06-09T12:23:53.062218Z,202,completed,608,5196,208573d5cce8:1:80e9c5cf,483021,0000047b4df39c855412ede01e4cce9e66373d54fa8509112b523d225d4eac3d,125.0,6480.287,2,
ddffd12c-a76d-4abe-94cf-b9ad9d89799c,76948b76-db7e-450b-a3ee-73c39f2091a0,4b6f4aee-54a4-45df-8b95-3d61f3cbf035,100,workload-20260609T121504519314Z,29,,2,2026-06-09T12:23:46.582930Z,2026-06-09T12:23:46.718470Z,2026-06-09T12:23:52.524468Z,202,completed,546,4050,208573d5cce8:1:22983e58,451227,00000c2a89c05857498b4516a90c394e6f55acb5c65c7b4afe4b7697c538fec7,140.0,5941.538,3,
587eba8b-f708-4d24-bee4-f3680293dd07,6e48e4a3-1ec8-4883-865e-d8d2d7167429,4b6f4aee-54a4-45df-8b95-3d61f3cbf035,100,workload-20260609T121504519314Z,30,,2,2026-06-09T12:23:46.597168Z,2026-06-09T12:23:46.742490Z,2026-06-09T12:23:51.981470Z,202,completed,396,4782,208573d5cce8:1:92c746d9,247538,0000060865cc46f7211914fadcf4806a181e18a9718d830b95a817d39697358d,141.0,5384.302,3,
8fd4101f-a907-4443-8763-1036ab8e34b3,17bf04aa-bdfe-4ab0-9f73-77b573b0c966,4b6f4aee-54a4-45df-8b95-3d61f3cbf035,100,workload-20260609T121504519314Z,31,,2,2026-06-09T12:23:46.607807Z,2026-06-09T12:23:46.744492Z,2026-06-09T12:23:56.560015Z,202,completed,4544,8970,cb9fb5da3c43:1:cc61a58e,1417182,000009f3431bdb451c128af0ef0e55ee8a45a268536bcaa586f8a2788eca11be,125.0,9952.208,6,
0b64e1c8-4c5d-4373-9ff4-86179b8fef68,b6d7f20b-106d-4503-9117-19892cb424d2,4b6f4aee-54a4-45df-8b95-3d61f3cbf035,100,workload-20260609T121504519314Z,32,,2,2026-06-09T12:23:46.608806Z,2026-06-09T12:23:46.745492Z,2026-06-09T12:23:53.345218Z,202,completed,1488,5899,fcc05684ba59:1:34bf1f3f,926645,00000203f15ea110a25f5b502e892a90948de7f38eddac842a9f8f292c6d6021,125.0,6736.412,3,
0b84f50a-3529-446f-a6ee-705a5c8f1d6c,394f9aeb-8634-4061-b6c9-cef907d799aa,4b6f4aee-54a4-45df-8b95-3d61f3cbf035,100,workload-20260609T121504519314Z,33,,2,2026-06-09T12:23:46.635076Z,2026-06-09T12:23:46.771826Z,2026-06-09T12:24:02.967398Z,202,completed,10577,15338,6084be8b8ecc:1:1db94e05,3744300,00000eeef968cd6d5ce0ff6dc9550fa2a5c51e15d68861fff0687e38bc65172c,141.0,16332.322,13,
b57bb60c-bd07-4e52-bad0-ab3cbdd05a8a,7fe52c9c-5ca7-4c16-953c-ffdf9db62228,4b6f4aee-54a4-45df-8b95-3d61f3cbf035,100,workload-20260609T121504519314Z,34,,2,2026-06-09T12:23:46.638078Z,2026-06-09T12:23:46.762491Z,2026-06-09T12:23:55.767065Z,202,completed,3025,8059,0b769b3035e6:1:967450ea,2213919,00000f914e6a24ab176a42b62aa9ea8d2ea8c0cc3fe3f5495a48ec55288d750a,125.0,9128.987,6,
8f2b7ed1-bda2-4350-a1f8-c5bf6617d566,82184aec-0d1f-496b-a348-34269addcb14,4b6f4aee-54a4-45df-8b95-3d61f3cbf035,100,workload-20260609T121504519314Z,35,,2,2026-06-09T12:23:46.639077Z,2026-06-09T12:23:46.779055Z,2026-06-09T12:23:52.367468Z,202,completed,25,4688,0b769b3035e6:1:ed6e2b76,16202,00000251d012babdb1d1a74b32d43f0589a5a58d04be1e6308820afd029b0304,141.0,5728.391,3,
9ad2c48f-9b04-48a9-b97b-291dadd89474,49d15745-5a4d-4f5e-8143-281b302fe277,4b6f4aee-54a4-45df-8b95-3d61f3cbf035,100,workload-20260609T121504519314Z,36,,2,2026-06-09T12:23:46.653498Z,2026-06-09T12:23:46.785054Z,2026-06-09T12:23:53.658869Z,202,completed,1711,6491,6084be8b8ecc:1:20c7794d,562975,00000ccd08fe03abd32adf2a308eef4665fe88982cf8c988d236edf78a748daf,125.0,7005.371,4,
872e1105-0519-49a4-bc89-a106e1df572b,7c66ffe0-edfa-4c27-863f-83f783a3d728,4b6f4aee-54a4-45df-8b95-3d61f3cbf035,100,workload-20260609T121504519314Z,37,,2,2026-06-09T12:23:46.668760Z,2026-06-09T12:23:46.805064Z,2026-06-09T12:23:53.660868Z,202,completed,1111,6239,0b769b3035e6:1:4570ac0b,702642,0000055e851257798b2ab170a7410dafea1d26635638530cead1a04abb454f1f,125.0,6992.108,2,
f966412e-05f5-44a8-b034-b47796b8e734,ccc6b769-98d6-4447-b1d0-e332af6d60ed,4b6f4aee-54a4-45df-8b95-3d61f3cbf035,100,workload-20260609T121504519314Z,38,,2,2026-06-09T12:23:46.669759Z,2026-06-09T12:23:46.808064Z,2026-06-09T12:23:52.871218Z,202,completed,288,5176,208573d5cce8:1:1d44911f,304570,00000caa8333d2d13780e6ac26d7b87cc57138406779d76a8671adb3ca21e052,125.0,6201.459,3,
801496b5-1332-416a-ad0e-516722ec1a6f,421d9ab9-873a-40a6-8f8a-1d2d5794e81f,4b6f4aee-54a4-45df-8b95-3d61f3cbf035,100,workload-20260609T121504519314Z,39,,2,2026-06-09T12:23:46.683707Z,2026-06-09T12:23:46.828058Z,2026-06-09T12:23:55.327869Z,202,completed,2461,7808,208573d5cce8:1:d8a14348,1571751,00000a664702300b8e98fd684489434a5906c34c821bcb5b6f67fbdbc244bf39,141.0,8644.162,5,
ff2c2005-f68b-4b8a-ade4-7246c1f8a4b4,17d39aed-9781-40c4-a163-0584ed0bfcb5,4b6f4aee-54a4-45df-8b95-3d61f3cbf035,100,workload-20260609T121504519314Z,40,,2,2026-06-09T12:23:46.684707Z,2026-06-09T12:23:46.821805Z,2026-06-09T12:23:55.217141Z,202,completed,1867,7403,208573d5cce8:1:75c69458,1010315,000003fa03549b12336f91482c01887a0ee0a7f0bb7672f4d5d7c8e2d739a1c4,125.0,8532.434,6,
3d033a04-73a5-4916-a791-78b59b265b11,c8a63a0f-6513-4609-a247-e228caa13491,4b6f4aee-54a4-45df-8b95-3d61f3cbf035,100,workload-20260609T121504519314Z,41,,2,2026-06-09T12:23:46.705466Z,2026-06-09T12:23:46.866431Z,2026-06-09T12:23:57.348469Z,202,completed,3689,9687,0616728b7286:1:d532859e,1156072,00000162f5846dda291c78155af598b21b64a6ecd2f9b5d74236ee781a99d501,156.0,10643.003,7,
e5f5e495-0759-470e-b18a-8d2db2033d30,35596576-a857-4ce1-aab5-8aa2029540b3,4b6f4aee-54a4-45df-8b95-3d61f3cbf035,100,workload-20260609T121504519314Z,42,,2,2026-06-09T12:23:46.718470Z,2026-06-09T12:23:46.863431Z,2026-06-09T12:23:53.699759Z,202,completed,173,6598,0b769b3035e6:1:43b0a6cd,107190,00000ae9053f5512c0c57cee13020604fe9c95ed0847b2835fe75958af3529f4,141.0,6981.289,4,
2d5090c9-9409-4f17-9149-c0bd55c108d2,fffc6bc3-15e6-4ac0-a418-342e5301007a,4b6f4aee-54a4-45df-8b95-3d61f3cbf035,100,workload-20260609T121504519314Z,43,,2,2026-06-09T12:23:46.719470Z,2026-06-09T12:23:46.846475Z,2026-06-09T12:23:53.554668Z,202,completed,247,6297,fcc05684ba59:1:c3ee0360,257643,000000171d1eec3c7b8d9a541caf3ff1db595743dbbac2eb70cf05d2423749f6,125.0,6835.198,3,
6b688652-aa54-4c73-ab94-12dd5aaf2895,7330c2d6-d616-4d0b-9771-9d30a4de8118,4b6f4aee-54a4-45df-8b95-3d61f3cbf035,100,workload-20260609T121504519314Z,44,,2,2026-06-09T12:23:46.742490Z,2026-06-09T12:23:46.877928Z,2026-06-09T12:23:57.275902Z,202,completed,3710,10232,fcc05684ba59:1:8c70f751,2429326,00000d8c14ae1b1f1671eb96f71e47eee4472f9d77c0e850debd89f48f47e31e,140.0,10533.412,5,
daeaad92-09a0-45b6-a248-a0e4e9059a32,79298bcd-5bd9-4c6a-bccc-1ce50f175b13,4b6f4aee-54a4-45df-8b95-3d61f3cbf035,100,workload-20260609T121504519314Z,45,,2,2026-06-09T12:23:46.762491Z,2026-06-09T12:23:46.908703Z,2026-06-09T12:24:00.334827Z,202,completed,6224,12796,6084be8b8ecc:1:60f1a35f,2069077,00000bbe42f8c0d359e4f89adf6cbd4454caa2d65a1f98d888193db124834682,141.0,13572.336,9,
ef2b86b3-6b63-463c-b022-59e628ba7303,6e492b6b-f522-4faf-998b-c8a19262933a,4b6f4aee-54a4-45df-8b95-3d61f3cbf035,100,workload-20260609T121504519314Z,46,,2,2026-06-09T12:23:46.763491Z,2026-06-09T12:23:46.914702Z,2026-06-09T12:23:55.769062Z,202,completed,46,7865,cb9fb5da3c43:1:c145f6eb,12346,0000072a026128f0271ce251f12488bd69d35a14249bcabd5b570358e7c4ed51,141.0,9005.571,5,
c5f11e96-959e-46dc-941f-eeb7f6beadc6,b4ea4166-d4b0-42b6-87e2-427bdde68397,4b6f4aee-54a4-45df-8b95-3d61f3cbf035,100,workload-20260609T121504519314Z,47,,2,2026-06-09T12:23:46.765492Z,2026-06-09T12:23:46.911704Z,2026-06-09T12:24:27.529366Z,202,completed,3104,9788,fcc05684ba59:1:62029fd5,1904438,00000ff5254ea00bedb1c7d3dd7c7f268638adc50815d9326ed469fc968d56d5,141.0,40763.874,7,poll error: 
4fd5e5b7-793d-404e-b411-de978c92906a,2de82374-0536-4a8e-82c1-bb61550f9165,4b6f4aee-54a4-45df-8b95-3d61f3cbf035,100,workload-20260609T121504519314Z,48,,2,2026-06-09T12:23:46.779055Z,2026-06-09T12:23:46.917703Z,2026-06-09T12:23:55.934066Z,202,completed,1311,8020,0b769b3035e6:1:cfcbdf4d,971229,00000fd70675c489cb86edc7822ae03a06712d89fb2f9628f90428b267d3a092,125.0,9155.011,5,
08c7b737-4f15-49c6-94ae-9486f877ee75,4f8ca1c0-6dc6-45fe-af35-c1d363bd75df,4b6f4aee-54a4-45df-8b95-3d61f3cbf035,100,workload-20260609T121504519314Z,49,,2,2026-06-09T12:23:46.780054Z,2026-06-09T12:23:46.941648Z,2026-06-09T12:23:54.718480Z,202,completed,289,7772,208573d5cce8:1:af0bf3ae,197111,000003120b476e70ede469bfbf9f60ea4cbb36548b7bc75dd761a3fc08166b77,156.0,7938.426,5,
ca6e4da0-ec7c-42a0-8836-eb3ff5ede749,0a9b8a09-32bf-4b93-8ae0-71d15e6d132f,4b6f4aee-54a4-45df-8b95-3d61f3cbf035,100,workload-20260609T121504519314Z,50,,2,2026-06-09T12:23:46.805064Z,2026-06-09T12:23:46.994204Z,2026-06-09T12:24:00.220153Z,202,completed,4774,12903,208573d5cce8:1:117d4e23,2835849,00000b7eee41b8e160a60bff9b8593d6181acf11c7854600d01d0402c3ab3781,188.0,13415.089,9,
da4bdbc7-c262-4122-a447-f8ef022ede42,e0f58a93-477c-4aae-a86e-22a84cb2b3e6,4b6f4aee-54a4-45df-8b95-3d61f3cbf035,100,workload-20260609T121504519314Z,51,,2,2026-06-09T12:23:46.821805Z,2026-06-09T12:23:46.955551Z,2026-06-09T12:23:56.604010Z,202,completed,1293,9455,0b769b3035e6:1:8b3bc215,847819,00000fbe6a9d925165b1bb43709e92e66f85affe560d8670c71106fd43566c0e,141.0,9782.205,6,
693040fe-a718-4189-8d1f-50b0a46d66b8,c17d48b8-2256-486c-842c-3aaac4e07607,4b6f4aee-54a4-45df-8b95-3d61f3cbf035,100,workload-20260609T121504519314Z,52,,2,2026-06-09T12:23:46.822805Z,2026-06-09T12:23:46.959057Z,2026-06-09T12:23:56.854333Z,202,completed,1749,9722,208573d5cce8:1:c878fe4c,958064,0000046e95fab816efa4b3a8c576a445d1fe9cc3e42f468b146c9de045b090f3,141.0,10031.528,7,
55eb0d80-4507-48e9-a5be-514a3ec0ed46,7d56bcfc-af82-41b5-a921-a591bcaf83fc,4b6f4aee-54a4-45df-8b95-3d61f3cbf035,100,workload-20260609T121504519314Z,53,,2,2026-06-09T12:23:46.828058Z,2026-06-09T12:23:46.952647Z,2026-06-09T12:23:56.447996Z,202,completed,719,8852,cb9fb5da3c43:1:53f371e4,196466,00000d91c99aa14e0f5736cd20be495dbdf4b98e9e5628b94a7a6c7851f167af,125.0,9619.938,7,
3f450bbf-34dd-4321-a213-0003da3bbc4c,faeb332e-e9f6-490e-9a23-d2500915b939,4b6f4aee-54a4-45df-8b95-3d61f3cbf035,100,workload-20260609T121504519314Z,54,,2,2026-06-09T12:23:46.829055Z,2026-06-09T12:23:47.020805Z,2026-06-09T12:23:57.795718Z,202,completed,1543,9852,0b769b3035e6:1:8a4af47b,1049168,000002ca9388ba29f216549a308c050c50222472e4cd1018f620e62c08fbfc77,187.0,10966.663,6,
9131ebd9-909c-4888-a979-71b59a1ea26e,2bf86e3f-1bf1-4710-971a-f2ba3000a8bb,4b6f4aee-54a4-45df-8b95-3d61f3cbf035,100,workload-20260609T121504519314Z,55,,2,2026-06-09T12:23:46.846475Z,2026-06-09T12:23:47.050080Z,2026-06-09T12:23:58.629919Z,202,completed,2002,10995,cb9fb5da3c43:1:8c2dbd73,650994,00000dc56eeb3d8d3a3523bc5eca9beaf8a04f54b697570bd488c597df8e7de5,203.0,11783.444,8,
5d3de25b-576f-430e-bdd5-0e54f2e4ce7a,d23d2233-7f30-480f-b3f0-846e53907703,4b6f4aee-54a4-45df-8b95-3d61f3cbf035,100,workload-20260609T121504519314Z,56,,2,2026-06-09T12:23:46.863431Z,2026-06-09T12:23:47.121385Z,2026-06-09T12:23:57.902126Z,202,completed,891,10069,cb9fb5da3c43:1:582657e8,241191,00000f8794c74f6a9d99cf2fab9f4bd748026d7b35b7996f8e9eeee265d2f389,265.0,11038.695,7,
beadbb00-1e99-4a65-8599-45e74c61a03d,fc363905-a6b2-4132-86e7-5693ca2cd7d7,4b6f4aee-54a4-45df-8b95-3d61f3cbf035,100,workload-20260609T121504519314Z,57,,2,2026-06-09T12:23:46.864433Z,2026-06-09T12:23:47.126385Z,2026-06-09T12:23:58.212059Z,202,completed,399,10215,0b769b3035e6:1:44058e88,377994,000002f74fbd6b5c53145fbbb2bff1b7edba651328ef39fb8a89f616e308bc80,265.0,11347.626,8,
75a4f470-0c64-4c03-a6a4-fdf3979dc119,b3697017-2235-4ecb-9776-f9b8ce841709,4b6f4aee-54a4-45df-8b95-3d61f3cbf035,100,workload-20260609T121504519314Z,58,,2,2026-06-09T12:23:46.877928Z,2026-06-09T12:23:47.014816Z,2026-06-09T12:23:59.304058Z,202,completed,1762,11744,0616728b7286:1:6410ed8a,521269,00000cb190c3e05b99c333a90eee3ce394e52392dbfd71df8126ea51878498db,141.0,12426.13,9,
cd034b85-d9c3-4c0b-82e3-bc166c094739,98daf686-c616-4244-9e98-6c19f79a8a19,4b6f4aee-54a4-45df-8b95-3d61f3cbf035,100,workload-20260609T121504519314Z,59,,2,2026-06-09T12:23:46.908703Z,2026-06-09T12:23:47.036009Z,2026-06-09T12:24:03.080701Z,202,completed,5491,15541,208573d5cce8:1:a7a50330,3669479,0000038f88c898f7e87c68edf3e451b6a1a974792c24d3993de8a2731b473826,125.0,16171.998,13,
311a6eeb-b08b-44c9-bbe4-68a8e0d6b25c,0c552231-c749-4ff8-8808-0cb059670b49,4b6f4aee-54a4-45df-8b95-3d61f3cbf035,100,workload-20260609T121504519314Z,60,,2,2026-06-09T12:23:46.909703Z,2026-06-09T12:23:47.068022Z,2026-06-09T12:23:58.052232Z,202,completed,850,10745,fcc05684ba59:1:8b697379,650315,00000b034baecff458f5dc96c3da958a18c9299b3f1f8950c35254392ce852a8,156.0,11142.529,7,
a6d42049-36a3-4783-ab9f-b913d66725b9,6106c71a-7651-49bb-8e30-fa1eae193562,4b6f4aee-54a4-45df-8b95-3d61f3cbf035,100,workload-20260609T121504519314Z,61,,2,2026-06-09T12:23:46.911704Z,2026-06-09T12:23:47.052079Z,2026-06-09T12:24:23.967805Z,202,completed,526,10611,0b769b3035e6:1:339fc7aa,551954,0000082d8db04c8cfed2fdb5bfe9d9cd9621e11e55f9359213212568ee69367c,140.0,37056.101,3,poll error: 
cd187e08-0539-4736-85ff-37d5af8e5a1a,dc1220f3-22d6-4a65-8fa5-b3b518d05019,4b6f4aee-54a4-45df-8b95-3d61f3cbf035,100,workload-20260609T121504519314Z,62,,2,2026-06-09T12:23:46.941648Z,2026-06-09T12:23:47.094018Z,2026-06-09T12:23:59.089847Z,202,completed,148,11183,0b769b3035e6:1:11b47974,96703,00000497f3d5ca40c973f7df37e26d2ba32c24efe45ed0b2547d31b45db333a5,156.0,12148.199,9,
f700d02b-91d2-476a-b625-37157b68ac69,4d46aac2-7018-49c5-933c-b9fdcb626a88,4b6f4aee-54a4-45df-8b95-3d61f3cbf035,100,workload-20260609T121504519314Z,63,,2,2026-06-09T12:23:46.942647Z,2026-06-09T12:23:47.093019Z,2026-06-09T12:23:58.735966Z,202,completed,143,10648,0b769b3035e6:1:4659977f,118290,000005d404812f416b0fe489f2f6563473368d5925fea4b618c1dd3c94f17dc0,156.0,11793.319,6,
173dd863-0954-4c07-b990-b48d9a50a668,ef2b34cd-9dbd-46c7-bd22-a67aec8cef39,4b6f4aee-54a4-45df-8b95-3d61f3cbf035,100,workload-20260609T121504519314Z,64,,2,2026-06-09T12:23:46.943647Z,2026-06-09T12:23:47.093019Z,2026-06-09T12:23:59.772057Z,202,completed,1465,11812,cb9fb5da3c43:1:1dcc0a4b,446363,0000095402c5acbf9159d387164893c47408d7418e4b7a7a6846a30be5ff2349,156.0,12828.41,8,
cccb8e13-5cce-402c-99e5-7ae8684f027b,7d581d04-08ac-4b4c-9eae-dcdca3b824b6,4b6f4aee-54a4-45df-8b95-3d61f3cbf035,100,workload-20260609T121504519314Z,65,,2,2026-06-09T12:23:46.946647Z,2026-06-09T12:23:47.092020Z,2026-06-09T12:24:00.453033Z,202,completed,1981,12498,fcc05684ba59:1:4be223e7,1583280,0000077d15511ea807fb9aceaccb8c1768c3d4a62789bad98cece72b2c5a42e1,156.0,13506.386,8,
2439f33d-2df3-4ac5-83e7-c12838675cab,ca77c837-9993-43fe-b54d-654fef92c5d3,4b6f4aee-54a4-45df-8b95-3d61f3cbf035,100,workload-20260609T121504519314Z,66,,2,2026-06-09T12:23:46.950646Z,2026-06-09T12:23:47.100019Z,2026-06-09T12:23:58.737966Z,202,completed,228,11124,0b769b3035e6:1:87666c5d,184325,0000033a0a9fe7436b4652331c897caf5a3339e450672849155bf29fe17673c6,140.0,11787.32,8,
90437ac1-71f5-4948-b20b-ce79284ac841,1ba5e3fb-fda4-4ffa-9732-c948f149f681,4b6f4aee-54a4-45df-8b95-3d61f3cbf035,100,workload-20260609T121504519314Z,67,,2,2026-06-09T12:23:46.988206Z,2026-06-09T12:23:47.199851Z,2026-06-09T12:24:00.563654Z,202,completed,1838,13383,0b769b3035e6:1:887d881a,1201697,0000098e012c097360899729a880b0f14a4a89b846e958e65127b07ffbe9d024,219.0,13575.448,9,
7fa51c5f-d840-4141-8fb8-652b1d71369c,2227c869-7ead-4a46-912b-58eb2cb3805c,4b6f4aee-54a4-45df-8b95-3d61f3cbf035,100,workload-20260609T121504519314Z,68,,2,2026-06-09T12:23:46.989208Z,2026-06-09T12:23:47.112361Z,2026-06-09T12:23:59.508055Z,202,completed,407,11345,fcc05684ba59:1:2f46f5c7,245839,000000bc93e12b7bd0edd2b396b28e33380db0260dddb7be0a87e1b4752a23c4,125.0,12518.847,9,
2df5a94f-247c-40d0-9c23-e88362e9cbb8,5b1ac765-21dc-48ee-aa58-ae2255daecc0,4b6f4aee-54a4-45df-8b95-3d61f3cbf035,100,workload-20260609T121504519314Z,69,,2,2026-06-09T12:23:46.990204Z,2026-06-09T12:23:47.205851Z,2026-06-09T12:24:28.258029Z,202,completed,1117,12171,cb9fb5da3c43:1:75e116f2,414023,0000010d2738b4f00fad66a73f1686ab7bbefad33131073cc8c93c9ee039499c,219.0,41267.825,7,poll error: 
1ef7546f-fc61-4452-ae42-d08aa4f809bc,1e4e2655-a903-4e6c-813e-278998065e8e,4b6f4aee-54a4-45df-8b95-3d61f3cbf035,100,workload-20260609T121504519314Z,70,,2,2026-06-09T12:23:47.014816Z,2026-06-09T12:23:47.140632Z,2026-06-09T12:24:01.104070Z,202,completed,2017,13430,0b769b3035e6:1:5222b6b5,1391421,0000039e4b8369b5278cc56fa26d60419cebcfa271704833f4f77a28e0378fdf,125.0,14089.254,9,
df214d75-9730-4a33-9b95-f241c9330880,18dea556-3f98-4ba2-a317-b0dbb04578a2,4b6f4aee-54a4-45df-8b95-3d61f3cbf035,100,workload-20260609T121504519314Z,71,,2,2026-06-09T12:23:47.015805Z,2026-06-09T12:23:47.153631Z,2026-06-09T12:23:59.983689Z,202,completed,373,11998,fcc05684ba59:1:1fa8ad10,230310,00000a872762fd275b29e5ad0bfd110f6576e8c6af6c6b1c75e95b73cccc25e8,141.0,12967.884,9,
0b7aae7d-825a-4916-af6c-1aad3a059bbc,afab4e45-e771-4718-91fb-e33042dadf01,4b6f4aee-54a4-45df-8b95-3d61f3cbf035,100,workload-20260609T121504519314Z,72,,2,2026-06-09T12:23:47.016805Z,2026-06-09T12:23:47.204851Z,2026-06-09T12:24:05.261793Z,202,completed,5394,17284,0616728b7286:1:e4d23199,1630473,00000c421d67e2ce4e5a776c913c85ec6e0cd2ee4e914a90149c58c252140711,188.0,18244.988,13,
ca47d6dc-4ec4-4d2f-9e20-ffc8acddf917,cff0f9b1-444b-484e-823a-88c07dc01921,4b6f4aee-54a4-45df-8b95-3d61f3cbf035,100,workload-20260609T121504519314Z,73,,2,2026-06-09T12:23:47.036009Z,2026-06-09T12:23:47.253367Z,2026-06-09T12:24:31.062974Z,202,completed,2015,14052,cb9fb5da3c43:1:c7592a69,599306,000004f0ddfe75f58ce88d9c08090461a6ba24989355eddeeaaf62472da99a1a,218.0,44026.965,10,poll error: 
45983d2b-bb93-4e39-ae8a-218ed0b0ed41,62e5880e-cbd4-4d22-97c4-a2ed4f53084e,4b6f4aee-54a4-45df-8b95-3d61f3cbf035,100,workload-20260609T121504519314Z,74,,2,2026-06-09T12:23:47.037014Z,2026-06-09T12:23:47.156629Z,2026-06-09T12:24:28.138008Z,202,completed,992,13514,fcc05684ba59:1:3b5a570c,886889,0000034f8f2f8d0d0858a0b5f4e18ec3831cea252d0f62a91f9cd3dee4f314d9,125.0,41100.994,6,poll error: 
2df7e5d3-e77f-4281-885a-1ada64ffbce1,185492e3-0987-43d2-9fbf-8ed0b51eab3b,4b6f4aee-54a4-45df-8b95-3d61f3cbf035,100,workload-20260609T121504519314Z,75,,2,2026-06-09T12:23:47.050080Z,2026-06-09T12:23:47.176753Z,2026-06-09T12:24:28.738009Z,202,completed,10243,22528,cb9fb5da3c43:1:775128f4,3036120,000002c93eb555314a28a7a2fcce82955d148477cc3facfe490f864c28129ff2,125.0,41687.929,6,poll error: 
0370a975-6ae7-4108-9ca1-9f2615f79006,dbb53ff0-aa59-4e95-a157-ea27259fbdc6,4b6f4aee-54a4-45df-8b95-3d61f3cbf035,100,workload-20260609T121504519314Z,76,,2,2026-06-09T12:23:47.068022Z,2026-06-09T12:23:47.208609Z,2026-06-09T12:24:01.284959Z,202,completed,426,13040,fcc05684ba59:1:871aaa84,253090,0000028631d747531e06651c7f19ef4f9677d33e754fb311ee219b3aea5791a1,141.0,14216.937,11,
26f9d41a-5abc-4678-b503-3af5362558f9,479db5e0-d654-49e7-ad37-2e4a7ff0cb59,4b6f4aee-54a4-45df-8b95-3d61f3cbf035,100,workload-20260609T121504519314Z,77,,2,2026-06-09T12:23:47.069019Z,2026-06-09T12:23:47.222609Z,2026-06-09T12:24:05.539020Z,202,completed,5292,17946,6084be8b8ecc:1:82012bfb,2000691,000002a279edf6e40fc7aab494cd9a3f3a600d705a32ea9a1e3df64c374dd8bf,156.0,18470.001,14,
2aa64bfd-297f-415c-8d25-ef1c899d8f40,55f7e28b-7dee-4458-ac46-f223133181ba,4b6f4aee-54a4-45df-8b95-3d61f3cbf035,100,workload-20260609T121504519314Z,78,,2,2026-06-09T12:23:47.094018Z,2026-06-09T12:23:47.281185Z,2026-06-09T12:24:04.293143Z,202,completed,2670,16237,0b769b3035e6:1:203d7dad,1723292,00000eeb97f41835dca71a686d853f96bf5c6e0b5493910e3b43608dbb1c99b0,188.0,17199.125,12,
9c05ca6e-a53f-41c7-aa92-0b18dcb301d4,e2930815-d806-4390-9932-9500b77fca11,4b6f4aee-54a4-45df-8b95-3d61f3cbf035,100,workload-20260609T121504519314Z,79,,2,2026-06-09T12:23:47.095018Z,2026-06-09T12:23:47.215609Z,2026-06-09T12:24:01.178976Z,202,completed,678,13506,208573d5cce8:1:71f0f1d1,400513,00000428cde1a2f0addd3ed8b7233f53286aef17c868a6df7f61c2145ab091d7,125.0,14083.958,10,
38e2519b-2ea7-4c30-ae11-eeff6e011288,db5c2a92-bc2c-4c82-9971-6e5f8092070c,4b6f4aee-54a4-45df-8b95-3d61f3cbf035,100,workload-20260609T121504519314Z,80,,2,2026-06-09T12:23:47.096018Z,2026-06-09T12:23:47.229075Z,2026-06-09T12:24:02.614461Z,202,completed,1099,14374,fcc05684ba59:1:28450b73,885311,00000c57219515aeaf5db8e1bc92fe4ee6857be2e05cee3f1a3db9a10d1d901f,125.0,15518.443,12,
7a64c9ff-4f41-4847-8109-19f6f96f059f,e3ce5a0f-a881-4e19-80a5-356469fd24c4,4b6f4aee-54a4-45df-8b95-3d61f3cbf035,100,workload-20260609T121504519314Z,81,,2,2026-06-09T12:23:47.113368Z,2026-06-09T12:23:47.282184Z,2026-06-09T12:24:03.535923Z,202,completed,2173,15821,0b769b3035e6:1:a24870bd,1296832,0000030ccb0da63a301ad2e013605b09ed6db7eb09903fc71117fd0d193ed4f1,172.0,16422.555,12,
d7c24781-8044-4e9f-8689-0f0e4d82a171,dfc002c2-2579-4ee6-959d-fd0df240a4c3,4b6f4aee-54a4-45df-8b95-3d61f3cbf035,100,workload-20260609T121504519314Z,82,,2,2026-06-09T12:23:47.114367Z,2026-06-09T12:23:47.332911Z,2026-06-09T12:24:05.395889Z,202,completed,3995,17772,fcc05684ba59:1:6ef48c5c,2813556,0000091d9fe5a236123e4900c1a227b45172693301ee16e6a072e26a57815c19,219.0,18281.522,14,
02ff0733-c274-4609-8965-1391eea2b5e7,0e82e95e-6963-45bb-94e6-7e49581664bd,4b6f4aee-54a4-45df-8b95-3d61f3cbf035,100,workload-20260609T121504519314Z,83,,2,2026-06-09T12:23:47.126385Z,2026-06-09T12:23:47.353909Z,2026-06-09T12:24:03.260053Z,202,completed,1103,14887,208573d5cce8:1:54cb7bad,616015,0000084e112553a95a7e57dbe839d1b63ee07d26ded5180aeaf4e0776c321dc4,219.0,16133.668,12,
51806232-93e8-424a-9be3-8b580426c865,d614e88b-16af-46c5-8fab-59cd49156cbe,4b6f4aee-54a4-45df-8b95-3d61f3cbf035,100,workload-20260609T121504519314Z,84,,2,2026-06-09T12:23:47.140632Z,2026-06-09T12:23:47.277185Z,2026-06-09T12:24:05.603856Z,202,completed,3849,18104,cb9fb5da3c43:1:4e4009e7,1008254,000005cb38124d8c98b6203422665a6c90da40d47a63b74c610311902cc052b0,125.0,18463.224,14,
a1fe370c-9cad-4290-b5c8-514c7e7ba076,9cd942ad-2f96-47ea-9d87-6b929cf68a93,4b6f4aee-54a4-45df-8b95-3d61f3cbf035,100,workload-20260609T121504519314Z,85,,2,2026-06-09T12:23:47.141630Z,2026-06-09T12:23:47.368077Z,2026-06-09T12:24:04.542629Z,202,completed,2036,16784,fcc05684ba59:1:f9d10ab2,1261184,0000020b55264209125cef94e65d281e83365c5383996b9fd754946d9d425c25,219.0,17400.999,13,
e8ee41f5-860d-4bf3-828d-2ddfc9649fa2,270314bf-ccf3-44c5-8d61-a78b8ddd199d,4b6f4aee-54a4-45df-8b95-3d61f3cbf035,100,workload-20260609T121504519314Z,86,,2,2026-06-09T12:23:47.153631Z,2026-06-09T12:23:47.281185Z,2026-06-09T12:24:03.423860Z,202,completed,658,15742,6084be8b8ecc:1:b2d7c44e,231216,000007711126d03d73e2c4d3988ee74a5812ef1259bf26478ee37ac7da9ed0b6,125.0,16270.229,12,
52a42584-5afc-456e-9938-aaa614eb03a7,49297fbb-81b8-42de-a0ca-c17577347e05,4b6f4aee-54a4-45df-8b95-3d61f3cbf035,100,workload-20260609T121504519314Z,87,,2,2026-06-09T12:23:47.173752Z,2026-06-09T12:23:47.299568Z,2026-06-09T12:24:05.409673Z,202,completed,1471,16974,208573d5cce8:1:94781e4b,1127498,000006571666bfdbb82e7d0d9ab9c37ec16097af07f1e1c52f8c9944fb66f474,125.0,18235.921,15,
995d3994-04e8-404a-903c-068dc9f74ad9,6e1936fa-82d9-4286-8337-bc8bf668f891,4b6f4aee-54a4-45df-8b95-3d61f3cbf035,100,workload-20260609T121504519314Z,88,,2,2026-06-09T12:23:47.174752Z,2026-06-09T12:23:47.297569Z,2026-06-09T12:24:02.707690Z,202,completed,57,15343,208573d5cce8:1:a2923cf6,63153,00000f2fba78d0dec3327d2138a5657143dedb9305555edcc129bb0e13807b66,125.0,15532.938,11,
c596274b-1973-4570-a0e2-741d18b5397a,1fc4bb5d-ce2f-4dc3-8167-857b4b0a5514,4b6f4aee-54a4-45df-8b95-3d61f3cbf035,100,workload-20260609T121504519314Z,89,,2,2026-06-09T12:23:47.199851Z,2026-06-09T12:23:47.400370Z,2026-06-09T12:24:04.335716Z,202,completed,775,16570,208573d5cce8:1:5e72b200,485511,000000e5bd608e950a58034a1cbb953da00e1daa387bdba42fb416f509e0dfc5,187.0,17135.865,13,
ce70e58a-c561-4c47-a418-27a1758c0013,494210d2-6740-4e74-b16b-9835a9f119be,4b6f4aee-54a4-45df-8b95-3d61f3cbf035,100,workload-20260609T121504519314Z,90,,2,2026-06-09T12:23:47.200852Z,2026-06-09T12:23:47.378077Z,2026-06-09T12:24:05.396890Z,202,completed,2072,17911,6084be8b8ecc:1:c0cb4f7d,730147,000001d2670bbbaf34c93acfea02c70cb641e5ba314619d5a9d433c2c52148af,171.0,18196.038,14,
2d6bcdcd-fc92-4237-926f-e905e1eb7df2,eec3b091-74e6-4124-8627-71ad0d9de6ba,4b6f4aee-54a4-45df-8b95-3d61f3cbf035,100,workload-20260609T121504519314Z,91,,2,2026-06-09T12:23:47.201850Z,2026-06-09T12:23:47.355906Z,2026-06-09T12:24:06.101980Z,202,completed,706,17736,208573d5cce8:1:97615994,570883,00000798cf13c9fe27188f8b10a9ad6f923a373552d206e5653b644c28f9267a,156.0,18900.13,13,
5d037a38-9ca0-4d9e-bdde-ec10d71f2867,999c1f52-f91f-4a36-805c-a0bd38ba55ee,4b6f4aee-54a4-45df-8b95-3d61f3cbf035,100,workload-20260609T121504519314Z,92,,2,2026-06-09T12:23:47.215609Z,2026-06-09T12:23:47.362750Z,2026-06-09T12:24:06.009611Z,202,completed,2389,18507,0b769b3035e6:1:7dbe50e9,1690306,000008e5a9b436142348bd200ff3c14b97ba740e08cbd1aa5bd1062a9f91abd1,141.0,18794.002,14,
ace1ec3a-fba2-4da9-88f7-fc38e3ff95e3,979471b1-577b-457b-8732-0d9f09a89a70,4b6f4aee-54a4-45df-8b95-3d61f3cbf035,100,workload-20260609T121504519314Z,93,,2,2026-06-09T12:23:47.216609Z,2026-06-09T12:23:47.365921Z,2026-06-09T12:24:05.730046Z,202,completed,1679,18067,0b769b3035e6:1:7f521edf,1002673,00000a25e8606ee0fc0175ae0b1b70f7f2d3859bc0afc98e3a812baa9e8af846,141.0,18513.437,14,
92982c37-b86b-4f67-86be-165ca76ea2ea,8eff34d2-b0ca-412e-8616-feb32745a2db,4b6f4aee-54a4-45df-8b95-3d61f3cbf035,100,workload-20260609T121504519314Z,94,,2,2026-06-09T12:23:47.236074Z,2026-06-09T12:23:47.371078Z,2026-06-09T12:24:11.204036Z,202,completed,5768,22917,fcc05684ba59:1:fecbb5be,4948324,00000360772110712730593aae30c196c75d00d26bbdb16ceb81a32b24492b94,140.0,23967.962,18,
aa955e57-b73a-4a33-abe4-1d98c71d4856,d0c63e23-e0c7-48c5-99aa-6462d577d0d1,4b6f4aee-54a4-45df-8b95-3d61f3cbf035,100,workload-20260609T121504519314Z,95,,2,2026-06-09T12:23:47.253367Z,2026-06-09T12:23:47.392370Z,2026-06-09T12:24:06.793022Z,202,completed,1195,18505,0616728b7286:1:c719fe07,383136,00000ad412c2ac673801a1b98476e8c61e136e41e1bccffac1a23f31373f6d5f,141.0,19539.655,15,
a18a3238-b271-4222-a0f7-7d0c7f499849,317688f9-4e0b-4969-8423-6cb62e0f8174,4b6f4aee-54a4-45df-8b95-3d61f3cbf035,100,workload-20260609T121504519314Z,96,,2,2026-06-09T12:23:47.254365Z,2026-06-09T12:23:47.375076Z,2026-06-09T12:24:05.669570Z,202,completed,182,17317,208573d5cce8:1:c9774f7e,112577,000002b869bb6f2cf453af18bfad08065732f8c53eb7475905180d553240d4cc,125.0,18415.205,14,
382519ca-674b-450a-8bc1-121694f8cfc8,96080261-136c-4147-8803-ca3c185b5394,4b6f4aee-54a4-45df-8b95-3d61f3cbf035,100,workload-20260609T121504519314Z,97,,2,2026-06-09T12:23:47.277185Z,2026-06-09T12:23:47.411663Z,2026-06-09T12:24:05.284688Z,202,completed,158,17765,208573d5cce8:1:033765c2,166873,00000cd8a8b52b1fe589195f20ff603a087ab38da64b82deb44bbb83b81aedd5,141.0,18007.503,13,
82199150-a8f4-41cf-91ce-c6a7517e5d46,efc767e2-3e85-4948-9d8e-a95e46a59592,4b6f4aee-54a4-45df-8b95-3d61f3cbf035,100,workload-20260609T121504519314Z,98,,2,2026-06-09T12:23:47.282184Z,2026-06-09T12:23:47.440635Z,2026-06-09T12:24:07.230044Z,202,completed,1325,19270,208573d5cce8:1:2d27bc55,815233,00000c281b7f4ab23eb61f602c79687b6ac115a9abbcc0f0a637345d21b9b323,156.0,19947.86,16,
35dff8b0-8158-446c-b081-0be397f21f70,a0aac83c-7abe-4fee-9493-eab613336988,4b6f4aee-54a4-45df-8b95-3d61f3cbf035,100,workload-20260609T121504519314Z,99,,2,2026-06-09T12:23:47.283184Z,2026-06-09T12:23:47.414665Z,2026-06-09T12:24:06.107980Z,202,completed,464,18264,fcc05684ba59:1:898ead53,289119,00000b7dd9cdba8da0186be70e5d864ccf22f9bb311e35ea64f820e6753930de,125.0,18824.796,15,
93de4e2e-195d-4cb6-8dc5-ecb6e86ae4e0,5975eeff-cd6d-4fbc-8f43-3243cc300cb7,4b6f4aee-54a4-45df-8b95-3d61f3cbf035,100,workload-20260609T121504519314Z,100,,2,2026-06-09T12:23:47.297569Z,2026-06-09T12:23:47.419665Z,2026-06-09T12:24:08.979573Z,202,completed,2830,21003,6084be8b8ecc:1:2eebde88,1218368,00000a2b42b0698b82639c23dd985e3d343e70913767a316506ab45692b9f8b3,125.0,21682.004,16,
4fc006a3-cb19-4ecd-934b-2a3580f3af3d,406e821a-b04a-4ac4-80b5-9681a89dd30d,4b6f4aee-54a4-45df-8b95-3d61f3cbf035,100,workload-20260609T121504519314Z,101,,2,2026-06-09T12:23:47.326907Z,2026-06-09T12:23:47.450655Z,2026-06-09T12:24:27.390354Z,202,completed,596,18832,cb9fb5da3c43:1:66c0da67,159422,000007e6f3ca7f0544d01e8dc9ebdc43cdd1df12889ce531da4048a3d0258cf2,125.0,40063.447,6,poll error: 
2014971b-35e7-4dea-be6b-26de8e018bd1,6932eee4-b148-4a40-a6a3-304d67c8a1d1,4b6f4aee-54a4-45df-8b95-3d61f3cbf035,100,workload-20260609T121504519314Z,102,,2,2026-06-09T12:23:47.327910Z,2026-06-09T12:23:47.457820Z,2026-06-09T12:24:24.398821Z,202,completed,1446,19863,fcc05684ba59:1:2289282c,899288,00000d3d00567f41c7f8b5a7a2f8ce2eef6ae34821e89f70be39f543cfdcb462,125.0,37070.911,3,poll error: 
9d848b49-fad1-4ec2-b8fe-60a6cfaab79e,6210b6ee-77e9-4bb5-b059-557e0af508e9,4b6f4aee-54a4-45df-8b95-3d61f3cbf035,100,workload-20260609T121504519314Z,103,,2,2026-06-09T12:23:47.329910Z,2026-06-09T12:23:47.495217Z,2026-06-09T12:24:07.904502Z,202,completed,1737,19777,6084be8b8ecc:1:d735d857,584499,00000e6a6c742e952ed30680ac819325d53ebdec11064c8a66dadf243da75972,156.0,20574.592,16,
d58e6c78-c4a2-4bb7-b370-de5a1c4a537a,f358095e-adfb-4aa9-a233-5d912bf7282a,4b6f4aee-54a4-45df-8b95-3d61f3cbf035,100,workload-20260609T121504519314Z,104,,2,2026-06-09T12:23:47.332911Z,2026-06-09T12:23:47.470948Z,2026-06-09T12:24:07.337879Z,202,completed,1376,19654,208573d5cce8:1:e4a66005,884150,00000cbb060e474861514a74bdc178dce45519b8f87d9cc6572649de02bdc13e,140.0,20004.968,17,
3b7cf28d-5a3d-4738-a01f-b92716a14153,5d9ae7d9-4450-400b-9e4c-76ff0c1a916f,4b6f4aee-54a4-45df-8b95-3d61f3cbf035,100,workload-20260609T121504519314Z,105,,2,2026-06-09T12:23:47.353909Z,2026-06-09T12:23:47.487078Z,2026-06-09T12:24:06.889044Z,202,completed,307,18432,0b769b3035e6:1:98e9e337,328516,000003138189f1a6e3971d98aacc0018bfd595aa577bbbf03e792cd1b09c6d0a,141.0,19535.135,15,
1369414a-a054-4167-a339-b9b2b39e6ec7,5ddcc115-9d5c-44fb-ad36-eeca5da8fc55,4b6f4aee-54a4-45df-8b95-3d61f3cbf035,100,workload-20260609T121504519314Z,106,,2,2026-06-09T12:23:47.355906Z,2026-06-09T12:23:47.493078Z,2026-06-09T12:24:12.576052Z,202,completed,5731,24686,0616728b7286:1:50157344,1898219,00000da1f494f1058593fa58246d4d1f3c668b4a387a57f55a19231ec40c635a,125.0,25220.146,19,
9d0c9fb6-28ce-4d0d-b431-2b5b81b15435,2bb510d2-ed4f-4683-8635-4a1ae8af9d7a,4b6f4aee-54a4-45df-8b95-3d61f3cbf035,100,workload-20260609T121504519314Z,107,,2,2026-06-09T12:23:47.356907Z,2026-06-09T12:23:47.492079Z,2026-06-09T12:24:26.019213Z,202,completed,102,18939,0b769b3035e6:1:33243822,111479,00000227e90ffd907ed2c87778f5a18051998fdf0f71a9ab104f7ea5ca79e4c6,125.0,38662.306,5,poll error: 
62588124-a6f1-48e3-aa02-d1e4c4482748,97eb16de-e931-436a-8bec-234d1da56351,4b6f4aee-54a4-45df-8b95-3d61f3cbf035,100,workload-20260609T121504519314Z,108,,2,2026-06-09T12:23:47.375076Z,2026-06-09T12:23:47.510056Z,2026-06-09T12:24:06.524603Z,202,completed,55,18990,0b769b3035e6:1:264e645c,63670,0000008af20a056e910ea383458dd0cff2638ca0f5b0f72170744e747eb099f1,125.0,19149.527,15,
00ca39ef-462a-4039-b369-155bc2942c23,a3f04890-f9aa-4ece-b5c2-b60f16f7d148,4b6f4aee-54a4-45df-8b95-3d61f3cbf035,100,workload-20260609T121504519314Z,109,,2,2026-06-09T12:23:47.392370Z,2026-06-09T12:23:47.526053Z,2026-06-09T12:24:07.121389Z,202,completed,14,19464,0b769b3035e6:1:1734703c,14817,00000c403477c79784d87d5104d8a3567b66d51a8a3c531282fac3faf98ac3fb,125.0,19729.019,16,
bb46626e-5094-4d0e-a6d2-d039b599d88f,29aa87c3-5862-4fe1-a744-a2240e6d09fd,4b6f4aee-54a4-45df-8b95-3d61f3cbf035,100,workload-20260609T121504519314Z,110,,2,2026-06-09T12:23:47.393370Z,2026-06-09T12:23:47.516055Z,2026-06-09T12:24:34.521015Z,202,completed,3975,22958,cb9fb5da3c43:1:ac83a26d,1331422,00000ec3d147b36a1ee2e0e0a1db7a817c76d2c538f6a6ab789090e79e28c540,125.0,47127.645,12,poll error: 
8e06b8a0-b6bb-4c3b-adc5-4b6e87bd6981,6ef5ee60-9620-47ab-aaa1-9287cae02ce1,4b6f4aee-54a4-45df-8b95-3d61f3cbf035,100,workload-20260609T121504519314Z,111,,2,2026-06-09T12:23:47.411663Z,2026-06-09T12:23:47.548078Z,2026-06-09T12:24:08.774032Z,202,completed,1212,20494,0b769b3035e6:1:aaf6f5ac,1131907,00000cadcff874e8b8c214cbb624db9d64178c786fe6a7ba83beac11304692f5,140.0,21362.369,17,
6374a5b9-42f9-4296-a95e-4f29666537ba,ccfe9658-c2fb-49a6-a5f1-596a2dedea07,4b6f4aee-54a4-45df-8b95-3d61f3cbf035,100,workload-20260609T121504519314Z,112,,2,2026-06-09T12:23:47.419665Z,2026-06-09T12:23:47.585414Z,2026-06-09T12:24:07.576470Z,202,completed,514,19994,208573d5cce8:1:2906be7b,535191,00000839a1f687e5e529a68c68e305db7e9394fc22b080b3e470cd3457f60e17,157.0,20156.805,16,
18de3c5b-80f6-418f-a252-712264045a33,77040976-98bd-4d79-a827-3f3a9ec240e1,4b6f4aee-54a4-45df-8b95-3d61f3cbf035,100,workload-20260609T121504519314Z,113,,2,2026-06-09T12:23:47.420664Z,2026-06-09T12:23:47.554561Z,2026-06-09T12:24:08.383044Z,202,completed,271,20083,0b769b3035e6:1:61c30c0e,165361,0000021aaf19b972cf2ba08585689a1fb559036308b91db6f616539d010f42fa,125.0,20962.38,16,
8b38d49e-8ced-48c4-99c4-48a319c265e1,0af0b8db-068c-4898-8516-35f78271113e,4b6f4aee-54a4-45df-8b95-3d61f3cbf035,100,workload-20260609T121504519314Z,114,,2,2026-06-09T12:23:47.440635Z,2026-06-09T12:23:47.572056Z,2026-06-09T12:24:12.140028Z,202,completed,4490,24203,0616728b7286:1:2fc32bc4,1407514,000009e17c84a6980871cf59a347afd12376a3be5d2a39f4ddd528f32232ba18,125.0,24699.393,19,
eb4470a2-f8ea-4946-9401-1eefeece749b,828b2519-c658-4d0a-930b-5ee9f06cf72e,4b6f4aee-54a4-45df-8b95-3d61f3cbf035,100,workload-20260609T121504519314Z,115,,2,2026-06-09T12:23:47.441635Z,2026-06-09T12:23:47.589055Z,2026-06-09T12:24:30.582776Z,202,completed,3556,23394,208573d5cce8:1:08b9a385,2271845,000003e6326971201acc299b50228ce65054da758a5d0017af84efd37d06eeec,141.0,43141.141,8,poll error: 
547fd019-354d-426a-960a-54de6f768b07,c0ecfa97-f3bb-46d5-86a8-c71117cff306,4b6f4aee-54a4-45df-8b95-3d61f3cbf035,100,workload-20260609T121504519314Z,116,,2,2026-06-09T12:23:47.450655Z,2026-06-09T12:23:47.584056Z,2026-06-09T12:24:07.737837Z,202,completed,120,20057,6084be8b8ecc:1:e9840c3d,38184,000008ba385482794d1b7315132ddb8ce03c25b099692b0d8469bb325ff965d5,125.0,20287.182,15,
ad77f071-65e5-4625-96b8-7b878e0203c1,853840be-b8d6-40e1-8892-dc3532184a49,4b6f4aee-54a4-45df-8b95-3d61f3cbf035,100,workload-20260609T121504519314Z,117,,2,2026-06-09T12:23:47.470948Z,2026-06-09T12:23:47.608056Z,2026-06-09T12:24:08.930657Z,202,completed,550,20655,fcc05684ba59:1:1725a4a6,334036,00000b4e7fbbc2897fff11ab0eb0782eae5bbf63df512cba3c54f30249a7502b,141.0,21459.709,18,
93e1090e-26f3-4b46-b787-27e24a00f09f,04d9c787-32f4-423c-ac02-775620f39b60,4b6f4aee-54a4-45df-8b95-3d61f3cbf035,100,workload-20260609T121504519314Z,118,,2,2026-06-09T12:23:47.471947Z,2026-06-09T12:23:47.609054Z,2026-06-09T12:24:11.337994Z,202,completed,3181,23433,208573d5cce8:1:2210a486,1925536,000007d18ffe42a1ed4dcd3f97ac326e75260b8c8596fc32eaee86e6a764699c,141.0,23866.047,20,
9d2f643b-7b07-4af8-996b-3c08f3b89b86,65450b54-94b0-493c-ad0f-c6561b6ac90d,4b6f4aee-54a4-45df-8b95-3d61f3cbf035,100,workload-20260609T121504519314Z,119,,2,2026-06-09T12:23:47.487078Z,2026-06-09T12:23:47.616977Z,2026-06-09T12:24:09.633874Z,202,completed,1202,21435,0b769b3035e6:1:f5e23ad2,1278120,00000f38f4670f4197b0d075d691c87e7df3420f22a3331b764f1d3cf05e78c5,125.0,22146.796,17,
47f1789c-0563-4c1c-98aa-211dc708804d,afdc705c-13d6-46c4-adb4-4a712eb3dda0,4b6f4aee-54a4-45df-8b95-3d61f3cbf035,100,workload-20260609T121504519314Z,120,,2,2026-06-09T12:23:47.510056Z,2026-06-09T12:23:47.643737Z,2026-06-09T12:24:39.789080Z,202,completed,1475,21790,6084be8b8ecc:1:ed786a9b,980349,00000a133730d4171bcb8fbe5e04cfb4fb1fbf6ec6376492f94f8b0626310884,141.0,52279.024,16,poll error: 
3e62477d-6ac7-4b6b-b3a2-8871c06c6cb0,b74df3d0-ef2a-45d4-b8d4-3782fc771d0d,4b6f4aee-54a4-45df-8b95-3d61f3cbf035,200,workload-20260609T121504519314Z,1,,2,2026-06-09T12:25:40.138866Z,2026-06-09T12:25:40.300142Z,2026-06-09T12:25:42.988854Z,202,completed,2263,2619,208573d5cce8:1:6004a1c4,1567796,000002b3095235259dbf6ef7a3366d948e5f5b41553512f922f6333a102876bf,156.0,2849.988,2,
680ade16-99bd-4af9-aa7d-453f725d4195,b988188a-b2ee-4b87-b9ac-d4af56163f99,4b6f4aee-54a4-45df-8b95-3d61f3cbf035,200,workload-20260609T121504519314Z,2,,2,2026-06-09T12:25:40.140866Z,2026-06-09T12:25:40.311821Z,2026-06-09T12:25:41.243380Z,202,completed,203,487,cb9fb5da3c43:1:8fac8a80,82309,000001fdce481b55fdb113ab647501d313987a97169b1d4f5a7e2227decaed6c,172.0,1102.514,1,
0989a256-c7d2-469e-b1cb-09a499a15c6a,c8ccdf46-9595-4f54-a95b-507820108ca8,4b6f4aee-54a4-45df-8b95-3d61f3cbf035,200,workload-20260609T121504519314Z,3,,2,2026-06-09T12:25:40.141866Z,2026-06-09T12:25:40.306151Z,2026-06-09T12:25:45.615421Z,202,completed,2511,2870,cb9fb5da3c43:1:60ac183c,739301,000002a51458229b9db3cf0f6f489f5a434a54ee55b581a5018fcf5bb8f97076,156.0,5473.555,3,
fd3709b7-0609-4953-b011-08f3a105e854,395ff2c5-c04e-4045-90b9-a5ac5c3e0a85,4b6f4aee-54a4-45df-8b95-3d61f3cbf035,200,workload-20260609T121504519314Z,4,,2,2026-06-09T12:25:40.143867Z,2026-06-09T12:25:40.315820Z,2026-06-09T12:25:41.262381Z,202,completed,41,498,208573d5cce8:1:957db78f,46244,00000013dfbee5898314449bc8a47a1d305e15172788f6e45fd9e0805141d052,172.0,1118.514,1,
788cfa67-329d-4930-89e0-c2763686841a,390c690a-bb53-4052-a9f2-4b1e000926c8,4b6f4aee-54a4-45df-8b95-3d61f3cbf035,200,workload-20260609T121504519314Z,5,,2,2026-06-09T12:25:40.169890Z,2026-06-09T12:25:40.355890Z,2026-06-09T12:25:44.014419Z,202,completed,1399,2000,0b769b3035e6:1:97313082,882449,000005484c5d8467a6bb8da8e9d00a5a82feaf31f09811122d1471ea9a93cb44,188.0,3844.529,2,
8e764956-73c6-441a-99f6-2e6e48d271f5,1d1ffb9f-1533-4dec-a42a-936fd7d67f63,4b6f4aee-54a4-45df-8b95-3d61f3cbf035,200,workload-20260609T121504519314Z,6,,2,2026-06-09T12:25:40.171894Z,2026-06-09T12:25:40.336470Z,2026-06-09T12:25:44.433419Z,202,completed,1460,1929,0b769b3035e6:1:3d591006,951073,00000e3d930f8354ce61a0c352bc12386448871028e23680cae71f6bc6238149,157.0,4261.525,2,
bc6d3af9-64f5-443c-b6d3-645a84d58080,186b8fb0-96ce-46a5-94fb-5154aebc6d8a,4b6f4aee-54a4-45df-8b95-3d61f3cbf035,200,workload-20260609T121504519314Z,7,,2,2026-06-09T12:25:40.172894Z,2026-06-09T12:25:40.337470Z,2026-06-09T12:25:45.542423Z,202,completed,4023,4749,208573d5cce8:1:9771a246,2580440,0000029262c76d84fbfebfe89313df8931dca33c5217e5cca7e41d3a81ac9fe6,157.0,5369.529,3,
eccafa84-7c4f-4442-a67e-03f1ba6c8679,8d1df450-fec6-4035-8559-9886a3cffaf9,4b6f4aee-54a4-45df-8b95-3d61f3cbf035,200,workload-20260609T121504519314Z,8,,2,2026-06-09T12:25:40.174893Z,2026-06-09T12:25:40.353891Z,2026-06-09T12:25:46.195418Z,202,completed,5499,5696,0616728b7286:1:50a623e7,1803852,0000045a556ad554922b24ac91b2982e570c3ddcf1e6416777e706b3c9d26ee9,172.0,6020.525,3,
f60fad1e-ed26-4305-a432-49b12cc82273,32afd809-6acd-43fe-b987-7a5857b6ad5d,4b6f4aee-54a4-45df-8b95-3d61f3cbf035,200,workload-20260609T121504519314Z,9,,2,2026-06-09T12:25:40.175892Z,2026-06-09T12:25:40.339695Z,2026-06-09T12:25:43.639865Z,202,completed,2143,2540,0616728b7286:1:f15a9f8a,655462,000007dccae40aa9ccd0cf57114f64811ce5c76213f9f880cca3dfa8361979b1,157.0,3463.973,1,
ea3eb9c3-e4b7-4e7a-8735-aab93c9766be,93a336fe-5f7d-44f1-916c-23f55e6b07ee,4b6f4aee-54a4-45df-8b95-3d61f3cbf035,200,workload-20260609T121504519314Z,10,,2,2026-06-09T12:25:40.177894Z,2026-06-09T12:25:40.359404Z,2026-06-09T12:25:43.170856Z,202,completed,706,1358,6084be8b8ecc:1:2786820c,279750,00000763148d383e85a2eb565dfe92304ef7c95416bade4dee7da8523764ff02,188.0,2992.962,2,
f6984cb0-f6fa-4311-a8be-0e2a78e90810,15efb5a7-12af-4438-bfb9-a98525d020bb,4b6f4aee-54a4-45df-8b95-3d61f3cbf035,200,workload-20260609T121504519314Z,11,,2,2026-06-09T12:25:40.206217Z,2026-06-09T12:25:40.375187Z,2026-06-09T12:25:44.886423Z,202,completed,2,2469,0b769b3035e6:1:95096151,3093,00000ecc0f6b235d116262f9891d35414de724ae2ee513bfcf08426877f3b396,171.0,4680.206,2,
81ff1432-489e-4e60-b97b-81001776e958,a3f921dc-c7c8-42e1-aed5-2cbe7567154b,4b6f4aee-54a4-45df-8b95-3d61f3cbf035,200,workload-20260609T121504519314Z,12,,2,2026-06-09T12:25:40.208218Z,2026-06-09T12:25:40.387187Z,2026-06-09T12:25:45.917610Z,202,completed,4856,5488,fcc05684ba59:1:f7b8f8d9,3382126,00000bb6b533539727162c0e2c7cfc9f1c3f2501c689a0d98bc50e62de27c07a,187.0,5709.392,3,
71d1c376-bf7b-4377-b399-2bc021e53c9e,8ba14825-ef13-47b1-9591-c3a117f34da8,4b6f4aee-54a4-45df-8b95-3d61f3cbf035,200,workload-20260609T121504519314Z,13,,2,2026-06-09T12:25:40.209216Z,2026-06-09T12:25:40.370183Z,2026-06-09T12:25:50.368862Z,202,completed,8912,9676,cb9fb5da3c43:1:0b07e842,2534767,000007faa4d0e8aab1bacb38bfa05ace963c5e5403099cd16b1fe815a9f983fb,156.0,10159.646,7,
6fc1aada-5f1a-4289-9510-fc43f3d59305,c9544b3c-7644-4b46-95ed-ec760b2d7a24,4b6f4aee-54a4-45df-8b95-3d61f3cbf035,200,workload-20260609T121504519314Z,14,,2,2026-06-09T12:25:40.211217Z,2026-06-09T12:25:40.382187Z,2026-06-09T12:25:44.272423Z,202,completed,2075,2732,6084be8b8ecc:1:2b8ea20e,842279,00000d7abea828e500920c6c65d0093f4bc649d1a5eb21eeaa33a1ff57c0edcc,171.0,4061.206,2,
524f4578-5e02-4717-8d3a-6bdad60f396c,05836cc9-009c-4918-8153-83d14c490076,4b6f4aee-54a4-45df-8b95-3d61f3cbf035,200,workload-20260609T121504519314Z,15,,2,2026-06-09T12:25:40.213217Z,2026-06-09T12:25:40.383187Z,2026-06-09T12:25:46.537859Z,202,completed,3083,5532,fcc05684ba59:1:74b6ea2d,1857334,00000689cd59d1f21acfd64f95d41389c571131badb2973bf55c9951117b27c4,171.0,6324.642,4,
262f3b2b-3581-42ea-be90-dfb7c8db6ba2,a47579b3-7c4a-45aa-9125-f571c35cf1ef,4b6f4aee-54a4-45df-8b95-3d61f3cbf035,200,workload-20260609T121504519314Z,16,,2,2026-06-09T12:25:40.217219Z,2026-06-09T12:25:40.382187Z,2026-06-09T12:25:42.204853Z,202,completed,357,1153,fcc05684ba59:1:0cb3a0d1,224997,00000e2a87ea078dccb6aad04b70deef930040fb2b84be9dea20e420a159bdf6,156.0,1987.634,1,
d6689e2b-ffb2-49f7-8a5e-b62139a9c091,2683788a-72ba-40bb-affb-0f80f3374cf7,4b6f4aee-54a4-45df-8b95-3d61f3cbf035,200,workload-20260609T121504519314Z,17,,2,2026-06-09T12:25:40.219217Z,2026-06-09T12:25:40.378187Z,2026-06-09T12:25:43.908419Z,202,completed,619,2049,fcc05684ba59:1:a50ad65e,381237,0000018ec53c0f9d8065110b1c22d94910c5fd22aa23cc2d02e5cc73b7342480,156.0,3689.202,2,
c7d9e5c9-a670-4898-be18-56e58d1e43ed,1403e53c-0ecc-4843-9435-54a5dd4e098a,4b6f4aee-54a4-45df-8b95-3d61f3cbf035,200,workload-20260609T121504519314Z,18,,2,2026-06-09T12:25:40.221217Z,2026-06-09T12:25:40.388187Z,2026-06-09T12:25:44.544423Z,202,completed,1943,3629,6084be8b8ecc:1:fabb2afe,773876,00000d3ca188edcf64e1106f520ba05104813a7e3a94f4ebe5aab13e6e46af45,172.0,4323.206,3,
3362deba-d509-4aaf-96f5-85bfc0337ae9,be1736a4-7d24-4916-b5c0-e386284092e2,4b6f4aee-54a4-45df-8b95-3d61f3cbf035,200,workload-20260609T121504519314Z,19,,2,2026-06-09T12:25:40.223217Z,2026-06-09T12:25:40.384187Z,2026-06-09T12:25:44.570423Z,202,completed,1158,3765,0b769b3035e6:1:b3db3610,996645,000008c03620bf51f5d49b30a0d6b300cad757a18a174af21221627db759af66,156.0,4347.206,2,
149787ea-57b8-4dff-87bc-c9f16fc58b9e,5382e702-d1b0-4e45-a646-1be77fa4bf2b,4b6f4aee-54a4-45df-8b95-3d61f3cbf035,200,workload-20260609T121504519314Z,20,,2,2026-06-09T12:25:40.242608Z,2026-06-09T12:25:40.406490Z,2026-06-09T12:25:45.742421Z,202,completed,1831,4762,6084be8b8ecc:1:415a8ecc,786294,0000013b793b633ea743bb671d44ca6cccd4eb3ec469687460eed6cbf2f3bd00,172.0,5499.813,4,
6001bdc8-480f-4c08-94d4-3f84fa3d605b,a0be2cb7-2e22-4311-86dc-1dcf081e1d52,4b6f4aee-54a4-45df-8b95-3d61f3cbf035,200,workload-20260609T121504519314Z,21,,2,2026-06-09T12:25:40.244608Z,2026-06-09T12:25:40.412490Z,2026-06-09T12:25:46.247691Z,202,completed,2987,5685,0616728b7286:1:9bf6e2fc,877720,0000082cf39fa41e1f3872232ee2bcb057eeb15c1a5719a968bde437069f302b,172.0,6003.083,4,
92345a45-f996-4e48-aa9b-813d7b86d533,e257b3f1-91b5-43fa-a541-b6c62519111a,4b6f4aee-54a4-45df-8b95-3d61f3cbf035,200,workload-20260609T121504519314Z,22,,2,2026-06-09T12:25:40.246609Z,2026-06-09T12:25:40.411490Z,2026-06-09T12:25:45.491420Z,202,completed,1800,4766,208573d5cce8:1:67897062,1097520,0000042c5b3692e9e68fc649532a601d7ec1490181d78e4a846448d504f434fe,157.0,5244.811,2,
fb1828b5-b14a-48d1-95c6-348dc04c517d,3734b1c6-9f56-448f-ac3e-96f89011006d,4b6f4aee-54a4-45df-8b95-3d61f3cbf035,200,workload-20260609T121504519314Z,23,,2,2026-06-09T12:25:40.248609Z,2026-06-09T12:25:40.424788Z,2026-06-09T12:25:43.890419Z,202,completed,601,3352,0b769b3035e6:1:62666d93,364892,00000e4f0ff84b9563c758dabb076827d16c4c6fde07759f8d346147a13a8846,172.0,3641.81,2,
39cd2137-79ac-4939-8ef0-6b974b737933,b9f0c673-e7e9-4731-b1fd-8c66b608fae2,4b6f4aee-54a4-45df-8b95-3d61f3cbf035,200,workload-20260609T121504519314Z,24,,2,2026-06-09T12:25:40.251609Z,2026-06-09T12:25:40.414490Z,2026-06-09T12:25:45.032423Z,202,completed,471,3439,cb9fb5da3c43:1:c117570e,124173,00000cf476a5f5cbae4d16104917619ed73958675c0b2908dd4a3d8ce50545ed,157.0,4780.814,3,
76899442-f9cf-4acd-98bd-997f1bb8912f,45d54859-c76e-462a-a481-03c5b713465b,4b6f4aee-54a4-45df-8b95-3d61f3cbf035,200,workload-20260609T121504519314Z,25,,2,2026-06-09T12:25:40.253609Z,2026-06-09T12:25:40.416491Z,2026-06-09T12:25:45.964609Z,202,completed,356,4165,0b769b3035e6:1:46b03227,400459,00000133bc7441608d6689a71425c46e131588bf6de319552076fd8fd9eaa537,157.0,5711.0,3,
60cc0be1-dbfc-4dc2-a291-a0a6e01675de,a6397998-4c1f-4bc9-b37d-b5f6d9037738,4b6f4aee-54a4-45df-8b95-3d61f3cbf035,200,workload-20260609T121504519314Z,26,,2,2026-06-09T12:25:40.278143Z,2026-06-09T12:25:40.445088Z,2026-06-09T12:25:45.773182Z,202,completed,42,4728,0b769b3035e6:1:7fb491aa,47889,0000060c082f3c28c2aecd5a024648c037a70ad6bcdc1925d9721152ae7dd82c,156.0,5495.039,2,
e8fbef15-05c0-4bf0-9fca-243685611a05,f69ce3fc-d579-49ad-9856-3ca8a3a4d121,4b6f4aee-54a4-45df-8b95-3d61f3cbf035,200,workload-20260609T121504519314Z,27,,2,2026-06-09T12:25:40.279143Z,2026-06-09T12:25:40.473226Z,2026-06-09T12:25:47.749828Z,202,completed,1020,6869,208573d5cce8:1:7a0cc8ed,923211,0000042c262c949e5103b8f451d7b94a15c6fd5741c279ad509387cb02e76d75,187.0,7470.685,4,
a820e552-df02-4b03-8161-1843b4c96c0f,cf9ef708-c033-4dce-ad53-c3bce5ea6d8e,4b6f4aee-54a4-45df-8b95-3d61f3cbf035,200,workload-20260609T121504519314Z,28,,2,2026-06-09T12:25:40.280143Z,2026-06-09T12:25:40.455092Z,2026-06-09T12:25:52.127684Z,202,completed,7040,10788,cb9fb5da3c43:1:9f27551e,1996746,0000091d9c1ada8c513c5200f7974bd20727f364601e31f1b4c985b3485fad8d,172.0,11847.541,7,
2ae1c262-ed0c-4684-bc6c-de4317546a14,a97cfd61-0bfd-4ad3-b284-5e9868033e48,4b6f4aee-54a4-45df-8b95-3d61f3cbf035,200,workload-20260609T121504519314Z,29,,2,2026-06-09T12:25:40.283146Z,2026-06-09T12:25:40.440791Z,2026-06-09T12:25:44.818419Z,202,completed,148,4215,0b769b3035e6:1:63a63c1a,166195,00000b76b68d84152b5e3b2777dcc6ee24458e8d1baa96730b939fd852fa2ec9,156.0,4535.273,2,
8708feb7-7ee0-4834-9336-65af0669dac7,a0327be6-4707-4e99-ae94-b9347b0b286a,4b6f4aee-54a4-45df-8b95-3d61f3cbf035,200,workload-20260609T121504519314Z,30,,2,2026-06-09T12:25:40.286142Z,2026-06-09T12:25:40.465226Z,2026-06-09T12:25:46.990647Z,202,completed,1232,6283,6084be8b8ecc:1:566c6aca,495090,00000ed3e5b2bcb465f681bbc1b40fed0547e74093729c1bda7f536867b7c2f4,187.0,6704.505,3,
45628e82-7b39-420b-8ce9-a002a6caef6a,0945faef-4ad7-4404-8291-539806234fea,4b6f4aee-54a4-45df-8b95-3d61f3cbf035,200,workload-20260609T121504519314Z,31,,2,2026-06-09T12:25:40.288143Z,2026-06-09T12:25:40.459614Z,2026-06-09T12:25:48.738638Z,202,completed,1933,7330,6084be8b8ecc:1:a0d1d48b,831479,00000c5e28f35593ffc0aa39720aebc8a2e14f81e0b8e06fa6d5b2c6a698f1f9,172.0,8450.495,4,
2be7d5d9-189a-470a-acbd-1c979bf71496,6e222a18-7ef3-4ae7-9860-526d66f79d82,4b6f4aee-54a4-45df-8b95-3d61f3cbf035,200,workload-20260609T121504519314Z,32,,2,2026-06-09T12:25:40.291143Z,2026-06-09T12:25:40.469226Z,2026-06-09T12:25:46.143420Z,202,completed,4,5250,208573d5cce8:1:2be1436b,4986,000007426a0609477559997c9d14c4ace340fa194a8bd454a2f01b9c9193d454,187.0,5852.277,3,
6e4db0ee-3e88-49e1-8370-28f03db80277,3ef7cd0c-5b06-4460-a308-7a61abb258c9,4b6f4aee-54a4-45df-8b95-3d61f3cbf035,200,workload-20260609T121504519314Z,33,,2,2026-06-09T12:25:40.294143Z,2026-06-09T12:25:40.472226Z,2026-06-09T12:25:47.801818Z,202,completed,997,6746,fcc05684ba59:1:2b55ef9d,643194,0000059bb0ab84334dfa6cd5f6921de921ac8ce5630c1bc65565f23b9dc66efc,172.0,7507.675,5,
b59a52e9-f443-4e4e-bc82-831607ceb3e5,eaff822a-f108-40ab-bd0e-23c8e3ce17af,4b6f4aee-54a4-45df-8b95-3d61f3cbf035,200,workload-20260609T121504519314Z,34,,2,2026-06-09T12:25:40.296143Z,2026-06-09T12:25:40.458614Z,2026-06-09T12:25:45.981606Z,202,completed,22,5312,208573d5cce8:1:8f85767f,26017,000001c13471cd3ee218275f0e27cf58886bbce0ae2be2338565f6a351e462b0,157.0,5685.463,2,
7e595413-e1ea-48b0-a0ac-f6b2eb97d5a6,523dd2c6-710d-44ef-b318-ba8f4ca1e636,4b6f4aee-54a4-45df-8b95-3d61f3cbf035,200,workload-20260609T121504519314Z,35,,2,2026-06-09T12:25:40.297144Z,2026-06-09T12:25:40.460615Z,2026-06-09T12:25:47.232678Z,202,completed,225,5809,208573d5cce8:1:55526072,194495,00000501d81ea88e26ecf1c115e90e68d928d46d260e2e81879d419c5602078d,157.0,6935.534,4,
bbe90398-74b5-4a3a-8f9d-888693198902,6b4e7581-c5c2-4aa7-912f-a8b7c5def292,4b6f4aee-54a4-45df-8b95-3d61f3cbf035,200,workload-20260609T121504519314Z,36,,2,2026-06-09T12:25:40.311821Z,2026-06-09T12:25:40.451092Z,2026-06-09T12:25:47.319678Z,202,completed,1879,6731,0b769b3035e6:1:dda69015,1571751,00000a664702300b8e98fd684489434a5906c34c821bcb5b6f67fbdbc244bf39,141.0,7007.857,5,
34ca8143-3410-43fa-83fd-550d7454f322,82f29499-131b-41c0-ad99-2b50aa502f59,4b6f4aee-54a4-45df-8b95-3d61f3cbf035,200,workload-20260609T121504519314Z,37,,2,2026-06-09T12:25:40.312820Z,2026-06-09T12:25:40.436790Z,2026-06-09T12:25:46.092881Z,202,completed,1372,5150,6084be8b8ecc:1:0edf78da,570799,0000098cee6e8cd505838cb141ff5d22bb6d36445822dd368950a04be8c3b8d5,125.0,5780.061,3,
8d01a402-39eb-47f0-aa12-6a9506f5c040,e1f4c2fe-2d5f-46b3-804c-a317eb8c9c7a,4b6f4aee-54a4-45df-8b95-3d61f3cbf035,200,workload-20260609T121504519314Z,38,,2,2026-06-09T12:25:40.313820Z,2026-06-09T12:25:40.442791Z,2026-06-09T12:25:49.491852Z,202,completed,2367,8301,fcc05684ba59:1:2d97827e,1752970,00000f5385556d2733a5d1eec823d743e890a1513adb66a068b05cc25e889c4c,125.0,9178.032,4,
ed3aa347-4a0e-4e92-89c1-59d0688e89bb,17cd3336-57c0-4495-b3e1-6a9545eef817,4b6f4aee-54a4-45df-8b95-3d61f3cbf035,200,workload-20260609T121504519314Z,39,,2,2026-06-09T12:25:40.327470Z,2026-06-09T12:25:40.457621Z,2026-06-09T12:25:46.996646Z,202,completed,790,5892,0b769b3035e6:1:a889a293,440819,00000b745beaa853286c6f2328d9764d563ed2e3d2399f1db38251741d14fd30,125.0,6669.176,4,
c85e48eb-b3ce-4f4b-b2fd-535952f47a52,afa793ec-c635-45e2-a65a-3d58ba684f91,4b6f4aee-54a4-45df-8b95-3d61f3cbf035,200,workload-20260609T121504519314Z,40,,2,2026-06-09T12:25:40.328470Z,2026-06-09T12:25:40.502483Z,2026-06-09T12:25:48.986708Z,202,completed,507,7606,fcc05684ba59:1:e4bfc5c7,309404,000001a551839f5895401ed07d2d4b3a43b8f0011285872799ca79f48d9956bc,171.0,8658.238,6,
5b5db0f4-a0ec-46f7-9f83-97219ecdf4c1,10c26d94-b9df-4783-88ed-ae78f44db062,4b6f4aee-54a4-45df-8b95-3d61f3cbf035,200,workload-20260609T121504519314Z,41,,2,2026-06-09T12:25:40.330470Z,2026-06-09T12:25:40.483421Z,2026-06-09T12:25:48.923697Z,202,completed,258,7717,208573d5cce8:1:aad80030,272517,000008ce590d9f0c5158834c4d7edb25cce9aeaaffb9560b9a022e332decf772,156.0,8593.227,5,
74335b5f-eeda-48b4-964f-8260a34353e7,629d567b-ffa0-4864-a8b5-f9a81cca198f,4b6f4aee-54a4-45df-8b95-3d61f3cbf035,200,workload-20260609T121504519314Z,42,,2,2026-06-09T12:25:40.353891Z,2026-06-09T12:25:40.507486Z,2026-06-09T12:25:52.655007Z,202,completed,5812,11608,0616728b7286:1:80b1a1c0,1921609,000003d8b86ed842c47442d1575856a9ea0dc5122c3e2183a00af33743998375,156.0,12301.116,10,
44a7262a-1da7-4e09-b04e-0b9a45e103c5,41abf841-042b-4702-8ce8-978e8c82793e,4b6f4aee-54a4-45df-8b95-3d61f3cbf035,200,workload-20260609T121504519314Z,43,,2,2026-06-09T12:25:40.355890Z,2026-06-09T12:25:40.522487Z,2026-06-09T12:25:52.514443Z,202,completed,5691,11671,0616728b7286:1:603dbc4e,1843972,00000488164377351514564babf2acb2f4560d48ff5871df76b9f31cc9718197,156.0,12158.553,9,
a8cabb13-2062-40fa-bc6b-0ec05748e87e,be47d821-8625-4ce6-a839-358cce68e8ee,4b6f4aee-54a4-45df-8b95-3d61f3cbf035,200,workload-20260609T121504519314Z,44,,2,2026-06-09T12:25:40.357411Z,2026-06-09T12:25:40.493475Z,2026-06-09T12:25:47.285676Z,202,completed,107,6265,0b769b3035e6:1:75a8c1e0,64724,000002206d9c02f71555674366187352a61e1a2c4458279303aa0bab3055b9fd,125.0,6928.265,4,
da547c4d-7b66-4de8-b34d-a099f03e1aad,8bf612d8-91f5-4c81-85df-9aea1f71f33f,4b6f4aee-54a4-45df-8b95-3d61f3cbf035,200,workload-20260609T121504519314Z,45,,2,2026-06-09T12:25:40.359404Z,2026-06-09T12:25:40.503482Z,2026-06-09T12:25:47.829965Z,202,completed,506,7244,208573d5cce8:1:624b41d8,515512,00000ba6c41c82ef3748c4f6d6769c61fd36e7c2c62e55511deda6f1c93daa99,140.0,7470.561,4,
b13ca19a-9fd7-4f25-8501-fb578adfbab7,a2ffe63e-343f-4e26-bce0-563b1adec69d,4b6f4aee-54a4-45df-8b95-3d61f3cbf035,200,workload-20260609T121504519314Z,46,,2,2026-06-09T12:25:40.361403Z,2026-06-09T12:25:40.509482Z,2026-06-09T12:25:47.219678Z,202,completed,342,6444,208573d5cce8:1:9547f860,212890,000009c91d7e9d8d4c808cbf0709aea20dd1badbd35ccdf1a0398e2372d8ea2e,140.0,6858.275,4,
bf14b18d-b545-4861-97a7-02cde09b150e,b51509f3-ccbc-407b-a564-14ee5b349143,4b6f4aee-54a4-45df-8b95-3d61f3cbf035,200,workload-20260609T121504519314Z,47,,2,2026-06-09T12:25:40.362404Z,2026-06-09T12:25:40.499483Z,2026-06-09T12:25:47.915683Z,202,completed,238,6641,6084be8b8ecc:1:e76641f0,81209,000005eea2ea7ee57e60cc0123e5ee015e050154afb7e8802565ee1f2a1c36b1,140.0,7553.279,4,
d77e8691-c607-446b-84c9-59c603765ed9,e8c8f886-4869-4cfb-8e52-a23bf61273bd,4b6f4aee-54a4-45df-8b95-3d61f3cbf035,200,workload-20260609T121504519314Z,48,,2,2026-06-09T12:25:40.375187Z,2026-06-09T12:25:40.497486Z,2026-06-09T12:25:49.015706Z,202,completed,1154,7595,0b769b3035e6:1:63afa7eb,911132,000008f6436f54995812a84bdcad45f58e35b8d3ca9487adcbb3ec1e9644346e,125.0,8640.519,5,
6d1cc48b-752c-4635-a238-920db82598a9,7e7a1913-72a6-49d0-b039-f196397e5f05,4b6f4aee-54a4-45df-8b95-3d61f3cbf035,200,workload-20260609T121504519314Z,49,,2,2026-06-09T12:25:40.376187Z,2026-06-09T12:25:40.509482Z,2026-06-09T12:25:50.048089Z,202,completed,2059,8935,6084be8b8ecc:1:ec32565e,836519,00000a3746e663c9339febaff301f2b9203637d4d8dd2e27a9be7ba82acfb946,125.0,9671.902,7,
b70ef92f-a208-41a9-81d8-36535a759739,f21a8d85-d04e-4212-87bb-903595c0ea6c,4b6f4aee-54a4-45df-8b95-3d61f3cbf035,200,workload-20260609T121504519314Z,50,,2,2026-06-09T12:25:40.378187Z,2026-06-09T12:25:40.508485Z,2026-06-09T12:25:50.756872Z,202,completed,2703,9748,0b769b3035e6:1:8a813091,1730851,00000a0a993c84122eda0d85ada884964f62ea2651ec2f8c8df17be368aacff8,125.0,10378.685,6,
742df637-05fb-4d21-8170-8ad90b5ccafc,ebf29cc5-45fa-46d8-b7bd-f8e34eb6cc13,4b6f4aee-54a4-45df-8b95-3d61f3cbf035,200,workload-20260609T121504519314Z,51,,2,2026-06-09T12:25:40.388187Z,2026-06-09T12:25:40.513488Z,2026-06-09T12:25:49.085080Z,202,completed,400,7653,208573d5cce8:1:1a18f597,393838,000002d2e7ea63f7c6de1123127d39ae34a9ade62596217c91499af1db3654be,125.0,8696.893,6,
102e9bfb-d3c2-4fa1-b264-d79a74af46da,4ca4de4f-ef90-497e-9136-e3f3fead0289,4b6f4aee-54a4-45df-8b95-3d61f3cbf035,200,workload-20260609T121504519314Z,52,,2,2026-06-09T12:25:40.389184Z,2026-06-09T12:25:40.512487Z,2026-06-09T12:25:50.501678Z,202,completed,744,9494,fcc05684ba59:1:6995bf3d,614226,0000053af6071aefb4cab782936002e8d4d7f1d0390e99b6c28930d1ecc9b778,125.0,10112.494,6,
b7422c40-a92e-4a50-9c8d-988db61b70b5,c96af864-ede6-4cfa-9f6c-ad33f445937e,4b6f4aee-54a4-45df-8b95-3d61f3cbf035,200,workload-20260609T121504519314Z,53,,2,2026-06-09T12:25:40.391187Z,2026-06-09T12:25:40.517485Z,2026-06-09T12:25:52.133684Z,202,completed,3336,10837,6084be8b8ecc:1:dbbfb293,1274791,0000066b3486a22d144092218fdbf7c04beb6f84208c8d086cf0998f12c807b0,125.0,11742.497,9,
d9b4b229-93e3-4c8a-9262-a515d5894f34,93e08047-9c38-4bf2-9a83-e0d49a1d4513,4b6f4aee-54a4-45df-8b95-3d61f3cbf035,200,workload-20260609T121504519314Z,54,,2,2026-06-09T12:25:40.392187Z,2026-06-09T12:25:40.552696Z,2026-06-09T12:25:49.761679Z,202,completed,1273,9225,208573d5cce8:1:3a57dfbd,848923,0000013067aa9cfc4273c53fdbab6d1cdac693b3a9b138c13e9164a371e06ec0,156.0,9369.492,7,
bf899755-ffb8-4019-a277-302a5211d4df,990bc1fc-8afe-4613-a3f2-664bccb675c0,4b6f4aee-54a4-45df-8b95-3d61f3cbf035,200,workload-20260609T121504519314Z,55,,2,2026-06-09T12:25:40.406490Z,2026-06-09T12:25:40.528903Z,2026-06-09T12:25:50.730929Z,202,completed,2189,10132,0b769b3035e6:1:a11ed43a,1511966,00000eee318d65515301926daa8ac8ef56d9bc81a495927c3313da4cc90a28aa,125.0,10324.439,7,
b96cb86a-a701-402b-9b13-7cb6f131a02e,392b8104-9ebb-4b38-8ed6-21af5a5061ab,4b6f4aee-54a4-45df-8b95-3d61f3cbf035,200,workload-20260609T121504519314Z,56,,2,2026-06-09T12:25:40.407491Z,2026-06-09T12:25:40.535902Z,2026-06-09T12:25:49.303041Z,202,completed,427,8303,fcc05684ba59:1:0a153e83,314568,00000ef8f3288c32a72ef1df8eaa1049eb0233e32f4767941455addb2528084e,125.0,8895.55,6,
fcf12295-7e75-44b8-99b9-3bcf9973d6d4,69d9cbeb-09f5-4c01-83f4-427a4ad957b5,4b6f4aee-54a4-45df-8b95-3d61f3cbf035,200,workload-20260609T121504519314Z,57,,2,2026-06-09T12:25:40.409490Z,2026-06-09T12:25:40.533902Z,2026-06-09T12:25:51.743010Z,202,completed,2247,10377,208573d5cce8:1:f36df50f,1465036,000006f096d26b00328679a4554ae7addc30eeb53b7209a09c8b8b4d07578fe5,125.0,11333.52,9,
f948f60b-cd10-4005-8b11-05708639ac0d,6538fcbc-90ea-41eb-9aec-1b32a888a948,4b6f4aee-54a4-45df-8b95-3d61f3cbf035,200,workload-20260609T121504519314Z,58,,2,2026-06-09T12:25:40.424788Z,2026-06-09T12:25:40.546697Z,2026-06-09T12:25:52.794139Z,202,completed,2335,12057,fcc05684ba59:1:dbb9d2c5,1532928,00000b560f4b1f4158f895b2936d14387df11986d03053c40c97b79e2e266101,125.0,12369.351,9,
e716ffbb-4031-4b27-9e09-fe0fe3cb0776,bc2cafda-47af-4da8-a86d-d5e2f47027cd,4b6f4aee-54a4-45df-8b95-3d61f3cbf035,200,workload-20260609T121504519314Z,59,,2,2026-06-09T12:25:40.425786Z,2026-06-09T12:25:40.562445Z,2026-06-09T12:25:54.042160Z,202,completed,4014,13345,6084be8b8ecc:1:266ba956,1577919,0000061d6fa24af831cfd8fd38f675554d895adacfd808c4b5d6ba091054ae5d,141.0,13616.374,10,
97f0c17a-3673-42d8-8539-0cf8f9dd829b,d1d2e38a-37b5-479d-9ea0-7ef51056f402,4b6f4aee-54a4-45df-8b95-3d61f3cbf035,200,workload-20260609T121504519314Z,60,,2,2026-06-09T12:25:40.427788Z,2026-06-09T12:25:40.565445Z,2026-06-09T12:25:50.512538Z,202,completed,410,9057,fcc05684ba59:1:196be521,252729,000001b9bbf87a02ea5853cf8ea88a040fcdb1dc7d2c0f5f89c47a44859284ee,141.0,10084.75,7,
02846695-afa9-4186-8c8d-7ef3222a3571,6c11dbda-40a6-43a0-b02f-febb29738cbe,4b6f4aee-54a4-45df-8b95-3d61f3cbf035,200,workload-20260609T121504519314Z,61,,2,2026-06-09T12:25:40.436790Z,2026-06-09T12:25:40.573446Z,2026-06-09T12:25:53.680843Z,202,completed,2620,12134,208573d5cce8:1:e88b7188,1851308,00000da116bf27f5c61a9a95471009eca4d16bc4914c10f915fae40985462a0c,125.0,13244.053,10,
9b818de1-c86c-4939-9ee3-008849a605a7,9cbe3ff0-9031-4e3f-ba7a-07f2acc6bb90,4b6f4aee-54a4-45df-8b95-3d61f3cbf035,200,workload-20260609T121504519314Z,62,,2,2026-06-09T12:25:40.437791Z,2026-06-09T12:25:40.580909Z,2026-06-09T12:25:51.493869Z,202,completed,149,10715,208573d5cce8:1:0986c505,85800,00000fa8ec425de1507687655b34c1d82396189a8b2e41b3499d196903f156e7,141.0,11056.078,8,
5d88af99-1c80-410f-b7c9-d5bdf5785529,4127bbee-b1d9-4c28-8ed2-678a3a3b5261,4b6f4aee-54a4-45df-8b95-3d61f3cbf035,200,workload-20260609T121504519314Z,63,,2,2026-06-09T12:25:40.440791Z,2026-06-09T12:25:40.589258Z,2026-06-09T12:25:52.004320Z,202,completed,1150,10381,fcc05684ba59:1:de5b3544,930443,000003dbcb95828544d3faf2b5bcec670da24cbed7a64e8dde63ff80bef6e1cb,141.0,11563.529,9,
374df38d-13ec-4ab4-9054-97833ac03aef,cdb9da60-eda0-4ce1-8a6e-cc9d0fe8bb35,4b6f4aee-54a4-45df-8b95-3d61f3cbf035,200,workload-20260609T121504519314Z,64,,2,2026-06-09T12:25:40.451092Z,2026-06-09T12:25:40.594258Z,2026-06-09T12:25:51.864871Z,202,completed,614,10493,0b769b3035e6:1:c6946cb9,569681,00000ef1ffc07a2b6027349e14739496f2a279dd9eb3c6b8857053c47d5d58f7,140.0,11413.779,8,
97156ba0-6cf1-44a7-a59d-9f0eb7c038ce,63de7d43-1607-40c4-b2a8-1ad6d9edbd00,4b6f4aee-54a4-45df-8b95-3d61f3cbf035,200,workload-20260609T121504519314Z,65,,2,2026-06-09T12:25:40.452091Z,2026-06-09T12:25:40.588258Z,2026-06-09T12:25:56.215149Z,202,completed,5161,14820,cb9fb5da3c43:1:b92a6b2c,1457401,000003d60e9fb9be71c0e78be122581325e98f67ade57a45fb13c92fdc28cb38,125.0,15763.058,13,
a4bc1d32-d409-44e0-8d66-bf8a5ca4e56e,2848144a-846e-4918-a09a-0bf27346e706,4b6f4aee-54a4-45df-8b95-3d61f3cbf035,200,workload-20260609T121504519314Z,66,,2,2026-06-09T12:25:40.455092Z,2026-06-09T12:25:40.597258Z,2026-06-09T12:26:02.552676Z,202,completed,10951,21870,cb9fb5da3c43:1:0dfb8485,2965756,00000845f2e169f9a9350b64cf8b6ca8a9af2aef45d4f78e495f1d128b279cf1,140.0,22097.584,18,
2288f118-4852-4bed-8303-ad54f26b18e6,d03fd938-402a-4df2-af1b-45a8250ffd41,4b6f4aee-54a4-45df-8b95-3d61f3cbf035,200,workload-20260609T121504519314Z,67,,2,2026-06-09T12:25:40.465226Z,2026-06-09T12:25:40.591258Z,2026-06-09T12:25:53.212402Z,202,completed,1572,12119,fcc05684ba59:1:02d6bd1c,1053446,000005df5831100ea2841d5d101203fcac8ba989e4049a8965262f3328411886,125.0,12747.176,8,
558aca85-f7f5-454b-9156-aae687e2535c,24ff5561-5ba7-490c-be14-ee35dd2a9fcf,4b6f4aee-54a4-45df-8b95-3d61f3cbf035,200,workload-20260609T121504519314Z,68,,2,2026-06-09T12:25:40.467226Z,2026-06-09T12:25:40.601258Z,2026-06-09T12:25:54.398357Z,202,completed,3244,13614,0b769b3035e6:1:e870e017,2602166,000008a2f913dfcf0380c2653e2c78cefd4d171c3703d80a5eef6630a5ebabee,125.0,13931.131,11,
0d6fafb2-b2ed-4a30-be30-eaa59764041e,ccfcd6a8-77a5-48fd-a69c-8e0f26185e86,4b6f4aee-54a4-45df-8b95-3d61f3cbf035,200,workload-20260609T121504519314Z,69,,2,2026-06-09T12:25:40.469226Z,2026-06-09T12:25:40.592258Z,2026-06-09T12:25:53.449843Z,202,completed,429,12072,0b769b3035e6:1:ffe4c0b0,264814,000002dd198684acfe428131022196376f1f8ac14894ccab362e7d7a258db209,125.0,12980.617,9,
c07940e8-5293-446d-ac13-47d123549d09,900742bf-8e89-4b3e-8ce1-7ef0a626b85a,4b6f4aee-54a4-45df-8b95-3d61f3cbf035,200,workload-20260609T121504519314Z,70,,2,2026-06-09T12:25:40.483421Z,2026-06-09T12:25:40.604388Z,2026-06-09T12:25:52.535876Z,202,completed,700,11386,0b769b3035e6:1:be68d653,438663,00000b85c3d9cd05764f205b2c2bc56114d114d5c641592df228cf902f2ca5e1,109.0,12052.455,10,
a5e4db59-9a43-4e48-a2fc-8e6c3151ea35,0cfa54df-89c1-4d16-b331-819130f3bb13,4b6f4aee-54a4-45df-8b95-3d61f3cbf035,200,workload-20260609T121504519314Z,71,,2,2026-06-09T12:25:40.485417Z,2026-06-09T12:25:40.621892Z,2026-06-09T12:25:53.539454Z,202,completed,1936,12893,6084be8b8ecc:1:638093dd,692786,000009c89ccbb2501ba7104b301b6be61efc5161e09289c72cdfc38e932a70c5,140.0,13054.037,10,
1d6ba09e-863b-442e-b624-8d0bca402b3d,10ebea3d-455d-4955-9012-f4226bb001e1,4b6f4aee-54a4-45df-8b95-3d61f3cbf035,200,workload-20260609T121504519314Z,72,,2,2026-06-09T12:25:40.486417Z,2026-06-09T12:25:40.627893Z,2026-06-09T12:26:02.348829Z,202,completed,10570,21633,208573d5cce8:1:4a9c6ff5,7464355,000004c5ad3bc84125bc7f19d995f28b72e7b120b2072e0cecaad11b3cd881d8,140.0,21862.412,18,
2f6c5c59-78d4-40a2-a18a-9faa3e8c8192,c39ad2d8-5cf3-4149-b9df-b9d7a450f977,4b6f4aee-54a4-45df-8b95-3d61f3cbf035,200,workload-20260609T121504519314Z,73,,2,2026-06-09T12:25:40.497486Z,2026-06-09T12:25:40.624893Z,2026-06-09T12:25:53.093866Z,202,completed,517,12354,0616728b7286:1:42b0467d,191874,000008ed56a4ac7bc5b7842c083779ac443b37f0ee3f4174d7e97e15bbfd6de4,125.0,12596.38,8,
b94cb9ac-700f-4357-9785-195a58b3c775,999b0a2f-44b7-4527-b040-fefb13df7c04,4b6f4aee-54a4-45df-8b95-3d61f3cbf035,200,workload-20260609T121504519314Z,74,,2,2026-06-09T12:25:40.499483Z,2026-06-09T12:25:40.645892Z,2026-06-09T12:25:53.668842Z,202,completed,108,12461,208573d5cce8:1:c1265fd4,57811,000003b1ce631901d94c298e5feb55e4b1f5de3616319ee4c1c690fb2da45b8b,141.0,13169.359,10,
314b95ef-c292-41cd-bf4a-24c47eacff13,0ca29424-134e-4362-bcd5-0714f4ac767d,4b6f4aee-54a4-45df-8b95-3d61f3cbf035,200,workload-20260609T121504519314Z,75,,2,2026-06-09T12:25:40.503482Z,2026-06-09T12:25:40.659408Z,2026-06-09T12:25:55.480876Z,202,completed,1405,13825,fcc05684ba59:1:8273cc87,850769,00000ecf3b0ff0e51c53c38598877efa61399ade4db5ce9e775dc0e102dbb71d,157.0,14977.394,11,
14eb4759-2c1e-4951-b4f0-184692fded33,0211cf52-d104-4a2f-b446-8ba04f5e82d7,4b6f4aee-54a4-45df-8b95-3d61f3cbf035,200,workload-20260609T121504519314Z,76,,2,2026-06-09T12:25:40.513488Z,2026-06-09T12:25:40.675408Z,2026-06-09T12:26:05.748464Z,202,completed,12109,24613,0616728b7286:1:deeb2f41,4816320,000001cfb02a4c05371d1806bc698b17dd33de5451051aff17da4f3b3577127e,156.0,25234.976,20,
03a19033-6065-4c57-9154-78ffbfc010e1,009c7f14-f580-4247-b688-2a9a2535090a,4b6f4aee-54a4-45df-8b95-3d61f3cbf035,200,workload-20260609T121504519314Z,77,,2,2026-06-09T12:25:40.515487Z,2026-06-09T12:25:40.641893Z,2026-06-09T12:25:53.558930Z,202,completed,133,12486,0b769b3035e6:1:fb557e60,81840,000001595225ebfea0db5b6bc78120563086ad23f61ecf66fc5ee96f2a0061f3,125.0,13043.443,10,
6a2ced26-8dd2-4951-bb88-2cbb566bfdb3,a33f21c1-2d80-41d9-b89f-ac84d291b2c0,4b6f4aee-54a4-45df-8b95-3d61f3cbf035,200,workload-20260609T121504519314Z,78,,2,2026-06-09T12:25:40.517485Z,2026-06-09T12:25:40.679408Z,2026-06-09T12:25:55.604083Z,202,completed,976,14512,6084be8b8ecc:1:af041c00,375092,000007ada226d2a7b3160150c007b7fcd62fa0fa76aacb0d6dc3ed993bfef055,156.0,15086.598,12,
54235052-17ce-4dc9-a13c-aa9e11fe54cf,f4027157-10d9-4d25-850b-e214b9a3dd12,4b6f4aee-54a4-45df-8b95-3d61f3cbf035,200,workload-20260609T121504519314Z,79,,2,2026-06-09T12:25:40.519487Z,2026-06-09T12:25:40.653892Z,2026-06-09T12:25:55.824077Z,202,completed,2251,14235,0616728b7286:1:1aaa00f0,826017,00000a530a8f8ccfb5c0bd955f37ae86308f92d384277b34709cfb7f01a6ecd8,141.0,15304.59,12,
88ccfc3e-d5ec-4736-a496-f9420e52c9aa,53647ad5-d6b8-434b-973d-ed771adab6bd,4b6f4aee-54a4-45df-8b95-3d61f3cbf035,200,workload-20260609T121504519314Z,80,,2,2026-06-09T12:25:40.528903Z,2026-06-09T12:25:40.652894Z,2026-06-09T12:25:54.337677Z,202,completed,462,13108,0b769b3035e6:1:e8aed3e1,282403,00000aad947374caf3b6cb2b81c952c4fda2f33b43cacd44611ea45c3cc19142,125.0,13808.774,11,
da4070c6-141d-4bad-800a-b8d6ab2d6529,3fc9817e-8493-41fa-8ce0-708ef0b79726,4b6f4aee-54a4-45df-8b95-3d61f3cbf035,200,workload-20260609T121504519314Z,81,,2,2026-06-09T12:25:40.529901Z,2026-06-09T12:25:40.666408Z,2026-06-09T12:25:56.907859Z,202,completed,3101,15477,fcc05684ba59:1:fdec2cad,2071200,000005a5bde907ef01d97770a75f9156d8e8d0088584f67bca6c6755e52ae715,125.0,16377.958,12,
7b2d3c4e-f1de-4f40-9b00-911f369c67f7,8b180918-9a30-423d-bf54-f65c34f743a0,4b6f4aee-54a4-45df-8b95-3d61f3cbf035,200,workload-20260609T121504519314Z,82,,2,2026-06-09T12:25:40.531902Z,2026-06-09T12:25:40.674407Z,2026-06-09T12:25:56.493064Z,202,completed,2667,15358,208573d5cce8:1:e97bb2b3,1654087,0000012753b3bef1c1c9328fc9c6299a27beeb79259e938fd647b08174f1c3e3,140.0,15961.162,13,
fb18ea71-3807-458b-95be-59ff33dfe8e2,f13d0809-aee6-47ad-ac75-41b85f324816,4b6f4aee-54a4-45df-8b95-3d61f3cbf035,200,workload-20260609T121504519314Z,83,,2,2026-06-09T12:25:40.546697Z,2026-06-09T12:25:40.669409Z,2026-06-09T12:25:57.089559Z,202,completed,1253,15828,0616728b7286:1:d0d4a506,411811,0000072157fb496c89fa6f0d47e4b5f4a408e98d4c125f58dfba9efa9b7bc860,125.0,16542.862,12,
cf34e6fd-202f-4b5a-9ad6-33a11f379913,5d95453c-635f-4c2c-a167-710b28770239,4b6f4aee-54a4-45df-8b95-3d61f3cbf035,200,workload-20260609T121504519314Z,84,,2,2026-06-09T12:25:40.547698Z,2026-06-09T12:25:40.691408Z,2026-06-09T12:25:54.542759Z,202,completed,65,13285,6084be8b8ecc:1:889e4d8e,49434,00000b0d065e27b47cb7ccee90c502ffd3b2027b16d8bd0c690a6c2d694489fe,141.0,13995.061,11,
f288e7be-16b5-492d-8934-7cd5436c78d1,1ea232bb-1a52-495b-8e35-92b33231e7ae,4b6f4aee-54a4-45df-8b95-3d61f3cbf035,200,workload-20260609T121504519314Z,85,,2,2026-06-09T12:25:40.549697Z,2026-06-09T12:25:40.678408Z,2026-06-09T12:25:58.036408Z,202,completed,2957,16579,6084be8b8ecc:1:4e3771d0,1206877,000005ec0dfa659c2f083e861bf00fc3e30eb3507933877cb6240b2d167ad0fe,125.0,17486.711,13,
7bf0e3b6-30c6-47ed-9976-388d781d5944,79b63901-5de2-4237-8a81-7c79dcef6d2f,4b6f4aee-54a4-45df-8b95-3d61f3cbf035,200,workload-20260609T121504519314Z,86,,2,2026-06-09T12:25:40.562445Z,2026-06-09T12:25:40.685408Z,2026-06-09T12:26:04.531562Z,202,completed,9267,22746,0b769b3035e6:1:f5f95fb5,5980252,0000050fabafa76ae1408ebcc0eb2773e7d473dc675e71f5434e9d66495c8fae,125.0,23969.117,20,
ca63f8b5-dd24-4cab-9c8a-aca2fe611c61,1208e24c-0ae4-4ddb-9641-63e1ff8941ab,4b6f4aee-54a4-45df-8b95-3d61f3cbf035,200,workload-20260609T121504519314Z,87,,2,2026-06-09T12:25:40.563445Z,2026-06-09T12:25:40.701408Z,2026-06-09T12:25:57.641908Z,202,completed,2624,16599,fcc05684ba59:1:86189819,1780511,000008797174fc93559898742a6985a3b675764484c986224c05ccdfccdda3a7,141.0,17078.463,13,
0f720ca6-d1a2-47c8-8538-f656ee8a6e77,c4ff6a94-8ce3-4e96-811d-b8696211849e,4b6f4aee-54a4-45df-8b95-3d61f3cbf035,200,workload-20260609T121504519314Z,88,,2,2026-06-09T12:25:40.566446Z,2026-06-09T12:25:40.704407Z,2026-06-09T12:26:02.385651Z,202,completed,7364,21173,0b769b3035e6:1:843abef3,4441725,000007f3eab37149b86d402d37f6b79f40b88303662199d016a6d0cbecf843b3,141.0,21819.205,17,
d53ac356-465c-438c-b1ae-d413be13ec7e,67cfda61-5bc2-4c3f-bf0e-98779289a421,4b6f4aee-54a4-45df-8b95-3d61f3cbf035,200,workload-20260609T121504519314Z,89,,2,2026-06-09T12:25:40.580909Z,2026-06-09T12:25:40.711409Z,2026-06-09T12:25:58.395666Z,202,completed,1731,16618,cb9fb5da3c43:1:30123d63,461213,00000d54100f173db6b1ac804ce9f059e2050dc904f742718c610607985aa344,125.0,17814.757,15,
9a758467-9dcf-48a6-95a1-00c8fb7a2267,04e82fbe-a45d-4ac9-8aa5-9812b0af2282,4b6f4aee-54a4-45df-8b95-3d61f3cbf035,200,workload-20260609T121504519314Z,90,,2,2026-06-09T12:25:40.581911Z,2026-06-09T12:25:40.709407Z,2026-06-09T12:25:59.333939Z,202,completed,2270,18605,208573d5cce8:1:551dd273,1422138,00000c7221431a83b02fb87dda3e5892d056ad5b86c3b45723a82290ea3efa1e,125.0,18752.028,15,
d635d332-7f0b-4a85-8eb3-1c1ba4c9887f,5563c839-1b07-439e-af5d-3477bcb4bb67,4b6f4aee-54a4-45df-8b95-3d61f3cbf035,200,workload-20260609T121504519314Z,91,,2,2026-06-09T12:25:40.583908Z,2026-06-09T12:25:40.710408Z,2026-06-09T12:25:57.330706Z,202,completed,1457,16139,6084be8b8ecc:1:29203a5a,514716,00000be55e5ba93941d97e532bce8a441caf53c175f9291fc05cb2808ccd5fd9,125.0,16746.798,13,
3fb7cf91-0be1-48ed-88b5-efa63c27e0bb,4108e596-45e9-4dba-8027-359d18b9ae0e,4b6f4aee-54a4-45df-8b95-3d61f3cbf035,200,workload-20260609T121504519314Z,92,,2,2026-06-09T12:25:40.592258Z,2026-06-09T12:25:40.718406Z,2026-06-09T12:25:56.778060Z,202,completed,321,15977,208573d5cce8:1:17d44abc,208059,00000583276a31515b6361dfbddd3b626a72296e4f6ee7e5db5baa84ea4be587,125.0,16185.802,6,
9e095a45-3415-49d5-b8f7-110a1f166e5f,192cc01b-6c90-43e4-b027-a2b58c56c9ac,4b6f4aee-54a4-45df-8b95-3d61f3cbf035,200,workload-20260609T121504519314Z,93,,2,2026-06-09T12:25:40.594258Z,2026-06-09T12:25:40.733408Z,2026-06-09T12:26:00.021305Z,202,completed,2108,18198,0616728b7286:1:74fd999b,685792,000009e129f657d12d87ca2dbf7b44379f9b0dd9d05a5ad467cb1ccc34786013,141.0,19427.047,15,
2967f3dc-0002-4bc8-b9b8-60331d95c5a0,a4cf4afe-ff94-4979-a569-005f3936fb96,4b6f4aee-54a4-45df-8b95-3d61f3cbf035,200,workload-20260609T121504519314Z,94,,2,2026-06-09T12:25:40.597258Z,2026-06-09T12:25:40.735408Z,2026-06-09T12:25:59.301149Z,202,completed,1487,17451,fcc05684ba59:1:d6759ee2,1158800,00000063b7fe2cca8cf9175c9506b3daac860107c3379807f979db9c1b96dcf6,141.0,18703.891,15,
570ed434-b438-44fc-96f4-82ccf43f9b7e,8c7add53-159d-4591-b10e-d12ec67fdae4,4b6f4aee-54a4-45df-8b95-3d61f3cbf035,200,workload-20260609T121504519314Z,95,,2,2026-06-09T12:25:40.621892Z,2026-06-09T12:25:40.765408Z,2026-06-09T12:25:57.807772Z,202,completed,75,16962,6084be8b8ecc:1:fcbdeac4,28559,000004c82cc2470c716859aee916bae398ce7317b7c8cc6130ca903a70045f09,141.0,17185.88,13,
b64e917a-28ce-44f3-9135-0ea282b0fab6,db293fce-94d9-4095-8be3-6a720ebda3bc,4b6f4aee-54a4-45df-8b95-3d61f3cbf035,200,workload-20260609T121504519314Z,96,,2,2026-06-09T12:25:40.624893Z,2026-06-09T12:25:40.751408Z,2026-06-09T12:26:04.158848Z,202,completed,3823,22316,0616728b7286:1:ee555702,1245381,00000efb518d72ce1bfcd0b76d8e05757853148579928304cda45183a4f3312c,125.0,23533.955,18,
76b36750-21de-4a69-aed1-55d0835ed407,1d502198-fbe6-44e7-9abc-e353d8d59494,4b6f4aee-54a4-45df-8b95-3d61f3cbf035,200,workload-20260609T121504519314Z,97,,2,2026-06-09T12:25:40.625892Z,2026-06-09T12:25:40.771408Z,2026-06-09T12:25:58.158780Z,202,completed,42,16992,fcc05684ba59:1:0cb80d29,26222,00000ba329d4981369dd7f1441f51bb6d6efdfb39fd143c04a5d287a465afa50,141.0,17532.888,13,
41286329-692d-4683-a291-e0c4996fbd22,f862fd9c-5ad0-4781-9d23-e9422d0089d4,4b6f4aee-54a4-45df-8b95-3d61f3cbf035,200,workload-20260609T121504519314Z,98,,2,2026-06-09T12:25:40.628893Z,2026-06-09T12:25:40.754406Z,2026-06-09T12:25:57.804862Z,202,completed,607,16904,6084be8b8ecc:1:f394382b,363172,0000064357c15e39d909296b24262f6a70421f299d6fab07a6d458aaa6ca9e16,125.0,17175.969,14,
7df3b777-9a68-4647-a535-b6acc4f216f2,3ecff340-e082-436e-ba9c-fce10c7481cc,4b6f4aee-54a4-45df-8b95-3d61f3cbf035,200,workload-20260609T121504519314Z,99,,2,2026-06-09T12:25:40.630892Z,2026-06-09T12:25:40.760406Z,2026-06-09T12:26:07.792819Z,202,completed,9393,26142,cb9fb5da3c43:1:09640146,2581484,000000ea182493b6a374234c126e3eaa192512eb62c8e32e002afc7ad08f1d5e,125.0,27161.927,21,
f8d97949-d9d5-4337-a561-75414d8074d8,8866dfc0-bfcb-4f4c-b9eb-b049c1507224,4b6f4aee-54a4-45df-8b95-3d61f3cbf035,200,workload-20260609T121504519314Z,100,,2,2026-06-09T12:25:40.633892Z,2026-06-09T12:25:40.773408Z,2026-06-09T12:26:01.289251Z,202,completed,1141,19723,6084be8b8ecc:1:7a8aa254,404981,00000cc25d5b1266ef1e0a2fd99cfa47e7b048fb7f1d9e938d8bf85b23e17d3f,141.0,20655.359,16,
f3b808ae-7641-4607-963d-2504af1236df,e211e6da-b44c-4d4f-b8c5-09fef5e0acef,4b6f4aee-54a4-45df-8b95-3d61f3cbf035,200,workload-20260609T121504519314Z,101,,2,2026-06-09T12:25:40.637892Z,2026-06-09T12:25:40.774408Z,2026-06-09T12:25:59.224858Z,202,completed,364,17684,6084be8b8ecc:1:411648ff,164377,0000040d8f8e896ff6bbabfe1f6c012309f697e656940795b75f74478aae26c0,125.0,18586.966,15,
ceee6288-61a4-437d-ac9e-e7fc5e20594d,1d674bc3-6df1-4ab5-9ccd-645892199a73,4b6f4aee-54a4-45df-8b95-3d61f3cbf035,200,workload-20260609T121504519314Z,102,,2,2026-06-09T12:25:40.639891Z,2026-06-09T12:25:40.764408Z,2026-06-09T12:26:05.941813Z,202,completed,7724,24999,fcc05684ba59:1:06300a50,5091672,00000c2a7d155d7c56047423c8b3e28e02dd7f2010649fa8bb79010a4c0b97f6,125.0,25301.922,20,
c7388f54-1aee-4019-8a51-52f28480b870,ac3d1b87-f2d6-469b-943a-db11c6255ff7,4b6f4aee-54a4-45df-8b95-3d61f3cbf035,200,workload-20260609T121504519314Z,103,,2,2026-06-09T12:25:40.641893Z,2026-06-09T12:25:40.767408Z,2026-06-09T12:26:02.262435Z,202,completed,3460,21063,fcc05684ba59:1:8c2efde7,2146800,000006fc1716b7ab2ea40f15c5c616f920c4cd8003f84fb1884105d38d70e710,125.0,21620.542,17,
58a8a63a-172c-40ae-9ed8-6fa87d3fa062,9262dbdc-f54d-4415-85ab-2bbc4da3cd6b,4b6f4aee-54a4-45df-8b95-3d61f3cbf035,200,workload-20260609T121504519314Z,104,,2,2026-06-09T12:25:40.643892Z,2026-06-09T12:25:40.785408Z,2026-06-09T12:26:03.287533Z,202,completed,4863,22137,6084be8b8ecc:1:1dbaf4ff,2066802,000001420d5b01ffb58caf1cc29523fd88c29ac11ed8152f213a788415c9246c,141.0,22643.641,18,
45849fca-5b1c-4b9c-97a9-c84c45de6b4e,e52822e1-8853-4405-9654-dd3cd4399736,4b6f4aee-54a4-45df-8b95-3d61f3cbf035,200,workload-20260609T121504519314Z,105,,2,2026-06-09T12:25:40.653892Z,2026-06-09T12:25:40.777408Z,2026-06-09T12:26:03.236777Z,202,completed,398,21704,0b769b3035e6:1:7b69cc62,236993,0000077e70c623aa021a533e87779cf7a02b974b0d84512c02302543dc0d432f,125.0,22582.885,18,
1516b486-5389-4f5d-a060-d0b824694327,4be7f28e-8501-4142-8267-20d71f5e1e0e,4b6f4aee-54a4-45df-8b95-3d61f3cbf035,200,workload-20260609T121504519314Z,106,,2,2026-06-09T12:25:40.654890Z,2026-06-09T12:25:40.782408Z,2026-06-09T12:26:00.199878Z,202,completed,452,18318,6084be8b8ecc:1:3d3a659a,163895,00000e618e41aa894a79ba3a07db6d26f2b51b628b02a829b83664bd9d8a2dce,125.0,19544.988,15,
fc9bb9fd-9e64-4c18-b560-5ded79567a68,123cdd52-af29-4d3e-88f7-c4a5d7a64713,4b6f4aee-54a4-45df-8b95-3d61f3cbf035,200,workload-20260609T121504519314Z,107,,2,2026-06-09T12:25:40.656893Z,2026-06-09T12:25:40.791406Z,2026-06-09T12:26:03.365088Z,202,completed,2502,21517,208573d5cce8:1:42e7ed9e,1590255,00000318a029db83e3c27ddfbaf1c4df765d9e8809481cd833009a1487aecf4e,125.0,22708.195,19,
306bd12e-212d-41be-a2ce-023fc34ec261,d09f313c-532e-4740-b449-d0103664f522,4b6f4aee-54a4-45df-8b95-3d61f3cbf035,200,workload-20260609T121504519314Z,108,,2,2026-06-09T12:25:40.669409Z,2026-06-09T12:25:40.793409Z,2026-06-09T12:26:04.171852Z,202,completed,663,22672,0b769b3035e6:1:f0b0f413,466615,00000d44db891209d2e2ba8215282309690de77aca4a3bad8a9038df28d32eac,125.0,23502.443,18,
b52874ad-8f2d-4de9-9815-20fa644d2aa0,a5d7ae7e-2d42-44ec-965e-46a1a6e1f65c,4b6f4aee-54a4-45df-8b95-3d61f3cbf035,200,workload-20260609T121504519314Z,109,,2,2026-06-09T12:25:40.671410Z,2026-06-09T12:25:40.796408Z,2026-06-09T12:26:08.284743Z,202,completed,6763,26664,6084be8b8ecc:1:af4bcc45,2985403,000007a6dfb4197a7171dc6e400376a45386ce49665987b3d37dfd29beff06d1,125.0,27613.333,21,
fa9241bf-f6b8-4d26-845c-49761c6f6e6d,26dc9659-d9ec-47e7-af04-d37c5fc0da21,4b6f4aee-54a4-45df-8b95-3d61f3cbf035,200,workload-20260609T121504519314Z,110,,2,2026-06-09T12:25:40.675408Z,2026-06-09T12:25:40.815865Z,2026-06-09T12:26:05.835498Z,202,completed,2799,24645,208573d5cce8:1:2c255515,1890816,000004d94c22f18b1389be7561d3bcc421052a696be5a6960e0716cf963ac467,141.0,25160.09,19,
a878949b-12fc-449c-9831-f5583bf5f500,3317fef2-b9a5-4825-8ab7-68a01a481ca6,4b6f4aee-54a4-45df-8b95-3d61f3cbf035,200,workload-20260609T121504519314Z,111,,2,2026-06-09T12:25:40.685408Z,2026-06-09T12:25:40.802781Z,2026-06-09T12:26:05.967753Z,202,completed,3679,25028,fcc05684ba59:1:649cce06,2309499,000006e3e63fd0c4ac4b20587f8e580b221bd84c0579e708eec1fd8c3a530075,109.0,25282.345,21,
7335d4d0-1adf-4d42-b8a9-ffe5bf3dcfca,7980b53a-f192-41b8-aab8-ed82abb8926f,4b6f4aee-54a4-45df-8b95-3d61f3cbf035,200,workload-20260609T121504519314Z,112,,2,2026-06-09T12:25:40.686408Z,2026-06-09T12:25:40.823868Z,2026-06-09T12:26:08.015590Z,202,completed,5106,27108,cb9fb5da3c43:1:dbf0ba60,1652709,000000ed666efe798b95baf45c30f573aa2b6e973d9909e16706f6441af2e95a,125.0,27329.182,22,
f35aa5ea-35ed-41b8-b8cb-f99831b72d18,c72955d7-b806-48cb-a1fa-9e28b6c19adc,4b6f4aee-54a4-45df-8b95-3d61f3cbf035,200,workload-20260609T121504519314Z,113,,2,2026-06-09T12:25:40.688408Z,2026-06-09T12:25:40.831446Z,2026-06-09T12:26:03.586800Z,202,completed,972,22746,208573d5cce8:1:3914b582,673376,00000d1ed3d4b652e1bcfc822c0cb58867202084208d6c669acbf90caa81c3d5,141.0,22898.392,19,
4f37db67-ae05-4f7f-97b9-097a91d66eb3,16a4a0aa-2aff-4e91-b5fb-0f680e76ac91,4b6f4aee-54a4-45df-8b95-3d61f3cbf035,200,workload-20260609T121504519314Z,114,,2,2026-06-09T12:25:40.701408Z,2026-06-09T12:25:40.825866Z,2026-06-09T12:26:04.410980Z,202,completed,441,22736,6084be8b8ecc:1:df7443a9,155149,000008549844eb26b6572cc83ef846a9143c718162362f27f75ed7b0cb410b00,125.0,23709.572,12,
3dd5ebea-af27-4f0e-b1aa-09076bafbc1a,e66b6c7f-7b95-4245-8f36-4225ee62fa9c,4b6f4aee-54a4-45df-8b95-3d61f3cbf035,200,workload-20260609T121504519314Z,115,,2,2026-06-09T12:25:40.704407Z,2026-06-09T12:25:40.843446Z,2026-06-09T12:26:06.501858Z,202,completed,1618,24563,0b769b3035e6:1:7a97328f,1640626,000008c4272e59450c10f168a175e531550d219408a9aade6bb2249014414f4a,140.0,25797.451,21,
46de7248-56e0-40e0-9021-a98e9f5cf68f,0a08b419-99c8-4c4f-ba5a-349556668fb2,4b6f4aee-54a4-45df-8b95-3d61f3cbf035,200,workload-20260609T121504519314Z,116,,2,2026-06-09T12:25:40.705407Z,2026-06-09T12:25:40.832446Z,2026-06-09T12:26:05.301834Z,202,completed,765,23413,0616728b7286:1:7ec1172e,257649,000008a231b72997948a993dba1ae898895a882bacaa9c254b4a7d64cc9a1988,125.0,24596.427,20,
c244caae-4db9-4246-848e-3b2d9605d669,2b3db048-497b-4994-8701-38a6690669b1,4b6f4aee-54a4-45df-8b95-3d61f3cbf035,200,workload-20260609T121504519314Z,117,,2,2026-06-09T12:25:40.718406Z,2026-06-09T12:25:40.845446Z,2026-06-09T12:26:06.784011Z,202,completed,2736,25623,208573d5cce8:1:9c911a90,2273688,000005cbfbe5f16cb4646801e35a4047687f7368ac48dbfb506ea9aef14683cf,125.0,26065.605,21,
252ea492-7f72-46e6-b5ce-1b16100222f0,29343010-bc22-4579-b37b-13f9c22b8fbc,4b6f4aee-54a4-45df-8b95-3d61f3cbf035,200,workload-20260609T121504519314Z,118,,2,2026-06-09T12:25:40.719408Z,2026-06-09T12:25:40.862557Z,2026-06-09T12:26:04.651849Z,202,completed,2,23158,0b769b3035e6:1:0e755eb3,1410,00000ca6e135a877fe7428ed4db6eeb2c7e3d3144ffb9f127f486307cd91021a,141.0,23932.441,19,
080e04d7-7d53-4c59-9772-164a2c396eae,9e9a2618-c7d3-4895-839f-95cb71a909c8,4b6f4aee-54a4-45df-8b95-3d61f3cbf035,200,workload-20260609T121504519314Z,119,,2,2026-06-09T12:25:40.721406Z,2026-06-09T12:25:40.860558Z,2026-06-09T12:26:07.060841Z,202,completed,2630,25604,6084be8b8ecc:1:25cc6b54,931097,00000c196e1d9fc92ed1f0fc4ac7716bebca682ad64b1a59feb086a78d6cfa60,141.0,26339.435,21,
ad1525f4-dd6d-47f4-8bd0-79c82c9bcbdb,f8ff8224-45b7-4bd0-98e4-4549a9c55bfb,4b6f4aee-54a4-45df-8b95-3d61f3cbf035,200,workload-20260609T121504519314Z,120,,2,2026-06-09T12:25:40.733408Z,2026-06-09T12:25:40.869888Z,2026-06-09T12:26:05.630474Z,202,completed,360,23829,0b769b3035e6:1:1c0441f1,227066,000009c3cde7af071f0a7971ed9cfcb7d9a21ac88eb247aa6a89cfdc038d0819,125.0,24897.066,20,
b3bf7e7c-ca69-4519-a381-e1900689274c,cb41b42b-ceab-4f5d-abe2-60b24a57c90f,4b6f4aee-54a4-45df-8b95-3d61f3cbf035,300,workload-20260609T121504519314Z,1,,2,2026-06-09T12:27:08.658573Z,2026-06-09T12:27:08.847516Z,2026-06-09T12:27:14.248808Z,202,completed,1919,2332,208573d5cce8:1:7b6d5b8c,1242805,00000e62e9fa9083e45812291ddd43d79b1c0735cdeff48145677e03bab08728,187.0,5590.235,2,
7999cf22-a6a8-4c0a-aeb3-d1b14df78eed,be6cc8b6-a71a-4912-b0f6-e1cbf67570bc,4b6f4aee-54a4-45df-8b95-3d61f3cbf035,300,workload-20260609T121504519314Z,2,,2,2026-06-09T12:27:08.660573Z,2026-06-09T12:27:08.831517Z,2026-06-09T12:27:17.973914Z,202,completed,5784,6855,0b769b3035e6:1:8032ea67,4283538,0000079262b761a688984ddc5139c45d86f489be6f04f9148aab7de06bd7308a,172.0,9313.341,4,
adc5fc6e-252f-41b8-8ced-2522a21911e2,25b54be3-3ff1-4927-ba27-bd33062f94f0,4b6f4aee-54a4-45df-8b95-3d61f3cbf035,300,workload-20260609T121504519314Z,3,,2,2026-06-09T12:27:08.662573Z,2026-06-09T12:27:08.835515Z,2026-06-09T12:27:10.674516Z,202,completed,83,769,0b769b3035e6:1:c82d64fe,96220,0000026f254e3f5ac99d5a234f398a6fb14c84b7e8f387ac218fd926684e7027,172.0,2011.943,1,
7f5515a6-9083-4199-a0bd-ae26a314f4c2,fddcf3db-9166-4832-b3ae-b7018989eeb7,4b6f4aee-54a4-45df-8b95-3d61f3cbf035,300,workload-20260609T121504519314Z,4,,2,2026-06-09T12:27:08.663575Z,2026-06-09T12:27:08.833515Z,2026-06-09T12:27:14.343808Z,202,completed,4738,5232,208573d5cce8:1:a402d4d6,3100188,00000128eb1c88b65ffa9e2f6b5788e4d11a5596c434b8435f5fc469d4434617,172.0,5680.233,3,
de28aac6-58bf-4b22-9582-3c1685c561a7,48b56ff1-6e2d-4ee5-98bf-d4f49ca1b49d,4b6f4aee-54a4-45df-8b95-3d61f3cbf035,300,workload-20260609T121504519314Z,5,,2,2026-06-09T12:27:08.665573Z,2026-06-09T12:27:08.847516Z,2026-06-09T12:27:10.563516Z,202,completed,775,1255,0616728b7286:1:fc634ab0,279514,00000fb55930540ccff7b5c739dd26886cad825f5bb8d3c9f9047f8415c8da68,187.0,1897.943,1,
166bc98a-b6bf-4de5-ac1a-06189316ecf8,fb26cf88-e57b-4519-9459-c76e08e139be,4b6f4aee-54a4-45df-8b95-3d61f3cbf035,300,workload-20260609T121504519314Z,6,,2,2026-06-09T12:27:08.690517Z,2026-06-09T12:27:08.887516Z,2026-06-09T12:27:14.304806Z,202,completed,477,1241,cb9fb5da3c43:1:95880123,252349,00000bfd78420e7bdda984e62e5f76c08978fc29161033dba3a3a074bfe424ce,203.0,5614.289,1,
6346b0b0-8472-41fa-88db-11aa404b12e9,e764aa6f-0d69-4151-97fa-efa4f265275b,4b6f4aee-54a4-45df-8b95-3d61f3cbf035,300,workload-20260609T121504519314Z,7,,2,2026-06-09T12:27:08.691516Z,2026-06-09T12:27:08.853515Z,2026-06-09T12:27:14.495808Z,202,completed,711,3730,6084be8b8ecc:1:e18b37c6,291194,000003c14ac0b26540fbaf9ecebf9d219cc7d41997d125c1c031bd80bc5592bb,156.0,5804.292,3,
8642ceac-e329-4272-9c78-f41dcc2c1d78,cec9f5d9-1b66-4cb9-b222-1ef17806b989,4b6f4aee-54a4-45df-8b95-3d61f3cbf035,300,workload-20260609T121504519314Z,8,,2,2026-06-09T12:27:08.693516Z,2026-06-09T12:27:08.879519Z,2026-06-09T12:27:14.023807Z,202,completed,2209,2954,fcc05684ba59:1:abfd25f7,1426570,00000d7e0c26be0bac51faf48ccfe03b62c0fec4bda39bb65fa0e6eb7283654d,187.0,5330.291,3,
b52a9e88-2e23-4e8c-8695-f0f6f705b341,619b0caa-a10f-4809-94b3-0d0ecf7701d0,4b6f4aee-54a4-45df-8b95-3d61f3cbf035,300,workload-20260609T121504519314Z,9,,2,2026-06-09T12:27:08.694516Z,2026-06-09T12:27:08.868515Z,2026-06-09T12:27:12.268519Z,202,completed,1949,2672,0b769b3035e6:1:22ea5c67,1442073,00000e476191f879ea6736835c5936acc9faa66a7bff3a214588473cbdba76e9,172.0,3574.003,2,
776a3097-d024-4ea8-8646-f37a76d6722b,cc8460bb-686a-41a5-8bc0-0a2447adc2a2,4b6f4aee-54a4-45df-8b95-3d61f3cbf035,300,workload-20260609T121504519314Z,10,,2,2026-06-09T12:27:08.695516Z,2026-06-09T12:27:08.859516Z,2026-06-09T12:27:13.449806Z,202,completed,776,3824,0b769b3035e6:1:2f051c6e,493747,00000f0958fafbf6cfb3fe0ced0766094d84483d1a3fbed5cf0dc55f5785abc9,172.0,4754.29,2,
9ed4951a-2118-46b1-8589-a91fc06c9a93,160458e1-b73b-4324-be8d-2d99f059086b,4b6f4aee-54a4-45df-8b95-3d61f3cbf035,300,workload-20260609T121504519314Z,11,,2,2026-06-09T12:27:08.697519Z,2026-06-09T12:27:08.862516Z,2026-06-09T12:27:12.046519Z,202,completed,2120,2701,6084be8b8ecc:1:60256d00,920866,00000197f3f415bcbace3243fc7fd30e31d6bb4dd28e19fec9f893a2bdf7cb0e,172.0,3349.0,2,
5a747b70-6dd2-4682-adf3-5b904e19ec0c,34da183d-18b7-4ea9-9b58-1b7f3429f7ed,4b6f4aee-54a4-45df-8b95-3d61f3cbf035,300,workload-20260609T121504519314Z,12,,2,2026-06-09T12:27:08.699516Z,2026-06-09T12:27:08.874516Z,2026-06-09T12:27:11.003519Z,202,completed,118,804,cb9fb5da3c43:1:a2c93d56,31397,000008323c3b450368965d0829ac4187855ca34300c5c32598031d56d3d8f120,171.0,2304.003,1,
a043ad2e-3b96-41d9-a1a8-78a65c8fe1cf,63b0bbb8-19de-4e97-b3e5-b8e03cba7140,4b6f4aee-54a4-45df-8b95-3d61f3cbf035,300,workload-20260609T121504519314Z,13,,2,2026-06-09T12:27:08.701516Z,2026-06-09T12:27:08.871518Z,2026-06-09T12:27:11.894520Z,202,completed,749,2083,cb9fb5da3c43:1:9c3b7606,401763,0000064649724f1247c85c7ab43cf11f12dda5ef5961cbc1cc7520d377b8f46a,171.0,3193.004,2,
d5b3688e-5508-47d5-9257-92b047426cea,9052df01-0268-43f4-9ae7-40b02a6cce26,4b6f4aee-54a4-45df-8b95-3d61f3cbf035,300,workload-20260609T121504519314Z,14,,2,2026-06-09T12:27:08.702515Z,2026-06-09T12:27:08.904517Z,2026-06-09T12:27:14.572807Z,202,completed,48,790,6084be8b8ecc:1:40373a06,17511,000009b2c5841709b948bdc8523e45e620bdcfe16b2a9d25fe616cdbd2f9d29a,203.0,5870.292,1,
40c8ad51-29f3-42bb-a753-f2a16e291983,5db662fc-6e66-4e6b-bf3c-6531c388b159,4b6f4aee-54a4-45df-8b95-3d61f3cbf035,300,workload-20260609T121504519314Z,15,,2,2026-06-09T12:27:08.703519Z,2026-06-09T12:27:08.883516Z,2026-06-09T12:27:15.889399Z,202,completed,5667,6278,0616728b7286:1:93f4421c,1916955,000001d6a7d3cc175b1e9efd670f1aedefc31820d7a16c2f7d5a3758be320f6a,171.0,7185.88,5,
d67b02b7-3931-4449-ab6b-0de88038b2ac,83534059-d812-4f09-b167-8f9bccfec12a,4b6f4aee-54a4-45df-8b95-3d61f3cbf035,300,workload-20260609T121504519314Z,16,,2,2026-06-09T12:27:08.706515Z,2026-06-09T12:27:08.872516Z,2026-06-09T12:27:15.344401Z,202,completed,4606,5386,fcc05684ba59:1:9d52ee68,2996361,00000a76090867904ed5c579b6a72b957ffbf795d1670a27a3ccd60ec7f5d837,171.0,6637.886,2,
bcaa9df8-6490-463f-9cb9-16a8840f3f9e,ff98e02e-e5aa-4b77-92f1-8755a68b099e,4b6f4aee-54a4-45df-8b95-3d61f3cbf035,300,workload-20260609T121504519314Z,17,,2,2026-06-09T12:27:08.709520Z,2026-06-09T12:27:08.872516Z,2026-06-09T12:27:13.631807Z,202,completed,177,1651,cb9fb5da3c43:1:f66e5ef7,47893,000001987a2c932a59fd5bba65a85ef70e8f0e8a3efafa525a9ca4480d2734b4,171.0,4922.287,1,
dba54724-dfdc-42d1-80d6-1376ced1a1c9,31a6212e-9e6a-42ad-8f99-37aa4e5c9c84,4b6f4aee-54a4-45df-8b95-3d61f3cbf035,300,workload-20260609T121504519314Z,18,,2,2026-06-09T12:27:08.712517Z,2026-06-09T12:27:08.875516Z,2026-06-09T12:27:14.568807Z,202,completed,1633,2751,6084be8b8ecc:1:de933110,588990,00000759a391d1100e0e6d4fb2c7bb820b1e3f69597cffd287a9b5bfbeaee7ff,171.0,5856.29,2,
58e7a9c7-78af-4664-aa75-af337e3c7730,513254ba-6251-4071-a405-3e9321d08946,4b6f4aee-54a4-45df-8b95-3d61f3cbf035,300,workload-20260609T121504519314Z,19,,2,2026-06-09T12:27:08.715519Z,2026-06-09T12:27:08.893516Z,2026-06-09T12:27:16.047399Z,202,completed,5020,7066,0616728b7286:1:0bb84462,1678986,00000e407488a438b1d44285dec5cb71a5bed877150c9b456e9d100da9803e51,172.0,7331.88,4,
d01faaf8-b071-4843-badf-9509001a0fdc,af528936-4ea0-4c04-aed6-a6f1cd1bf301,4b6f4aee-54a4-45df-8b95-3d61f3cbf035,300,workload-20260609T121504519314Z,20,,2,2026-06-09T12:27:08.716518Z,2026-06-09T12:27:08.896516Z,2026-06-09T12:27:12.827516Z,202,completed,1230,3483,cb9fb5da3c43:1:4f7304f2,327820,0000053ff09cb8480b883c72cdebd6eeb49ba93c9ff392b354f1ba24fd23ec92,172.0,4110.998,2,
4c0e2bbf-0a33-4fa3-bf4e-118b9d68dfec,a7f5eff8-ca01-4cdd-86fb-019aa731efb8,4b6f4aee-54a4-45df-8b95-3d61f3cbf035,300,workload-20260609T121504519314Z,21,,2,2026-06-09T12:27:08.718515Z,2026-06-09T12:27:08.882517Z,2026-06-09T12:27:10.791518Z,202,completed,3,1611,0616728b7286:1:2994182d,1810,00000081ffd1315e9ac930cbbf0618ba704a44c23a8a899faf74a73d5c43d256,156.0,2073.003,1,
c85d0b40-cf38-4d93-9a56-837e79155b95,95659750-9bb4-48a3-b5ff-cfde6f2b91c9,4b6f4aee-54a4-45df-8b95-3d61f3cbf035,300,workload-20260609T121504519314Z,22,,2,2026-06-09T12:27:08.719517Z,2026-06-09T12:27:08.894516Z,2026-06-09T12:27:14.122808Z,202,completed,3069,4915,cb9fb5da3c43:1:a6240c33,1035171,000009bd022187051d9b4cd4aaf7604d305844b0384a0e6e1aca0cc11fc42b41,172.0,5403.291,2,
e4436d2d-420a-43c1-8103-bd75d88e2f39,be770044-31c2-4ce7-b70f-ca6a1ac55d8b,4b6f4aee-54a4-45df-8b95-3d61f3cbf035,300,workload-20260609T121504519314Z,23,,2,2026-06-09T12:27:08.721520Z,2026-06-09T12:27:08.900516Z,2026-06-09T12:27:15.882400Z,202,completed,4104,6726,208573d5cce8:1:2e30928e,2741672,00000e500d7a945d7723820b4138125e894b1bf2d0af343d08d18d7c64738ce7,172.0,7160.88,3,
6e7279fc-7e6c-47cb-a8d2-a01cc892cfab,4839247e-7f0d-4b0d-a21a-8d685a2d0823,4b6f4aee-54a4-45df-8b95-3d61f3cbf035,300,workload-20260609T121504519314Z,24,,2,2026-06-09T12:27:08.722521Z,2026-06-09T12:27:08.888516Z,2026-06-09T12:27:14.487808Z,202,completed,223,5544,208573d5cce8:1:40b219f3,128112,0000083ec6f6c5498f56a6313598f8b533ec861d276f5b6aeec69dc013feae2b,172.0,5765.287,3,
89fa4195-fdf8-4964-bc8d-87a922046959,101fa616-0a4b-4d30-a7fb-a6055885af94,4b6f4aee-54a4-45df-8b95-3d61f3cbf035,300,workload-20260609T121504519314Z,25,,2,2026-06-09T12:27:08.731517Z,2026-06-09T12:27:08.926515Z,2026-06-09T12:27:18.394915Z,202,completed,1193,6318,cb9fb5da3c43:1:cdab0766,315769,0000074e0ffdea445afb999fa53d2ded3878babc51c328c4a829beacd408b8bc,187.0,9663.398,5,
cf2fcdc5-2be5-4dd2-9887-5f411088c86d,f1d0d797-7a8a-4bf8-b1fa-ed554552545d,4b6f4aee-54a4-45df-8b95-3d61f3cbf035,300,workload-20260609T121504519314Z,26,,2,2026-06-09T12:27:08.733517Z,2026-06-09T12:27:08.915516Z,2026-06-09T12:27:15.315400Z,202,completed,2995,6152,6084be8b8ecc:1:cd184a85,1161224,00000ed930c8b71c0420c5351dbaa6095482fadcadcd7ea46b6052eee85e8696,172.0,6581.883,3,
60f349aa-a415-43e9-85c4-fd824240cf79,0312781d-e88a-4f3b-a55f-3cb681a1b5e1,4b6f4aee-54a4-45df-8b95-3d61f3cbf035,300,workload-20260609T121504519314Z,27,,2,2026-06-09T12:27:08.735518Z,2026-06-09T12:27:08.916516Z,2026-06-09T12:27:22.700889Z,202,completed,9365,13253,cb9fb5da3c43:1:958edf6a,2608306,000006d8709bc57ceba5f323175bb1f0ff00fd66ad096009015254c6bbace823,172.0,13965.371,8,
8ccdfcb6-49f1-494c-9f03-0053f4598860,a3b39c63-5de9-47da-8dfa-6563f1722972,4b6f4aee-54a4-45df-8b95-3d61f3cbf035,300,workload-20260609T121504519314Z,28,,2,2026-06-09T12:27:08.738517Z,2026-06-09T12:27:08.933515Z,2026-06-09T12:27:15.439396Z,202,completed,3030,6168,fcc05684ba59:1:ad51bc70,2143534,0000016acbb43118960e31ce7467face27c40dda826df884d23e7d6387862866,203.0,6700.879,2,
8781fa8f-12cd-4dea-97b7-198a39086c05,888e1858-5bbe-4fd6-b88a-f9e30941e83a,4b6f4aee-54a4-45df-8b95-3d61f3cbf035,300,workload-20260609T121504519314Z,29,,2,2026-06-09T12:27:08.741517Z,2026-06-09T12:27:08.950518Z,2026-06-09T12:27:14.508808Z,202,completed,839,4991,0b769b3035e6:1:3fb7fdd8,532804,000003eb67d1badcc24fc05c438e634613dcf74f3654ea1351305851e0b6fb40,219.0,5767.291,2,
fa2e66ae-7649-4795-a68c-a9f50d8692b3,bade75a4-7423-4231-b4c2-420375852e03,4b6f4aee-54a4-45df-8b95-3d61f3cbf035,300,workload-20260609T121504519314Z,30,,2,2026-06-09T12:27:08.747517Z,2026-06-09T12:27:08.925516Z,2026-06-09T12:27:18.780914Z,202,completed,4697,8783,6084be8b8ecc:1:6df9abd8,1805525,000006f69797a210ee7d3cf8d58797dafe290d29e708dc32a46121e61bec8b3b,172.0,10033.397,6,
83ce2b7f-c220-4f39-90c3-31e233774520,b01e8a36-f7b3-4c32-aa8d-0ba5b68034f1,4b6f4aee-54a4-45df-8b95-3d61f3cbf035,300,workload-20260609T121504519314Z,31,,2,2026-06-09T12:27:08.749517Z,2026-06-09T12:27:08.949518Z,2026-06-09T12:27:18.442914Z,202,completed,1217,7099,208573d5cce8:1:823565d5,882754,00000318b247254140521514ce5a845b46ae2176e6ad8438934247ab9d1a1c24,204.0,9693.397,4,
a3e31177-3288-4c4e-a498-bdb2a83545df,1541f519-48e1-4973-b1e5-19af540ef298,4b6f4aee-54a4-45df-8b95-3d61f3cbf035,300,workload-20260609T121504519314Z,32,,2,2026-06-09T12:27:08.752518Z,2026-06-09T12:27:08.936574Z,2026-06-09T12:27:14.778806Z,202,completed,18,5729,fcc05684ba59:1:72fb2216,11147,00000e89a212a0e6e1f1da7abb84c29128456370ca5bed5613b39dbf48b2b131,188.0,6026.288,4,
5e9fc5e4-455e-4615-ab08-30e39f6e02d4,71ac0ec0-419c-4e89-a5a4-020181e717d0,4b6f4aee-54a4-45df-8b95-3d61f3cbf035,300,workload-20260609T121504519314Z,33,,2,2026-06-09T12:27:08.754518Z,2026-06-09T12:27:08.919515Z,2026-06-09T12:27:17.475914Z,202,completed,557,5916,0b769b3035e6:1:746d371a,328328,00000ff7952c8f053e076ed594e7b56ab5ed8b2b92c7f6b9a088fd24e8b7dc43,172.0,8721.396,4,
23f92986-45aa-402c-88db-486db348bfed,cd2eb360-eb9e-4d52-8f95-b86cf11c66a6,4b6f4aee-54a4-45df-8b95-3d61f3cbf035,300,workload-20260609T121504519314Z,34,,2,2026-06-09T12:27:08.766516Z,2026-06-09T12:27:08.966516Z,2026-06-09T12:27:16.962398Z,202,completed,1254,7218,fcc05684ba59:1:a13a48db,966382,00000fec21b2045ebae39ebf32fc34ac4d085f4c2223bad9c098e8526b36f3ef,203.0,8195.882,3,
dbf577d0-947a-44bf-99a4-6ec2d9224081,c46bc267-003b-480e-89bd-1ba5465e21f4,4b6f4aee-54a4-45df-8b95-3d61f3cbf035,300,workload-20260609T121504519314Z,35,,2,2026-06-09T12:27:08.769517Z,2026-06-09T12:27:08.971515Z,2026-06-09T12:27:19.720884Z,202,completed,2532,8815,6084be8b8ecc:1:e249d37d,972723,00000027e3b872803a5f2036930c823762396bd7b4a8a75d08c7d19671824514,203.0,10951.367,4,
d18521ed-593d-4a24-ba0c-7feca4f35c50,bc41f975-5bac-4383-9968-91612b56a4ac,4b6f4aee-54a4-45df-8b95-3d61f3cbf035,300,workload-20260609T121504519314Z,36,,2,2026-06-09T12:27:08.771517Z,2026-06-09T12:27:08.968515Z,2026-06-09T12:27:17.185398Z,202,completed,1754,7966,0b769b3035e6:1:b3ec3096,1266178,00000874ff879059af9e94ebc535f2de4a815bb55a6df1803c1ae038d9ed0dd2,203.0,8413.881,4,
04053aa6-4a97-43fc-b15b-27eb7261dc69,0ffcf2e0-2125-473c-b938-b3cfc359f497,4b6f4aee-54a4-45df-8b95-3d61f3cbf035,300,workload-20260609T121504519314Z,37,,2,2026-06-09T12:27:08.773517Z,2026-06-09T12:27:08.967518Z,2026-06-09T12:27:19.132915Z,202,completed,1937,8886,fcc05684ba59:1:78480179,1333485,0000032aca05d3fe9284fbd672f64627c2fd481efc81e9e54ec83b6b47a4358e,203.0,10359.398,4,
d081bff5-64ef-4ddf-9530-a4a518fb255a,beefefd9-2a76-4309-9302-a88954b58038,4b6f4aee-54a4-45df-8b95-3d61f3cbf035,300,workload-20260609T121504519314Z,38,,2,2026-06-09T12:27:08.776518Z,2026-06-09T12:27:08.975515Z,2026-06-09T12:27:15.669400Z,202,completed,217,6563,fcc05684ba59:1:2883c0b7,132901,000000e9fe44e40c4cc99a9c8bb3b5c06587fe170fed7167c2fb69c10aa17450,203.0,6892.882,2,
98cb72c5-69ac-408e-a398-e11828c113e6,7eabea6d-06ce-4c7d-904b-415b3a4cd3ec,4b6f4aee-54a4-45df-8b95-3d61f3cbf035,300,workload-20260609T121504519314Z,39,,2,2026-06-09T12:27:08.778517Z,2026-06-09T12:27:08.988517Z,2026-06-09T12:27:19.789884Z,202,completed,422,8738,208573d5cce8:1:84f110c5,390825,00000b7b159ff9ef03f25776beebf415a53d3360fa62cace74a00e7a7cbd60c3,203.0,11011.367,3,
f3bc759d-134f-4061-8797-5f4fdae28143,3aa235b4-46d9-4a6e-87ba-475f01e72fb6,4b6f4aee-54a4-45df-8b95-3d61f3cbf035,300,workload-20260609T121504519314Z,40,,2,2026-06-09T12:27:08.780517Z,2026-06-09T12:27:08.987516Z,2026-06-09T12:27:32.475104Z,202,completed,15864,22432,cb9fb5da3c43:1:336b021a,4625498,00000d69e503153f0130abdba63b5404ff17a0cc64e85cf0f3c085163bedad54,203.0,23694.587,17,
25390602-02fc-46ce-9d86-650b7baad206,c833e725-1409-4d4f-8e41-d8ddaebf08c7,4b6f4aee-54a4-45df-8b95-3d61f3cbf035,300,workload-20260609T121504519314Z,41,,2,2026-06-09T12:27:08.782517Z,2026-06-09T12:27:09.030516Z,2026-06-09T12:27:17.886914Z,202,completed,1437,8366,208573d5cce8:1:4a168889,1171565,00000fa84333dfb9b0b26d6b6d0ac95a5bb5a29bbab2372ceceb72e64cc67b4b,250.0,9104.397,4,
9fcad2dc-d4f3-4680-814e-9fd2c20edc62,d4bc25bf-490c-4550-9172-f977a753c5cd,4b6f4aee-54a4-45df-8b95-3d61f3cbf035,300,workload-20260609T121504519314Z,42,,2,2026-06-09T12:27:08.784516Z,2026-06-09T12:27:08.969517Z,2026-06-09T12:27:17.316398Z,202,completed,324,7395,0616728b7286:1:a8ebbc05,207194,000003e0c4a2bbb4827810a901ceb6364bbdb4da8839801a036db6fcbcbc1cc7,187.0,8531.882,3,
29acdc9a-de69-4549-acd4-366278ff8942,514a90a1-0ebb-43fc-802e-b67ec3d0dd8c,4b6f4aee-54a4-45df-8b95-3d61f3cbf035,300,workload-20260609T121504519314Z,43,,2,2026-06-09T12:27:08.786517Z,2026-06-09T12:27:08.970517Z,2026-06-09T12:27:16.313398Z,202,completed,195,6607,0616728b7286:1:cc7fb6f1,57041,00000e65e4633e1da5efd6ade3cd4d9df6a86bd10aa835356c70230894ed12c0,187.0,7526.881,4,
33578bb8-4982-4584-a909-aadfcc86ff85,e22ae297-a588-4c11-ac4e-69d1b528ece2,4b6f4aee-54a4-45df-8b95-3d61f3cbf035,300,workload-20260609T121504519314Z,44,,2,2026-06-09T12:27:08.802516Z,2026-06-09T12:27:08.997518Z,2026-06-09T12:27:23.758505Z,202,completed,4344,14712,0b769b3035e6:1:bcea2820,3060404,0000012ae3ce2b993c03dc86e3dd508ff8ee4e1db2c5e67af6d5c2e73b09d1af,203.0,14955.989,9,
0c126526-41c7-4cd3-aca7-6d0f1414e637,1d30b7f4-f260-4ff7-a486-96246f648703,4b6f4aee-54a4-45df-8b95-3d61f3cbf035,300,workload-20260609T121504519314Z,45,,2,2026-06-09T12:27:08.804515Z,2026-06-09T12:27:08.999516Z,2026-06-09T12:27:20.093883Z,202,completed,3417,10601,0616728b7286:1:95269929,1364459,000003b2edffe82321e696704fe6059e7581669e97d5fc97b4720582c40c0227,203.0,11289.368,6,
58cb12e9-70f2-47a7-ae16-c3250d7aea63,4598206b-7db2-4fa1-b1bc-77bd05d0f1a6,4b6f4aee-54a4-45df-8b95-3d61f3cbf035,300,workload-20260609T121504519314Z,46,,2,2026-06-09T12:27:08.806516Z,2026-06-09T12:27:09.063515Z,2026-06-09T12:27:19.767884Z,202,completed,470,9599,208573d5cce8:1:043feab6,274112,000006a6b4b029a06f3e23fc313678ce4ea2fd00ad0d9ac3452ce73ea28ab2c7,266.0,10961.368,5,
ca5c2aaf-1324-41a0-85a4-296d819c408e,6bb77eae-b9e0-42c8-99b8-6d2cb9b3eb31,4b6f4aee-54a4-45df-8b95-3d61f3cbf035,300,workload-20260609T121504519314Z,47,,2,2026-06-09T12:27:08.808515Z,2026-06-09T12:27:09.062517Z,2026-06-09T12:27:17.136398Z,202,completed,246,7779,0616728b7286:1:1b861a55,79548,0000033a8f845e6ae546b093735b8a7a0d2e8cf0f10443f17dcff9cff721969f,250.0,8327.883,3,
915b90f7-9590-4868-ad48-73c0d2a3949f,0e044482-c7ce-43bd-aa94-ace8c07f24e9,4b6f4aee-54a4-45df-8b95-3d61f3cbf035,300,workload-20260609T121504519314Z,48,,2,2026-06-09T12:27:08.810515Z,2026-06-09T12:27:09.027519Z,2026-06-09T12:27:18.354914Z,202,completed,732,8828,0b769b3035e6:1:5febe546,458569,000009d5b75986b2ea81990f127673cde610f0cd954325f487d95ed785a81e8f,219.0,9544.399,6,
98247892-a7e2-4819-97e9-3675fb45253e,9dfd2961-0b0a-4ca1-b1cf-26b066a916cd,4b6f4aee-54a4-45df-8b95-3d61f3cbf035,300,workload-20260609T121504519314Z,49,,2,2026-06-09T12:27:08.812519Z,2026-06-09T12:27:09.026516Z,2026-06-09T12:27:19.846884Z,202,completed,27,8801,208573d5cce8:1:fd45b0ce,19588,0000032ffc814571ca95176c0d3b990178ec8bbed43404aea20fa9ab8b6f06d5,203.0,11034.365,5,
aa7b85c3-7dc3-4a34-b946-a597eccae97a,fa662b61-03e5-4d07-85a4-08947a7e4a0c,4b6f4aee-54a4-45df-8b95-3d61f3cbf035,300,workload-20260609T121504519314Z,50,,2,2026-06-09T12:27:08.814516Z,2026-06-09T12:27:09.138515Z,2026-06-09T12:27:20.596552Z,202,completed,1676,10898,6084be8b8ecc:1:572deeb4,745461,0000038b1113c2912785edd877820de828ef10237012719406226f2a5d063a92,328.0,11782.036,6,
2b4cb5db-6303-438d-b46d-b0cb86b3c4cf,a804fb20-320a-4df2-a33e-22a6997e30f3,4b6f4aee-54a4-45df-8b95-3d61f3cbf035,300,workload-20260609T121504519314Z,51,,2,2026-06-09T12:27:08.817516Z,2026-06-09T12:27:09.134517Z,2026-06-09T12:27:20.887599Z,202,completed,1963,11166,0b769b3035e6:1:bbc89ae7,1393612,0000078c3ec2427893298957d53039a5ed9112450cf6642964acfbfab50c05df,312.0,12070.083,4,
dc57ecd6-95eb-4e50-9539-0082d7698d9f,40b550a3-8e07-4ee6-aa4b-5f2f9ec4baf6,4b6f4aee-54a4-45df-8b95-3d61f3cbf035,300,workload-20260609T121504519314Z,52,,2,2026-06-09T12:27:08.819516Z,2026-06-09T12:27:09.083516Z,2026-06-09T12:27:22.058717Z,202,completed,1774,12348,208573d5cce8:1:6ad6fbe5,1072305,00000e6a4fef8711159fd268f21f055532b9631bd45b04a0e7281b816b3b6ebd,266.0,13239.201,6,
09675cbf-c942-4725-9bbb-fef67ecd0645,a7a1151a-8a99-4d9e-a862-21d5433a1a47,4b6f4aee-54a4-45df-8b95-3d61f3cbf035,300,workload-20260609T121504519314Z,53,,2,2026-06-09T12:27:08.824518Z,2026-06-09T12:27:09.029516Z,2026-06-09T12:27:21.968829Z,202,completed,3096,12169,fcc05684ba59:1:afdfb602,2017018,00000a77642377f7d0b1597406e78166ca750c9a9ab89e7a6a7d622e4b228b26,203.0,13144.311,6,
f70da2b9-d2e4-4039-81a1-5d447b947a38,4a076761-5ff2-4a4f-8b42-a92417cfb605,4b6f4aee-54a4-45df-8b95-3d61f3cbf035,300,workload-20260609T121504519314Z,54,,2,2026-06-09T12:27:08.825516Z,2026-06-09T12:27:09.136515Z,2026-06-09T12:27:19.339914Z,202,completed,61,10066,208573d5cce8:1:7405db99,66161,000005f1835467629f9dcc4d6b57ea146fc5bedd1846ac1a80c7f29d1056942b,296.0,10514.398,5,
ba03380d-1d82-4030-93c4-b186bfb676b2,5c97a047-b5da-4ab9-a3f5-3a2d617e5091,4b6f4aee-54a4-45df-8b95-3d61f3cbf035,300,workload-20260609T121504519314Z,55,,2,2026-06-09T12:27:08.827518Z,2026-06-09T12:27:09.140518Z,2026-06-09T12:27:22.379885Z,202,completed,426,12782,fcc05684ba59:1:38c5ce0c,262206,0000021a1e6425c1de6ede43f73d4f2423cec4446e6823b463af5f083fff03b9,312.0,13552.367,9,
3794d378-2503-490c-9415-8ac956cb82c6,3604a1e0-bd5b-48c9-838b-ae22efa99b6b,4b6f4aee-54a4-45df-8b95-3d61f3cbf035,300,workload-20260609T121504519314Z,56,,2,2026-06-09T12:27:08.829515Z,2026-06-09T12:27:09.088516Z,2026-06-09T12:27:21.092642Z,202,completed,1256,10948,6084be8b8ecc:1:ceae2f80,431393,000000e1b373ac1bf639c1a1e29630a25fbee0d010e2994f1950f4c22ec974d4,250.0,12263.127,6,
c1e5c8fd-3384-4b5d-b239-f49f31150648,baa18de6-6200-49f2-8a3c-9fcaa5ba7122,4b6f4aee-54a4-45df-8b95-3d61f3cbf035,300,workload-20260609T121504519314Z,57,,2,2026-06-09T12:27:08.831517Z,2026-06-09T12:27:08.995517Z,2026-06-09T12:27:19.842884Z,202,completed,2900,10026,0b769b3035e6:1:2362c666,2029687,0000014259bc2eb11f424a896e22cf3dcb79dbb11b97f1d0d9d65acae8444f42,156.0,11011.367,4,
29b6b711-30b7-4ab1-992e-8c2079a1371b,47ead7bf-32e4-4f14-96ab-4f667791dba7,4b6f4aee-54a4-45df-8b95-3d61f3cbf035,300,workload-20260609T121504519314Z,58,,2,2026-06-09T12:27:08.840515Z,2026-06-09T12:27:09.015515Z,2026-06-09T12:27:20.683548Z,202,completed,3496,11032,fcc05684ba59:1:5ff5aa39,2359064,00000a265632f3fc223f0a5461793ae640218d6751ba6718db72190d081762c4,172.0,11843.033,6,
19fd608e-ed6e-48d4-83c1-0d9293295c83,49e42e8e-f5d0-4711-9b9e-b837c1380bfc,4b6f4aee-54a4-45df-8b95-3d61f3cbf035,300,workload-20260609T121504519314Z,59,,2,2026-06-09T12:27:08.841515Z,2026-06-09T12:27:08.996516Z,2026-06-09T12:27:17.589914Z,202,completed,590,7955,208573d5cce8:1:cdb7d9ac,355660,00000dcfcdb131bbd03e5487e2f87cdbf4876d3baf3ea4d848936d07176ab37d,156.0,8748.399,5,
c7637b3a-76c8-4ae1-bb54-322f0408f71c,d3c27797-1c65-456d-ade7-e9c0ecf416d5,4b6f4aee-54a4-45df-8b95-3d61f3cbf035,300,workload-20260609T121504519314Z,60,,2,2026-06-09T12:27:08.843518Z,2026-06-09T12:27:09.151515Z,2026-06-09T12:27:27.152366Z,202,completed,6169,17104,0616728b7286:1:dd75e1f3,2093202,00000d4b87cb03ed8c75d4e5c3c905fe68d31bb9f8363cc659c1bad8e05c46f7,297.0,18308.848,12,
3ac110b1-bfc7-4af4-a33d-f935275c5c3b,a2b52253-1a2e-498e-b0bb-c1ef0487031c,4b6f4aee-54a4-45df-8b95-3d61f3cbf035,300,workload-20260609T121504519314Z,61,,2,2026-06-09T12:27:08.848516Z,2026-06-09T12:27:09.070517Z,2026-06-09T12:27:19.861883Z,202,completed,1140,9180,0616728b7286:1:236423c4,360851,00000dc6468cfaa998c6a7824fd6d88f91c93230a83853e1305288a07336e7d2,219.0,11013.367,5,
68cca4a6-2b86-468b-a09c-9e62413d2cf5,7faaf6c5-2568-4d0e-b52f-48c33c709989,4b6f4aee-54a4-45df-8b95-3d61f3cbf035,300,workload-20260609T121504519314Z,62,,2,2026-06-09T12:27:08.855517Z,2026-06-09T12:27:09.071517Z,2026-06-09T12:27:18.426914Z,202,completed,62,9253,6084be8b8ecc:1:a168f738,45374,000006600a5b2e2a5ec9d6b6686207f387b2745537bf215b64dc37fe587f935b,203.0,9571.397,5,
40bcc06b-9c77-43a3-be69-7bad4e3c4370,b589ddfb-5f9f-4882-bcfc-f5cccf851d68,4b6f4aee-54a4-45df-8b95-3d61f3cbf035,300,workload-20260609T121504519314Z,63,,2,2026-06-09T12:27:08.857516Z,2026-06-09T12:27:09.065518Z,2026-06-09T12:27:19.152915Z,202,completed,560,9536,208573d5cce8:1:2d4a488a,370139,00000a635915dc5734f2d233e57beeee00ca07c5ffcd36ef7635d99f73cfa10c,203.0,10295.399,5,
3f06dc27-4f0f-4c15-962e-b895d2e9049b,4b3b673c-82e8-4f2d-bd51-0c598de7767d,4b6f4aee-54a4-45df-8b95-3d61f3cbf035,300,workload-20260609T121504519314Z,64,,2,2026-06-09T12:27:08.860516Z,2026-06-09T12:27:09.016516Z,2026-06-09T12:27:26.555557Z,202,completed,5701,16904,6084be8b8ecc:1:ccfb3979,2021305,00000188766fd3e826f64773c88f60790315662b1abfc25add459f532fac2931,156.0,17695.041,11,
19166bbc-0ddd-4ee0-ab3d-6a1a32705f0f,22b332a7-89cb-4fd0-aac0-9bcb37671697,4b6f4aee-54a4-45df-8b95-3d61f3cbf035,300,workload-20260609T121504519314Z,65,,2,2026-06-09T12:27:08.862516Z,2026-06-09T12:27:09.068516Z,2026-06-09T12:27:22.806889Z,202,completed,3660,13228,0616728b7286:1:2f23343c,1230954,00000f2ca36ca55736d02652da52f193e3e351a63f698b207156b3dbdde25403,203.0,13944.373,6,
4487af34-fb18-4cc6-9b32-74f4f2433a24,41c13070-7ba1-4022-8cce-d2c3a254faaf,4b6f4aee-54a4-45df-8b95-3d61f3cbf035,300,workload-20260609T121504519314Z,66,,2,2026-06-09T12:27:08.865515Z,2026-06-09T12:27:09.146517Z,2026-06-09T12:27:30.203407Z,202,completed,6992,20441,0616728b7286:1:7f993d83,2394990,000003602715f9b3561c8f424b30f6bc64dd4cebc39d5d62a3b049afde7e940a,281.0,21337.892,15,
b4c032f9-27ac-4da4-a9e2-59068b2885c4,8c948498-5879-47dc-ba9f-5af0d31e84ea,4b6f4aee-54a4-45df-8b95-3d61f3cbf035,300,workload-20260609T121504519314Z,67,,2,2026-06-09T12:27:08.876518Z,2026-06-09T12:27:09.067516Z,2026-06-09T12:27:19.754884Z,202,completed,240,10128,208573d5cce8:1:99305d40,264974,0000021d81356547e74209f6f46b11909118ac6b79b6d7785ca8fc4b9865b86b,188.0,10878.366,6,
593264c9-6cb5-4d0d-ad87-a9e6e65a7387,ff2ea192-9c2f-4fed-8953-926c6fce7509,4b6f4aee-54a4-45df-8b95-3d61f3cbf035,300,workload-20260609T121504519314Z,68,,2,2026-06-09T12:27:08.879519Z,2026-06-09T12:27:09.085515Z,2026-06-09T12:27:22.178885Z,202,completed,2319,12753,208573d5cce8:1:b4284ba1,1652593,0000012097542e586145bb58df3cf20fe34bc03e5ecde5b59e8cc76478632367,204.0,13299.366,7,
08579d5a-c597-440d-a325-e4c8d782ac08,79428936-7749-4d0d-a00b-ee15296e7709,4b6f4aee-54a4-45df-8b95-3d61f3cbf035,300,workload-20260609T121504519314Z,69,,2,2026-06-09T12:27:08.884516Z,2026-06-09T12:27:09.086515Z,2026-06-09T12:27:23.540303Z,202,completed,2250,13442,fcc05684ba59:1:76019421,1578980,000007b7b426ea987d30192e7f291f4fc8213c1209e99796442ee53bdde04202,204.0,14655.787,9,
4b8f71ce-1667-435c-931e-ee89df1f81d0,b271fb00-6d61-458c-ae48-3e760166a41d,4b6f4aee-54a4-45df-8b95-3d61f3cbf035,300,workload-20260609T121504519314Z,70,,2,2026-06-09T12:27:08.888516Z,2026-06-09T12:27:09.090515Z,2026-06-09T12:27:26.759557Z,202,completed,5907,17316,6084be8b8ecc:1:11944fb2,2179873,00000d1f9ad39b0ef9a5a1bad712021b54de3de619bacf1f21b78a75c70ab2fc,203.0,17871.041,11,
f31f4f84-d815-42c7-8dcc-2bf278b2584e,f0528df8-53ef-4e6b-8ae7-60897f7c6503,4b6f4aee-54a4-45df-8b95-3d61f3cbf035,300,workload-20260609T121504519314Z,71,,2,2026-06-09T12:27:08.890515Z,2026-06-09T12:27:09.992515Z,2026-06-09T12:27:35.780718Z,202,completed,4927,24770,0616728b7286:1:7ae2ebc7,1723129,000009517464534e9bec25c8f847dad4034ea2a8cdf6d64321be74782110a445,1094.0,26890.203,19,
53a4caf4-7e3a-4218-9649-25444f16c912,7c92c325-8988-4252-9c07-9e5debea74ea,4b6f4aee-54a4-45df-8b95-3d61f3cbf035,300,workload-20260609T121504519314Z,72,,2,2026-06-09T12:27:08.896516Z,2026-06-09T12:27:09.142517Z,2026-06-09T12:27:26.674557Z,202,completed,3384,16772,cb9fb5da3c43:1:6375e0f4,901018,00000916f74c5d4baf68fc758aa4b6eea05612fab485268c9589af5fe76b4a32,250.0,17778.041,10,
83aaf544-67ae-40d2-a752-676bb4a9c6fb,fb693305-4635-4311-86dd-a8997b10a21f,4b6f4aee-54a4-45df-8b95-3d61f3cbf035,300,workload-20260609T121504519314Z,73,,2,2026-06-09T12:27:08.900516Z,2026-06-09T12:27:09.164517Z,2026-06-09T12:27:24.201701Z,202,completed,2761,14270,0b769b3035e6:1:725ce798,1689181,00000b84612b01e2a80c1497039cfcd96f231424ebcfd437115d52f51505c04f,266.0,15301.185,10,
46ea6970-2ddb-4783-bab9-f830e23e3cf4,89737107-5216-4ee1-9d78-c593fbd8a39e,4b6f4aee-54a4-45df-8b95-3d61f3cbf035,300,workload-20260609T121504519314Z,74,,2,2026-06-09T12:27:08.905516Z,2026-06-09T12:27:09.149515Z,2026-06-09T12:27:22.148284Z,202,completed,59,12783,208573d5cce8:1:82b79c82,37845,0000054c1dd386193bb89b97b751f3d0b6ae433b5010b09191424487d0aaa011,234.0,13242.768,8,
e85230d5-5a47-463e-bc91-087303aa54d1,054c3138-2fe3-4a36-a0f6-a45b921bed19,4b6f4aee-54a4-45df-8b95-3d61f3cbf035,300,workload-20260609T121504519314Z,75,,2,2026-06-09T12:27:08.906518Z,2026-06-09T12:27:10.019516Z,2026-06-09T12:27:32.365109Z,202,completed,516,21306,208573d5cce8:1:7ed3aa22,467065,0000037430e77b26b29d6b2a66b616a746335c782d12b8b08842bce0619163a6,1109.0,23458.591,17,
b694b554-ad1d-4a5f-a4ae-2ecebed803e8,41baf7fe-9d2f-4500-9b92-45b788cb9cb4,4b6f4aee-54a4-45df-8b95-3d61f3cbf035,300,workload-20260609T121504519314Z,76,,2,2026-06-09T12:27:08.907519Z,2026-06-09T12:27:09.927516Z,2026-06-09T12:27:30.667299Z,202,completed,1051,19983,fcc05684ba59:1:73038ee9,843939,00000bfb69d8e5ade24ff748f5ce9379adbe91ab601e95d3f39af186a37010a2,1015.0,21759.78,16,
ab5c9ecb-54d6-43e8-b90f-b2b1127a4978,b3807a7b-5841-4c52-9d13-acf91171a36f,4b6f4aee-54a4-45df-8b95-3d61f3cbf035,300,workload-20260609T121504519314Z,77,,2,2026-06-09T12:27:08.911515Z,2026-06-09T12:27:09.144515Z,2026-06-09T12:27:24.299274Z,202,completed,1350,14312,fcc05684ba59:1:212048b5,939254,00000de9e853a9170f6e712ec95fd6deb74fc17fdb599d371cd090b54c827ae1,234.0,15387.759,9,
333130e6-8caa-40de-be52-cb1f8d95275e,3a4ada94-6828-4379-b076-307b29ff0e5c,4b6f4aee-54a4-45df-8b95-3d61f3cbf035,300,workload-20260609T121504519314Z,78,,2,2026-06-09T12:27:08.919515Z,2026-06-09T12:27:09.162517Z,2026-06-09T12:27:23.659509Z,202,completed,872,14005,208573d5cce8:1:2a7c2ca3,567795,00000ea4a14f90f7363544d85a522c0920c4427ed58eedc5d7fad49e7a37079b,235.0,14739.994,9,
c824cbe5-219f-463d-a60d-7fe56c6e34ff,4d31795a-f377-4e36-9ab3-33ec123d9f23,4b6f4aee-54a4-45df-8b95-3d61f3cbf035,300,workload-20260609T121504519314Z,79,,2,2026-06-09T12:27:08.927516Z,2026-06-09T12:27:09.177518Z,2026-06-09T12:27:23.948924Z,202,completed,1088,14391,208573d5cce8:1:b25675d8,818424,000005fcbc9385597ae410d707d5a6ef755373b4da2c0a4a9d68b5a92479c9e0,250.0,15021.408,8,
39a0c961-1e81-4154-80cf-41d69ac857f0,afce1c2a-1099-48dd-8457-af428fae8390,4b6f4aee-54a4-45df-8b95-3d61f3cbf035,300,workload-20260609T121504519314Z,80,,2,2026-06-09T12:27:08.929515Z,2026-06-09T12:27:09.943517Z,2026-06-09T12:27:29.730524Z,202,completed,252,19505,208573d5cce8:1:8dcf562a,159900,000008a220aed3ec4fbc52de5caf8f9e94d0238b9f85cd8f1004bc45fde5852f,1016.0,20801.009,14,
a27d33c6-7d4d-4fbb-a3d2-3b1b48fcac36,053bdb2d-8a87-4a8f-b6ab-e0045a809f32,4b6f4aee-54a4-45df-8b95-3d61f3cbf035,300,workload-20260609T121504519314Z,81,,2,2026-06-09T12:27:08.936574Z,2026-06-09T12:27:09.180516Z,2026-06-09T12:27:25.567275Z,202,completed,2071,15690,fcc05684ba59:1:a3a28fd6,1375595,00000a04a7d3a55981b09c82c99a804a5d2f2d75204f94b991d8f5857e85343a,234.0,16630.701,11,
afeb2e4d-7a27-4b08-a695-7af9400c4263,30d2136e-ae27-426c-af85-e14638ac7b62,4b6f4aee-54a4-45df-8b95-3d61f3cbf035,300,workload-20260609T121504519314Z,82,,2,2026-06-09T12:27:08.937516Z,2026-06-09T12:27:09.349516Z,2026-06-09T12:27:24.993274Z,202,completed,310,15161,0b769b3035e6:1:413ff5d4,193246,000009b8a1cfc2fa7aacedead268854d57c576a0b552b3e1b26c4a6d37d4d380,406.0,16055.758,10,
63fafe3c-8c82-4d93-8647-4d15941ca693,ad7c5650-da50-43ba-a88f-833665af19f0,4b6f4aee-54a4-45df-8b95-3d61f3cbf035,300,workload-20260609T121504519314Z,83,,2,2026-06-09T12:27:08.939516Z,2026-06-09T12:27:09.550516Z,2026-06-09T12:27:27.951864Z,202,completed,1481,18093,0b769b3035e6:1:794f7fd6,1172752,000000c2b433673ac3bbfe62db768344382adb451a34aed161fb698c54c63fbd,609.0,19012.348,11,
f3bb32c3-6973-4577-a123-5e5cebf69f1d,16347c02-3ddc-49a5-9f56-aeccc0d3d819,4b6f4aee-54a4-45df-8b95-3d61f3cbf035,300,workload-20260609T121504519314Z,84,,2,2026-06-09T12:27:08.940516Z,2026-06-09T12:27:09.802518Z,2026-06-09T12:27:30.969886Z,202,completed,2633,20877,208573d5cce8:1:f97bdb2e,2322750,0000072af40c22a287c3491fe6f0d071773b39dbe7aad1a6cd2a97de03130a11,859.0,22029.37,15,
429d090c-6fde-4613-9ed6-a3a16df60674,6f05fe83-1c90-4ae4-8582-686c238253fa,4b6f4aee-54a4-45df-8b95-3d61f3cbf035,300,workload-20260609T121504519314Z,85,,2,2026-06-09T12:27:08.943517Z,2026-06-09T12:27:09.386516Z,2026-06-09T12:27:25.489274Z,202,completed,674,15421,208573d5cce8:1:2c8abe5e,382152,00000c1351f03b100712572cabed97e575003c716a6ce8f1fb5363d67f88506b,437.0,16545.757,9,
ab2dd5e1-3c6a-4ea3-b8e5-05bd9f89a404,db33bd5b-5189-4c30-a939-b0efbfd8cef1,4b6f4aee-54a4-45df-8b95-3d61f3cbf035,300,workload-20260609T121504519314Z,86,,2,2026-06-09T12:27:08.952517Z,2026-06-09T12:27:09.194516Z,2026-06-09T12:27:27.153363Z,202,completed,3043,17334,208573d5cce8:1:90183e7e,2258545,00000ca276ab4f4ed905edbadefca0016148da73b31a6f64160362dc9bbcbdae,234.0,18200.846,11,
11032649-8952-4ced-943f-52ec2c3007d5,1d3fd147-1bf4-459b-8a2d-c6a072902caa,4b6f4aee-54a4-45df-8b95-3d61f3cbf035,300,workload-20260609T121504519314Z,87,,2,2026-06-09T12:27:08.953516Z,2026-06-09T12:27:09.656518Z,2026-06-09T12:27:29.093059Z,202,completed,1373,18590,6084be8b8ecc:1:39770f0d,509353,000001f050d6309f853af0e2eaefbae611cdeed41ca78c519ddaa79144463a76,703.0,20139.543,14,
5f68b844-a5a8-4e35-8b91-ccf4b1b49cf2,eb9efaaf-1239-41ae-8e31-464fca7bf61c,4b6f4aee-54a4-45df-8b95-3d61f3cbf035,300,workload-20260609T121504519314Z,88,,2,2026-06-09T12:27:08.955515Z,2026-06-09T12:27:09.553518Z,2026-06-09T12:27:26.016137Z,202,completed,61,16224,0b769b3035e6:1:0ef96425,47003,00000c1aba1828f759fc727d9f6208f15b0ba4445cf0f2ffc1de146d1ee576b0,593.0,17060.622,12,
be102276-7bd5-423d-9fda-765c0c7aa8a8,8ee05c01-5c56-4004-a047-aa54cd498327,4b6f4aee-54a4-45df-8b95-3d61f3cbf035,300,workload-20260609T121504519314Z,89,,2,2026-06-09T12:27:08.956516Z,2026-06-09T12:27:09.415516Z,2026-06-09T12:27:26.719557Z,202,completed,784,16297,0b769b3035e6:1:0a015d36,727092,00000d89e1602625f30355af0ee0f23fb52daf62364af2717764c9f4ef152a3f,453.0,17763.041,12,
816e5118-1b85-41c0-b0e9-9d14a0d2ed10,f5629c27-be75-457f-913a-e0c0aa8fe2a8,4b6f4aee-54a4-45df-8b95-3d61f3cbf035,300,workload-20260609T121504519314Z,90,,2,2026-06-09T12:27:08.957516Z,2026-06-09T12:27:09.904518Z,2026-06-09T12:27:33.318506Z,202,completed,2966,22473,cb9fb5da3c43:1:eb44995d,1052115,000003c2dc2649c75ba421df07620fad586dc6ce4d4c957fca9f18a2c12375e0,953.0,24360.99,16,
39c1d8fd-cfc6-4b0b-bfc7-1ecd9265e392,a81ed864-2848-4c99-a37c-1c61dfd5cf0b,4b6f4aee-54a4-45df-8b95-3d61f3cbf035,300,workload-20260609T121504519314Z,91,,2,2026-06-09T12:27:08.975515Z,2026-06-09T12:27:09.192517Z,2026-06-09T12:27:24.522274Z,202,completed,860,15218,0b769b3035e6:1:c2ad5356,804311,00000b69620cbcdff114b0a5276ed22e8a9d0cd00b6b2b946893c9a654556c23,219.0,15546.759,10,
6e4fd58c-cf39-4439-9ae4-b587d6b73b7f,e23bdcd0-1aeb-4b05-8ada-bd46af57329f,4b6f4aee-54a4-45df-8b95-3d61f3cbf035,300,workload-20260609T121504519314Z,92,,2,2026-06-09T12:27:08.976520Z,2026-06-09T12:27:09.969516Z,2026-06-09T12:27:29.849396Z,202,completed,183,19854,208573d5cce8:1:4cfa3eb9,115034,00000a0b56a9003c51e0879e413816189277309a03e7ec99dc6230c0c22d3655,1000.0,20872.876,12,
65f91020-97fc-44f5-84bb-156fbfefb773,078355b8-0433-4826-813b-dfee4e468c8d,4b6f4aee-54a4-45df-8b95-3d61f3cbf035,300,workload-20260609T121504519314Z,93,,2,2026-06-09T12:27:08.978515Z,2026-06-09T12:27:09.629517Z,2026-06-09T12:27:26.806558Z,202,completed,168,16824,6084be8b8ecc:1:81f0436e,120975,0000083deaa36140a6fe79d9ba23d9cdd58d3dfa4530a50b9d0b615c977affce,656.0,17828.043,12,
55f1b18b-74f8-4556-9010-d42d8ed8e327,90f5c8c0-589d-4713-aa54-971d0d992ac9,4b6f4aee-54a4-45df-8b95-3d61f3cbf035,300,workload-20260609T121504519314Z,94,,2,2026-06-09T12:27:08.980516Z,2026-06-09T12:27:09.740516Z,2026-06-09T12:27:28.965059Z,202,completed,1480,18687,208573d5cce8:1:703f9dd0,1047721,000007ca636ca05cd9c1fe3e17e057b6048f83425f8be20a78238603d655f047,750.0,19984.543,13,
74ff6b58-1489-450e-a3be-38fadf7dbc4b,5211f97f-efc6-47fb-a1b5-6d26f141bd63,4b6f4aee-54a4-45df-8b95-3d61f3cbf035,300,workload-20260609T121504519314Z,95,,2,2026-06-09T12:27:08.999516Z,2026-06-09T12:27:09.270515Z,2026-06-09T12:27:26.333172Z,202,completed,1629,15940,fcc05684ba59:1:597d915b,1119038,000001c0bc3fb39e6ad6da3824a458aaf1360c8cd13c7efaa79c229f2d8f6d0d,266.0,17333.656,11,
bf5d0e75-f0fa-42c1-9943-ea7ce4a1506a,eb1288bd-20dd-4458-900c-22d27aa784dd,4b6f4aee-54a4-45df-8b95-3d61f3cbf035,300,workload-20260609T121504519314Z,96,,2,2026-06-09T12:27:09.000520Z,2026-06-09T12:27:09.892519Z,2026-06-09T12:27:33.933505Z,202,completed,4703,23601,0b769b3035e6:1:9071a195,3451350,00000d5ade1dcfc9e75c3c249c0eed2df18db49d7b4c4faf7bbdfd92c05ffe0a,891.0,24932.985,19,
ff66a461-107d-4c63-89b5-44ee03f6401b,a06f5de8-a864-4a15-b2b6-beb5fd09dc83,4b6f4aee-54a4-45df-8b95-3d61f3cbf035,300,workload-20260609T121504519314Z,97,,2,2026-06-09T12:27:09.002515Z,2026-06-09T12:27:09.863517Z,2026-06-09T12:27:29.831396Z,202,completed,631,19035,0b769b3035e6:1:b55f4d40,612155,00000a8dd0ffb17ae95e7aee0d935d7ab7fb6bd8943c34ae6788ea833133c76c,860.0,20828.881,14,
8626ff2e-5629-477d-a14b-9b3e41b54263,7fd70976-2201-4703-b26f-8b7e394ccf7e,4b6f4aee-54a4-45df-8b95-3d61f3cbf035,300,workload-20260609T121504519314Z,98,,2,2026-06-09T12:27:09.004516Z,2026-06-09T12:27:09.605516Z,2026-06-09T12:27:30.248404Z,202,completed,3250,19980,0616728b7286:1:029f5a33,1123994,00000e265b962c123c9586cd1945fa95457991a1a6addbf793ab2a6bbcb0603f,610.0,21243.888,14,
d49cbb93-b0d2-4848-aaf9-d49549604d24,78784179-f57f-4582-8dd9-7a4010a8305e,4b6f4aee-54a4-45df-8b95-3d61f3cbf035,300,workload-20260609T121504519314Z,99,,2,2026-06-09T12:27:09.006517Z,2026-06-09T12:27:09.523517Z,2026-06-09T12:27:29.835396Z,202,completed,3662,19757,fcc05684ba59:1:df83f0c2,2439210,00000d61d4e7117fc8c1141f105ff9579d32eae354a0267c0019ed57099bfa42,516.0,20828.879,13,
4ec4da46-00bb-420c-8a48-b442ae57c004,72dbdd00-e7a5-43ff-a08e-9cea05695750,4b6f4aee-54a4-45df-8b95-3d61f3cbf035,300,workload-20260609T121504519314Z,100,,2,2026-06-09T12:27:09.030516Z,2026-06-09T12:27:09.333517Z,2026-06-09T12:27:24.382274Z,202,completed,205,14581,208573d5cce8:1:cdca6b8d,121859,0000092793beb6c379fdadd46f6516cfd9f46baa5e37a211ecc63089f7b01e30,297.0,15351.758,10,
dc7ae3fa-27f8-4de9-960d-1f9b40b5eca3,f4657b41-feb7-495a-8e61-e7ffc6585e7d,4b6f4aee-54a4-45df-8b95-3d61f3cbf035,300,workload-20260609T121504519314Z,101,,2,2026-06-09T12:27:09.032515Z,2026-06-09T12:27:09.679517Z,2026-06-09T12:27:27.842864Z,202,completed,703,17846,208573d5cce8:1:c64f2e32,486933,00000ad004bce10d11be6a48171c147ba39b32c1bd637c3c0286cc879920b6e4,640.0,18810.349,12,
ec335312-7f6e-4a5b-b666-5d112c4f150b,dca6825c-9ac8-4a9c-8db4-3034ba2d4e68,4b6f4aee-54a4-45df-8b95-3d61f3cbf035,300,workload-20260609T121504519314Z,102,,2,2026-06-09T12:27:09.034516Z,2026-06-09T12:27:09.756517Z,2026-06-09T12:27:28.993059Z,202,completed,603,18281,0b769b3035e6:1:d18cd4c2,588136,00000eade379e6a260236117ca54a6c844931d2bacb5cb006da10ff7cf7f0b29,718.0,19958.543,14,
bf12aa3e-f917-4d47-8073-904514dafa14,0784ace2-1044-4674-bf8e-dd0e6a5e2227,4b6f4aee-54a4-45df-8b95-3d61f3cbf035,300,workload-20260609T121504519314Z,103,,2,2026-06-09T12:27:09.036516Z,2026-06-09T12:27:10.016516Z,2026-06-09T12:27:34.377506Z,202,completed,3495,23968,6084be8b8ecc:1:6ca353f0,2136364,0000062ed86e253e489f66b93414a11f60f5ac8b0e2ba870a6113b290d0bb4e6,984.0,25340.99,17,
32649599-dd05-420c-ad33-b9b3f33a92df,8b68e7f9-283a-40af-bdcf-7307af9d4d39,4b6f4aee-54a4-45df-8b95-3d61f3cbf035,300,workload-20260609T121504519314Z,104,,2,2026-06-09T12:27:09.038517Z,2026-06-09T12:27:09.844520Z,2026-06-09T12:27:31.417930Z,202,completed,1852,20492,6084be8b8ecc:1:0321f012,658815,00000b0da7f079c591d67e30c98703106761fb433c86bfe4f6d5025bde1aed04,812.0,22379.413,16,
ae253402-c7cf-47f8-968b-bd4eb8cf286d,4e36e0cf-27de-4028-8816-ab57bd402700,4b6f4aee-54a4-45df-8b95-3d61f3cbf035,300,workload-20260609T121504519314Z,105,,2,2026-06-09T12:27:09.040516Z,2026-06-09T12:27:10.004515Z,2026-06-09T12:27:31.998102Z,202,completed,662,21254,208573d5cce8:1:64cdbdb5,639178,0000025527a6689095c789e6eff51cc98391014680f953c22dfb19024a5c5135,968.0,22957.586,15,
ebf6ff46-1c41-4da5-bd43-c4653305a598,d7729761-5368-4d7d-980d-9a9acce875fa,4b6f4aee-54a4-45df-8b95-3d61f3cbf035,300,workload-20260609T121504519314Z,106,,2,2026-06-09T12:27:09.042516Z,2026-06-09T12:27:09.444517Z,2026-06-09T12:27:25.371275Z,202,completed,289,15860,0b769b3035e6:1:38064217,181746,00000c89c487378d901ae4a94819c12a9660a376a690362f8483fa6c09bed4c4,406.0,16328.759,10,
04d5df29-a5ac-4f7c-817c-06421fc645ac,5efc53e7-949e-4752-a48e-746c22764d28,4b6f4aee-54a4-45df-8b95-3d61f3cbf035,300,workload-20260609T121504519314Z,107,,2,2026-06-09T12:27:09.044516Z,2026-06-09T12:27:09.889518Z,2026-06-09T12:27:29.111059Z,202,completed,238,18919,208573d5cce8:1:8f2ff5a4,152095,00000da65ce393edc2fec9f64b00fb1e736bb7eb8b12c4f0b5b7e9879da8aed4,844.0,20066.543,11,
e39a0482-1bff-446b-9fa7-1bc3c25dfadb,89b9cd82-6508-475f-834a-514059676da5,4b6f4aee-54a4-45df-8b95-3d61f3cbf035,300,workload-20260609T121504519314Z,108,,2,2026-06-09T12:27:09.046515Z,2026-06-09T12:27:09.989518Z,2026-06-09T12:27:30.247404Z,202,completed,59,20204,208573d5cce8:1:6908fdfe,37480,00000a3b4f81573d2b28f2ebd5a3821c0ae2497ede75784f929b7dea6ebbfeba,938.0,21200.889,13,
6f348d42-4ee7-48c9-a591-e92402c264f4,9e2ac9b4-f8f1-4f90-ba16-3867182858a8,4b6f4aee-54a4-45df-8b95-3d61f3cbf035,300,workload-20260609T121504519314Z,109,,2,2026-06-09T12:27:09.090515Z,2026-06-09T12:27:09.954517Z,2026-06-09T12:27:32.556104Z,202,completed,2300,21882,fcc05684ba59:1:ecfc584f,1575395,00000ccd485138c3b2270bfeebff240e1c635665b24469dfaf07baa6f70c94cb,860.0,23465.589,16,
61deafe1-d2c4-4ebb-883c-b281c58a3c83,dc10f87f-6aab-46af-9cfb-ae6823e130c9,4b6f4aee-54a4-45df-8b95-3d61f3cbf035,300,workload-20260609T121504519314Z,110,,2,2026-06-09T12:27:09.092518Z,2026-06-09T12:27:09.841517Z,2026-06-09T12:27:28.947060Z,202,completed,337,18654,0b769b3035e6:1:00e30d25,281322,000006f075cd279386a2a5331fd82707ab394827f05325e3eef98100a213f375,750.0,19854.542,14,
ef9ba9bd-fd29-47f2-abe4-46e436d5969a,0dc8806d-b0ff-4545-bc63-20a5d259dad5,4b6f4aee-54a4-45df-8b95-3d61f3cbf035,300,workload-20260609T121504519314Z,111,,2,2026-06-09T12:27:09.095516Z,2026-06-09T12:27:09.999515Z,2026-06-09T12:27:31.796103Z,202,completed,872,20836,0616728b7286:1:f9f49d98,317019,00000e1ff8d4b46283552c5c3cd9cec33abeb1237d61d50b556968abf2b4a575,906.0,22700.587,15,
c95cda3d-67af-4ebd-ad96-7cc9b87aea2c,0a7950eb-0b16-497d-b67b-c821c337b2b4,4b6f4aee-54a4-45df-8b95-3d61f3cbf035,300,workload-20260609T121504519314Z,112,,2,2026-06-09T12:27:09.097518Z,2026-06-09T12:27:10.034515Z,2026-06-09T12:27:42.459630Z,202,completed,10222,31343,0616728b7286:1:468b83e2,5556379,00000874d8c2805f3d9075282361efdf92b101864fdd7b833df453c5349bedae,938.0,33362.112,25,
b435318c-1402-4d87-ac15-6b2e19430370,12911780-d784-4a0b-b140-8e8d9d487e7b,4b6f4aee-54a4-45df-8b95-3d61f3cbf035,300,workload-20260609T121504519314Z,113,,2,2026-06-09T12:27:09.099516Z,2026-06-09T12:27:09.470517Z,2026-06-09T12:27:27.098364Z,202,completed,1544,17084,208573d5cce8:1:6b8d2c91,1077690,00000545a6ef5eff0c18ebc7cb5345bcda97a4678f10b96787f49320eebf7292,375.0,17998.848,11,
8e87459f-7375-4a7c-a910-7476b460cca1,a8bfb82f-7c17-450e-8397-5f58388e3ba3,4b6f4aee-54a4-45df-8b95-3d61f3cbf035,300,workload-20260609T121504519314Z,114,,2,2026-06-09T12:27:09.102518Z,2026-06-09T12:27:09.721517Z,2026-06-09T12:27:32.009104Z,202,completed,4986,22084,6084be8b8ecc:1:8b81c48a,2005334,00000c6cc5e15b231ec92fbac6169039d7b562f270958e07ab6540487d4f3638,625.0,22906.586,16,
85c6eb4d-528d-4a05-bf67-ae7a0139a441,7f6bdd04-f990-49f0-abf0-ed7c491a47bb,4b6f4aee-54a4-45df-8b95-3d61f3cbf035,300,workload-20260609T121504519314Z,115,,2,2026-06-09T12:27:09.104517Z,2026-06-09T12:27:09.481517Z,2026-06-09T12:27:29.082061Z,202,completed,3445,19152,fcc05684ba59:1:7f5fb5b0,2210756,00000ff2a7c1ea49c3cbaf1239b5dc850338c22d1e93bc23c2663afc052a51dc,391.0,19977.544,11,
dbba06f9-8690-4331-93a1-0ce82c9cd6c5,e6e6cb2a-ea1e-44d9-9fb3-e3e76c4420e4,4b6f4aee-54a4-45df-8b95-3d61f3cbf035,300,workload-20260609T121504519314Z,116,,2,2026-06-09T12:27:09.106516Z,2026-06-09T12:27:09.592517Z,2026-06-09T12:27:27.004850Z,202,completed,670,17217,cb9fb5da3c43:1:06f6c7b9,175034,00000b074d0c5573639d7e72fc23353b34dea5087dd0e85a41cd6ba6d946eed9,484.0,17898.334,11,
ac4cc0f6-09ca-494f-b481-49342256c277,e67e7aee-5c39-4e46-b28f-18e0768b7e60,4b6f4aee-54a4-45df-8b95-3d61f3cbf035,300,workload-20260609T121504519314Z,117,,2,2026-06-09T12:27:09.108515Z,2026-06-09T12:27:09.786516Z,2026-06-09T12:27:29.090061Z,202,completed,1830,19194,cb9fb5da3c43:1:e78825c3,492129,000008ad1105abd361decae31005fc61a38c84c0117bd2eb8529e3f393200c2a,672.0,19981.546,14,
b1b72631-40b4-421e-a77c-ebdac5536e16,eeadba04-00fe-45f4-9563-ef6be5dbc3eb,4b6f4aee-54a4-45df-8b95-3d61f3cbf035,300,workload-20260609T121504519314Z,118,,2,2026-06-09T12:27:09.111515Z,2026-06-09T12:27:10.013516Z,2026-06-09T12:27:33.260506Z,202,completed,2363,22530,fcc05684ba59:1:80bcbbfc,1847985,000004b2e370897ad2e35828dfe1ce75b32e23b5e6a25895eb0bb083ca15a83e,906.0,24148.991,17,
31618325-7aa0-421a-884b-f1db36d156a0,aa4dbf2d-6bf4-4bf3-bb98-93c7469c1841,4b6f4aee-54a4-45df-8b95-3d61f3cbf035,300,workload-20260609T121504519314Z,119,,2,2026-06-09T12:27:09.113515Z,2026-06-09T12:27:09.939517Z,2026-06-09T12:27:33.478505Z,202,completed,3511,22848,0b769b3035e6:1:f3cbb1d9,2199381,00000e5ec34093ed11ab4cce556df1f8b6b5574ba87c2e6017bb0447f3b5d921,828.0,24364.99,17,
984d1ffd-c249-4d3f-a4a4-146cffdf46b3,481d472a-d5ba-4be8-8739-a1b34ec5fd7d,4b6f4aee-54a4-45df-8b95-3d61f3cbf035,300,workload-20260609T121504519314Z,120,,2,2026-06-09T12:27:09.115515Z,2026-06-09T12:27:09.555516Z,2026-06-09T12:27:28.105864Z,202,completed,998,17676,0b769b3035e6:1:175e8577,624570,000000debe25f343275d83c4cc0aadefc19d0ac59fcb41e090261f3fe4f6338e,437.0,18990.349,12,
565b8420-07eb-452d-b2bb-2b7dc5daaa9f,031ca83a-de37-4c2d-bca4-15a7fa2f8d3f,4b6f4aee-54a4-45df-8b95-3d61f3cbf035,400,workload-20260609T121504519314Z,1,,2,2026-06-09T12:28:42.858655Z,2026-06-09T12:28:43.038656Z,2026-06-09T12:29:13.416607Z,202,completed,190,511,fcc05684ba59:1:023f4218,161978,00000e73f02ec42c8bcf5b2e34d08b34efeb32b87be8e2e833a0baed4e2ec8b2,172.0,30557.952,1,
4db80b0a-ee92-4749-9007-2aabab49c1c3,61782d20-6f92-4d90-b8aa-d14822164a97,4b6f4aee-54a4-45df-8b95-3d61f3cbf035,400,workload-20260609T121504519314Z,2,,2,2026-06-09T12:28:42.860659Z,2026-06-09T12:28:43.057656Z,2026-06-09T12:29:13.422648Z,202,completed,1453,2797,0b769b3035e6:1:cf1f3458,1030998,000007853eaf148a73919d6e340a26c60f6bd80a7ec27bfcaeda2751f3361e86,187.0,30561.989,1,
784446d9-c6ba-4a83-9418-8e6951a82f3c,5c29930d-4118-4d4e-b7c2-6a1189ae4555,4b6f4aee-54a4-45df-8b95-3d61f3cbf035,400,workload-20260609T121504519314Z,3,,2,2026-06-09T12:28:42.862658Z,2026-06-09T12:28:43.058655Z,2026-06-09T12:29:13.418964Z,202,completed,94,1436,fcc05684ba59:1:6c544cf7,103944,00000458ec5bf69662d0d7826c4bac0893808a96c80331a578c1d1a3699f1de5,203.0,30556.306,1,
7b821cfd-14a3-4266-bec1-62327d57b8bc,4fb6c04a-0317-4c5b-85c4-78c641d81972,4b6f4aee-54a4-45df-8b95-3d61f3cbf035,400,workload-20260609T121504519314Z,4,,2,2026-06-09T12:28:42.863658Z,2026-06-09T12:28:43.034653Z,2026-06-09T12:29:13.532511Z,202,completed,9381,9735,0616728b7286:1:74ef41fe,3248286,0000071e8059d932dddb11976e4b2035d5513824ef555d02b58d7a9d8cb8cd3d,172.0,30668.853,1,
18fb4b08-fc9a-4d8b-8505-84062a102560,d6081e93-a6c3-4602-9a6b-f3a0e1054017,4b6f4aee-54a4-45df-8b95-3d61f3cbf035,400,workload-20260609T121504519314Z,5,,2,2026-06-09T12:28:42.865657Z,2026-06-09T12:28:43.034653Z,2026-06-09T12:29:13.434511Z,202,completed,1851,2539,208573d5cce8:1:d419a3ee,1264747,00000dd68bdf5330fde8125527c1c1afed6d7b07ee1309b96c03710b06316392,172.0,30568.854,1,
55c12613-00ab-4c33-a47f-f5373b4e760e,a52f431f-8de3-4079-8500-d3f667e72889,4b6f4aee-54a4-45df-8b95-3d61f3cbf035,400,workload-20260609T121504519314Z,6,,2,2026-06-09T12:28:42.866658Z,2026-06-09T12:28:43.057656Z,2026-06-09T12:29:13.411607Z,202,completed,3538,3954,0616728b7286:1:5c3ab1fb,1136624,00000426e4d9ef4ee710f4dbef2816a7afbc0c0d1b7d0ec5940011a05263e70b,187.0,30544.949,1,
3d495298-3e49-4560-945a-3a6b5e344bc6,f7ddd678-95f2-4eb6-b035-a920dc3b3cb8,4b6f4aee-54a4-45df-8b95-3d61f3cbf035,400,workload-20260609T121504519314Z,7,,2,2026-06-09T12:28:42.868658Z,2026-06-09T12:28:43.059657Z,2026-06-09T12:29:13.444510Z,202,completed,825,1394,fcc05684ba59:1:3c5cc3d7,853530,00000ff50e1499cb41c64617276cdd4b5cf94a07c5771ff6cd7d6f91423b7d19,203.0,30575.852,1,
8939ba08-7d7a-4954-9082-32ee7b327ef2,14b67551-bcb3-45c5-a9e1-89dbff3c4675,4b6f4aee-54a4-45df-8b95-3d61f3cbf035,400,workload-20260609T121504519314Z,8,,2,2026-06-09T12:28:42.889654Z,2026-06-09T12:28:43.097658Z,2026-06-09T12:29:13.457512Z,202,completed,668,1385,208573d5cce8:1:8a704ebc,444107,00000e7f9d9d3d2afc90acc161458d1737c1e8e375ff9b2f544ad2f5fafe1cdd,203.0,30567.858,1,
d89ff8d7-47c7-4627-89df-5d1d7c446e36,79e77153-2833-42e9-8e0e-63328ab8f5c6,4b6f4aee-54a4-45df-8b95-3d61f3cbf035,400,workload-20260609T121504519314Z,9,,2,2026-06-09T12:28:42.890655Z,2026-06-09T12:28:43.064657Z,2026-06-09T12:29:13.412607Z,202,completed,4508,4814,cb9fb5da3c43:1:7fdf6e01,1365251,00000e4970ff849f0db1857394e58358f8ebb5d0d0f964a5be5d5c0771bb669a,172.0,30521.952,1,
fb911484-4961-4f33-a162-449dd57d4dcd,6ccb64cd-24f8-40ce-a558-de78be988233,4b6f4aee-54a4-45df-8b95-3d61f3cbf035,400,workload-20260609T121504519314Z,10,,2,2026-06-09T12:28:42.892655Z,2026-06-09T12:28:43.244655Z,2026-06-09T12:29:13.420648Z,202,completed,2630,4181,208573d5cce8:1:35915dd7,1828406,00000871d63f2a0f7163a20eceeaa8547be58047c7a2172200cf08c6783c78cd,344.0,30527.993,1,
e9a1c988-96c3-4136-9dba-e1267868d577,6441165d-73f7-44b3-8018-0e7f6e968461,4b6f4aee-54a4-45df-8b95-3d61f3cbf035,400,workload-20260609T121504519314Z,11,,2,2026-06-09T12:28:42.893658Z,2026-06-09T12:28:43.123657Z,2026-06-09T12:29:13.478510Z,202,completed,365,2586,6084be8b8ecc:1:bf15b5a9,163561,000009f0774def5b05fb180e53b195133be630aa99a96bba24b865d1f5ae81c5,234.0,30584.852,1,
13d92146-1791-4f7b-9436-746bfbf611b6,f1d89922-ae40-464f-a98f-78fee776445d,4b6f4aee-54a4-45df-8b95-3d61f3cbf035,400,workload-20260609T121504519314Z,12,,2,2026-06-09T12:28:42.894655Z,2026-06-09T12:28:43.080653Z,2026-06-09T12:29:13.474510Z,202,completed,1657,2126,cb9fb5da3c43:1:53610ffb,435127,00000e46cf86a53653ebd3133df797c21e8e10c75f15481928feb176a1c5c88a,188.0,30579.855,1,
b8f129ba-dcf7-4473-956e-1f577c89726f,ae70a614-3cf5-4751-94ae-c281c4d4fbc9,4b6f4aee-54a4-45df-8b95-3d61f3cbf035,400,workload-20260609T121504519314Z,13,,2,2026-06-09T12:28:42.895654Z,2026-06-09T12:28:43.079653Z,2026-06-09T12:29:13.561510Z,202,completed,4519,7384,6084be8b8ecc:1:6215057c,1756449,00000b66036b083801912f995c7a3e449d7b4341c8a3f72a050ec2f65a6eb8c6,188.0,30665.856,1,
b411cfb0-b0e9-4c9a-bb13-0a419c657762,ae3dece3-01d2-41e5-942e-b1bdc4b02744,4b6f4aee-54a4-45df-8b95-3d61f3cbf035,400,workload-20260609T121504519314Z,14,,2,2026-06-09T12:28:42.898653Z,2026-06-09T12:28:43.096658Z,2026-06-09T12:29:13.469513Z,202,completed,297,956,0b769b3035e6:1:e254f620,224552,0000004387c2676a36b5f2db28fb479914a6c4aa50abb002fafaf34c4e792dda,203.0,30570.86,1,
ec67c678-bc2a-4146-b6c9-c3b5801bbd3e,6118c198-af39-4191-80f3-fb37e84c5d0c,4b6f4aee-54a4-45df-8b95-3d61f3cbf035,400,workload-20260609T121504519314Z,15,,2,2026-06-09T12:28:42.900655Z,2026-06-09T12:28:43.106657Z,2026-06-09T12:29:13.431511Z,202,completed,61,872,fcc05684ba59:1:29decd8c,37615,000006138d4a7ca13137dced660c1f7dc2b1c13685057e6734d947d6d769fa27,219.0,30530.856,1,
ada3749d-9710-44de-ae40-1b44cc23336d,078d3548-ccb9-4505-99fc-db83bc97fab4,4b6f4aee-54a4-45df-8b95-3d61f3cbf035,400,workload-20260609T121504519314Z,16,,2,2026-06-09T12:28:42.903653Z,2026-06-09T12:28:43.104658Z,2026-06-09T12:29:44.488493Z,202,completed,625,1376,0b769b3035e6:1:154bb7e8,494937,00000c5288c30595ae41a2f56e76af872d69c185341fae007039a69f905ada5f,187.0,61584.84,1,poll error: 
baa205a4-dc0a-4b96-add3-5f37e1c0258c,13560652-3106-4b2e-a209-df039e2efc83,4b6f4aee-54a4-45df-8b95-3d61f3cbf035,400,workload-20260609T121504519314Z,17,,2,2026-06-09T12:28:42.904653Z,2026-06-09T12:28:43.105658Z,2026-06-09T12:29:13.476510Z,202,completed,415,2615,fcc05684ba59:1:51725f61,262690,00000d4e8e8dabe293a7eb629c28c8f4232fcfd921bcd58a192832683b566e32,203.0,30571.857,1,
8ed8aa2f-de99-4bbb-9ebf-8c4da2820ae9,92fee87b-85be-4417-b8f4-96fdf6c0b391,4b6f4aee-54a4-45df-8b95-3d61f3cbf035,400,workload-20260609T121504519314Z,18,,2,2026-06-09T12:28:42.905654Z,2026-06-09T12:28:43.122657Z,2026-06-09T12:29:13.480510Z,202,completed,1975,3709,0b769b3035e6:1:843babbc,1443305,00000eb5d9af4e09e8fc0eba732ebab0dc7f751e1555b6acf99f9306b18012f6,218.0,30574.856,1,
da4c9c0f-8265-48cd-8753-ad06a490caaa,dd9b5607-53bc-48c3-87fb-a245a37304aa,4b6f4aee-54a4-45df-8b95-3d61f3cbf035,400,workload-20260609T121504519314Z,19,,2,2026-06-09T12:28:42.907656Z,2026-06-09T12:28:43.080653Z,2026-06-09T12:29:13.429510Z,202,completed,728,1354,6084be8b8ecc:1:df3eac26,296380,00000c608d8dc671fc60f0243d48344e50556f6f2221aca6a3cbee6b7114d3c4,172.0,30521.854,1,
a9a60f04-d5ac-4b82-a8e6-dbf2fb759677,896c4606-eaae-4245-a2d5-8a01848a0266,4b6f4aee-54a4-45df-8b95-3d61f3cbf035,400,workload-20260609T121504519314Z,20,,2,2026-06-09T12:28:42.910653Z,2026-06-09T12:28:43.098658Z,2026-06-09T12:29:13.529511Z,202,completed,911,1786,6084be8b8ecc:1:00c9070d,419331,00000ceacb6ad46b94b7a21f1feee0c44a7e2ff1036825b4202d1de3f328c503,187.0,30618.858,1,
dbd42a0c-e489-4e38-bb9e-298ee7be8c31,c972cc3e-a16d-4d7b-a1ed-320cba67bb20,4b6f4aee-54a4-45df-8b95-3d61f3cbf035,400,workload-20260609T121504519314Z,21,,2,2026-06-09T12:28:42.912656Z,2026-06-09T12:28:43.120658Z,2026-06-09T12:29:13.437511Z,202,completed,326,5001,fcc05684ba59:1:1568c28e,203904,0000028d4804de67ce53fae30c25fdc06071aa689907027c8fdd01ed1e7a75e2,203.0,30524.855,1,
558cbd16-4b39-4551-a139-63ae5e0bef30,387dba4e-599e-4d90-9036-9b1d061d8341,4b6f4aee-54a4-45df-8b95-3d61f3cbf035,400,workload-20260609T121504519314Z,22,,2,2026-06-09T12:28:42.916658Z,2026-06-09T12:28:43.130658Z,2026-06-09T12:29:13.438510Z,202,completed,1208,3025,fcc05684ba59:1:0fc7385c,1112649,000004962b6b7aea291544db51d85dfa8acbf4d1864356f105fe32a95609cf83,218.0,30521.852,1,
54878aa7-d272-405a-a66b-ab438eaf3ecc,e01be532-2045-4cfb-98e0-50fbef7397c8,4b6f4aee-54a4-45df-8b95-3d61f3cbf035,400,workload-20260609T121504519314Z,23,,2,2026-06-09T12:28:42.918656Z,2026-06-09T12:28:43.121657Z,2026-06-09T12:29:13.486509Z,202,completed,2,1839,6084be8b8ecc:1:565b0249,1940,00000ea9b18b2345d2f4bbecd3fcc05d72253f230681e8549d0426a115b573ee,203.0,30567.853,1,
91112424-69ce-46c1-ab3a-738ea800ac00,7c9da4c3-b187-42fd-9134-8659ac2d7246,4b6f4aee-54a4-45df-8b95-3d61f3cbf035,400,workload-20260609T121504519314Z,24,,2,2026-06-09T12:28:42.919654Z,2026-06-09T12:28:43.162658Z,2026-06-09T12:29:13.483510Z,202,completed,1380,4242,208573d5cce8:1:66eaa233,882939,0000078bf1aa6912d89b71fcf999dff5d6948bff0c628c678282be15ae156f1e,235.0,30563.856,1,
82557b13-66cd-4979-9885-3b05f14e88a5,9e291c9e-5f5f-4d8e-9827-5ee149bafb61,4b6f4aee-54a4-45df-8b95-3d61f3cbf035,400,workload-20260609T121504519314Z,25,,2,2026-06-09T12:28:42.921655Z,2026-06-09T12:28:43.159657Z,2026-06-09T12:29:13.554512Z,202,completed,14,1930,fcc05684ba59:1:e940e360,14818,000000c9854bc26f964615d2335de86582e8efc06624ad1b562d72fd0bc3890b,235.0,30632.857,1,
29784d0b-2289-4bb9-bba1-709aa0067173,e37680b3-f1e3-46bb-8c96-a5c522421191,4b6f4aee-54a4-45df-8b95-3d61f3cbf035,400,workload-20260609T121504519314Z,26,,2,2026-06-09T12:28:42.922657Z,2026-06-09T12:28:43.129658Z,2026-06-09T12:29:13.448510Z,202,completed,598,2983,6084be8b8ecc:1:6a590551,334091,000009c9d09dd12aa221deec1c737372f1aac21e3e636e2154d7e5cb2109134e,203.0,30525.853,1,
9cf71e0c-6b12-4b83-b11c-ddb7eceef1dd,d65f7160-829a-48cd-b199-c939071f9be2,4b6f4aee-54a4-45df-8b95-3d61f3cbf035,400,workload-20260609T121504519314Z,27,,2,2026-06-09T12:28:42.924658Z,2026-06-09T12:28:43.209655Z,2026-06-09T12:29:13.542512Z,202,completed,2408,4846,cb9fb5da3c43:1:da4f4eeb,639019,0000085524d98f482abc6b5f4d3486de7de4f597929e9654e2e17a39057ecb53,282.0,30617.854,1,
1d7bd920-2467-4120-9097-637108fe701c,e8c02f46-9d0c-4ee6-ae43-4e78e48a285c,4b6f4aee-54a4-45df-8b95-3d61f3cbf035,400,workload-20260609T121504519314Z,28,,2,2026-06-09T12:28:42.925658Z,2026-06-09T12:28:43.160657Z,2026-06-09T12:29:13.548512Z,202,completed,564,6992,0b769b3035e6:1:d41cce5b,352072,00000666416ed43dc92843ca2dfbb8be7f4406ff6b227b3f22fa540386b008d7,235.0,30622.854,1,
27776933-0814-4d06-a534-d5d9cba53c80,c44e5378-27fe-4efd-bd0d-ee84581af01a,4b6f4aee-54a4-45df-8b95-3d61f3cbf035,400,workload-20260609T121504519314Z,29,,2,2026-06-09T12:28:42.928655Z,2026-06-09T12:28:43.221656Z,2026-06-09T12:29:13.450510Z,202,completed,1034,5652,fcc05684ba59:1:da8aefa7,848801,00000899ffe87c2f2f6a607d27a1b55b1ff9acc2689a1482678cb4111655b8b6,297.0,30521.855,1,
9ff44b23-68b7-4bd5-b6b8-bb6644054d1e,7387ed2a-bc4f-44c8-9fc9-ac425e26da9a,4b6f4aee-54a4-45df-8b95-3d61f3cbf035,400,workload-20260609T121504519314Z,30,,2,2026-06-09T12:28:42.930658Z,2026-06-09T12:28:43.207655Z,2026-06-09T12:29:13.440510Z,202,completed,1176,4173,fcc05684ba59:1:6d24bddf,902434,00000d20992199ca04f80f553ae7b6d36eb6f4d1b3ebdf194703fc86cd9f3352,282.0,30509.852,1,
dff23537-125d-46f7-bd70-396819614466,817e0a2c-3972-403d-8c5c-2a0e039b8f6f,4b6f4aee-54a4-45df-8b95-3d61f3cbf035,400,workload-20260609T121504519314Z,31,,2,2026-06-09T12:28:42.931658Z,2026-06-09T12:28:43.271656Z,2026-06-09T12:29:13.442510Z,202,completed,5023,8287,6084be8b8ecc:1:343e491a,1913487,000006decf8bf43a2a813fd325aeb3c8944915e507a2da9311927d69bc76f3b3,344.0,30510.852,1,
0668a698-cf87-4755-8b20-9d1b0d74a222,a7f2baee-2c6c-4af4-a8a8-e56f3bb6a58c,4b6f4aee-54a4-45df-8b95-3d61f3cbf035,400,workload-20260609T121504519314Z,32,,2,2026-06-09T12:28:42.934658Z,2026-06-09T12:28:43.206658Z,2026-06-09T12:29:13.427513Z,202,completed,3095,6102,0b769b3035e6:1:e38dc9f9,2115236,00000dfefdee8c07a718963cc44faa532ab14bf8aa6bbd37653060e00799c5b1,266.0,30492.855,1,
d8d1d3a1-e344-4724-8f1f-e7647ad6a17d,8bf2e657-8244-4abc-9bdd-1fb8416da6c6,4b6f4aee-54a4-45df-8b95-3d61f3cbf035,400,workload-20260609T121504519314Z,33,,2,2026-06-09T12:28:42.937659Z,2026-06-09T12:28:43.128658Z,2026-06-09T12:29:13.661511Z,202,completed,978,4247,fcc05684ba59:1:048a8df3,734083,00000ba774e3a969d71058d9dcde2b3aac95762637cbb18ffe8d76a6de6ddca1,187.0,30723.852,1,
8c65cc28-11b3-4dbb-8445-ed4fc77c2bdf,5be44a2f-83cd-42af-82c2-b7aebebb6161,4b6f4aee-54a4-45df-8b95-3d61f3cbf035,400,workload-20260609T121504519314Z,34,,2,2026-06-09T12:28:42.940658Z,2026-06-09T12:28:43.218656Z,2026-06-09T12:29:13.447512Z,202,completed,5070,9282,0616728b7286:1:28be1b0a,1633012,00000c012bbe1f96a577ac1bc8223277012a657dd0afa548c44002430957a715,281.0,30506.854,1,
c89dd870-f090-4568-b5f6-fb451107f509,0369b522-e8a8-4c36-9192-eb0fb462d447,4b6f4aee-54a4-45df-8b95-3d61f3cbf035,400,workload-20260609T121504519314Z,35,,2,2026-06-09T12:28:42.943660Z,2026-06-09T12:28:43.170657Z,2026-06-09T12:29:13.455510Z,202,completed,5882,9852,0b769b3035e6:1:67040c4e,4175355,000007897cc9f487d7b6e207ca7dcf339de3b7b4a11b6bc9d9c7f3372bbc7246,234.0,30511.85,1,
ce9d3f6c-5cee-44f0-ac22-601827e5d869,d8f3aca4-6076-4fc0-a085-4699e266f9ec,4b6f4aee-54a4-45df-8b95-3d61f3cbf035,400,workload-20260609T121504519314Z,36,,2,2026-06-09T12:28:42.945658Z,2026-06-09T12:28:43.219657Z,2026-06-09T12:29:13.467511Z,202,completed,1232,5772,208573d5cce8:1:b160e5e5,1025493,00000d2d19186b4ed74973779f641005e7a5288fd2915acd1c8bbc555a457329,281.0,30521.853,1,
b5f6540c-e4d0-4b14-9ee1-4b8280d47089,192c2b67-b807-4796-ad26-d4f8faf154ba,4b6f4aee-54a4-45df-8b95-3d61f3cbf035,400,workload-20260609T121504519314Z,37,,2,2026-06-09T12:28:42.948657Z,2026-06-09T12:28:43.169657Z,2026-06-09T12:29:13.905510Z,202,completed,240,4713,208573d5cce8:1:98e598b9,124314,000002145b54ed8c42a84c7645bb5cf29f03a9c7ada3ff5c3c5b8e19c45d58e5,234.0,30956.853,1,
fe1b5ef7-fdc2-4b90-b3e2-3ff23f29759c,47e07839-425a-4a80-9a7f-0d721f011d7b,4b6f4aee-54a4-45df-8b95-3d61f3cbf035,400,workload-20260609T121504519314Z,38,,2,2026-06-09T12:28:42.952657Z,2026-06-09T12:28:43.242653Z,2026-06-09T12:29:13.453510Z,202,completed,198,6346,208573d5cce8:1:e9f2aa72,188488,00000a492852ffaa79c1a9ad5766f7dad99169e62fba2ff079640bfdabac9a38,281.0,30500.853,1,
4084274a-efee-4a53-8b28-eb61fe8bf57a,d921b702-e5bb-4846-be0c-eabd5869fc27,4b6f4aee-54a4-45df-8b95-3d61f3cbf035,400,workload-20260609T121504519314Z,39,,2,2026-06-09T12:28:42.956658Z,2026-06-09T12:28:43.279656Z,2026-06-09T12:29:13.432510Z,202,completed,429,5811,208573d5cce8:1:46cd5521,317419,000009a4c7dbf8e55b49241be6c927162343121cbeaa4889018160f2e206bfd3,328.0,30475.852,1,
0b7fe352-b2d9-4503-95c7-840b3ab598b0,0ba7e363-371d-402e-a3be-86e0a21f7b58,4b6f4aee-54a4-45df-8b95-3d61f3cbf035,400,workload-20260609T121504519314Z,40,,2,2026-06-09T12:28:42.959654Z,2026-06-09T12:28:43.215657Z,2026-06-09T12:29:13.489510Z,202,completed,915,6061,fcc05684ba59:1:d273e7be,879902,000002c8a02780e56edf5235aee39a85b9b22db4dfeaa13379a3bb3462c69e6d,265.0,30529.856,1,
c7f09554-dcd1-4b5e-8827-1bb4f3c031ea,14080339-3e95-4f65-bb25-40f3ec2c3ab8,4b6f4aee-54a4-45df-8b95-3d61f3cbf035,400,workload-20260609T121504519314Z,41,,2,2026-06-09T12:28:42.963653Z,2026-06-09T12:28:43.239657Z,2026-06-09T12:29:13.464511Z,202,completed,34,5108,208573d5cce8:1:184be0dc,22344,000005c44f1b5d0d1559545a26f5b37e18170f90b3120baeaeced9af3a6ebbf1,281.0,30500.858,1,
268a491c-3478-4a86-a495-e5a16b0c211e,bf55de87-6385-4ca6-a0c8-68b8fa98ff0a,4b6f4aee-54a4-45df-8b95-3d61f3cbf035,400,workload-20260609T121504519314Z,42,,2,2026-06-09T12:28:42.966657Z,2026-06-09T12:28:43.273656Z,2026-06-09T12:29:13.505510Z,202,completed,2924,8026,cb9fb5da3c43:1:eb4009d7,955860,000007c53926c2c4a010b90f4968f9e2ac837da6b3febe714671398ec69c0906,297.0,30538.853,1,
98b0c5ea-1a9d-4862-b5f6-3cf0424b537a,b60902f7-05aa-4ac6-b343-9995951febce,4b6f4aee-54a4-45df-8b95-3d61f3cbf035,400,workload-20260609T121504519314Z,43,,2,2026-06-09T12:28:42.967657Z,2026-06-09T12:28:43.213657Z,2026-06-09T12:29:13.811510Z,202,completed,801,6092,cb9fb5da3c43:1:d5502c29,215973,0000012565d92237b17ca4eab0302a41db7e20854d2b172780f1d48a51c06f16,235.0,30843.853,1,
699715f6-17ab-4a3c-aff7-3c44cc30d85f,fc123e42-e43b-4271-9750-6d649dc7a8a5,4b6f4aee-54a4-45df-8b95-3d61f3cbf035,400,workload-20260609T121504519314Z,44,,2,2026-06-09T12:28:42.968654Z,2026-06-09T12:28:43.210654Z,2026-06-09T12:29:13.518512Z,202,completed,38,8585,fcc05684ba59:1:5558e40a,43607,00000b64c2e317de01c1d5b9e0f508e1f78befaabc080578c174ba4e625c4fef,235.0,30549.858,1,
147a9db7-75bc-434a-8d5a-0885d3db8b89,24f42149-7519-462e-8ad9-4686786a8bcf,4b6f4aee-54a4-45df-8b95-3d61f3cbf035,400,workload-20260609T121504519314Z,45,,2,2026-06-09T12:28:42.971653Z,2026-06-09T12:28:43.212657Z,2026-06-09T12:29:13.545510Z,202,completed,28,6122,fcc05684ba59:1:6075c033,18026,00000111399fb0452aa76b292103c6c894eacad41e09deb684ea9d6581b34a6e,235.0,30573.857,1,
7d031a4c-c0c6-415b-8290-9e0de2c76fc5,947bff5d-ca6e-41ee-a30e-38589dc4cd66,4b6f4aee-54a4-45df-8b95-3d61f3cbf035,400,workload-20260609T121504519314Z,46,,2,2026-06-09T12:28:42.973656Z,2026-06-09T12:28:43.282657Z,2026-06-09T12:29:13.717511Z,202,completed,163,6291,208573d5cce8:1:c364d916,149839,000002bd02fdea8dc9026eabf6e9b2c0cba137becd78282662c0f51b9a1c6c8c,313.0,30743.855,1,
964c0564-ef6b-4abd-b786-0708ab7c17e4,795d304b-3cff-4533-bc43-6cfb9eae7cdb,4b6f4aee-54a4-45df-8b95-3d61f3cbf035,400,workload-20260609T121504519314Z,47,,2,2026-06-09T12:28:42.976657Z,2026-06-09T12:28:43.235656Z,2026-06-09T12:29:13.515510Z,202,completed,1725,8017,fcc05684ba59:1:a4d51284,1272427,000005968ac6f575f94754a75fb6370052659afb5d6900c0c5d8fc735f5a8ed4,266.0,30538.853,1,
a3f09c17-0a6b-48b6-a64b-dd0e862adc06,779a2fb9-cddb-4905-bb9b-3e1fa88c5899,4b6f4aee-54a4-45df-8b95-3d61f3cbf035,400,workload-20260609T121504519314Z,48,,2,2026-06-09T12:28:42.978655Z,2026-06-09T12:28:43.216658Z,2026-06-09T12:29:13.652511Z,202,completed,5165,11617,cb9fb5da3c43:1:ea63c3e6,1550849,000008d074d39dd9550eda245a8a411b590d2f2c68cb48526509a8b46242eb5f,250.0,30673.856,1,
a2dd7def-b937-4227-b509-21ca085b89db,ff8fe9b0-ddda-44b8-97fd-6756865f7871,4b6f4aee-54a4-45df-8b95-3d61f3cbf035,400,workload-20260609T121504519314Z,49,,2,2026-06-09T12:28:42.983655Z,2026-06-09T12:28:43.275656Z,2026-06-09T12:29:13.884510Z,202,completed,2138,9369,0b769b3035e6:1:79064d11,1348427,00000b9a4625a0f1a0d637adc2956d9af7fa0b14b47850a83226f24a7fd222f6,281.0,30900.855,1,
f272d103-e3c8-43f6-b71e-c562afc9c858,e449406d-2e73-462b-8951-17189fe0cc53,4b6f4aee-54a4-45df-8b95-3d61f3cbf035,400,workload-20260609T121504519314Z,50,,2,2026-06-09T12:28:42.984658Z,2026-06-09T12:28:43.269656Z,2026-06-09T12:29:13.912511Z,202,completed,1335,8122,208573d5cce8:1:28873983,894883,00000e1a4dd2f0d77892503c41df33ca7da142c4f2d8fa38338ef8babd1e4678,281.0,30927.853,1,
b532f54a-cfc0-4c63-9164-fa27d2c321ef,8af499ac-6a44-46c8-b66b-f48e5fb29b78,4b6f4aee-54a4-45df-8b95-3d61f3cbf035,400,workload-20260609T121504519314Z,51,,2,2026-06-09T12:28:42.986659Z,2026-06-09T12:28:43.237656Z,2026-06-09T12:29:13.512512Z,202,completed,1356,8062,208573d5cce8:1:a72d07de,914082,00000ebc706a61c9db0098ffe66b9f2a75458d719536880a60471f302eb1c7cc,250.0,30525.853,1,
3d87c362-2e44-42ac-a340-93b386aec95a,e6b81718-666f-49be-abda-7935112f25ea,4b6f4aee-54a4-45df-8b95-3d61f3cbf035,400,workload-20260609T121504519314Z,52,,2,2026-06-09T12:28:42.990656Z,2026-06-09T12:28:43.248657Z,2026-06-09T12:29:13.625510Z,202,completed,47,9828,0b769b3035e6:1:e46cf918,30023,00000183749e547f6499dc8c16976715a5d2a03ee35ab2382087cb0fd71c2810,265.0,30634.854,1,
11bf268b-4350-4ea1-837e-fe680e249dbf,7a529606-af91-450d-bb19-501a9fec52b6,4b6f4aee-54a4-45df-8b95-3d61f3cbf035,400,workload-20260609T121504519314Z,53,,2,2026-06-09T12:28:42.992658Z,2026-06-09T12:28:43.246656Z,2026-06-09T12:29:13.676510Z,202,completed,958,10516,0616728b7286:1:4f450dbc,441585,00000e8520099f80ca68251fd7c0d4d0e906ac4a1a1cf7582a9ea9d4a4fc56e0,265.0,30683.852,1,
64eb16a1-75dd-46fe-a005-bb0f251cc5d3,fd550599-37a3-44ba-8697-55d323b68076,4b6f4aee-54a4-45df-8b95-3d61f3cbf035,400,workload-20260609T121504519314Z,54,,2,2026-06-09T12:28:42.994658Z,2026-06-09T12:28:43.286656Z,2026-06-09T12:29:13.599511Z,202,completed,3369,10900,6084be8b8ecc:1:a88303f5,1336379,000001a1b237f0bd36e564f2b365ad4db097660d709ec0e991d85051833a46c3,297.0,30604.853,1,
629c15d5-7f94-4e90-8bc4-636dc146cda9,76952554-bf38-410e-b664-0c7e8ce05b42,4b6f4aee-54a4-45df-8b95-3d61f3cbf035,400,workload-20260609T121504519314Z,55,,2,2026-06-09T12:28:42.996656Z,2026-06-09T12:28:43.330656Z,2026-06-09T12:29:13.638510Z,202,completed,792,11011,0b769b3035e6:1:b3e16022,761459,00000956f2db8b817837dbf31f60703e2469e9b682d01d1bb8aed8ca8f290fa9,329.0,30641.854,1,
726a6c2a-9a7c-4743-a33e-047076d202c5,ee9e4079-e579-473f-ad07-49e7d2bbb8fe,4b6f4aee-54a4-45df-8b95-3d61f3cbf035,400,workload-20260609T121504519314Z,56,,2,2026-06-09T12:28:42.998658Z,2026-06-09T12:28:43.289657Z,2026-06-09T12:29:13.671510Z,202,completed,167,6611,fcc05684ba59:1:888e0aea,100680,00000f67428d4c24c95775f55334e8add98e16c506d2676540261aaf1ce489c3,282.0,30672.852,1,
12e88950-60c3-4d26-8664-cfdccfb17932,04668e1e-f5b3-4e3e-a6a4-68ee8e3e454d,4b6f4aee-54a4-45df-8b95-3d61f3cbf035,400,workload-20260609T121504519314Z,57,,2,2026-06-09T12:28:42.999658Z,2026-06-09T12:28:43.277656Z,2026-06-09T12:29:13.498510Z,202,completed,2504,10989,208573d5cce8:1:296cf2b3,1627031,00000edc6a4822c6796183af92f32905cad615fb846de367e9035cb870724aee,282.0,30498.852,1,
663001f1-c969-41f7-bcd3-a8aaa7ce124d,bc9b4df4-672e-4337-acad-31438e8ee8d4,4b6f4aee-54a4-45df-8b95-3d61f3cbf035,400,workload-20260609T121504519314Z,58,,2,2026-06-09T12:28:43.001658Z,2026-06-09T12:28:43.315657Z,2026-06-09T12:29:13.558510Z,202,completed,1171,9416,cb9fb5da3c43:1:13f98de1,310284,000006246c4d19df3cab238340191066487e52aa3dde7c5baf4064d06349668e,313.0,30556.852,1,
f4c423de-927f-437e-9b70-e982b2011861,16cceb74-90a1-45f6-b851-602ce4d7ca06,4b6f4aee-54a4-45df-8b95-3d61f3cbf035,400,workload-20260609T121504519314Z,59,,2,2026-06-09T12:28:43.003657Z,2026-06-09T12:28:43.339657Z,2026-06-09T12:29:13.551510Z,202,completed,1422,10400,fcc05684ba59:1:6aeb5450,954055,00000481494e76e6010f90137befb90106fe490b567f1aa9e1ec457443da19e3,329.0,30547.853,1,
ca37f844-e620-4462-9e71-c1d415996bac,089f7d46-9df6-4f73-b415-703f5673ee73,4b6f4aee-54a4-45df-8b95-3d61f3cbf035,400,workload-20260609T121504519314Z,60,,2,2026-06-09T12:28:43.006658Z,2026-06-09T12:28:43.511840Z,2026-06-09T12:29:13.723510Z,202,completed,85,8638,fcc05684ba59:1:975c07cf,98666,00000dbc1c02a7ffb76ea6184cc564e5895d9a2881eb740d71dabab3f5b30c41,516.0,30716.852,1,
cdce2361-2c97-45aa-b147-81dfd841e3ac,dff7eb3d-100e-4fb5-94a2-71f4f079e621,4b6f4aee-54a4-45df-8b95-3d61f3cbf035,400,workload-20260609T121504519314Z,61,,2,2026-06-09T12:28:43.009658Z,2026-06-09T12:28:43.322656Z,2026-06-09T12:29:13.495510Z,202,completed,6454,14837,6084be8b8ecc:1:dd706d84,2642906,00000172987fb609a38d23acabdbad665e526fccad33baba4bb041ad08315ed7,313.0,30485.852,1,
b3ac9f50-536b-4a06-ac34-8a51f873f8f0,74843f73-ea2a-4754-a2d0-e21a37051d11,4b6f4aee-54a4-45df-8b95-3d61f3cbf035,400,workload-20260609T121504519314Z,62,,2,2026-06-09T12:28:43.013658Z,2026-06-09T12:28:43.333655Z,2026-06-09T12:29:13.492511Z,202,completed,1630,10815,fcc05684ba59:1:4c8e7695,1184101,00000cd4a4add8dd5e9fa073fdd10a93cd757b9ef4a9e1e6bfd3b6b6dc46e464,313.0,30478.853,1,
c4ed4a5e-6808-4a7c-adb7-7641472cc9c3,9d3a8990-b76f-42f1-91aa-00bb7c34bc87,4b6f4aee-54a4-45df-8b95-3d61f3cbf035,400,workload-20260609T121504519314Z,63,,2,2026-06-09T12:28:43.014658Z,2026-06-09T12:28:43.312656Z,2026-06-09T12:29:13.922510Z,202,completed,2,10340,0b769b3035e6:1:a42ab87c,1450,000000bd2aea2138da754f48103505860f0e713c985276f8b4aad61abea4f6a5,297.0,30907.852,1,
77c94034-19ac-4da7-b213-cfed4d29b64f,ada2c2e3-ed8e-4298-bf37-e9e13158448f,4b6f4aee-54a4-45df-8b95-3d61f3cbf035,400,workload-20260609T121504519314Z,64,,2,2026-06-09T12:28:43.017658Z,2026-06-09T12:28:43.336656Z,2026-06-09T12:29:13.582510Z,202,completed,885,11973,208573d5cce8:1:90309da9,751504,00000945f1ca8d0609986571a52460c457652ffdf80484430ead677e5060bc4f,313.0,30564.852,1,
df34abbd-2c90-42cd-8fdb-f94883e2e0af,405bb15b-761d-4748-90d7-ae415ffa0c73,4b6f4aee-54a4-45df-8b95-3d61f3cbf035,400,workload-20260609T121504519314Z,65,,2,2026-06-09T12:28:43.020654Z,2026-06-09T12:28:43.317656Z,2026-06-09T12:29:13.501510Z,202,completed,1315,12465,6084be8b8ecc:1:473d0fdf,476072,000006ea6f98923b2861606eb105a1cff71b22afbc235fed5e8748beed00a7ea,297.0,30480.856,1,
a24c4651-7731-4c9e-89ed-f277aebf30b2,3a24b999-93cd-41b9-88f3-2de0ce998b2e,4b6f4aee-54a4-45df-8b95-3d61f3cbf035,400,workload-20260609T121504519314Z,66,,2,2026-06-09T12:28:43.022653Z,2026-06-09T12:28:43.514840Z,2026-06-09T12:29:13.739510Z,202,completed,1833,12373,0b769b3035e6:1:ce69f791,1477539,00000899cb2b13cd5da8cb896e6ef2075d8992ea809d7d08e2f1ef39b83d25db,500.0,30716.857,1,
83d98e60-9539-45c7-b5e9-87c4a2803e26,,4b6f4aee-54a4-45df-8b95-3d61f3cbf035,400,workload-20260609T121504519314Z,67,,2,2026-06-09T12:28:43.024654Z,2026-06-09T12:29:13.109116Z,,,failed,,,,,,30094.0,,0,POST /pow failed: 
b4511cb2-ef4c-485b-9844-d3e273e1dcfd,fb91c326-345e-4a19-8f1e-ee43dc917718,4b6f4aee-54a4-45df-8b95-3d61f3cbf035,400,workload-20260609T121504519314Z,68,,2,2026-06-09T12:28:43.027654Z,2026-06-09T12:28:43.355840Z,2026-06-09T12:29:13.764510Z,202,completed,1383,12289,0616728b7286:1:8a0d0b24,549409,00000cefec57bb92a3847f6b5956c81a4a3fcc5d4b6e4fe5d82df2a89fd32cac,328.0,30736.856,1,
4debda69-0f70-43d7-a7e2-3694e90c4165,ae0fac70-c520-4f59-9955-88c19fe498c0,4b6f4aee-54a4-45df-8b95-3d61f3cbf035,400,workload-20260609T121504519314Z,69,,2,2026-06-09T12:28:43.030653Z,2026-06-09T12:28:43.386840Z,2026-06-09T12:29:13.643510Z,202,completed,1085,12728,208573d5cce8:1:b9ce280c,864495,00000d2d6be74fd6fa27e1dd1da20a743e523e0a1f6173850d713393d1605833,359.0,30612.857,1,
25eaed10-ca35-4920-b811-b3d14ec9aa5c,694a710f-34a9-4286-86f0-30d3f1f2d8cf,4b6f4aee-54a4-45df-8b95-3d61f3cbf035,400,workload-20260609T121504519314Z,70,,2,2026-06-09T12:28:43.035653Z,2026-06-09T12:28:43.241657Z,2026-06-09T12:29:13.844510Z,202,completed,2269,11993,cb9fb5da3c43:1:a7ff6ec0,714959,000002b43f0704cfdabdd6917e75b4212f7a86bf9992e6431706ff270d7832c7,203.0,30808.857,1,
5916b0ac-f878-4446-83a6-9714c4fd7f59,0c1a05e9-f2dd-4ca0-8874-093d0b09d099,4b6f4aee-54a4-45df-8b95-3d61f3cbf035,400,workload-20260609T121504519314Z,71,,2,2026-06-09T12:28:43.038656Z,2026-06-09T12:28:43.284655Z,2026-06-09T12:29:13.871510Z,202,completed,1181,8068,fcc05684ba59:1:4aba0796,744213,0000018ad1d8d5e28ada6deb1b4c2055b8d75317aba8431f8e62be34c845d17a,250.0,30832.854,1,
773431db-4878-4bc8-bc83-4ebdb8bf4e4e,d9a63b1d-e287-4af7-88f5-476c1693445c,4b6f4aee-54a4-45df-8b95-3d61f3cbf035,400,workload-20260609T121504519314Z,72,,2,2026-06-09T12:28:43.042657Z,2026-06-09T12:28:43.310655Z,2026-06-09T12:29:13.523510Z,202,completed,504,8843,208573d5cce8:1:57854666,349605,000003eca13feec78583ca602659d0973caf95141d784969849a6f6b82390a03,281.0,30480.853,1,
b1511917-0d49-4d0c-9d44-84cb55530cd8,b8f43ea0-fa8f-4628-a984-68e8e44f1d18,4b6f4aee-54a4-45df-8b95-3d61f3cbf035,400,workload-20260609T121504519314Z,73,,2,2026-06-09T12:28:43.044656Z,2026-06-09T12:28:43.421841Z,2026-06-09T12:29:13.595510Z,202,completed,284,11970,fcc05684ba59:1:57681c6d,180412,00000edc6437712f7e42aaf6ace909f77406b4c4dc66bd209adc63c8dad857b5,375.0,30550.854,1,
1e145455-ef3e-4328-a47a-2c9dc171d09c,c1e385b2-8ba1-4393-b07d-7b25caaa0ce1,4b6f4aee-54a4-45df-8b95-3d61f3cbf035,400,workload-20260609T121504519314Z,74,,2,2026-06-09T12:28:43.046656Z,2026-06-09T12:28:43.438838Z,2026-06-09T12:29:13.691511Z,202,completed,3942,16085,0616728b7286:1:b20977fe,1769827,00000230f869cfb525e1ae2a46301bfcbee9e6aecc02dbbb7f152cb3ac5abbbd,391.0,30644.855,1,
95af78b9-f926-40e8-a2d5-ef832bc1326a,b1fc7871-4920-4606-8746-efe1d0a9d223,4b6f4aee-54a4-45df-8b95-3d61f3cbf035,400,workload-20260609T121504519314Z,75,,2,2026-06-09T12:28:43.047656Z,2026-06-09T12:28:43.404840Z,2026-06-09T12:29:13.572512Z,202,completed,1061,12653,0b769b3035e6:1:7dffb70c,783215,000000d5b2ecbe656f4f8f8d55364f530d935bb22efaf99f60082f2137a8d0b4,360.0,30524.856,1,
26c47d15-bf71-4b94-b736-80f27257bea9,2aa6b11e-0f0e-465c-9e4a-114362c80ec7,4b6f4aee-54a4-45df-8b95-3d61f3cbf035,400,workload-20260609T121504519314Z,76,,2,2026-06-09T12:28:43.051658Z,2026-06-09T12:28:43.435838Z,2026-06-09T12:29:13.702510Z,202,completed,144,12233,208573d5cce8:1:cc2c5306,88484,00000851003e89fc4231df172eccd2ac103b7d55200f81dd156ee4d96ef011a6,391.0,30650.852,1,
c8d1cb08-f2a5-4afb-b4ac-45c645d678a9,624fde8c-5a16-4c93-aadc-e51aeea8d8d0,4b6f4aee-54a4-45df-8b95-3d61f3cbf035,400,workload-20260609T121504519314Z,77,,2,2026-06-09T12:28:43.059657Z,2026-06-09T12:28:43.325656Z,2026-06-09T12:29:13.630510Z,202,completed,2007,11925,0616728b7286:1:2bd94554,764298,00000db6572412d76ce2c6936f3120b0f9cd0ca1d35b8814b3f79d2976f0dbeb,266.0,30570.853,1,
e153ddfa-7b5d-4142-ae97-e04679575cf8,7a3d56b7-31c7-4ace-8f82-4fe1ca4ae1ff,4b6f4aee-54a4-45df-8b95-3d61f3cbf035,400,workload-20260609T121504519314Z,78,,2,2026-06-09T12:28:43.065658Z,2026-06-09T12:28:43.320656Z,2026-06-09T12:29:13.621512Z,202,completed,2121,11370,208573d5cce8:1:a7025a0f,1420805,000007873d6a50777215fb65371aa31627e5b5b15f6b49daf8178761ba700df2,250.0,30555.854,1,
6f1960ed-5abe-4fa6-bdd5-993700211fb2,28c226e9-0f90-417f-903f-cd1af0cdb560,4b6f4aee-54a4-45df-8b95-3d61f3cbf035,400,workload-20260609T121504519314Z,79,,2,2026-06-09T12:28:43.066657Z,2026-06-09T12:28:44.301840Z,2026-06-09T12:29:13.787512Z,202,completed,2686,19172,6084be8b8ecc:1:dece5983,1665939,000001b00a85d9599c96596344cde4c8e7d040a7e39b59fb84c48482690ccc05,1234.0,30720.855,1,
6de4948f-69c6-46df-9c58-5f79f4779815,fea5f1a8-64fd-48b6-ac2a-bc452f18a9e4,4b6f4aee-54a4-45df-8b95-3d61f3cbf035,400,workload-20260609T121504519314Z,80,,2,2026-06-09T12:28:43.067657Z,2026-06-09T12:28:43.580840Z,2026-06-09T12:29:13.686510Z,202,completed,714,12772,fcc05684ba59:1:394f5045,536494,00000f7b95ef89918c2e921151709965d273d182a544dd12f20f2c8ee9242908,516.0,30618.853,1,
c461bc03-7033-40ad-b154-f32f8df97a3e,6ee4532a-359c-478b-8a66-b9c830cc02fa,4b6f4aee-54a4-45df-8b95-3d61f3cbf035,400,workload-20260609T121504519314Z,81,,2,2026-06-09T12:28:43.068656Z,2026-06-09T12:28:43.748842Z,2026-06-09T12:29:13.770510Z,202,completed,433,12966,0b769b3035e6:1:80432e30,270047,00000e7c6d97df9ccd40b074823e2f492bd32daaa669962db0bae8f049608f1f,687.0,30701.854,1,
8a30b8d1-ea84-40ca-a82f-9b517d5347b7,5373f7ac-7de8-4318-aeb9-a063e4443cd3,4b6f4aee-54a4-45df-8b95-3d61f3cbf035,400,workload-20260609T121504519314Z,82,,2,2026-06-09T12:28:43.069656Z,2026-06-09T12:28:44.076840Z,2026-06-09T12:29:13.507511Z,202,completed,1917,16344,fcc05684ba59:1:1bdc3a69,1321206,00000ab387f28aeef45af2c5ff7b477e41b79e9521c486731801587ccb635332,1016.0,30437.855,1,
e2db1cf1-51ec-411d-ad1a-258235fc2335,031001f2-7433-4831-9c2e-0032c798f16d,4b6f4aee-54a4-45df-8b95-3d61f3cbf035,400,workload-20260609T121504519314Z,83,,2,2026-06-09T12:28:43.073656Z,2026-06-09T12:28:43.328657Z,2026-06-09T12:29:13.586510Z,202,completed,2261,12983,fcc05684ba59:1:52b442e4,1982898,00000f861307d3c5f29649fec27da5645e2b815d97243042e6ffc5d86981d4d9,266.0,30512.854,1,
152b1e51-7b4a-491f-8620-7e0b29f65554,750d4bb0-623b-4fae-b323-44e2992b09f3,4b6f4aee-54a4-45df-8b95-3d61f3cbf035,400,workload-20260609T121504519314Z,84,,2,2026-06-09T12:28:43.083658Z,2026-06-09T12:28:43.533841Z,2026-06-09T12:29:13.578511Z,202,completed,338,11412,fcc05684ba59:1:80980d38,207959,00000cdf90264952182ebbd95336eaa98832a15a2f09e11a194716c21e41f273,453.0,30494.853,1,
c650649e-c942-4bd3-93a6-b2f8d696342b,984cd246-bc35-4e85-8539-c8ddd8a0dc33,4b6f4aee-54a4-45df-8b95-3d61f3cbf035,400,workload-20260609T121504519314Z,85,,2,2026-06-09T12:28:43.084658Z,2026-06-09T12:28:44.257840Z,2026-06-09T12:29:13.857511Z,202,completed,4869,21169,208573d5cce8:1:76c70c38,3535081,0000022883964ee011f82a3c85ef5161e755c690636105e321f7b567ff74d178,1171.0,30772.853,1,
a3dfa386-6233-4f53-98d5-07762f717c0f,5a3235b5-186e-4aa4-9077-90e3619b1ff4,4b6f4aee-54a4-45df-8b95-3d61f3cbf035,400,workload-20260609T121504519314Z,86,,2,2026-06-09T12:28:43.085658Z,2026-06-09T12:28:44.250840Z,2026-06-09T12:29:13.838510Z,202,completed,5312,21367,cb9fb5da3c43:1:1f5a779f,1428684,00000cbb5d40f9c805b2a37e8a7166f371cbb7085b18b8f839e43e4619a4d6a5,1171.0,30752.852,1,
6b2426cf-e246-4225-94ff-02037c5616bd,16e8a101-890e-499b-a58a-5c21b3040482,4b6f4aee-54a4-45df-8b95-3d61f3cbf035,400,workload-20260609T121504519314Z,87,,2,2026-06-09T12:28:43.086658Z,2026-06-09T12:28:44.254841Z,2026-06-09T12:29:13.565510Z,202,completed,1583,18027,fcc05684ba59:1:9e43a305,993806,000008ce59d04b986dd9e1d635eaf98ef5a780fa6ca4143b79abd346fffa0991,1171.0,30478.852,1,
3af3c1ae-8eea-4868-8577-f761f5abc09e,0c0744c6-1b93-4662-8a1c-1c93cc313766,4b6f4aee-54a4-45df-8b95-3d61f3cbf035,400,workload-20260609T121504519314Z,88,,2,2026-06-09T12:28:43.088658Z,2026-06-09T12:28:43.989839Z,2026-06-09T12:29:13.707512Z,202,completed,2925,16609,6084be8b8ecc:1:b47cb24f,1421106,00000f1a3a0c1e4fb39f569a264c9e5b670ef7d0198bfd877a96d566ec546e67,906.0,30618.854,1,
e5760849-7839-445a-b287-b8c675aa3706,4d36b3f1-b83c-4f40-83e3-9cac4d51af68,4b6f4aee-54a4-45df-8b95-3d61f3cbf035,400,workload-20260609T121504519314Z,89,,2,2026-06-09T12:28:43.106657Z,2026-06-09T12:28:43.369841Z,2026-06-09T12:29:13.590510Z,202,completed,249,11365,0b769b3035e6:1:81972bee,160487,000007cdaaa61d5a5ee45703b7292f40355131dff8a5619f4d84081defc85dd2,250.0,30483.853,1,
52440bc7-21b9-4285-98bd-aad27837e43d,1346fa97-925b-41fc-b8b6-b9d8409c1f0a,4b6f4aee-54a4-45df-8b95-3d61f3cbf035,400,workload-20260609T121504519314Z,90,,2,2026-06-09T12:28:43.107658Z,2026-06-09T12:28:43.921839Z,2026-06-09T12:29:13.825512Z,202,completed,2392,15928,0b769b3035e6:1:9b4b6854,1844854,0000012d4d24efb608ce0d1ce7d7bf7ffcfe194af525af40f87fdcdd5646f977,812.0,30717.854,1,
cd4cbd45-e40c-4a62-9f2d-9a344e15b499,227392a7-b40c-4184-8ec7-5ba52a1cfade,4b6f4aee-54a4-45df-8b95-3d61f3cbf035,400,workload-20260609T121504519314Z,91,,2,2026-06-09T12:28:43.109657Z,2026-06-09T12:28:43.883840Z,2026-06-09T12:29:13.758510Z,202,completed,1558,14707,0616728b7286:1:59d85a80,506591,00000e59b1ced38a924195d0edf55ed0619c608677cb80c0082bf6afbba0c0e7,765.0,30648.853,1,
72b37804-7f1d-4f50-9d23-0fda8221dfab,5c9a55c1-99f4-4326-b008-eabf8821243b,4b6f4aee-54a4-45df-8b95-3d61f3cbf035,400,workload-20260609T121504519314Z,92,,2,2026-06-09T12:28:43.110658Z,2026-06-09T12:28:43.896839Z,2026-06-09T12:29:13.733510Z,202,completed,110,13216,0b769b3035e6:1:c0b0f6f1,68748,00000f41990cea4e3e99d117ace5b503b6e096177f2b92666e6668394e10961e,781.0,30622.852,1,
2b7dece5-7fcc-4143-8d79-585ec6592aea,17eabefa-52da-4d89-b747-2f29092ac738,4b6f4aee-54a4-45df-8b95-3d61f3cbf035,400,workload-20260609T121504519314Z,93,,2,2026-06-09T12:28:43.111658Z,2026-06-09T12:28:44.289840Z,2026-06-09T12:29:13.657511Z,202,completed,938,17583,208573d5cce8:1:e36739e1,603519,00000789ab71ba9cdbdb802a09bdd63a28ae04c995f340881dac42649cc0f433,1172.0,30545.853,1,
11f4736f-811e-405c-80cc-c8e9f78c0095,6bb9e67a-1e56-4f2f-9e05-ecd8b6ad9617,4b6f4aee-54a4-45df-8b95-3d61f3cbf035,400,workload-20260609T121504519314Z,94,,2,2026-06-09T12:28:43.113657Z,2026-06-09T12:28:44.333841Z,2026-06-09T12:29:13.877511Z,202,completed,2948,21138,208573d5cce8:1:0f503ee7,1863261,00000d1dea6a56f5358ca14a62478bb8d1569c107493b1c306e16dc93040f4e7,1219.0,30763.854,1,
6df4f3a4-7669-4122-bde5-8a6eec46c165,03cc045e-c05d-4da4-b7dd-62a3c4ee590e,4b6f4aee-54a4-45df-8b95-3d61f3cbf035,400,workload-20260609T121504519314Z,95,,2,2026-06-09T12:28:43.130658Z,2026-06-09T12:28:43.411840Z,2026-06-09T12:29:13.647511Z,202,completed,300,11917,cb9fb5da3c43:1:bc341679,154728,00000dbc9bac2b21886ff4a2baafd55534f19c85dd8822e32ab31d79f096e464,282.0,30516.853,1,
d0317b81-3789-463e-8289-1d12c24e0ef0,d7fdb732-15c3-4788-919d-7896ed5a2bf3,4b6f4aee-54a4-45df-8b95-3d61f3cbf035,400,workload-20260609T121504519314Z,96,,2,2026-06-09T12:28:43.132657Z,2026-06-09T12:28:44.305840Z,2026-06-09T12:29:13.958526Z,202,completed,860,18431,6084be8b8ecc:1:c9f82c21,304812,00000968105035f75b44c4e5004cd4f125ac5cbaf7ab4339a846561e1d5dab3c,1172.0,30825.869,1,
81efccbb-8493-42a9-85fe-a6ec77693ebc,552515b4-bbbf-4531-9849-f8e47d0136f1,4b6f4aee-54a4-45df-8b95-3d61f3cbf035,400,workload-20260609T121504519314Z,97,,2,2026-06-09T12:28:43.134657Z,2026-06-09T12:28:44.141841Z,2026-06-09T12:29:13.712513Z,202,completed,5325,19669,0b769b3035e6:1:619f4412,3492651,00000f412d20f4ecfc57bb37d3243fae4bddfd323c82dd070f6ab71e1c76ae00,1016.0,30577.856,1,
f8db2170-0220-4ff8-af5e-e22e57f6a27e,35cd8eaa-2720-46f1-8293-48626d240ba7,4b6f4aee-54a4-45df-8b95-3d61f3cbf035,400,workload-20260609T121504519314Z,98,,2,2026-06-09T12:28:43.135658Z,2026-06-09T12:28:44.183839Z,2026-06-09T12:29:13.799510Z,202,completed,6886,22600,0616728b7286:1:4f6eab3a,3594065,0000074157993b3c2225944704317950adfe6072d80321a95d371c062d38a305,1063.0,30663.852,1,
4812e048-c0b9-4058-bd39-e29e84f70c2c,40de7cd4-a664-4fed-8243-9482bd3201fe,4b6f4aee-54a4-45df-8b95-3d61f3cbf035,400,workload-20260609T121504519314Z,99,,2,2026-06-09T12:28:43.137657Z,2026-06-09T12:28:43.781841Z,2026-06-09T12:29:13.603513Z,202,completed,22,12905,0616728b7286:1:5693aefa,7888,00000dbfdc18163b39c7efe8f2a5c41081ac2f87538afe2faa1072d7185e668c,641.0,30465.856,1,
a573e659-66b5-424e-a7cf-f0db233d8f13,eb38e2ad-cfc0-4684-a4ad-aa8345795231,4b6f4aee-54a4-45df-8b95-3d61f3cbf035,400,workload-20260609T121504519314Z,100,,2,2026-06-09T12:28:43.138658Z,2026-06-09T12:28:43.711839Z,2026-06-09T12:29:13.568510Z,202,completed,1309,13726,6084be8b8ecc:1:f2bf927d,438561,000002e31639143a016b04263477873d53c448fed452d1d686fece6a06d47fa7,563.0,30429.852,1,
b5c05047-f84a-4e24-8b37-1e7e02cc2ebe,bdc5fc1c-e036-44e6-975d-3e7c97e376a4,4b6f4aee-54a4-45df-8b95-3d61f3cbf035,400,workload-20260609T121504519314Z,101,,2,2026-06-09T12:28:43.140658Z,2026-06-09T12:28:43.613841Z,2026-06-09T12:29:13.851513Z,202,completed,487,12674,0616728b7286:1:e53be522,167079,000003feed93e79f86f76977d4938ac4fb7857786c99e297c8e65a620ede86f1,469.0,30710.855,1,
e3914cec-a6e9-4ea5-a463-cb91dc87d91c,16645b67-8581-41b9-9013-205753d654e5,4b6f4aee-54a4-45df-8b95-3d61f3cbf035,400,workload-20260609T121504519314Z,102,,2,2026-06-09T12:28:43.142658Z,2026-06-09T12:28:44.230840Z,2026-06-09T12:29:13.666510Z,202,completed,3783,19572,0b769b3035e6:1:633ba61c,2393478,000003d5cd341db2ad75fa2a17f1cc6d2e5bdda6560dfd592531f2df39772e9e,1094.0,30523.852,1,
dfd4e9d1-0fe3-4b77-9fae-b6911f15f143,3f98477f-6a0a-4c90-9a22-116fdef73329,4b6f4aee-54a4-45df-8b95-3d61f3cbf035,400,workload-20260609T121504519314Z,103,,2,2026-06-09T12:28:43.143657Z,2026-06-09T12:28:44.160841Z,2026-06-09T12:29:13.775510Z,202,completed,774,15408,0616728b7286:1:7219f558,345367,000000d296fa89cddc93e1a2339a7f3d6c49467da5135092443cc3d8ac4e9286,1016.0,30631.853,1,
bd8846b2-9beb-4b00-afce-e70abcece22f,b6bfd4dd-4e92-461c-ab4a-6cfbf2cb7334,4b6f4aee-54a4-45df-8b95-3d61f3cbf035,400,workload-20260609T121504519314Z,104,,2,2026-06-09T12:28:43.145657Z,2026-06-09T12:28:43.656840Z,2026-06-09T12:29:13.897511Z,202,completed,4377,16734,208573d5cce8:1:edef701d,3058097,00000f00089bdc3e1bc26c07e1e4da2ef05618c5e2539e39ba6f2b1a05e68cba,516.0,30751.854,1,
e88f5941-2cf5-4b86-9c50-0a690e9691af,500d0bc7-aedd-4a1f-a57e-7c1d96bc84f1,4b6f4aee-54a4-45df-8b95-3d61f3cbf035,400,workload-20260609T121504519314Z,105,,2,2026-06-09T12:28:43.147657Z,2026-06-09T12:28:44.092839Z,2026-06-09T12:29:13.831510Z,202,completed,2237,16688,208573d5cce8:1:6a96390b,1515567,00000323e0c4ebb4ac3eee99757aedf3c147cb4bd1296022538f5019cbd939b7,953.0,30683.853,1,
fd72780a-0857-4d8c-950f-c903db530923,23cc9213-1f5a-41a2-98c3-99ba4008eea4,4b6f4aee-54a4-45df-8b95-3d61f3cbf035,400,workload-20260609T121504519314Z,106,,2,2026-06-09T12:28:43.148656Z,2026-06-09T12:28:44.175842Z,2026-06-09T12:29:13.805510Z,202,completed,3089,18612,0616728b7286:1:4f2f60cf,1048698,00000658a41b06c30ff60721885be1ba881ba75076cb60a2cfa084d55b9c3d0b,1031.0,30656.854,1,
c2badbbd-b459-41f9-93a3-e3aeccf646ef,7089b1d5-3443-44f1-bbf6-7f6037d317d2,4b6f4aee-54a4-45df-8b95-3d61f3cbf035,400,workload-20260609T121504519314Z,107,,2,2026-06-09T12:28:43.150660Z,2026-06-09T12:28:43.766840Z,2026-06-09T12:29:13.526510Z,202,completed,1845,14477,208573d5cce8:1:0f752678,1159204,00000eda8d94f114ad1b6a904193735f91aad7d820bfaed5920150923fbc5553,625.0,30375.85,1,
db030fd9-a1c4-47fd-9145-00cd74494998,d633349e-f98c-497a-a477-9b183b4cecd8,4b6f4aee-54a4-45df-8b95-3d61f3cbf035,400,workload-20260609T121504519314Z,108,,2,2026-06-09T12:28:43.170657Z,2026-06-09T12:28:43.505840Z,2026-06-09T12:29:13.943521Z,202,completed,1020,13135,cb9fb5da3c43:1:5b7c107b,310662,0000015c494bb2945af428f96c76ac684906a975ab2a06b28b58b047c9d32a58,328.0,30772.864,1,
569307e6-302f-4bc4-908d-c2d6478ae781,11c34cde-484b-4cfc-a495-eba8c4a41037,4b6f4aee-54a4-45df-8b95-3d61f3cbf035,400,workload-20260609T121504519314Z,109,,2,2026-06-09T12:28:43.172658Z,2026-06-09T12:28:43.817842Z,2026-06-09T12:29:13.929511Z,202,completed,3027,15952,fcc05684ba59:1:f30d4493,2044175,000000efa2806320e8383b24b432f00aac4fea3448c3393d65993ffa337fa0a2,641.0,30756.853,1,
fcc3ebc3-5c81-46ef-9acb-977d133488f8,cf041143-2826-4713-8cb0-a13d924d1e59,4b6f4aee-54a4-45df-8b95-3d61f3cbf035,400,workload-20260609T121504519314Z,110,,2,2026-06-09T12:28:43.174657Z,2026-06-09T12:28:44.081840Z,2026-06-09T12:29:13.864513Z,202,completed,503,14950,6084be8b8ecc:1:b472b079,180177,00000d1ce474057b1afb1212504ca1d11ed44792da394ba5f950a9528e7de0e2,907.0,30689.856,1,
67c06b85-30c3-4aba-8f8f-c6ec95ebe79f,89d84bb7-9bdb-4b84-9fd5-bdb8298d86ba,4b6f4aee-54a4-45df-8b95-3d61f3cbf035,400,workload-20260609T121504519314Z,111,,2,2026-06-09T12:28:43.175656Z,2026-06-09T12:28:43.857841Z,2026-06-09T12:29:13.728510Z,202,completed,1163,14207,cb9fb5da3c43:1:8504ed96,312055,00000164edb3d4293337d04554059140a25d51c225ce7efe1e162dc70c4649f5,688.0,30552.854,1,
082418b5-0990-430d-aceb-98e259f1faca,c94fec96-ca99-4d1c-ba22-8ba5fd084cee,4b6f4aee-54a4-45df-8b95-3d61f3cbf035,400,workload-20260609T121504519314Z,112,,2,2026-06-09T12:28:43.177657Z,2026-06-09T12:28:44.028840Z,2026-06-09T12:29:13.781510Z,202,completed,37,14238,0b769b3035e6:1:0bf6fc74,24090,000007cd4150c19f4b46f8feb2594db860895c5087f73bac4ef5f92f683e551f,860.0,30603.853,1,
7c38a523-faf4-4e14-bd15-5243212f25c6,b38d1eb4-b50a-44ab-bb1d-53bcd174d7e4,4b6f4aee-54a4-45df-8b95-3d61f3cbf035,400,workload-20260609T121504519314Z,113,,2,2026-06-09T12:28:43.180654Z,2026-06-09T12:28:44.282841Z,2026-06-09T12:29:13.793511Z,202,completed,54,17954,208573d5cce8:1:086ed011,34538,00000109bb84f8252510d04eba5a2b06cadc2593f26f089279d69054a226e93a,1110.0,30612.857,1,
807891c5-5d98-440d-a02a-84a146a49500,f8d0f9f4-e03d-4dc0-857d-efacb415d06a,4b6f4aee-54a4-45df-8b95-3d61f3cbf035,400,workload-20260609T121504519314Z,114,,2,2026-06-09T12:28:43.181655Z,2026-06-09T12:28:43.653840Z,2026-06-09T12:29:13.936519Z,202,completed,1869,14152,0b769b3035e6:1:00f39239,1568679,00000df79639adb1452e71d24ce297572c30b866ca0ccd3f49765990a1d22e5a,485.0,30754.864,1,
e4a7234a-2846-41e2-ab6c-6c430d8c089a,22358fbe-baca-4f7d-949c-272141597a65,4b6f4aee-54a4-45df-8b95-3d61f3cbf035,400,workload-20260609T121504519314Z,115,,2,2026-06-09T12:28:43.183655Z,2026-06-09T12:28:44.078840Z,2026-06-09T12:29:13.950526Z,202,completed,11129,25631,cb9fb5da3c43:1:5a195880,4384657,0000097ca56308bae25862a000e84cddc55da675de30145a2a3b56ca1e24aa0c,891.0,30766.871,1,
7c87a61d-92a6-43df-8001-1cb32544932e,6b35271b-4e1b-4790-b7a9-8ce556dc8da2,4b6f4aee-54a4-45df-8b95-3d61f3cbf035,400,workload-20260609T121504519314Z,116,,2,2026-06-09T12:28:43.185655Z,2026-06-09T12:28:44.164842Z,2026-06-09T12:29:13.617512Z,202,completed,1194,16817,6084be8b8ecc:1:98ddd37d,522643,00000763626f04a9dbcfad35e1d2a901e66498cea546f036c25a2b88133c06e6,969.0,30431.857,1,
abdecd7a-715e-4762-91f7-8e47675a6b66,eb31756a-8f47-4b10-bb6e-a87d1c289482,4b6f4aee-54a4-45df-8b95-3d61f3cbf035,400,workload-20260609T121504519314Z,117,,2,2026-06-09T12:28:43.187657Z,2026-06-09T12:28:43.799841Z,2026-06-09T12:29:13.681510Z,202,completed,1433,14312,fcc05684ba59:1:107bd1e1,954597,000008e156b18f017d48868f933fc88799315e55807f67fe116d88237f577561,609.0,30493.853,1,
ea22c84b-f66b-42d1-a225-bcc1c939f2ed,a5959f60-82e7-4d3e-968c-1ded33c9a3d2,4b6f4aee-54a4-45df-8b95-3d61f3cbf035,400,workload-20260609T121504519314Z,118,,2,2026-06-09T12:28:43.188654Z,2026-06-09T12:28:44.191841Z,2026-06-09T12:29:13.891511Z,202,completed,3140,19119,fcc05684ba59:1:d1e03afe,2630129,000005017ded0236347b315b01e1750c994b87f22f048741bf6c911f3a42f8f9,1000.0,30702.857,1,
d4623780-6df2-4bbc-af0e-9cb9f334b16f,b8abbc9d-815a-4edb-bd09-1943b66385a4,4b6f4aee-54a4-45df-8b95-3d61f3cbf035,400,workload-20260609T121504519314Z,119,,2,2026-06-09T12:28:43.191658Z,2026-06-09T12:28:44.152840Z,2026-06-09T12:29:13.753510Z,202,completed,14,15226,6084be8b8ecc:1:e37e5208,4903,000000ba5960e70544d53215ad739531df74c94d0876f895f92d102886236af0,969.0,30561.852,1,
0cc7cf48-72a6-4075-b080-b9c462e2a9f5,642c1763-70bd-4cc8-9ed6-8071c0a0adbb,4b6f4aee-54a4-45df-8b95-3d61f3cbf035,400,workload-20260609T121504519314Z,120,,2,2026-06-09T12:28:43.248657Z,2026-06-09T12:28:43.558841Z,2026-06-09T12:29:13.634511Z,202,completed,4221,16404,cb9fb5da3c43:1:13dcfffc,1303792,00000dd0c144d2691499a420d3c3756abdac81bc30fba6f686183674656b6338,313.0,30385.854,1,
32703244-e64b-4e52-ba55-077301503f25,6b169e96-346e-4208-85f8-71d3f3257f66,4b6f4aee-54a4-45df-8b95-3d61f3cbf035,500,workload-20260609T121504519314Z,1,,2,2026-06-09T12:30:44.887399Z,2026-06-09T12:30:45.095336Z,2026-06-09T12:30:47.046235Z,202,completed,341,506,cb9fb5da3c43:1:8c4ef0de,117240,000007abaee89f9aaf63afc4d44f11ef5713a69647fa9b241ea04a334a48e80f,203.0,2158.836,1,
d7f1d87a-fe69-439c-a37e-c5d1720bd07a,29b50ab7-ccec-434e-b4bf-396479ea01f3,4b6f4aee-54a4-45df-8b95-3d61f3cbf035,500,workload-20260609T121504519314Z,2,,2,2026-06-09T12:30:44.889397Z,2026-06-09T12:30:45.094337Z,2026-06-09T12:30:47.061235Z,202,completed,1317,1765,208573d5cce8:1:84378a0a,974759,0000015c0b433d38b993ffb60911a4b9e464bf8bc082963165db7c54dd289e53,203.0,2171.838,1,
498d12ba-054f-4e9d-aed6-cc6089104052,c5cf26e3-2cbf-4c66-92e2-ff77151384ae,4b6f4aee-54a4-45df-8b95-3d61f3cbf035,500,workload-20260609T121504519314Z,3,,2,2026-06-09T12:30:44.890397Z,2026-06-09T12:30:45.110336Z,2026-06-09T12:30:50.923435Z,202,completed,3932,4360,cb9fb5da3c43:1:7051dc5b,1157099,000003bf913664ca0ed1eef5093267921179da24fb003a049851268f5b71fadf,219.0,6033.038,1,
f38d0d13-9689-4526-8ac6-c3ca4dacfe74,91cbd4af-fa5b-497b-9f8f-c7d1af089643,4b6f4aee-54a4-45df-8b95-3d61f3cbf035,500,workload-20260609T121504519314Z,4,,2,2026-06-09T12:30:44.891397Z,2026-06-09T12:30:45.177336Z,2026-06-09T12:30:47.139234Z,202,completed,904,1231,fcc05684ba59:1:b26833a4,564757,00000b102287cf0fb44bda07419bca5c0c5ad55125720f763f6f717f51cb7a19,281.0,2247.837,1,
980820a2-174d-4067-8ae8-0141086d8fa0,dd097f00-458b-42a6-8352-11597e1f5325,4b6f4aee-54a4-45df-8b95-3d61f3cbf035,500,workload-20260609T121504519314Z,5,,2,2026-06-09T12:30:44.895397Z,2026-06-09T12:30:45.093337Z,2026-06-09T12:30:47.082235Z,202,completed,609,1057,0616728b7286:1:043b26dd,225155,0000030a850d4278dcea4db0a0b80af0cca21291c4a8444c75293f7d0c68fed0,203.0,2186.838,1,
0204cf34-3455-446c-8ad0-1fe7625bf436,b6244db7-4fb2-46b9-b59f-81a3b179922f,4b6f4aee-54a4-45df-8b95-3d61f3cbf035,500,workload-20260609T121504519314Z,6,,2,2026-06-09T12:30:44.897399Z,2026-06-09T12:30:45.236336Z,2026-06-09T12:30:48.904580Z,202,completed,303,3032,fcc05684ba59:1:e1c859ed,241105,000007013a913af9812f73f5be4e3ae2ea4e0d02fe1a844671c28e85f4f2d296,344.0,4007.181,2,
7b245972-f4e1-452e-9c5d-8c5200afb1f4,ff6393b9-19b9-494e-a696-4b5593ca055d,4b6f4aee-54a4-45df-8b95-3d61f3cbf035,500,workload-20260609T121504519314Z,7,,2,2026-06-09T12:30:44.898397Z,2026-06-09T12:30:45.111336Z,2026-06-09T12:30:47.211238Z,202,completed,1448,1649,fcc05684ba59:1:23e1d2e6,1068647,000005ee90fef5624e79eb4bc7f63dd0286928516276645ca177e64d9c804dcf,219.0,2312.841,1,
d93d9e65-bcc2-4752-a004-133ed25a1fd5,98f5d620-dd7d-40a1-bf3c-a5a89a37cd9a,4b6f4aee-54a4-45df-8b95-3d61f3cbf035,500,workload-20260609T121504519314Z,8,,2,2026-06-09T12:30:44.899402Z,2026-06-09T12:30:45.112338Z,2026-06-09T12:30:50.745581Z,202,completed,1482,2169,0616728b7286:1:c204eb2f,699078,00000f5b3480523c96742071c340e370700160932240053b1748c498463a18fe,219.0,5846.179,2,
d0617586-df48-449b-8827-fc21b4b2698b,73665f5e-97e0-46f8-948d-ab92d337f197,4b6f4aee-54a4-45df-8b95-3d61f3cbf035,500,workload-20260609T121504519314Z,9,,2,2026-06-09T12:30:44.919335Z,2026-06-09T12:30:45.134335Z,2026-06-09T12:30:47.374234Z,202,completed,1282,1591,6084be8b8ecc:1:51884c4c,483433,0000015fa618edf9668947344abded3def24b6ee927e27664c687cfc08ed7980,203.0,2454.899,1,
5e8414ff-898c-45e4-8f5c-60888d6daa24,d5343deb-ae57-48ca-885e-431f6d4e83c7,4b6f4aee-54a4-45df-8b95-3d61f3cbf035,500,workload-20260609T121504519314Z,10,,2,2026-06-09T12:30:44.920337Z,2026-06-09T12:30:45.172338Z,2026-06-09T12:30:50.688581Z,202,completed,3442,4354,0b769b3035e6:1:9173efde,2225001,00000ac918974cfece3e42d2b8c26d12e8cd9d1f583c0090cab00099e361e748,250.0,5768.244,1,
d379d585-3cc6-41f6-9902-4f7f58de57e6,8cd16400-1ed6-4fe0-a5f8-46507957f742,4b6f4aee-54a4-45df-8b95-3d61f3cbf035,500,workload-20260609T121504519314Z,11,,2,2026-06-09T12:30:44.922335Z,2026-06-09T12:30:45.115335Z,2026-06-09T12:30:50.938145Z,202,completed,2972,3648,cb9fb5da3c43:1:dbfeae62,801161,00000c21094cc0923f0dfbf3e785bc71fdda78ffbab0dad7fdd87585a2b2e5c3,188.0,6015.81,3,
44893bca-1a0e-43b2-9402-b564c7ba04e5,b1cafcd9-838c-4b3d-8d66-1eca442d69b1,4b6f4aee-54a4-45df-8b95-3d61f3cbf035,500,workload-20260609T121504519314Z,12,,2,2026-06-09T12:30:44.923335Z,2026-06-09T12:30:45.195337Z,2026-06-09T12:30:50.826584Z,202,completed,1742,2868,208573d5cce8:1:4f728432,1290595,000007f8b4b2d10578f0260c0bf597ad902d457679624270c3488d54259dec21,266.0,5903.249,1,
846c2fc3-db08-4469-bb07-00e41fb82f46,a411f3b6-3047-47e2-ba2f-b4e0063f4cb0,4b6f4aee-54a4-45df-8b95-3d61f3cbf035,500,workload-20260609T121504519314Z,13,,2,2026-06-09T12:30:44.924336Z,2026-06-09T12:30:45.132335Z,2026-06-09T12:30:47.175237Z,202,completed,451,823,208573d5cce8:1:218a213f,273289,000001011b0e741e45c76dcdbeb30648224eae04a650f21e2fb2ed1fd244d740,203.0,2250.901,1,
c71da7e4-3650-4a74-8da2-cf5c619fc81b,ab0ce87e-c260-47d0-a7e1-5386816a5c49,4b6f4aee-54a4-45df-8b95-3d61f3cbf035,500,workload-20260609T121504519314Z,14,,2,2026-06-09T12:30:44.925336Z,2026-06-09T12:30:45.232336Z,2026-06-09T12:30:47.321237Z,202,completed,141,1678,fcc05684ba59:1:cb22c22f,89244,000007d6511c79e5c48abfa297e06626d2f277cb1ef9d567f13ebd558c86a93a,313.0,2395.901,1,
2158ddb9-0368-4b4e-8a52-e94244a10953,035a30ff-5b42-4676-ad82-e7ae55d210c1,4b6f4aee-54a4-45df-8b95-3d61f3cbf035,500,workload-20260609T121504519314Z,15,,2,2026-06-09T12:30:44.926336Z,2026-06-09T12:30:45.170335Z,2026-06-09T12:30:48.206237Z,202,completed,326,2840,0616728b7286:1:4f1724a2,100727,0000046933db2a4c8fb5c43120f50114d47c0f1cf9d5e7ad65a7b3b98575c09f,250.0,3279.901,1,
901d656d-421c-4ca2-8c01-3629a0a9282f,82aae61a-4459-44e6-8b8c-bc942e86c84d,4b6f4aee-54a4-45df-8b95-3d61f3cbf035,500,workload-20260609T121504519314Z,16,,2,2026-06-09T12:30:44.927337Z,2026-06-09T12:30:45.133336Z,2026-06-09T12:30:50.833583Z,202,completed,2931,3393,6084be8b8ecc:1:31700730,1199002,00000ca70e36e5b8b49db97cad7ecc8c92ac5fa5a48d3777ebba65f50528204e,203.0,5906.246,1,
ad61d6d0-93ab-421f-989e-5dfc55778dfa,004a8e7a-e936-4564-90d4-aa494037265e,4b6f4aee-54a4-45df-8b95-3d61f3cbf035,500,workload-20260609T121504519314Z,17,,2,2026-06-09T12:30:44.931336Z,2026-06-09T12:30:45.157337Z,2026-06-09T12:30:50.642581Z,202,completed,2498,3200,0b769b3035e6:1:d9d3849a,1540725,00000aa44b0bc9e623fe89f87b8ae1360707a9b52144a90f02b31c70fcb1bb99,235.0,5711.245,1,
6d51dcaa-9cb8-4d6f-8dbb-40c7ddb4f7cc,6b14ce25-1ba1-411e-abfd-f0945322c91b,4b6f4aee-54a4-45df-8b95-3d61f3cbf035,500,workload-20260609T121504519314Z,18,,2,2026-06-09T12:30:44.933335Z,2026-06-09T12:30:45.198336Z,2026-06-09T12:30:47.279236Z,202,completed,401,1728,0616728b7286:1:fb363395,138385,00000c9f3c26ddf5c707bf4e50c41d9115732bb4445dc8db5a23b8c9e8ae45e8,266.0,2345.901,1,
d83435b4-63e4-4f08-84b7-9d625fcbca36,93e47fba-44b0-428b-8971-e62d481792e6,4b6f4aee-54a4-45df-8b95-3d61f3cbf035,500,workload-20260609T121504519314Z,19,,2,2026-06-09T12:30:44.936337Z,2026-06-09T12:30:45.174336Z,2026-06-09T12:30:54.519303Z,202,completed,5595,8098,6084be8b8ecc:1:78394e3d,2305883,00000f913b046c72eb6c91b2575b6c51ea951861a78b5f51d61144b8104c9f34,234.0,9582.966,5,
0d6d7b52-2ce0-4719-a0d4-26152f758017,8b53ad6c-4ad2-4cce-baba-71cec47fd7c0,4b6f4aee-54a4-45df-8b95-3d61f3cbf035,500,workload-20260609T121504519314Z,20,,2,2026-06-09T12:30:44.937336Z,2026-06-09T12:30:45.173338Z,2026-06-09T12:30:49.265581Z,202,completed,577,2451,fcc05684ba59:1:486101f4,448930,00000850bd3397ed884b8f6c58b9ab1a916ce633ba8aa8d7fe3a08df80ac821f,234.0,4328.245,2,
23b9ad1a-a11b-48af-b453-5b5b2b1070a9,a4df7d89-b40c-459b-aafe-64d358db912c,4b6f4aee-54a4-45df-8b95-3d61f3cbf035,500,workload-20260609T121504519314Z,21,,2,2026-06-09T12:30:44.938335Z,2026-06-09T12:30:45.196336Z,2026-06-09T12:30:50.864581Z,202,completed,453,2228,6084be8b8ecc:1:c14052fb,162781,00000aed4e2aaa1cbfa84504befc5ae33a186e5562d556c1c3f485a076948c4c,250.0,5926.246,1,
cd9a71df-d128-46f0-84ae-2a59f6c21baf,6bbd0ede-58c9-4efb-b684-60a1e02bed9c,4b6f4aee-54a4-45df-8b95-3d61f3cbf035,500,workload-20260609T121504519314Z,22,,2,2026-06-09T12:30:44.940336Z,2026-06-09T12:30:45.175335Z,2026-06-09T12:30:50.898581Z,202,completed,2822,4704,208573d5cce8:1:3725f7ff,2068156,000006fdf4af96d4931b4851804223751e4e51807b5c4b1ec667a89c0f41f76e,234.0,5958.245,2,
c50c1749-8d63-47c3-ac66-1259221b7350,0eb3b71a-4d96-4b45-907a-1f3dc82e7023,4b6f4aee-54a4-45df-8b95-3d61f3cbf035,500,workload-20260609T121504519314Z,23,,2,2026-06-09T12:30:44.941336Z,2026-06-09T12:30:45.169336Z,2026-06-09T12:30:54.347855Z,202,completed,2447,8476,0b769b3035e6:1:53b6a9bd,1461344,00000ea6872a7b564b1cb74013c20bb1760d9afaf48659aedfd28921f80e140d,234.0,9406.519,3,
900a0022-4f44-4367-8ef6-1423e8d1b5b1,e453e9d2-810e-4d98-a354-9fe459619d93,4b6f4aee-54a4-45df-8b95-3d61f3cbf035,500,workload-20260609T121504519314Z,24,,2,2026-06-09T12:30:44.942337Z,2026-06-09T12:30:45.178336Z,2026-06-09T12:30:50.427583Z,202,completed,977,4379,0b769b3035e6:1:9bb84589,698941,0000026d8f0fdfb8b6937a53dcc1cf59bf46ee7eb7db2d135918d224a9c6900c,234.0,5485.246,2,
5377c1ee-4eb5-42dc-9076-e9c7b0314760,78bf9630-147e-4fa6-bbcb-3eb637e4f32c,4b6f4aee-54a4-45df-8b95-3d61f3cbf035,500,workload-20260609T121504519314Z,25,,2,2026-06-09T12:30:44.946335Z,2026-06-09T12:30:45.199336Z,2026-06-09T12:30:51.004228Z,202,completed,2213,5755,6084be8b8ecc:1:25194e6f,768520,00000662db44cd3c8706a4c5b3f2ddee87bd8c84bc897f8cc5d676781097da2b,266.0,6057.893,2,
39b02cff-502f-46a3-bf30-da3a65b0530f,ad1eefe2-b534-4eed-84a9-49fe238242eb,4b6f4aee-54a4-45df-8b95-3d61f3cbf035,500,workload-20260609T121504519314Z,26,,2,2026-06-09T12:30:44.949336Z,2026-06-09T12:30:45.194335Z,2026-06-09T12:30:51.035771Z,202,completed,1128,4261,208573d5cce8:1:2136f3b8,682561,0000059f36e602fe6325d4d1d72776d773fbc065ab5aa804c8e77feba6ca319f,234.0,6086.435,2,
d482ca72-6f4c-44f3-a3a3-19a9737d7907,93da00c5-cc53-4a73-b9b6-96059eb0e65b,4b6f4aee-54a4-45df-8b95-3d61f3cbf035,500,workload-20260609T121504519314Z,27,,2,2026-06-09T12:30:44.951335Z,2026-06-09T12:30:45.297338Z,2026-06-09T12:30:53.715855Z,202,completed,787,6879,6084be8b8ecc:1:f88d1954,272923,000008c7d193f9bcb70c0c3907a45c44884e2c7118164e867dafde49e608d455,343.0,8764.52,4,
a537f4ac-ffb8-4bf7-9dcc-bff20e0e02f1,b27e325b-d9d9-46dc-a4f6-2b195c1f8bbe,4b6f4aee-54a4-45df-8b95-3d61f3cbf035,500,workload-20260609T121504519314Z,28,,2,2026-06-09T12:30:44.952336Z,2026-06-09T12:30:45.171336Z,2026-06-09T12:30:50.917582Z,202,completed,982,4374,fcc05684ba59:1:bf45843a,817440,00000899505ca55888df83196903b7edb81d836e30aff3ff856622d41cc916be,218.0,5965.246,2,
2059b2e2-72e6-4b80-9472-ff107f77fad7,0a23b2dd-4dff-4419-8087-f4631e692f19,4b6f4aee-54a4-45df-8b95-3d61f3cbf035,500,workload-20260609T121504519314Z,29,,2,2026-06-09T12:30:44.953335Z,2026-06-09T12:30:45.254335Z,2026-06-09T12:30:49.361581Z,202,completed,397,2514,fcc05684ba59:1:43043275,247949,000007f76c9f163afb8d21134232a584860b6a964f8bc2c67f34b61d4981c954,296.0,4408.246,2,
87a68866-e968-4ddf-b404-c775dd3fa8ea,749f8bde-a3a3-4cfe-88f5-afb9e96bcecf,4b6f4aee-54a4-45df-8b95-3d61f3cbf035,500,workload-20260609T121504519314Z,30,,2,2026-06-09T12:30:44.954339Z,2026-06-09T12:30:45.234335Z,2026-06-09T12:30:50.735584Z,202,completed,412,3458,fcc05684ba59:1:fd7e8c8d,361079,000004fa7ce6a38250fbcfd30b829f5eb69cfb33dd6e18b91e4370207fc10162,281.0,5781.245,1,
66f4c626-623f-4838-8297-e582693443bb,e90572b8-7074-4398-97b9-98e1b311948c,4b6f4aee-54a4-45df-8b95-3d61f3cbf035,500,workload-20260609T121504519314Z,31,,2,2026-06-09T12:30:44.955336Z,2026-06-09T12:30:45.218336Z,2026-06-09T12:30:53.818856Z,202,completed,5929,7961,0616728b7286:1:9be93558,2246007,000009ddf52b9c3cfa35aa0331a75a92b33dbf859cefe63ba125d56614f64da5,265.0,8863.52,4,
567e217f-e7f4-401e-aacd-687058ecc9c9,3db3408d-e6d2-4f2e-aae1-ca4040e008aa,4b6f4aee-54a4-45df-8b95-3d61f3cbf035,500,workload-20260609T121504519314Z,32,,2,2026-06-09T12:30:44.957337Z,2026-06-09T12:30:45.213336Z,2026-06-09T12:30:50.927127Z,202,completed,277,4838,fcc05684ba59:1:a30b27b8,314139,00000b39b80397d65d5d50f28b08db670360723799f2f8d83c4d13a72ddb875d,250.0,5969.79,2,
c7b225a3-b134-4b15-bdab-7bc072358fec,bda1185e-da38-4216-a57b-91ef00de9c40,4b6f4aee-54a4-45df-8b95-3d61f3cbf035,500,workload-20260609T121504519314Z,33,,2,2026-06-09T12:30:44.959336Z,2026-06-09T12:30:45.215338Z,2026-06-09T12:30:50.914581Z,202,completed,848,4774,fcc05684ba59:1:2313b6f2,670830,00000febefb60f8bc2f8d7a2d25a64212515955ed4b7cb0a46ff9600dfb530ff,265.0,5955.245,3,
5f9e4e05-8de0-48e5-b67f-a329c597c4a4,02df8a1b-4ced-40b0-a140-97fbe5fe19d1,4b6f4aee-54a4-45df-8b95-3d61f3cbf035,500,workload-20260609T121504519314Z,34,,2,2026-06-09T12:30:44.961337Z,2026-06-09T12:30:45.238336Z,2026-06-09T12:30:53.682855Z,202,completed,4658,8448,cb9fb5da3c43:1:ce828c4f,1364825,00000e102eb29fe04c0c228741d33099c12b72c33db317b86e48a8e49e0dac41,281.0,8721.518,3,
38078841-7ed5-4fc7-b8af-e736d4a656cd,18454778-3a88-45d1-89c4-604fdb2b6a5e,4b6f4aee-54a4-45df-8b95-3d61f3cbf035,500,workload-20260609T121504519314Z,35,,2,2026-06-09T12:30:44.963337Z,2026-06-09T12:30:45.220336Z,2026-06-09T12:30:52.531178Z,202,completed,2917,6041,0616728b7286:1:f5399d9a,954166,00000fdad959fd50e834b2293bb7edc815ee25d46d297107e3af761e8008bc40,265.0,7567.841,4,
3a3399ff-04d8-4269-bb10-f90fe5e56ead,ff40a2f9-04b2-4786-8946-a9de0677c379,4b6f4aee-54a4-45df-8b95-3d61f3cbf035,500,workload-20260609T121504519314Z,36,,2,2026-06-09T12:30:44.964335Z,2026-06-09T12:30:45.217336Z,2026-06-09T12:30:57.398168Z,202,completed,4327,11399,fcc05684ba59:1:a2cf9dea,2892900,0000032c16c53bb2538101b5f967b2c5c1671d02c26d4770a9b3b2fc5255b905,265.0,12433.833,7,
056011bf-6c83-4281-9c3b-f9be3f0cd5ba,44093ec4-e88e-4d9c-8711-739bb7465054,4b6f4aee-54a4-45df-8b95-3d61f3cbf035,500,workload-20260609T121504519314Z,37,,2,2026-06-09T12:30:44.967336Z,2026-06-09T12:30:45.269339Z,2026-06-09T12:30:51.024769Z,202,completed,916,5729,0b769b3035e6:1:570b0442,521830,00000d35dc19fd964b0322e26510bd3cf11898a304958f6ba09cfec6fac5365f,297.0,6057.433,2,
7b44f364-3d9f-4731-ab78-0025810ea14f,5454f7a9-04dd-427f-8374-55d9011cfc94,4b6f4aee-54a4-45df-8b95-3d61f3cbf035,500,workload-20260609T121504519314Z,38,,2,2026-06-09T12:30:44.969335Z,2026-06-09T12:30:45.265335Z,2026-06-09T12:30:51.084752Z,202,completed,256,4712,208573d5cce8:1:a4806186,162100,00000c2d8ab914d4d9d3806ce00fdfc9543bddf838cd473a0b01b646c4bdc146,297.0,6115.417,3,
fc3ac54f-92c4-4c6f-b68c-55af368f892c,45d5bb71-1763-44ad-b839-a9adc713a58e,4b6f4aee-54a4-45df-8b95-3d61f3cbf035,500,workload-20260609T121504519314Z,39,,2,2026-06-09T12:30:44.970335Z,2026-06-09T12:30:45.294338Z,2026-06-09T12:30:56.411088Z,202,completed,6304,10808,cb9fb5da3c43:1:f8877d71,1854533,000002f8529ceae1c28e9aa3f1d450f1f9f5a0c8b91be562efef4baa85811492,328.0,11440.753,6,
699ad7c4-3318-4ff7-a577-3682e7867197,6547569a-ff4c-4e8f-b6dc-85d60a87a229,4b6f4aee-54a4-45df-8b95-3d61f3cbf035,500,workload-20260609T121504519314Z,40,,2,2026-06-09T12:30:44.971336Z,2026-06-09T12:30:45.260335Z,2026-06-09T12:30:51.022769Z,202,completed,1005,5620,0b769b3035e6:1:984d9666,607715,0000033689e6ee1abc92837c1002c8386d705d514ad49f88a487a567a3054bb1,281.0,6051.433,3,
78731c5c-b5b9-44d8-ad88-d8126af66b64,29346dbf-19c9-43a8-a9e1-2a48606999d0,4b6f4aee-54a4-45df-8b95-3d61f3cbf035,500,workload-20260609T121504519314Z,41,,2,2026-06-09T12:30:44.975335Z,2026-06-09T12:30:45.240335Z,2026-06-09T12:30:52.712175Z,202,completed,1319,6582,208573d5cce8:1:cea1a90c,1020037,000001a280ea3579c10a63c66ef5dee0e2f1b776b5a23413a409da7c7e61737f,266.0,7736.84,2,
7ccd5c22-b1b2-4d10-8aa7-95df37a376cc,7ace7c43-1d61-40c0-b78a-45995d17a801,4b6f4aee-54a4-45df-8b95-3d61f3cbf035,500,workload-20260609T121504519314Z,42,,2,2026-06-09T12:30:44.978336Z,2026-06-09T12:30:45.256336Z,2026-06-09T12:30:52.438175Z,202,completed,159,6159,208573d5cce8:1:1461321c,96985,000004d1ef98c5312f685dc7fb6768c13084953b0e6e1bafce287d0ccd26d12a,281.0,7459.839,2,
11ba056b-4f54-4aa4-9d4d-aa6b87c5f7a4,e75d5e53-cc85-4cd2-96ae-06bce41b5d0e,4b6f4aee-54a4-45df-8b95-3d61f3cbf035,500,workload-20260609T121504519314Z,43,,2,2026-06-09T12:30:44.982337Z,2026-06-09T12:30:45.258335Z,2026-06-09T12:30:52.806175Z,202,completed,1222,6492,fcc05684ba59:1:83adb94a,859772,000008a3d1956cabdbfceef9c828d4c26a871c02255b351f8cbda72587c602a8,265.0,7823.838,2,
c6b06ed5-c7e0-4163-9b9b-117c04e844a5,127b4dfd-f5c1-4139-8338-b47d31a98eda,4b6f4aee-54a4-45df-8b95-3d61f3cbf035,500,workload-20260609T121504519314Z,44,,2,2026-06-09T12:30:44.983335Z,2026-06-09T12:30:45.292336Z,2026-06-09T12:30:52.281175Z,202,completed,735,5719,208573d5cce8:1:f9aa8fb9,452805,00000d007aed77fd70c96cd39852d27abe46d075622eb3f7960430018eba46ef,297.0,7297.84,2,
04e2b55c-b65e-4cad-b919-bda01fee728f,5073e17d-0f36-45d9-b908-a37f94912248,4b6f4aee-54a4-45df-8b95-3d61f3cbf035,500,workload-20260609T121504519314Z,45,,2,2026-06-09T12:30:44.985337Z,2026-06-09T12:30:45.320336Z,2026-06-09T12:30:52.839175Z,202,completed,133,6531,fcc05684ba59:1:bf1ca919,144275,00000e463dc132cf7a8211b64af78b334cac537d1b742ff0319c8820b6406282,328.0,7853.838,4,
2da0d7de-26a5-45e5-960e-796cdaacff7f,7f8ce33a-b611-4b0b-8b64-db3010a9160b,4b6f4aee-54a4-45df-8b95-3d61f3cbf035,500,workload-20260609T121504519314Z,46,,2,2026-06-09T12:30:44.986335Z,2026-06-09T12:30:45.285336Z,2026-06-09T12:30:55.692359Z,202,completed,4108,10146,0b769b3035e6:1:1aaa2daf,2654608,00000276d1272e9eaf24b051b515483d6e7fce50df8f0f0f9b0bcb6e578a5ed2,297.0,10706.024,6,
26d2c5fa-2213-4aee-9cde-10b2b41f0a35,93bad717-a8d7-4fad-8782-f24e5fb1d465,4b6f4aee-54a4-45df-8b95-3d61f3cbf035,500,workload-20260609T121504519314Z,47,,2,2026-06-09T12:30:44.987337Z,2026-06-09T12:30:45.263337Z,2026-06-09T12:30:51.344498Z,202,completed,983,6091,fcc05684ba59:1:481ade92,584308,000009a390a4ec4413dc9287a0ab53820bdbe689d2e810700c6b1d744fabc3d9,281.0,6357.161,3,
6e221808-d729-42e8-97c5-cef36fa1172a,02614501-c92d-4eb2-8a2b-c58c1426f20a,4b6f4aee-54a4-45df-8b95-3d61f3cbf035,500,workload-20260609T121504519314Z,48,,2,2026-06-09T12:30:44.988336Z,2026-06-09T12:30:45.267338Z,2026-06-09T12:30:55.204370Z,202,completed,3032,9286,0616728b7286:1:d665492a,1090597,0000069cd98b4ee5281747ad1d3943cc594b1a811d2dacc2f66b4b9b3c8654db,281.0,10216.034,4,
52115df2-5ec9-471d-9640-720bc2419f15,67f589de-1649-4dff-956c-6954b3dff42b,4b6f4aee-54a4-45df-8b95-3d61f3cbf035,500,workload-20260609T121504519314Z,49,,2,2026-06-09T12:30:44.992337Z,2026-06-09T12:30:45.287337Z,2026-06-09T12:30:54.432365Z,202,completed,1199,8068,fcc05684ba59:1:74eb5c84,795524,000008ec78ff279626b339652a4d04f2c82f36a08ce7684a087f3e4c4ef0db5f,297.0,9440.028,4,
0d3d825b-7d3a-44cc-a5b9-835137492669,b873f339-a4d9-4ef9-963e-338bec977e2f,4b6f4aee-54a4-45df-8b95-3d61f3cbf035,500,workload-20260609T121504519314Z,50,,2,2026-06-09T12:30:44.997337Z,2026-06-09T12:30:45.289335Z,2026-06-09T12:30:54.459379Z,202,completed,298,6621,208573d5cce8:1:469b7302,348806,00000ec7872271497786a688629588a3e0beadf66c121051a99ad493cc1e4b78,282.0,9462.042,4,
6c8baa1a-a989-4c5a-90d6-0d909df27aaa,6a959eee-20ac-466c-8f39-7500053d412d,4b6f4aee-54a4-45df-8b95-3d61f3cbf035,500,workload-20260609T121504519314Z,51,,2,2026-06-09T12:30:45.002336Z,2026-06-09T12:30:45.299336Z,2026-06-09T12:30:53.561855Z,202,completed,750,8193,6084be8b8ecc:1:89e3f90f,257091,00000b9f705b5f633e2248a43b310e7826d67ea6c3cbd05fdbcc511ecff03530,297.0,8559.519,4,
7cd95270-9b34-475b-9a64-e45775ef86a3,e466e347-5c31-4e94-84b2-d596da9f30c0,4b6f4aee-54a4-45df-8b95-3d61f3cbf035,500,workload-20260609T121504519314Z,52,,2,2026-06-09T12:30:45.003338Z,2026-06-09T12:30:45.356336Z,2026-06-09T12:30:58.027986Z,202,completed,1451,11832,0b769b3035e6:1:9dbae2d0,927040,00000f74989942287544ece8d83c4dccf2f9c75895f9879dd2b272bd0470c697,360.0,13024.648,8,
066a49fc-b099-435b-9378-96e9b7a8b435,fde336d3-0306-4d99-89f6-9caa20389aca,4b6f4aee-54a4-45df-8b95-3d61f3cbf035,500,workload-20260609T121504519314Z,53,,2,2026-06-09T12:30:45.004335Z,2026-06-09T12:30:45.318337Z,2026-06-09T12:30:54.332857Z,202,completed,612,8249,208573d5cce8:1:96dffef1,362910,00000aef1c51c10f3075e11881074704cb63a2035381246260b583943a005f50,313.0,9328.522,5,
6129b4dd-b128-4cc1-a7c3-90c822cf3111,c9da5727-6fc6-4832-be15-72bb5b078a73,4b6f4aee-54a4-45df-8b95-3d61f3cbf035,500,workload-20260609T121504519314Z,54,,2,2026-06-09T12:30:45.005336Z,2026-06-09T12:30:45.350335Z,2026-06-09T12:30:57.407559Z,202,completed,3288,11345,0616728b7286:1:1788aeff,1265456,000009e126c8af7b7d4ba449c75ae239317e763b73bf322dfa55a50dc9cb5cea,344.0,12402.223,7,
a2bb9b1b-13db-419c-a912-1ebb711c84f0,29368574-b327-449a-be21-cdab3e76e8cd,4b6f4aee-54a4-45df-8b95-3d61f3cbf035,500,workload-20260609T121504519314Z,55,,2,2026-06-09T12:30:45.006336Z,2026-06-09T12:30:45.329336Z,2026-06-09T12:30:55.279342Z,202,completed,3050,10047,208573d5cce8:1:9ad597cd,2560260,00000bf6685346aeef4c39932691392886781b7da33d75a191bde77b16983b33,329.0,10273.006,4,
b818ab38-3c31-4e61-a263-8005b99986dc,bd216b4c-2d4f-46a1-9313-742433c8f9dd,4b6f4aee-54a4-45df-8b95-3d61f3cbf035,500,workload-20260609T121504519314Z,56,,2,2026-06-09T12:30:45.012338Z,2026-06-09T12:30:45.326336Z,2026-06-09T12:30:53.628855Z,202,completed,402,7364,208573d5cce8:1:09fa5bae,252087,00000a41b0b8dd259554ff913befdd45188b91c5bcd172e6b15660cbc05d182f,313.0,8616.517,3,
364d26aa-c125-4d6b-bd8e-a48f38e51c3c,2f87b55a-42e6-43ab-9241-dd71a601eafe,4b6f4aee-54a4-45df-8b95-3d61f3cbf035,500,workload-20260609T121504519314Z,57,,2,2026-06-09T12:30:45.017336Z,2026-06-09T12:30:45.323335Z,2026-06-09T12:30:57.033312Z,202,completed,2717,10963,fcc05684ba59:1:7af96bf7,1638487,00000695d498e99e1d1d22b7f4006b4349f2837b8d31bbd3a322b373d2f7cff3,297.0,12015.976,7,
5102fc0f-58b5-41c3-bc49-e4348fd29efc,1bc26130-b4c3-47d2-8a4e-9f3765aaa658,4b6f4aee-54a4-45df-8b95-3d61f3cbf035,500,workload-20260609T121504519314Z,58,,2,2026-06-09T12:30:45.018335Z,2026-06-09T12:30:45.365336Z,2026-06-09T12:30:55.230342Z,202,completed,162,9028,208573d5cce8:1:4145f360,98923,00000a3e005edb934b6dbbb41407de79e438314e2c0bd68f7cef6aab009d570f,344.0,10212.007,6,
f91da66b-6ba3-40d9-af85-c1163ef7c23c,e92b23eb-dd47-4b5a-a21d-40bb4c452758,4b6f4aee-54a4-45df-8b95-3d61f3cbf035,500,workload-20260609T121504519314Z,59,,2,2026-06-09T12:30:45.019336Z,2026-06-09T12:30:45.368335Z,2026-06-09T12:30:55.545117Z,202,completed,1349,10128,0b769b3035e6:1:b898484e,827569,00000de6683d1db94e50afb581a42c4182b525ab142bb4c7bc3c7c943050e7cb,344.0,10525.781,6,
008c37ad-a239-413e-88cd-a73de98c9f2a,37fe66c0-c0ab-4715-a9b3-e49ab035a54d,4b6f4aee-54a4-45df-8b95-3d61f3cbf035,500,workload-20260609T121504519314Z,60,,2,2026-06-09T12:30:45.021336Z,2026-06-09T12:30:45.446337Z,2026-06-09T12:30:56.538685Z,202,completed,2250,10705,6084be8b8ecc:1:1ebd0cf2,1013317,00000eec721f2aa4b829fc1cd1761d01d6bb3f2a2dbedc72c346c5dcc026254b,422.0,11517.349,5,
16460dd5-e1ce-455c-8c26-f0766cb40540,8cae5e9f-8067-4271-b49e-e370fcdcb47d,4b6f4aee-54a4-45df-8b95-3d61f3cbf035,500,workload-20260609T121504519314Z,61,,2,2026-06-09T12:30:45.022335Z,2026-06-09T12:30:45.359335Z,2026-06-09T12:30:55.041167Z,202,completed,378,9031,cb9fb5da3c43:1:5c0b606d,100396,00000daa7428471d230f0e5569cb3611adbcfb26db5cfc35f43ff5f5f58b6b0d,344.0,10018.832,5,
ff229e6f-afce-4d5b-aac1-39c36d29b58f,5119a736-aafb-4c3f-8fc2-da5f690ba8d9,4b6f4aee-54a4-45df-8b95-3d61f3cbf035,500,workload-20260609T121504519314Z,62,,2,2026-06-09T12:30:45.023336Z,2026-06-09T12:30:45.353336Z,2026-06-09T12:30:54.241858Z,202,completed,45,8633,208573d5cce8:1:86f5b908,28362,00000a6301d45b15bab17dde9949ce93286e4d41fb91277409fa3e598f2bdd1d,328.0,9218.522,4,
b1fb08c8-fec9-4f7b-bba0-ba93c2715d83,8854b74d-af82-456c-8477-618da9a58f7c,4b6f4aee-54a4-45df-8b95-3d61f3cbf035,500,workload-20260609T121504519314Z,63,,2,2026-06-09T12:30:45.024336Z,2026-06-09T12:30:45.371336Z,2026-06-09T12:30:59.973410Z,202,completed,2804,13700,6084be8b8ecc:1:633df125,1198952,00000e21e81529636e5d305ffbc8c444ee1d53c4260dc3ba56bab56ce6935b14,359.0,14949.074,8,
cc644bb3-82f7-4aab-b781-6a5dec6a0d14,4c84b31a-bc1a-4180-81f2-87262c4cbc23,4b6f4aee-54a4-45df-8b95-3d61f3cbf035,500,workload-20260609T121504519314Z,64,,2,2026-06-09T12:30:45.031335Z,2026-06-09T12:30:45.399335Z,2026-06-09T12:30:56.425093Z,202,completed,183,10269,6084be8b8ecc:1:64c0bf03,62842,00000e4cfb9eb086b78528856d0acba6dfc955849a3e4a2d08420f15e8bd6100,359.0,11393.758,6,
ebb78504-7f6d-4120-b23d-9e47f2cd8e2a,be83717f-eccf-4ca8-9877-915ce0e7c29d,4b6f4aee-54a4-45df-8b95-3d61f3cbf035,500,workload-20260609T121504519314Z,65,,2,2026-06-09T12:30:45.032336Z,2026-06-09T12:30:45.362336Z,2026-06-09T12:31:00.605154Z,202,completed,3576,15061,fcc05684ba59:1:9ffe37ed,2606225,000002850b35fdb3491dc764a005c9a79068cb5414cbbdebd3228c8530176159,328.0,15572.818,8,
7089bd27-077b-46e3-8cf6-f3031728d705,7100f8f8-a619-438e-a2ee-097b490d1a11,4b6f4aee-54a4-45df-8b95-3d61f3cbf035,500,workload-20260609T121504519314Z,66,,2,2026-06-09T12:30:45.033337Z,2026-06-09T12:30:45.579337Z,2026-06-09T12:30:59.142356Z,202,completed,774,12932,0b769b3035e6:1:171ed136,450624,0000072d76d031b16f0959221660cf5451bd701b9f84cbf5e9baf3abeada6a33,547.0,14109.019,9,
71495400-10d2-47a5-9d53-ddca6ba55161,acc4f251-28cb-4897-9808-e6753e5824aa,4b6f4aee-54a4-45df-8b95-3d61f3cbf035,500,workload-20260609T121504519314Z,67,,2,2026-06-09T12:30:45.035336Z,2026-06-09T12:30:45.402335Z,2026-06-09T12:30:57.808307Z,202,completed,665,11194,208573d5cce8:1:89bf7903,544329,0000038e0e34db56a32d7809f3a7c355934680cf0433bd63440a89bee57b1d9e,375.0,12772.971,7,
29812e86-6f65-4861-b232-d37df8e38488,ed75d9b2-ef63-444b-b685-15d704e067e9,4b6f4aee-54a4-45df-8b95-3d61f3cbf035,500,workload-20260609T121504519314Z,68,,2,2026-06-09T12:30:45.036335Z,2026-06-09T12:30:45.410336Z,2026-06-09T12:30:56.393339Z,202,completed,544,10045,208573d5cce8:1:99fabc86,348223,00000fede21c808bae48aea287c02385dada5c5a98df1e205699e6ba4f365915,375.0,11357.004,4,
2bc3f455-e06c-4a9d-8e2f-99449093d5a4,4b6404a7-5da2-45e8-aec0-34b1c661dfb2,4b6f4aee-54a4-45df-8b95-3d61f3cbf035,500,workload-20260609T121504519314Z,69,,2,2026-06-09T12:30:45.037337Z,2026-06-09T12:30:45.414336Z,2026-06-09T12:30:56.509564Z,202,completed,430,10760,208573d5cce8:1:6f4c27bc,264586,000001bd3ea6236bb8ba96866f06eae82e7622f6c62c3de5d410e57b46733e56,375.0,11472.227,5,
4751bc07-1d1f-4dc3-bdf8-12496cbbf0e4,f40af98a-8cdf-4ff7-8ea0-30a47edab97f,4b6f4aee-54a4-45df-8b95-3d61f3cbf035,500,workload-20260609T121504519314Z,70,,2,2026-06-09T12:30:45.038336Z,2026-06-09T12:30:45.405335Z,2026-06-09T12:30:58.528342Z,202,completed,1438,11925,0616728b7286:1:5619beb8,551337,0000061b17b8045f078140e248f210ac10c82aaad3c0538f2b80180827a2e0b1,375.0,13490.006,7,
6ab262ef-6811-4522-a3ad-7ae26c99506e,6f8cd35e-74c3-4a3f-9661-c19dd97b7eb8,4b6f4aee-54a4-45df-8b95-3d61f3cbf035,500,workload-20260609T121504519314Z,71,,2,2026-06-09T12:30:45.040336Z,2026-06-09T12:30:45.395336Z,2026-06-09T12:31:22.512546Z,202,completed,2904,12122,cb9fb5da3c43:1:e61d1f5e,851138,000008b710f9a74db0dc395c8fd4d68ecacc3927152f150e012db5a95d224de4,359.0,37472.21,2,poll error: 
e05fb7d8-c31e-4005-a5dd-7daea422e57a,aecc6a11-9977-4bd1-9e8a-ca16e34ed394,4b6f4aee-54a4-45df-8b95-3d61f3cbf035,500,workload-20260609T121504519314Z,72,,2,2026-06-09T12:30:45.045336Z,2026-06-09T12:30:45.457340Z,2026-06-09T12:30:59.362358Z,202,completed,2379,13266,cb9fb5da3c43:1:741475b9,704181,0000000402ba7b4d539df5954f317d068b594890a213fcd1ea1f95355602713d,407.0,14317.022,8,
9f97ad0e-d3bd-406a-a03f-677a77b4f59d,ba26c81e-aac5-4f47-9f40-fd2c810b9e3f,4b6f4aee-54a4-45df-8b95-3d61f3cbf035,500,workload-20260609T121504519314Z,73,,2,2026-06-09T12:30:45.046336Z,2026-06-09T12:30:45.453336Z,2026-06-09T12:30:58.009981Z,202,completed,686,11966,fcc05684ba59:1:2e67e5f0,620719,000003c6ffc5e100675cd7cd9e8e64cdd96b6c70e515ae527f05acc48ceb9111,407.0,12963.645,7,
4b255fb8-b4b4-4f73-8018-88eddba670fa,c11dc338-791b-4ae0-8ec0-2acfcf9ed7be,4b6f4aee-54a4-45df-8b95-3d61f3cbf035,500,workload-20260609T121504519314Z,74,,2,2026-06-09T12:30:45.048336Z,2026-06-09T12:30:45.442335Z,2026-06-09T12:31:00.687350Z,202,completed,2420,14598,fcc05684ba59:1:db7a0e4a,1494668,00000652e3759722b4afe3679590f599ab8af28848bc981489bb948da2a61928,391.0,15639.014,10,
aaa42eea-978f-4b8c-838f-f2ae14dc8057,a7c7a2ee-2f82-4a52-8307-0c6a18c0ea01,4b6f4aee-54a4-45df-8b95-3d61f3cbf035,500,workload-20260609T121504519314Z,75,,2,2026-06-09T12:30:45.049336Z,2026-06-09T12:30:45.439337Z,2026-06-09T12:30:59.829720Z,202,completed,2982,13372,0b769b3035e6:1:de9d11ad,2139031,00000179bcc5c709c435581d5856a33182080ca5fb7b2acc2340505c6b965925,391.0,14780.384,7,
bd5ac57a-ed50-479d-a6dd-495992569505,684d97ba-3662-4488-9cbc-55c79a58a9f9,4b6f4aee-54a4-45df-8b95-3d61f3cbf035,500,workload-20260609T121504519314Z,76,,2,2026-06-09T12:30:45.050335Z,2026-06-09T12:30:45.461336Z,2026-06-09T12:30:58.011979Z,202,completed,257,12079,208573d5cce8:1:5330530f,160456,00000115a335976e8eb797aacbd19f3e5787ea65785c15e1d02c13a0d3ee9e47,407.0,12961.644,7,
24f23e75-6877-47c0-a46e-8d84b291e770,d1bcd4e9-1c62-451e-b86b-415abcc30df4,4b6f4aee-54a4-45df-8b95-3d61f3cbf035,500,workload-20260609T121504519314Z,77,,2,2026-06-09T12:30:45.051337Z,2026-06-09T12:30:45.449336Z,2026-06-09T12:30:57.300233Z,202,completed,870,11301,6084be8b8ecc:1:f55fd502,379203,000001ce00f8c563683e29c83d52cdaf84869635955003c196847e8da037a866,407.0,12248.896,7,
e71cddb8-5c42-489e-934d-3094a5443a4f,3557d1f5-f599-4a80-a55a-8c9d91c45e78,4b6f4aee-54a4-45df-8b95-3d61f3cbf035,500,workload-20260609T121504519314Z,78,,2,2026-06-09T12:30:45.053335Z,2026-06-09T12:30:45.465336Z,2026-06-09T12:31:05.548114Z,202,completed,1423,14465,0b769b3035e6:1:20b865ed,1003577,00000981230a657d2fdae078b4bc14a2d481890c937b66796edbaaea077f4e80,422.0,20494.779,9,
34bab9e3-7410-4709-bbc6-a6b7cfd1f372,219d8fdb-a798-4668-a662-5bbda1b7e8ac,4b6f4aee-54a4-45df-8b95-3d61f3cbf035,500,workload-20260609T121504519314Z,79,,2,2026-06-09T12:30:45.054336Z,2026-06-09T12:30:45.489336Z,2026-06-09T12:30:58.107419Z,202,completed,883,11878,208573d5cce8:1:3567b2e3,881520,00000b1ce532a27089935a8fb4b8a94bccf6e2aaf5f72ac60e0139f53711921b,438.0,13053.083,6,
c8620ccd-b55a-467c-843e-f09dc6a0238f,8e582fdb-8fdf-4bc8-9f04-61e9eaf3c413,4b6f4aee-54a4-45df-8b95-3d61f3cbf035,500,workload-20260609T121504519314Z,80,,2,2026-06-09T12:30:45.061338Z,2026-06-09T12:30:45.600335Z,2026-06-09T12:31:06.123344Z,202,completed,4852,20539,0616728b7286:1:2b2e52a1,2695860,000001ddd447b8711d0f78838629d80127984ab55a7241ba6266df874432e24e,531.0,21062.006,14,
978ffd0d-5135-4146-b689-f9033bd2bb28,4a1d607f-cf92-4d0d-ad51-831b1d02af80,4b6f4aee-54a4-45df-8b95-3d61f3cbf035,500,workload-20260609T121504519314Z,81,,2,2026-06-09T12:30:45.065336Z,2026-06-09T12:30:45.501338Z,2026-06-09T12:31:01.786894Z,202,completed,608,15515,208573d5cce8:1:1360e4cc,685870,0000066e8f92307f3910e9a69b4228209f1cf1d92b98fb75b8d8ae08e076ccf5,437.0,16721.558,10,
cb664e47-2c17-4a6c-af3d-b411eed5fe09,0de819a7-fdac-4822-93b7-7d60b13a2318,4b6f4aee-54a4-45df-8b95-3d61f3cbf035,500,workload-20260609T121504519314Z,82,,2,2026-06-09T12:30:45.067337Z,2026-06-09T12:30:45.510336Z,2026-06-09T12:30:59.043147Z,202,completed,943,13288,cb9fb5da3c43:1:cabc1902,250529,0000036135de71d0600793be23251ed5a8d5b91035aa4409bcbd462a54345997,437.0,13975.81,8,
7339b4f7-15d2-41f1-a790-376dbd0b6934,4f217f8e-eccc-4b57-a0e3-bdca98aa0d17,4b6f4aee-54a4-45df-8b95-3d61f3cbf035,500,workload-20260609T121504519314Z,83,,2,2026-06-09T12:30:45.068336Z,2026-06-09T12:30:45.539336Z,2026-06-09T12:31:00.506387Z,202,completed,1364,14542,208573d5cce8:1:dc9773a4,1098096,00000b529c49021d003893de612bb63afe34cdf11894e70b9aa04718286ab13f,469.0,15438.051,9,
994d698e-36b3-4f3e-9a9e-3c05daf2d2e6,3d568fba-898b-422f-99b2-d180d61d872f,4b6f4aee-54a4-45df-8b95-3d61f3cbf035,500,workload-20260609T121504519314Z,84,,2,2026-06-09T12:30:45.069338Z,2026-06-09T12:30:45.506337Z,2026-06-09T12:31:00.048554Z,202,completed,1200,13857,208573d5cce8:1:2cd1edf6,866486,000004ca30dc93ada5fbdf2383a6e6c761ccb3078d51ed8553f9d9f40d1fee5e,437.0,14979.216,9,
91046590-7758-49c5-b06c-547617b9be3d,d87610a5-c8dc-4d7f-a88d-3f448b644eb6,4b6f4aee-54a4-45df-8b95-3d61f3cbf035,500,workload-20260609T121504519314Z,85,,2,2026-06-09T12:30:45.070336Z,2026-06-09T12:30:45.535336Z,2026-06-09T12:30:58.803067Z,202,completed,23,13173,0616728b7286:1:b9458620,14854,00000cba7dec9d9154e6129c5c51d01268f3416bc06feb40c967e7a274343835,469.0,13732.731,8,
23f94edf-4bfa-4862-ad52-1c9ce2d17008,ca767873-4176-4263-8eb4-474e2a09da76,4b6f4aee-54a4-45df-8b95-3d61f3cbf035,500,workload-20260609T121504519314Z,86,,2,2026-06-09T12:30:45.072337Z,2026-06-09T12:30:45.485336Z,2026-06-09T12:30:57.811112Z,202,completed,146,11755,6084be8b8ecc:1:ca5a088d,50761,000009490dbe1509aafce3b5b06125bebaf782947aba4c059b63393d6a693d73,422.0,12738.775,6,
c4a5fbb1-e742-41d3-808b-60afb7c6f195,a20c1d9d-0129-4c24-9cf8-5679f5550645,4b6f4aee-54a4-45df-8b95-3d61f3cbf035,500,workload-20260609T121504519314Z,87,,2,2026-06-09T12:30:45.073335Z,2026-06-09T12:30:45.497339Z,2026-06-09T12:31:04.101613Z,202,completed,6235,18375,6084be8b8ecc:1:a639595e,2697328,000003bdd6d5d2b0f6b09cfb93be1b860141c908acc2e72354a81ff901151176,437.0,19028.278,12,
a1d663e9-e57a-4c71-9013-f40c410d2790,809a9214-c213-4aee-a310-6bfdd740785b,4b6f4aee-54a4-45df-8b95-3d61f3cbf035,500,workload-20260609T121504519314Z,88,,2,2026-06-09T12:30:45.079335Z,2026-06-09T12:30:45.548342Z,2026-06-09T12:31:00.992480Z,202,completed,96,15062,fcc05684ba59:1:4774a6b2,60950,000006ecb10a7bd2f1a023363b15ecc7853533a152dce7d7220a87df763d8ab7,468.0,15913.145,10,
42176f44-35b0-4b9a-a4ca-f0166d076270,f29c64a5-5415-4373-ab7e-e54bd87477ea,4b6f4aee-54a4-45df-8b95-3d61f3cbf035,500,workload-20260609T121504519314Z,89,,2,2026-06-09T12:30:45.080335Z,2026-06-09T12:30:45.574336Z,2026-06-09T12:31:04.381872Z,202,completed,2693,18532,208573d5cce8:1:cd13cabf,1752633,000006762f4d7d51ded5a5fd75dcc4a0b8f1083591d7ef8cf9d075430bef75e9,500.0,19301.537,12,
fd643eb6-e03f-4dad-aebb-7248dc0c51f0,34578b56-0dd3-4942-8c76-c128ce3094d7,4b6f4aee-54a4-45df-8b95-3d61f3cbf035,500,workload-20260609T121504519314Z,90,,2,2026-06-09T12:30:45.082337Z,2026-06-09T12:30:45.561338Z,2026-06-09T12:31:03.676153Z,202,completed,2770,18163,208573d5cce8:1:0b9f8b4a,1854795,0000041c57e4d7ac249f1dc44303c5ce2392e3f47bf8c8a9dafed9a7d4ec7159,484.0,18593.816,12,
1ef4811e-1185-4d47-95f3-6a6728d89fb4,b8ceae09-de7b-46a0-9c90-e39f99545eeb,4b6f4aee-54a4-45df-8b95-3d61f3cbf035,500,workload-20260609T121504519314Z,91,,2,2026-06-09T12:30:45.083336Z,2026-06-09T12:30:45.556336Z,2026-06-09T12:31:03.597159Z,202,completed,3225,17880,6084be8b8ecc:1:1eab3a9a,1137626,000002d709cf11e2030ae4e1c7f639b3e0a42152800c638fc8e2182d95c4a064,468.0,18513.823,11,
6d9d7768-e546-4e84-8c10-c9ebe9d5fde7,0320ec3d-c4c9-4787-953f-adbeb7e8a679,4b6f4aee-54a4-45df-8b95-3d61f3cbf035,500,workload-20260609T121504519314Z,92,,2,2026-06-09T12:30:45.084336Z,2026-06-09T12:30:45.543337Z,2026-06-09T12:31:01.571135Z,202,completed,2273,15856,0b769b3035e6:1:654f6f2e,1513925,0000098fa52e8910f45a4cd3c6c745f846ad43985b2513d56866163041ea8d7a,468.0,16486.799,10,
b4602170-9995-4d3d-8cbf-805a6c0acba1,2aaa057c-b258-412e-aa0c-57c149bb19ee,4b6f4aee-54a4-45df-8b95-3d61f3cbf035,500,workload-20260609T121504519314Z,93,,2,2026-06-09T12:30:45.085336Z,2026-06-09T12:30:45.637338Z,2026-06-09T12:31:07.180320Z,202,completed,7021,20653,cb9fb5da3c43:1:90b22784,2023086,00000083ae2be84b0b3259cf71138e4b4c9c11cf61e0c5489830e176cb541cc0,562.0,22094.984,14,
87f7ce56-85f2-47b9-903e-f93bd361bdbd,b30d1786-0618-4825-9e31-460d9f9065c8,4b6f4aee-54a4-45df-8b95-3d61f3cbf035,500,workload-20260609T121504519314Z,94,,2,2026-06-09T12:30:45.087339Z,2026-06-09T12:30:45.565336Z,2026-06-09T12:31:01.543235Z,202,completed,1302,15908,0b769b3035e6:1:110a5b9e,906651,00000f6166582b719f86721406589a5d873b65873f35ff13153947d175316e6f,484.0,16455.896,10,
22b1c29d-03e2-4872-94e3-bf311f859fd2,1801e26f-485c-4ba0-b5f2-575c2f828c83,4b6f4aee-54a4-45df-8b95-3d61f3cbf035,500,workload-20260609T121504519314Z,95,,2,2026-06-09T12:30:45.088337Z,2026-06-09T12:30:45.570336Z,2026-06-09T12:31:03.289800Z,202,completed,3533,17051,cb9fb5da3c43:1:f5ad9856,984573,0000054f4ceefb11d50cdde6a9b588f7013c55238dedbdea8a8c30add14540f5,484.0,18201.463,12,
4472b167-72be-4dbc-96d5-8f56944f7c95,40a26141-a3f0-4732-a6d5-924357edb052,4b6f4aee-54a4-45df-8b95-3d61f3cbf035,500,workload-20260609T121504519314Z,96,,2,2026-06-09T12:30:45.097336Z,2026-06-09T12:30:45.374335Z,2026-06-09T12:30:55.308994Z,202,completed,1360,9906,6084be8b8ecc:1:82892e76,525331,000001123844df42f672fee77514bb6c76a8081c061ba657fcd6b73d8fad4fd0,281.0,10211.658,4,
bd4b1e67-d4d4-483a-aacb-a4132bed977d,4bc72833-676b-447b-83f0-4f21fc679e65,4b6f4aee-54a4-45df-8b95-3d61f3cbf035,500,workload-20260609T121504519314Z,97,,2,2026-06-09T12:30:45.099335Z,2026-06-09T12:30:45.925338Z,2026-06-09T12:31:05.567475Z,202,completed,1774,19207,0b769b3035e6:1:cc3b7e82,1073618,00000e156ff5019d10cf633c418f91d42d41a32eace32c1af68d7e5d36259a01,828.0,20468.14,9,
0bb4db35-175c-4d03-a980-584696b484c0,ca5244ee-f1e3-4af5-bcdc-9370b49ca141,4b6f4aee-54a4-45df-8b95-3d61f3cbf035,500,workload-20260609T121504519314Z,98,,2,2026-06-09T12:30:45.100337Z,2026-06-09T12:30:45.952336Z,2026-06-09T12:31:04.840507Z,202,completed,640,18433,6084be8b8ecc:1:019c8241,460732,00000a1c0b3350b7cddba52c07e38f129cbd436c1f36eea22fa31c9d37713dee,860.0,19740.17,14,
6353c88f-4db0-4ab9-a823-75e209f174c7,0d6f939f-e4cf-4c95-8225-139f3c5567f4,4b6f4aee-54a4-45df-8b95-3d61f3cbf035,500,workload-20260609T121504519314Z,99,,2,2026-06-09T12:30:45.101337Z,2026-06-09T12:30:45.943339Z,2026-06-09T12:31:03.979323Z,202,completed,267,17598,fcc05684ba59:1:0721556d,270161,0000060e3f640010a2eec2cbfe69eed315bd5be3630d86adc8f8b725a3401ade,844.0,18877.986,12,
7b0d2377-82ba-449f-adfb-a004429ab575,9064ad9f-d1bc-46df-8acc-e62a1aad2b38,4b6f4aee-54a4-45df-8b95-3d61f3cbf035,500,workload-20260609T121504519314Z,100,,2,2026-06-09T12:30:45.102335Z,2026-06-09T12:30:45.783336Z,2026-06-09T12:31:02.307703Z,202,completed,262,16175,0b769b3035e6:1:49aa7cfb,193239,00000fdbb855792808d7b5f103bb8907e2b4d95e22dc6a27e817bfba79719069,688.0,17205.368,10,
cbf1608f-f9e7-4794-8ee3-1baccd6eb265,d5daa418-3121-4876-8093-aa5f4d491419,4b6f4aee-54a4-45df-8b95-3d61f3cbf035,500,workload-20260609T121504519314Z,101,,2,2026-06-09T12:30:45.103336Z,2026-06-09T12:30:45.909335Z,2026-06-09T12:31:03.290800Z,202,completed,243,17002,cb9fb5da3c43:1:8f36fe2b,63902,00000871f2123154c75530ebe5da67eb7438c318f426e7a9578da8644d9ea897,813.0,18187.464,11,
96515d67-34df-4c1b-8a98-797aea0a9b6a,74db59a6-d0a4-4233-8810-64e42e283a2a,4b6f4aee-54a4-45df-8b95-3d61f3cbf035,500,workload-20260609T121504519314Z,102,,2,2026-06-09T12:30:45.104336Z,2026-06-09T12:30:45.710336Z,2026-06-09T12:31:02.608849Z,202,completed,694,16476,fcc05684ba59:1:f73f2c54,419620,000003fc94d691a7e6e5af6fcdb49a80d7a452645a10970454bee1c03b0f9bd0,610.0,17504.513,11,
b389d3dc-bf97-4b40-8194-3909b23490af,cb9c2fc2-e8da-4e58-a0b9-fb16fc381048,4b6f4aee-54a4-45df-8b95-3d61f3cbf035,500,workload-20260609T121504519314Z,103,,2,2026-06-09T12:30:45.116335Z,2026-06-09T12:30:45.493335Z,2026-06-09T12:30:55.667118Z,202,completed,363,9887,0616728b7286:1:64999747,116499,0000055651b2e41cf6bcec51fc18e9f7fd94340b53a7464991609089beb4a50c,375.0,10550.783,5,
cecba3a3-7ad7-406d-a58f-e21a34de499b,7b980364-1614-48a8-b609-a788a53fa5ff,4b6f4aee-54a4-45df-8b95-3d61f3cbf035,500,workload-20260609T121504519314Z,104,,2,2026-06-09T12:30:45.117337Z,2026-06-09T12:30:46.041333Z,2026-06-09T12:31:12.788674Z,202,completed,7723,25904,6084be8b8ecc:1:115b30b8,4874361,000009030cfbd86b69ee08f55d3256ef8344ee9ff5ff775aea14fb843480abbf,922.0,27671.337,19,
42230dbb-c157-4948-a41d-5cd5806eec31,22765fea-2870-42cf-a34d-f5b7f3c77a9f,4b6f4aee-54a4-45df-8b95-3d61f3cbf035,500,workload-20260609T121504519314Z,105,,2,2026-06-09T12:30:45.118338Z,2026-06-09T12:30:45.995556Z,2026-06-09T12:31:05.225305Z,202,completed,1067,18920,208573d5cce8:1:5430d5f5,863950,00000d26b50f20bf4e6c428ff600396998c6deb7409fee9622bfc301a1f6afea,875.0,20106.967,13,
99e02077-4aa8-43aa-8f44-6b52914e7bc1,a0bb73e1-5cb9-4967-8c0b-2d91ac44f148,4b6f4aee-54a4-45df-8b95-3d61f3cbf035,500,workload-20260609T121504519314Z,106,,2,2026-06-09T12:30:45.119336Z,2026-06-09T12:30:46.166354Z,2026-06-09T12:31:03.337546Z,202,completed,716,17200,fcc05684ba59:1:9ed5234b,447542,000009d7ae2a0baea62b1a27ef61b25cc6f1a6d79aae454d5bf7a82c9b756304,1047.0,18218.21,12,
00f25ea5-dcef-46da-9610-9ad3fa273c48,8a54cc97-05f1-4cfd-bcaa-ab533f342797,4b6f4aee-54a4-45df-8b95-3d61f3cbf035,500,workload-20260609T121504519314Z,107,,2,2026-06-09T12:30:45.121335Z,2026-06-09T12:30:45.852338Z,2026-06-09T12:31:07.200338Z,202,completed,3083,20585,cb9fb5da3c43:1:2bc6b035,891130,00000ab51f7281fd8396858d1bda4651ac49b122c9d2536be064ce08974b036f,719.0,22079.003,15,
758ada91-1e9d-4c66-8aef-2236f21e1857,fb763534-d2d7-4054-896c-850f15e2215c,4b6f4aee-54a4-45df-8b95-3d61f3cbf035,500,workload-20260609T121504519314Z,108,,2,2026-06-09T12:30:45.122336Z,2026-06-09T12:30:45.657338Z,2026-06-09T12:31:01.199380Z,202,completed,113,15622,fcc05684ba59:1:1036e902,120283,000009a929be20cdd6eec64c568133d888880c54937ddfa029317402f55129e2,532.0,16077.044,10,
b4826a11-4dba-45a0-9bc8-0fbe3afdecfb,5344ddd5-93f9-472b-8673-96299cc5c04f,4b6f4aee-54a4-45df-8b95-3d61f3cbf035,500,workload-20260609T121504519314Z,109,,2,2026-06-09T12:30:45.123336Z,2026-06-09T12:30:45.767336Z,2026-06-09T12:31:02.596351Z,202,completed,278,16110,0b769b3035e6:1:91840281,204719,00000e6ea8068116da647a001bfe69716573d2584d426dfac1896a558bc480ab,641.0,17473.015,11,
b8df740a-70e4-4af2-962f-e8241ecfefce,4aa049e5-f647-41c5-9cea-e6a23a97f7ae,4b6f4aee-54a4-45df-8b95-3d61f3cbf035,500,workload-20260609T121504519314Z,110,,2,2026-06-09T12:30:45.124338Z,2026-06-09T12:30:45.814335Z,2026-06-09T12:31:11.719315Z,202,completed,5140,21611,0b769b3035e6:1:26deadbf,4531008,00000288c9ca6cbf8f29cf4728d3f8ac370d722cbc3556f0122a78215e573acd,688.0,26594.977,14,
03b87fcc-87c0-4c2e-acfb-188246467343,95bd933c-b1d3-4665-bf36-9f9f4e54b4bb,4b6f4aee-54a4-45df-8b95-3d61f3cbf035,500,workload-20260609T121504519314Z,111,,2,2026-06-09T12:30:45.139336Z,2026-06-09T12:30:45.477338Z,2026-06-09T12:31:06.359646Z,202,completed,1195,14647,0616728b7286:1:8418855d,363955,00000f12630f0a287a5501dc7052acc9346a207e5ef0ce663ed2da6138059438,328.0,21220.31,14,
0d926468-bf4a-4ef1-9665-b0ed10119ebc,c073cf65-c936-45d5-9b39-788fa5710e6c,4b6f4aee-54a4-45df-8b95-3d61f3cbf035,500,workload-20260609T121504519314Z,112,,2,2026-06-09T12:30:45.140336Z,2026-06-09T12:30:46.067318Z,2026-06-09T12:31:05.710017Z,202,completed,482,19203,fcc05684ba59:1:29368634,308183,0000047d2da93e05183c9e672c268b62bcbee0e7be529c5ce782f26150ed4963,922.0,20569.681,13,
937780f5-1772-407d-834a-30860ca0a8a7,f3b1ae5c-4a45-4289-891c-354e98cc0428,4b6f4aee-54a4-45df-8b95-3d61f3cbf035,500,workload-20260609T121504519314Z,113,,2,2026-06-09T12:30:45.142338Z,2026-06-09T12:30:46.026306Z,2026-06-09T12:31:10.479365Z,202,completed,3918,22229,208573d5cce8:1:6255c70d,3733752,0000071342f1c1ed7c6924608c829726c831934ba131439df89c498c982b739c,875.0,25337.027,18,
b17c4d25-e071-4fac-9b13-b64fd308cd1b,22dbed6b-e248-48e6-bc61-cbff1cc89bb1,4b6f4aee-54a4-45df-8b95-3d61f3cbf035,500,workload-20260609T121504519314Z,114,,2,2026-06-09T12:30:45.143335Z,2026-06-09T12:30:45.987544Z,2026-06-09T12:31:04.916347Z,202,completed,829,18572,fcc05684ba59:1:3e58cfe6,558931,00000f48e07cffe8954c777a2039c6a8569a3fa413dfcc2262efc15c86c83769,844.0,19773.012,12,
72b13cf7-2447-43f4-9d87-cbdd106c8da5,f4ec4ad8-dd95-46b7-9360-6b718cba73f5,4b6f4aee-54a4-45df-8b95-3d61f3cbf035,500,workload-20260609T121504519314Z,115,,2,2026-06-09T12:30:45.144336Z,2026-06-09T12:30:46.056319Z,2026-06-09T12:31:07.849143Z,202,completed,2133,20749,6084be8b8ecc:1:50991cef,755903,00000168cac9884d6a842a1e89b7aa7c3711373b2861352466f1673e45941461,906.0,22704.807,15,
1941674e-d7d7-42c8-9245-03a8ebc61756,f855348d-0f56-4cc7-bee0-3ef44d5d4be9,4b6f4aee-54a4-45df-8b95-3d61f3cbf035,500,workload-20260609T121504519314Z,116,,2,2026-06-09T12:30:45.146336Z,2026-06-09T12:30:45.653337Z,2026-06-09T12:31:03.823327Z,202,completed,2021,17898,fcc05684ba59:1:e2484b71,1535613,0000082f7fc50178de863bac83ee24b9a5c38d47f9e9abe9008bdec81901cd0b,516.0,18676.991,11,
1c09e4c5-afca-49d2-88c4-5507291ce2a6,394181ca-a5ab-4426-8115-5eb770da3b66,4b6f4aee-54a4-45df-8b95-3d61f3cbf035,500,workload-20260609T121504519314Z,117,,2,2026-06-09T12:30:45.147337Z,2026-06-09T12:30:46.014306Z,2026-06-09T12:31:06.372197Z,202,completed,1399,19234,fcc05684ba59:1:479d1d62,953381,000007a26fb1efafff9177e38469907e431c34676212d2d6b4ca562dfc828bb7,875.0,21224.86,14,
940d8b75-e28f-49fd-8ec8-7d14284dc97b,dd784535-cb12-4bea-9f31-4f7da8ee89be,4b6f4aee-54a4-45df-8b95-3d61f3cbf035,500,workload-20260609T121504519314Z,118,,2,2026-06-09T12:30:45.148337Z,2026-06-09T12:30:45.873335Z,2026-06-09T12:31:04.238006Z,202,completed,534,17112,0b769b3035e6:1:05d8e9b3,315036,00000a031b44742cd041186476ce42852e3a5e357c3891ca0b63a55f3960f23e,734.0,19089.669,12,
9ae8d59c-f885-4bf1-b98b-e25d6bf5bf5e,efec2893-f219-4abe-b27d-d635b71cd23a,4b6f4aee-54a4-45df-8b95-3d61f3cbf035,500,workload-20260609T121504519314Z,119,,2,2026-06-09T12:30:45.178336Z,2026-06-09T12:30:45.552336Z,2026-06-09T12:31:02.026496Z,202,completed,115,15571,fcc05684ba59:1:053a8e9d,118339,00000f69e47fe63cfa973717ff2b3887a1ff78ee8f9816d5c34648bb247f68b1,375.0,16848.16,10,
bff69092-79cf-4fab-bfa7-9c2c8b02bb4b,be9e7b4b-a4da-4b2e-b2f4-7ceb0f16261a,4b6f4aee-54a4-45df-8b95-3d61f3cbf035,500,workload-20260609T121504519314Z,120,,2,2026-06-09T12:30:45.180336Z,2026-06-09T12:30:46.061316Z,2026-06-09T12:31:11.717317Z,202,completed,881,20002,208573d5cce8:1:63918c30,537244,00000c4039390439730c034e4c23ed5f40796128af0558bf8771953fbe4e847c,891.0,26536.981,14,
61147e78-849c-4cb1-b960-15bff7988688,62aa6788-ee21-4088-ab4e-28e7a112d404,4b6f4aee-54a4-45df-8b95-3d61f3cbf035,600,workload-20260609T121504519314Z,1,,2,2026-06-09T12:32:22.925194Z,2026-06-09T12:32:23.160195Z,2026-06-09T12:32:24.967411Z,202,completed,259,659,0b769b3035e6:1:b7f57967,285089,00000e7275ecd4ba1440b945492c2b6484f53e4f3cc6f005d684d4756e40b3eb,235.0,2042.217,1,
f325b507-00da-4aa2-a948-92102b44c5fe,c3615af8-ab55-4f17-98e0-18996c8ef08c,4b6f4aee-54a4-45df-8b95-3d61f3cbf035,600,workload-20260609T121504519314Z,2,,2,2026-06-09T12:32:22.927195Z,2026-06-09T12:32:23.126194Z,2026-06-09T12:32:24.984410Z,202,completed,94,598,0b769b3035e6:1:f1cf7e94,99845,00000a10b55388cdf69fbdf1a74581ba08af530669f4bbce399ca564ad32615b,203.0,2057.215,1,
b6d532db-7f74-4366-93fb-79c74ff4df36,1702b9e7-e07f-4ad4-a8dd-612dd8f0e5f4,4b6f4aee-54a4-45df-8b95-3d61f3cbf035,600,workload-20260609T121504519314Z,3,,2,2026-06-09T12:32:22.929194Z,2026-06-09T12:32:23.126194Z,2026-06-09T12:32:29.233975Z,202,completed,1976,3068,6084be8b8ecc:1:66ce224d,662883,000008cc34b81e7f110b8423eede45c37f5f33af44db2ceb69353e9e4de84b80,203.0,6304.781,1,
978a991a-8122-49f2-a93d-d750d0db1b68,3536948d-54e1-4b92-a792-61d6fb4fbe86,4b6f4aee-54a4-45df-8b95-3d61f3cbf035,600,workload-20260609T121504519314Z,4,,2,2026-06-09T12:32:22.930195Z,2026-06-09T12:32:23.697196Z,2026-06-09T12:32:25.108412Z,202,completed,232,1227,0b769b3035e6:1:c5816185,201049,00000132317ef75bff9ae529b0107f73a0c9aa80e9eec1b592c20724ac919afb,766.0,2178.217,1,
ea4d9b66-2d53-456c-9e55-2c8b4f9ad68f,f075a48c-b314-453d-b7fd-9f864bfae59c,4b6f4aee-54a4-45df-8b95-3d61f3cbf035,600,workload-20260609T121504519314Z,5,,2,2026-06-09T12:32:22.931194Z,2026-06-09T12:32:23.161196Z,2026-06-09T12:32:25.155410Z,202,completed,60,1749,0b769b3035e6:1:0be39ef8,66274,0000098e28692f38c96d407b77766b4c168d5d75470f6779a050613e43e81127,235.0,2224.216,1,
efbe7ad5-70aa-4714-a138-62190a505f52,797aabc6-371c-413d-adec-0509e5ddcc8b,4b6f4aee-54a4-45df-8b95-3d61f3cbf035,600,workload-20260609T121504519314Z,6,,2,2026-06-09T12:32:22.933194Z,2026-06-09T12:32:23.239197Z,2026-06-09T12:32:25.612412Z,202,completed,545,911,6084be8b8ecc:1:894c84f0,216668,00000032d4e10cdb2de05a4579760679cfa2fa83f1e0d7fff8c0e4e15a11bc05,313.0,2679.218,1,
305cb0b8-4773-4048-9fb8-2a4d578f6ba3,90b1f7ad-aa81-4fed-9a66-7e61d4b21778,4b6f4aee-54a4-45df-8b95-3d61f3cbf035,600,workload-20260609T121504519314Z,7,,2,2026-06-09T12:32:22.934194Z,2026-06-09T12:32:23.163194Z,2026-06-09T12:32:27.235266Z,202,completed,2103,2745,fcc05684ba59:1:ad1635f2,1373637,00000d83939bce57d7bc10515bbe6d7803aa66a55f63fed33164599d03b82c7e,219.0,4301.072,2,
586ebd53-7a0e-4fbb-b38e-b751ee3b2fb7,599a0036-1184-4080-bbb4-a1f1f10b5ad2,4b6f4aee-54a4-45df-8b95-3d61f3cbf035,600,workload-20260609T121504519314Z,8,,2,2026-06-09T12:32:22.935194Z,2026-06-09T12:32:23.162194Z,2026-06-09T12:32:29.864691Z,202,completed,4326,5266,0616728b7286:1:3f9153da,1658371,0000061c6ce0bd467dc56b2478a073a83cc18b3845fb9baa01868baf8636907b,219.0,6929.497,3,
a56ec7f7-920e-4656-8fb6-0be48bf20f51,3b52fa2d-ac00-458a-ab11-676746e22473,4b6f4aee-54a4-45df-8b95-3d61f3cbf035,600,workload-20260609T121504519314Z,9,,2,2026-06-09T12:32:22.936194Z,2026-06-09T12:32:23.133194Z,2026-06-09T12:32:29.095455Z,202,completed,55,1826,0b769b3035e6:1:f077d865,64558,00000d5251311c5f4b122d42b5defdc6c57b5e76db77cfba274bad3a276498c7,187.0,6159.261,1,
6d9da1c9-d960-4b99-b10c-5ecd1b398410,4bee078d-e6d3-4af9-84d3-4e51337f346a,4b6f4aee-54a4-45df-8b95-3d61f3cbf035,600,workload-20260609T121504519314Z,10,,2,2026-06-09T12:32:22.937195Z,2026-06-09T12:32:23.162194Z,2026-06-09T12:32:29.166347Z,202,completed,1729,2389,208573d5cce8:1:16be60bc,1116009,00000b06447724400f35f7eb182821d51174b60156818dc3f66407a26143ea44,219.0,6229.152,2,
8d4193b7-f829-4f5f-bf91-a01aae5c48a2,0c95538a-9a9a-4746-b672-d19bb70a2c7c,4b6f4aee-54a4-45df-8b95-3d61f3cbf035,600,workload-20260609T121504519314Z,11,,2,2026-06-09T12:32:22.940194Z,2026-06-09T12:32:23.164194Z,2026-06-09T12:32:29.109455Z,202,completed,1762,2478,208573d5cce8:1:86a61d73,1142278,00000b7ede2459d574f439d2440b032b8268c5f70874cd88510e9fad380c03bf,219.0,6169.261,1,
62a79eec-2492-4eab-9e47-54da4d8b294b,e332b9f1-932b-4d8f-b885-8975c56acd2f,4b6f4aee-54a4-45df-8b95-3d61f3cbf035,600,workload-20260609T121504519314Z,12,,2,2026-06-09T12:32:22.942196Z,2026-06-09T12:32:23.171194Z,2026-06-09T12:32:29.219360Z,202,completed,3301,4073,fcc05684ba59:1:9a7783d4,2324652,000006335404ef1051b6985bc4ee3fe4f097e7e324f476528cc485463e6ff20c,234.0,6277.164,2,
ae1cc365-1e2b-4109-ba85-3c8d920125a1,46735720-5d6a-42eb-a043-808caa93b50c,4b6f4aee-54a4-45df-8b95-3d61f3cbf035,600,workload-20260609T121504519314Z,13,,2,2026-06-09T12:32:22.944197Z,2026-06-09T12:32:23.172195Z,2026-06-09T12:32:32.848471Z,202,completed,9009,9636,6084be8b8ecc:1:f5fdfd8d,3731949,000004f61770bbddc7146fe4fb4b0c31b70d0290ef9c42c04b3fa44088e90963,234.0,9904.274,6,
253d81b7-2cd3-4d69-9e1f-e88d45d816e7,613ad9ba-4d60-4aef-866e-aa9522f5ff99,4b6f4aee-54a4-45df-8b95-3d61f3cbf035,600,workload-20260609T121504519314Z,14,,2,2026-06-09T12:32:22.945196Z,2026-06-09T12:32:23.188194Z,2026-06-09T12:32:29.069457Z,202,completed,3420,4159,cb9fb5da3c43:1:65e58354,949004,00000b539c42549d326800a2165a1d08614c5a23bee314ae9d2c94fa5a413926,250.0,6124.261,2,
e2ba253a-63ff-445d-8bbb-7b74c94cdb1d,f15bdf91-a531-4d7f-8fd6-acfbe7c3040b,4b6f4aee-54a4-45df-8b95-3d61f3cbf035,600,workload-20260609T121504519314Z,15,,2,2026-06-09T12:32:22.946195Z,2026-06-09T12:32:23.165194Z,2026-06-09T12:32:38.504719Z,202,completed,13645,14301,cb9fb5da3c43:1:1deef376,4235795,0000054d9f4f822e786e1934d4b0c037188e601769a7561b34fe1dc97019c480,219.0,15558.524,9,
55992556-2de8-4a38-85c7-d508d3248dba,88ed7af1-9d90-4bef-99b2-299fac938ad8,4b6f4aee-54a4-45df-8b95-3d61f3cbf035,600,workload-20260609T121504519314Z,16,,2,2026-06-09T12:32:22.948196Z,2026-06-09T12:32:23.191196Z,2026-06-09T12:32:29.125456Z,202,completed,1705,3785,0b769b3035e6:1:01804467,1315665,00000f3453efebe00c22801de72aa63a449c3f8f521d428990c8a3a856ff4c68,250.0,6177.26,1,
5c9059d4-1779-40a9-8783-70018d5d4527,4d1aaa8a-22ac-48bc-b02f-6cbd4af84e5b,4b6f4aee-54a4-45df-8b95-3d61f3cbf035,600,workload-20260609T121504519314Z,17,,2,2026-06-09T12:32:22.949195Z,2026-06-09T12:32:23.187195Z,2026-06-09T12:32:31.515649Z,202,completed,4037,7402,fcc05684ba59:1:c1e3b51a,2787761,00000213063b05485e90502a6385b4369b8d0a22b47c4d5816bd6cd951a517d3,234.0,8566.454,4,
4f644403-5550-41ce-8084-87eab24f0b73,2876fdc2-52a2-45d3-8d5e-5ecee7a2a59b,4b6f4aee-54a4-45df-8b95-3d61f3cbf035,600,workload-20260609T121504519314Z,18,,2,2026-06-09T12:32:22.950196Z,2026-06-09T12:32:23.186193Z,2026-06-09T12:32:29.145342Z,202,completed,3154,4011,0616728b7286:1:6090a88a,1037433,000002a4b1c84c217c94b4bcc6f15d375e8a99a8d630d6447ad72a145bdda84e,234.0,6195.146,3,
ad6a8cc2-b928-4c23-b85e-47fb30d4f0aa,c1b821f4-6cc7-4941-89c3-eb916cdbe7e9,4b6f4aee-54a4-45df-8b95-3d61f3cbf035,600,workload-20260609T121504519314Z,19,,2,2026-06-09T12:32:22.952195Z,2026-06-09T12:32:23.190194Z,2026-06-09T12:32:27.046266Z,202,completed,225,1153,0b769b3035e6:1:9ae3166f,181713,000007d40304fe6fcf1ff996f16c56ddce0ebedd3e4ca40a42652bfbbfaac4b0,234.0,4094.071,1,
70ce4606-bced-484a-980b-cfcde9566aba,87b50f28-e0df-4b4e-b79f-924ac23048e2,4b6f4aee-54a4-45df-8b95-3d61f3cbf035,600,workload-20260609T121504519314Z,20,,2,2026-06-09T12:32:22.953194Z,2026-06-09T12:32:23.185196Z,2026-06-09T12:32:28.642409Z,202,completed,768,3102,0b769b3035e6:1:ec434e3f,487192,00000cf5e65953ff5a1bdfc50fde2f14b0fdfafd49fd99bcf86846477de3f016,234.0,5689.215,1,
b6452c77-9f25-47af-ac08-c5864113f93d,adce599a-33aa-4bbb-bdfd-b11973458cc1,4b6f4aee-54a4-45df-8b95-3d61f3cbf035,600,workload-20260609T121504519314Z,21,,2,2026-06-09T12:32:22.955196Z,2026-06-09T12:32:23.192195Z,2026-06-09T12:32:27.362264Z,202,completed,76,3141,fcc05684ba59:1:444c20d4,48906,000001be62a889cb0c27079757400d8503582c7d71bf7ca51ed9e560c4be7304,234.0,4407.068,2,
74c3db56-cb2f-432a-9fa7-fcfb97db93c9,609d265e-7b6d-4243-a91f-f190c85851f1,4b6f4aee-54a4-45df-8b95-3d61f3cbf035,600,workload-20260609T121504519314Z,22,,2,2026-06-09T12:32:22.956195Z,2026-06-09T12:32:23.233196Z,2026-06-09T12:32:32.258818Z,202,completed,4116,8747,208573d5cce8:1:fafb2d6e,2520207,0000038985a3acb076b8addc066431ffa984b72b164c4b3d1cce2f04ff75585b,281.0,9302.623,5,
825c6114-e47d-4c70-82df-f9f4658a8ac1,9938269a-4120-4ca3-886f-ee1e29df7c11,4b6f4aee-54a4-45df-8b95-3d61f3cbf035,600,workload-20260609T121504519314Z,23,,2,2026-06-09T12:32:22.958195Z,2026-06-09T12:32:23.258196Z,2026-06-09T12:32:30.224559Z,202,completed,2273,6702,fcc05684ba59:1:59b76523,1401188,0000046ec21c6c08044b7271dcd2bc6dda777a367adc2495ca1592326f242a1e,296.0,7266.364,4,
9e7c4a30-d947-422d-b1bc-f5e008d30280,0c3290b7-214c-4109-bd42-85b01b36b32c,4b6f4aee-54a4-45df-8b95-3d61f3cbf035,600,workload-20260609T121504519314Z,24,,2,2026-06-09T12:32:22.959194Z,2026-06-09T12:32:23.194194Z,2026-06-09T12:32:29.131606Z,202,completed,1281,4370,208573d5cce8:1:f45b00a4,827033,000002faa1f8a07c2fa8271722f50479550bd46c4a85ced2fc59345822df708a,234.0,6172.412,2,
28fff34c-0490-401d-be8e-ed61c35a6037,d5a5222e-7672-4b5d-a338-05bcf999554c,4b6f4aee-54a4-45df-8b95-3d61f3cbf035,600,workload-20260609T121504519314Z,25,,2,2026-06-09T12:32:22.961195Z,2026-06-09T12:32:23.202196Z,2026-06-09T12:32:29.064456Z,202,completed,2196,5692,0b769b3035e6:1:880cb500,1465453,00000e5bedf361292b3fb1e23e3ac7a2018871086cb193daea0ef0fed4a931f6,250.0,6103.261,3,
23a8d0e1-988d-4dcf-a928-7a6bd9a9bfd7,5e1727e2-610d-44a2-80d6-1588aedfe0c7,4b6f4aee-54a4-45df-8b95-3d61f3cbf035,600,workload-20260609T121504519314Z,26,,2,2026-06-09T12:32:22.962194Z,2026-06-09T12:32:23.195194Z,2026-06-09T12:32:39.377420Z,202,completed,12543,15711,208573d5cce8:1:b3688f46,8513060,00000d26aa7001a4e1c936562c4ecdafb661a3be007d2c5bba371c9dce21484d,234.0,16415.226,12,
8787150d-6b57-4f7f-ada4-7169ea58f931,d868dd87-d966-44cb-8140-f06296b24391,4b6f4aee-54a4-45df-8b95-3d61f3cbf035,600,workload-20260609T121504519314Z,27,,2,2026-06-09T12:32:22.964194Z,2026-06-09T12:32:23.214194Z,2026-06-09T12:32:31.223417Z,202,completed,2721,7358,0616728b7286:1:367eb316,1299843,00000fa4f9dd450e24bb4ba16c799f5eefe06ec388a933475f8861f113508a46,250.0,8259.223,3,
9b6ca3f7-708b-4cfb-baec-46dac64ddc0d,80958792-7db2-4316-85c5-2f1e7b909aca,4b6f4aee-54a4-45df-8b95-3d61f3cbf035,600,workload-20260609T121504519314Z,28,,2,2026-06-09T12:32:22.966194Z,2026-06-09T12:32:23.228194Z,2026-06-09T12:32:30.015987Z,202,completed,1569,5756,0b769b3035e6:1:5727d7da,999838,0000085ea5f4a2cad1f6d26cd8ef0ab52fd5f2a3e2e43155a4e2458bcf46637c,250.0,7049.793,2,
ccbc6b04-ce85-4578-b8b8-740c8bbd6b58,4fd6f0ab-6c95-4409-974d-c6f75e3f95dc,4b6f4aee-54a4-45df-8b95-3d61f3cbf035,600,workload-20260609T121504519314Z,29,,2,2026-06-09T12:32:22.967195Z,2026-06-09T12:32:23.231194Z,2026-06-09T12:32:28.940190Z,202,completed,53,4521,cb9fb5da3c43:1:687ca03a,14468,000005286b1e40665291640e938ef3789e14700d2f1f32ec57ff6b213c7c2164,266.0,5972.995,2,
6b316ec1-d272-470a-8827-735b9e239d00,c0189621-7a63-4c2e-af6c-20c1961df41f,4b6f4aee-54a4-45df-8b95-3d61f3cbf035,600,workload-20260609T121504519314Z,30,,2,2026-06-09T12:32:22.970194Z,2026-06-09T12:32:23.213194Z,2026-06-09T12:32:30.252638Z,202,completed,2782,6324,6084be8b8ecc:1:3ab9bf4f,977805,0000083613347a2687d7b1a1a8e7eba9a34f73023c338c5af9c103b30116259d,235.0,7282.444,3,
4e913166-e490-400f-82df-4468fcb86457,dffae722-6d85-49b8-8a5c-1a554e90f8fd,4b6f4aee-54a4-45df-8b95-3d61f3cbf035,600,workload-20260609T121504519314Z,31,,2,2026-06-09T12:32:22.973196Z,2026-06-09T12:32:23.235195Z,2026-06-09T12:32:32.702436Z,202,completed,3338,8194,cb9fb5da3c43:1:13c93c7b,895825,00000b8aee84943bd8e0bd23a91a23fd13a2cd409eb0d49e91d8d34a36338e8e,266.0,9729.24,5,
da950e84-f145-4f31-9bd1-ba856b4346e5,f3db2bdd-a015-4c0e-8bf6-db9f9558f1c6,4b6f4aee-54a4-45df-8b95-3d61f3cbf035,600,workload-20260609T121504519314Z,32,,2,2026-06-09T12:32:22.975194Z,2026-06-09T12:32:23.237197Z,2026-06-09T12:32:31.343137Z,202,completed,82,6234,0b769b3035e6:1:80b50f21,51139,00000be36774f64065246e9b8daefa34ef71d9cafcde17e516f7633a0a03d031,266.0,8367.943,2,
c69173c0-f717-472e-87d2-67cef17b3287,bbe2ebc6-1e5d-42c1-9df0-e6901dc9d17a,4b6f4aee-54a4-45df-8b95-3d61f3cbf035,600,workload-20260609T121504519314Z,33,,2,2026-06-09T12:32:22.977195Z,2026-06-09T12:32:23.230195Z,2026-06-09T12:32:30.293894Z,202,completed,363,6668,0b769b3035e6:1:805e2c2f,362436,0000052153811ff2bc53bbb0fe293bac8da30b962dafb5d40ed4f0ce8cdf2f95,250.0,7316.699,3,
e5f155c1-dfbf-45a6-b7b4-dfe79f734e47,5b5b261f-7188-4c61-ba16-622147ebfb20,4b6f4aee-54a4-45df-8b95-3d61f3cbf035,600,workload-20260609T121504519314Z,34,,2,2026-06-09T12:32:22.980196Z,2026-06-09T12:32:23.274194Z,2026-06-09T12:32:32.106011Z,202,completed,1245,7761,0616728b7286:1:e56c05fa,528257,000009cc17761d1a0366382328e37e0ef02589a51005014e689c1b432bdaca59,297.0,9125.815,4,
be28e0c5-080e-4bd0-8d47-cae3f3ef9528,d338ad0d-f6ef-4a3c-8364-cba6e07ccbe1,4b6f4aee-54a4-45df-8b95-3d61f3cbf035,600,workload-20260609T121504519314Z,35,,2,2026-06-09T12:32:22.983194Z,2026-06-09T12:32:23.260194Z,2026-06-09T12:32:31.453651Z,202,completed,823,7457,6084be8b8ecc:1:a3647ef3,281737,000002a3247a4c1d353d208af6541d0b25e1e48ec437bdcc1dddada5a0e264f4,265.0,8470.457,3,
d23adae8-0ecc-4249-bc49-0c37fd3b9311,db0ee635-04a8-4747-895b-827c3f683ec7,4b6f4aee-54a4-45df-8b95-3d61f3cbf035,600,workload-20260609T121504519314Z,36,,2,2026-06-09T12:32:22.984195Z,2026-06-09T12:32:23.287196Z,2026-06-09T12:32:33.798155Z,202,completed,1897,9966,0616728b7286:1:60d9db27,805492,00000b48ebe7e1fc87ba6973dac7d3eeaaac10dd8debd3ea12f19010a8bc3164,297.0,10813.96,6,
5091af26-2442-490f-9c16-44394051110e,624f2d14-20a3-405d-99cc-e4436bd6ad80,4b6f4aee-54a4-45df-8b95-3d61f3cbf035,600,workload-20260609T121504519314Z,37,,2,2026-06-09T12:32:22.985197Z,2026-06-09T12:32:23.284195Z,2026-06-09T12:32:33.724762Z,202,completed,2017,10424,fcc05684ba59:1:7b60bc44,1197791,00000192816ff7ac4fc599ebba127ca68ab4f2c1b8fc3334150f2e774c3542d8,297.0,10739.565,7,
4537a64c-1c95-4fd4-86d7-09e2c49a7edb,c51d4a85-b284-46d6-9a1f-162dcfa813f8,4b6f4aee-54a4-45df-8b95-3d61f3cbf035,600,workload-20260609T121504519314Z,38,,2,2026-06-09T12:32:22.986194Z,2026-06-09T12:32:23.250194Z,2026-06-09T12:32:30.131562Z,202,completed,21,6729,0b769b3035e6:1:a1f8745e,24945,00000e4e7e0e7ad624762f24d313b989c202e807a869dbfc0d5d97b37caa95d6,265.0,7145.368,2,
538427d1-24d0-4362-971b-d116809c0247,965d291f-da7c-4750-a59a-ef71a4cfa21c,4b6f4aee-54a4-45df-8b95-3d61f3cbf035,600,workload-20260609T121504519314Z,39,,2,2026-06-09T12:32:22.992195Z,2026-06-09T12:32:23.262196Z,2026-06-09T12:32:31.421649Z,202,completed,182,7926,fcc05684ba59:1:88efabe5,112272,0000064d38b87a6b3776665e97cec4c6700eb489b83e29ccd9c467062fa7bac0,281.0,8429.454,3,
f8587c0d-99ca-4a9b-90ca-6131c7e735f6,4632e63d-505e-4e3c-b412-dec48b96ed06,4b6f4aee-54a4-45df-8b95-3d61f3cbf035,600,workload-20260609T121504519314Z,40,,2,2026-06-09T12:32:22.995194Z,2026-06-09T12:32:23.282197Z,2026-06-09T12:32:32.793202Z,202,completed,1654,9380,0616728b7286:1:4f4f06ea,623320,000009d45da0f6d972b3eaeea3c6d598457e1f6ea1287b386aaf73da8017d8ed,297.0,9798.008,5,
d3f58b2c-b908-4069-836a-6a8c873e8927,700fe8ea-915f-4344-bc55-0f28fc1b8136,4b6f4aee-54a4-45df-8b95-3d61f3cbf035,600,workload-20260609T121504519314Z,41,,2,2026-06-09T12:32:23.000194Z,2026-06-09T12:32:23.313196Z,2026-06-09T12:32:32.429818Z,202,completed,1266,9112,6084be8b8ecc:1:229b3328,442615,000001e9d69fa3498f01855161486aeb02b52dc67130d081a82ca43f07a108b6,313.0,9429.624,5,
25a5fb85-6489-4942-9159-4de61043d4e9,4f276f1d-3e92-450d-bc0c-c8e5c36524ea,4b6f4aee-54a4-45df-8b95-3d61f3cbf035,600,workload-20260609T121504519314Z,42,,2,2026-06-09T12:32:23.001195Z,2026-06-09T12:32:23.290195Z,2026-06-09T12:32:31.570649Z,202,completed,497,7412,fcc05684ba59:1:40eb46df,327803,00000b0314230e6529318d4278127bcab0106b59e85191c8ca70e62164005fbc,282.0,8569.454,5,
9414dc06-0b4c-4c46-8317-8403848c0678,73021f6f-6a6c-41f2-a6e2-9733ef087bde,4b6f4aee-54a4-45df-8b95-3d61f3cbf035,600,workload-20260609T121504519314Z,43,,2,2026-06-09T12:32:23.002194Z,2026-06-09T12:32:23.303195Z,2026-06-09T12:32:36.082208Z,202,completed,2565,10358,fcc05684ba59:1:b8a67386,1742111,00000ff77bd3064e95a59acd20f9347c82ef90a28a1542bccc48a20fdc45c411,297.0,13080.014,7,
0b91fd05-2f91-4d5d-9412-2ba9021f2a94,876de832-3119-41fe-87f0-be3c3a475f43,4b6f4aee-54a4-45df-8b95-3d61f3cbf035,600,workload-20260609T121504519314Z,44,,2,2026-06-09T12:32:23.004195Z,2026-06-09T12:32:23.277195Z,2026-06-09T12:32:35.204174Z,202,completed,4473,11403,0b769b3035e6:1:d4569e9f,2744283,00000e8328ed5849cd7e5ff6306592af8b52019285631622b59e60ba1bb8861d,266.0,12199.979,7,
38a3be08-3222-4129-8bb1-f7c4a37d65dc,898e73ca-d020-49ae-bf24-6839a16c5231,4b6f4aee-54a4-45df-8b95-3d61f3cbf035,600,workload-20260609T121504519314Z,45,,2,2026-06-09T12:32:23.005194Z,2026-06-09T12:32:23.316193Z,2026-06-09T12:32:32.245818Z,202,completed,1173,8218,0b769b3035e6:1:7b362d43,688220,00000aff4b387dc14be12b693a391c4eb9118383c140e964e7031b35e74bd25a,313.0,9240.624,4,
0f184570-993a-4bec-b6f1-38cfa83d78aa,bbd8ff7e-47cd-4292-b3ee-d8936cf31f63,4b6f4aee-54a4-45df-8b95-3d61f3cbf035,600,workload-20260609T121504519314Z,46,,2,2026-06-09T12:32:23.006194Z,2026-06-09T12:32:23.300195Z,2026-06-09T12:32:37.317731Z,202,completed,5515,13982,0b769b3035e6:1:b8963007,3640719,000000d687fd75ca493c8c27f39b0ea02c51f2569c041eae7f16048940681a4f,297.0,14311.537,10,
056ca2bb-2e4f-4862-8df5-fd7bf8a3b89d,71f90607-ff85-4b67-ae97-9a3f506aede7,4b6f4aee-54a4-45df-8b95-3d61f3cbf035,600,workload-20260609T121504519314Z,47,,2,2026-06-09T12:32:23.007195Z,2026-06-09T12:32:23.337196Z,2026-06-09T12:32:33.552034Z,202,completed,459,9764,208573d5cce8:1:20f161a3,281211,0000031869ee815ce36047aac156541072a927c484a9f807b988c1a6933551bb,329.0,10544.839,7,
a05b7db2-b55d-41a5-b4d0-5d408f512563,62b6d355-e69e-4008-ad96-f11fd783b5fd,4b6f4aee-54a4-45df-8b95-3d61f3cbf035,600,workload-20260609T121504519314Z,48,,2,2026-06-09T12:32:23.012194Z,2026-06-09T12:32:23.279196Z,2026-06-09T12:32:33.650038Z,202,completed,1049,9573,cb9fb5da3c43:1:c6100277,274200,00000c380172ce83bc2310d3ff63c06cfc1a585addb24cff001863b43b55163c,266.0,10637.844,4,
5fe6706b-dc50-4ba8-b5d4-d8721ebd2bd5,e49d2be6-dbbc-436b-9e45-e2530169c544,4b6f4aee-54a4-45df-8b95-3d61f3cbf035,600,workload-20260609T121504519314Z,49,,2,2026-06-09T12:32:23.016195Z,2026-06-09T12:32:23.343197Z,2026-06-09T12:32:33.711804Z,202,completed,57,10120,208573d5cce8:1:31fdf2ba,36906,00000e9230a45b5788354b54a885f984aa223cbb8157c7d71664a9d668cb4e07,328.0,10695.609,7,
94c17aca-cf07-45e1-aab4-ef168b8e59fe,c298ce92-e16d-4d08-85bb-97079964d1cd,4b6f4aee-54a4-45df-8b95-3d61f3cbf035,600,workload-20260609T121504519314Z,50,,2,2026-06-09T12:32:23.017195Z,2026-06-09T12:32:23.360194Z,2026-06-09T12:32:39.613971Z,202,completed,4588,15520,fcc05684ba59:1:b13b065b,3759311,0000063c78f2f991a4783f9b59d2a576ebe507cc4ec49c2f45dac348f08a1885,344.0,16596.776,11,
881d2026-2066-429e-aca2-bb49ebcd1496,a6823c78-e816-445d-971c-7158ae66eb7c,4b6f4aee-54a4-45df-8b95-3d61f3cbf035,600,workload-20260609T121504519314Z,51,,2,2026-06-09T12:32:23.019194Z,2026-06-09T12:32:23.331197Z,2026-06-09T12:32:34.049206Z,202,completed,366,9912,6084be8b8ecc:1:158a7eb2,242513,00000731befd2521e8d7486720662e70a090007e808e30625a9ba8052b707114,313.0,11030.012,6,
9c453590-0588-4fb9-9215-f6b8163b1053,41e667e2-0c06-4acd-84d8-f481dedf2f6f,4b6f4aee-54a4-45df-8b95-3d61f3cbf035,600,workload-20260609T121504519314Z,52,,2,2026-06-09T12:32:23.020195Z,2026-06-09T12:32:23.419194Z,2026-06-09T12:32:37.346895Z,202,completed,1350,12970,0b769b3035e6:1:b06e2bb6,812081,00000ba9ecc9632a74363f92c8d814f2d9ed8c900d05a06583e77af3cdae12ab,406.0,14326.7,8,
b63dc8b1-96ad-49f3-b045-fd607b88c985,5be90651-e66f-4f29-a0db-e0f559da25d8,4b6f4aee-54a4-45df-8b95-3d61f3cbf035,600,workload-20260609T121504519314Z,53,,2,2026-06-09T12:32:23.021196Z,2026-06-09T12:32:23.380194Z,2026-06-09T12:32:36.751652Z,202,completed,669,11139,0616728b7286:1:87d15b1f,336000,000004cb3a8896459f29a967d4e5e185fa8f9522c2ecb724890224b09d6fd330,359.0,13730.456,9,
a455022a-8bec-4c8d-8c81-2fa2498c23d2,cf9886a9-bfd1-496a-bc42-d55cbf7a3b21,4b6f4aee-54a4-45df-8b95-3d61f3cbf035,600,workload-20260609T121504519314Z,54,,2,2026-06-09T12:32:23.023194Z,2026-06-09T12:32:23.334194Z,2026-06-09T12:32:37.126024Z,202,completed,1886,12979,0616728b7286:1:1396d520,1239298,0000074344667468409044262e814785f77c830744f31154f9e5a56ebf9b7d8b,313.0,14102.83,10,
663be9a3-8447-48f9-bd6f-2a04dee731e6,401e6f4e-8967-4c87-a33f-192795d2fc1b,4b6f4aee-54a4-45df-8b95-3d61f3cbf035,600,workload-20260609T121504519314Z,55,,2,2026-06-09T12:32:23.024194Z,2026-06-09T12:32:23.346194Z,2026-06-09T12:32:33.950813Z,202,completed,750,10562,0616728b7286:1:b0cf44bc,360674,0000007c52109254996f8bb1f1ed2365482a295a8592c7d77ec170c54f14dbae,328.0,10926.619,6,
d2ea9cbc-941a-4ca8-8d05-b9effaa88e0b,8bd96f3f-0eac-4016-bc54-6f06a0241536,4b6f4aee-54a4-45df-8b95-3d61f3cbf035,600,workload-20260609T121504519314Z,56,,2,2026-06-09T12:32:23.025194Z,2026-06-09T12:32:23.782194Z,2026-06-09T12:32:38.371217Z,202,completed,4377,14225,6084be8b8ecc:1:22930b75,1732495,00000f5f2ce95371a918fe1ff7ab2785838a753d4a3eae63e5ec02e2e93044dd,766.0,15346.023,11,
4a0e8380-6f52-4859-ae29-31cc8587f83f,0ed3eac6-a8db-4604-912e-7fcc4cb5a55a,4b6f4aee-54a4-45df-8b95-3d61f3cbf035,600,workload-20260609T121504519314Z,57,,2,2026-06-09T12:32:23.026194Z,2026-06-09T12:32:23.340195Z,2026-06-09T12:32:34.804868Z,202,completed,767,10700,cb9fb5da3c43:1:b894c0c3,201736,000007cad5be1c257b98946f016c5f3418062aa6c95e5c56d639adc0905c77c9,328.0,11778.674,7,
45e68013-e691-4a08-a410-de07f157f47a,558fbcb8-2a83-4ebe-af3b-4ec0750db964,4b6f4aee-54a4-45df-8b95-3d61f3cbf035,600,workload-20260609T121504519314Z,58,,2,2026-06-09T12:32:23.035195Z,2026-06-09T12:32:23.383196Z,2026-06-09T12:32:34.822866Z,202,completed,670,11382,fcc05684ba59:1:47fb5fea,454334,000002355da7864d0362742f08874f788bac462a943c79af8ca28869a15cc15c,343.0,11787.671,6,
d2fa2e30-cfc0-4cbe-84a0-9fbaf70a014d,cd1dad07-9cb7-40a6-b936-a1a96ff98d4e,4b6f4aee-54a4-45df-8b95-3d61f3cbf035,600,workload-20260609T121504519314Z,59,,2,2026-06-09T12:32:23.036193Z,2026-06-09T12:32:23.390195Z,2026-06-09T12:32:36.046973Z,202,completed,1718,11815,6084be8b8ecc:1:51ec4c1d,603998,000002a7d2335678b2af95b18b93bbf99e392103d6c308b2142a01023389cec3,359.0,13010.78,7,
fefed361-83ef-4865-9074-3182eea9b5e4,b9bdfba3-6622-4fe5-852d-b3a118dfdd8e,4b6f4aee-54a4-45df-8b95-3d61f3cbf035,600,workload-20260609T121504519314Z,60,,2,2026-06-09T12:32:23.037194Z,2026-06-09T12:32:23.436194Z,2026-06-09T12:32:37.752214Z,202,completed,500,13635,0616728b7286:1:f419438c,329118,000004e1bd92774e8c9c182ec56c5c5ad4096876bb7c6f9a13ed66c4a1b87331,406.0,14715.02,10,
70515b6b-8bb6-4a69-92ca-355d9be1e423,c75caee3-3504-4358-a7a8-73495d4ba6e7,4b6f4aee-54a4-45df-8b95-3d61f3cbf035,600,workload-20260609T121504519314Z,61,,2,2026-06-09T12:32:23.038194Z,2026-06-09T12:32:23.429194Z,2026-06-09T12:32:39.556754Z,202,completed,1373,15478,0616728b7286:1:41ca23ff,566767,000001de72c12837f078e8b9ceefd4273bab608d9b9cba42ad9a3f75a92cccdf,390.0,16518.56,11,
bfa7139d-72a6-48b7-93a2-e1d8aa5c64ae,1cbcb798-918d-4d50-a8da-b2e867614c5b,4b6f4aee-54a4-45df-8b95-3d61f3cbf035,600,workload-20260609T121504519314Z,62,,2,2026-06-09T12:32:23.040195Z,2026-06-09T12:32:23.440197Z,2026-06-09T12:32:38.130871Z,202,completed,209,14279,fcc05684ba59:1:17b69aeb,123849,00000aab29bcaac1e63c8eb429321bf1c4b5aa5a1b71a4fd380625afebfc6447,406.0,15090.676,9,
fb377828-185b-4fec-ac7c-80f56c56727c,a37ee29b-bcb6-48a1-90e0-db9ddf09209c,4b6f4aee-54a4-45df-8b95-3d61f3cbf035,600,workload-20260609T121504519314Z,63,,2,2026-06-09T12:32:23.041195Z,2026-06-09T12:32:23.377197Z,2026-06-09T12:32:38.167238Z,202,completed,3117,14186,cb9fb5da3c43:1:df6dc664,829697,00000d63fd5b75f59d95b7447a82908742a91e27d67c0720c7b981ee15c94d45,343.0,15126.043,10,
bfa1bf2b-0108-4ee2-8955-585a0b386816,b44d5871-42db-4863-aa02-3a3173bc39b9,4b6f4aee-54a4-45df-8b95-3d61f3cbf035,600,workload-20260609T121504519314Z,64,,2,2026-06-09T12:32:23.042194Z,2026-06-09T12:32:23.357196Z,2026-06-09T12:32:45.496157Z,202,completed,10609,21177,208573d5cce8:1:f9d6783c,7182916,000009fe285f106078ec0e48b873a4bcac48836809d730c7f8a49cae41715896,328.0,22453.963,17,
cc04d056-e66e-4cdb-ba5d-bd679d22ce80,b1071f53-3abf-4bb4-bde3-d734a1d449c8,4b6f4aee-54a4-45df-8b95-3d61f3cbf035,600,workload-20260609T121504519314Z,65,,2,2026-06-09T12:32:23.043195Z,2026-06-09T12:32:23.433195Z,2026-06-09T12:32:37.215023Z,202,completed,190,12688,fcc05684ba59:1:9a65fdba,119127,00000198aa802ee212c3ebdcb1271fed6ef8ce26a518e68109a90427ce078b84,375.0,14171.828,9,
35f3a666-fd50-471e-9cdb-f87b8f35364e,826a9ec5-82af-4911-98a6-cba1a4205a3e,4b6f4aee-54a4-45df-8b95-3d61f3cbf035,600,workload-20260609T121504519314Z,66,,2,2026-06-09T12:32:23.045195Z,2026-06-09T12:32:23.449196Z,2026-06-09T12:32:35.947567Z,202,completed,617,12278,fcc05684ba59:1:9cca7e73,375761,000004affe54a591fa0cb8ab7159fd102f2a41e45663004809e10eb51dc26584,407.0,12902.372,7,
dd2016d0-c0be-43e4-a2eb-22710071e326,c6799f1a-f725-4bf8-8a0f-477e7d202773,4b6f4aee-54a4-45df-8b95-3d61f3cbf035,600,workload-20260609T121504519314Z,67,,2,2026-06-09T12:32:23.046194Z,2026-06-09T12:32:23.444194Z,2026-06-09T12:32:39.679487Z,202,completed,3796,15876,6084be8b8ecc:1:352499cf,1428099,000002ae33ab58c091d34123deab8593fdfeca2df52cd5c18ccb76679e9f647c,391.0,16633.293,11,
64ee358f-2e19-4772-a083-764afb2d8cb6,a66f2c5e-aa52-4adf-8f1c-3dff81a9d0c1,4b6f4aee-54a4-45df-8b95-3d61f3cbf035,600,workload-20260609T121504519314Z,68,,2,2026-06-09T12:32:23.052195Z,2026-06-09T12:32:23.386194Z,2026-06-09T12:32:42.974459Z,202,completed,3051,19129,0616728b7286:1:91e07719,971048,000003a29f21b54f2c65c52cb0d52fa0aef3c220979d25ee17c566655b0f0761,328.0,19922.264,13,
2ae01608-99a1-400c-a8a6-1c9bea9a1608,a024c30c-ed0c-4d2e-a71f-f6bc5341165c,4b6f4aee-54a4-45df-8b95-3d61f3cbf035,600,workload-20260609T121504519314Z,69,,2,2026-06-09T12:32:23.054194Z,2026-06-09T12:32:23.422196Z,2026-06-09T12:32:40.635634Z,202,completed,2543,16815,0b769b3035e6:1:cbcff42f,1565427,00000a92819ee29c44c244a01c6280c71e075bdb76e7136a150447930e0de679,375.0,17581.44,11,
17378f3e-87e4-44a0-9f40-8203efc5588f,2ef1ab02-75ce-493a-9451-7bd16c3883ab,4b6f4aee-54a4-45df-8b95-3d61f3cbf035,600,workload-20260609T121504519314Z,70,,2,2026-06-09T12:32:23.055194Z,2026-06-09T12:32:23.481195Z,2026-06-09T12:32:39.562753Z,202,completed,22,15069,fcc05684ba59:1:66a0e052,13441,00000db89a434235a913d2efea76dab7be14feb9634a45e03f3f95f38bebd293,438.0,16507.559,11,
4867f8fe-8e64-4eaf-bb2a-46b742248ad5,c0b02cce-a9bf-4199-9c6d-57890e892ecd,4b6f4aee-54a4-45df-8b95-3d61f3cbf035,600,workload-20260609T121504519314Z,71,,2,2026-06-09T12:32:23.056194Z,2026-06-09T12:32:23.466195Z,2026-06-09T12:32:39.382421Z,202,completed,346,15869,0616728b7286:1:8e5c6699,102551,00000be79517cf8ddf6603763f7853af43b93d7f197b83ad9282b1fd03d7efbe,422.0,16326.227,11,
be276ee6-71fe-4d5d-8e66-45c03b661b78,a836b368-f17b-45df-84a8-a55d1aaf6667,4b6f4aee-54a4-45df-8b95-3d61f3cbf035,600,workload-20260609T121504519314Z,72,,2,2026-06-09T12:32:23.058196Z,2026-06-09T12:32:23.426194Z,2026-06-09T12:32:40.821506Z,202,completed,3674,17247,0b769b3035e6:1:3cf14536,2497327,00000b1db081b751506ac5558a4ac7a0a60faab0aa471d483c9620098771da21,375.0,17763.31,11,
fa1e0a3b-87b4-4b73-9cbb-9a8fbb94de13,8d1efe74-5b03-4b6e-8838-0735c36e6f16,4b6f4aee-54a4-45df-8b95-3d61f3cbf035,600,workload-20260609T121504519314Z,73,,2,2026-06-09T12:32:23.059195Z,2026-06-09T12:32:23.393194Z,2026-06-09T12:32:39.557751Z,202,completed,1332,15918,6084be8b8ecc:1:5caa2cdf,450307,00000a73ca52294e0d4176080bca0a7ca7031e5c353584b8fbec0e435e90a95e,328.0,16498.556,11,
34552718-2791-4e1c-9260-3c680da18810,760c9ac2-14a4-4c86-87ce-2a63e293b9b2,4b6f4aee-54a4-45df-8b95-3d61f3cbf035,600,workload-20260609T121504519314Z,74,,2,2026-06-09T12:32:23.060195Z,2026-06-09T12:32:23.416194Z,2026-06-09T12:32:38.259933Z,202,completed,857,13855,fcc05684ba59:1:9802a87c,533785,000009c3282cae733838ce47957b88c003a947f0795f9bb7d121d2183ab06602,344.0,15199.738,9,
0097e353-b2c3-4eff-9aed-41cc1c1d6140,a00910f3-f220-4df8-a073-3ea5dad9d836,4b6f4aee-54a4-45df-8b95-3d61f3cbf035,600,workload-20260609T121504519314Z,75,,2,2026-06-09T12:32:23.061195Z,2026-06-09T12:32:23.905194Z,2026-06-09T12:32:38.186995Z,202,completed,1406,14807,0616728b7286:1:f2df5f2b,692320,00000adbb9dd54559c91d0abaed2153450d26a6070fdb27016b950b49cebe797,844.0,15125.8,10,
cfc35619-5232-4619-9ce7-247c1982f097,3067ffe3-efdc-40c4-acb8-acfe14bde326,4b6f4aee-54a4-45df-8b95-3d61f3cbf035,600,workload-20260609T121504519314Z,76,,2,2026-06-09T12:32:23.062194Z,2026-06-09T12:32:23.462195Z,2026-06-09T12:32:39.596969Z,202,completed,486,15914,fcc05684ba59:1:5f721a56,510397,0000089ac1028cb66ff66ae9776de1aa20d2f4108b6c25400c50d0f351f0e36e,391.0,16534.775,11,
4346ea96-e428-41ae-8878-77538772cb69,e283ec5a-d0b8-4754-9ccb-15e642d13da9,4b6f4aee-54a4-45df-8b95-3d61f3cbf035,600,workload-20260609T121504519314Z,77,,2,2026-06-09T12:32:23.069195Z,2026-06-09T12:32:23.607196Z,2026-06-09T12:32:40.078869Z,202,completed,71,15989,fcc05684ba59:1:ba1933ab,49492,000007d15954b52ca598dae24825e85234e62538be0e9a75dc2e175ba1a62878,547.0,17009.674,12,
e75a077a-6384-40a2-b1da-257b1b734be9,8a1f4f42-52dc-4998-aa9c-e1d05ef39b8f,4b6f4aee-54a4-45df-8b95-3d61f3cbf035,600,workload-20260609T121504519314Z,78,,2,2026-06-09T12:32:23.071194Z,2026-06-09T12:32:23.456194Z,2026-06-09T12:32:38.513602Z,202,completed,219,14660,fcc05684ba59:1:6741865e,135643,00000d6435617d1c30e22a12cf1752f9a893eb6e48f2098cb7cce3308643bb1c,391.0,15442.408,9,
4d22757c-5205-446d-a732-6e52fd37cbb0,6a632c39-0cc5-43ad-a46d-4084ebe51f15,4b6f4aee-54a4-45df-8b95-3d61f3cbf035,600,workload-20260609T121504519314Z,79,,2,2026-06-09T12:32:23.072194Z,2026-06-09T12:32:23.485195Z,2026-06-09T12:32:40.840926Z,202,completed,2345,16865,cb9fb5da3c43:1:270a1cb7,693856,000007a3fc9a7d353fff71e082f470626e9f747e872abbd51a11b9bfbe2cfc1c,422.0,17768.732,12,
a28cb924-ae40-4e7a-a121-0a2fff1a9bfb,6396ad7b-2469-4933-a6fc-3628975cd400,4b6f4aee-54a4-45df-8b95-3d61f3cbf035,600,workload-20260609T121504519314Z,80,,2,2026-06-09T12:32:23.073194Z,2026-06-09T12:32:23.511195Z,2026-06-09T12:32:44.225984Z,202,completed,572,19962,0616728b7286:1:5638f81d,291709,0000068b88f50693ce2a4936c84242d1b967b43b54cb8e9546abe5ac984ed85a,437.0,21152.79,15,
4725c1e5-5a56-4280-a68c-d948b33657c3,77eace9d-55cf-467e-bf2a-189a6f2f433f,4b6f4aee-54a4-45df-8b95-3d61f3cbf035,600,workload-20260609T121504519314Z,81,,2,2026-06-09T12:32:23.074194Z,2026-06-09T12:32:23.612195Z,2026-06-09T12:32:42.190179Z,202,completed,1043,17413,6084be8b8ecc:1:6eaf465b,369288,000000ca723b716e47b2921c842741d1930e7574a243b3cdd52de9663f4ad34e,531.0,19115.985,13,
69b9b099-ba0d-42ce-bf2c-95ea3651aaf0,314c71ef-94b7-4152-8666-af150655513a,4b6f4aee-54a4-45df-8b95-3d61f3cbf035,600,workload-20260609T121504519314Z,82,,2,2026-06-09T12:32:23.075194Z,2026-06-09T12:32:23.489195Z,2026-06-09T12:32:41.167908Z,202,completed,1,17557,fcc05684ba59:1:a7626a3c,1165,000009bbbddb563bf52ec9ecaedefff53c9e774ef86bd40d2a0f105787d6c5b7,406.0,18092.714,12,
55b78331-0ae3-4676-b53a-ec906d0b8942,6ed63807-68db-4abe-bbf2-3e1c0c2fe84e,4b6f4aee-54a4-45df-8b95-3d61f3cbf035,600,workload-20260609T121504519314Z,83,,2,2026-06-09T12:32:23.077196Z,2026-06-09T12:32:23.524196Z,2026-06-09T12:32:41.916998Z,202,completed,2392,18198,208573d5cce8:1:dc1e7444,1502589,00000762a7a45805ac2c6acade73dc30f9ac825cbf2f2343c3d917f462ad2c49,437.0,18839.802,13,
9be50975-2d3f-423f-99d8-3f872871571b,05a29263-4fec-4113-9b21-bea1eb7cfa68,4b6f4aee-54a4-45df-8b95-3d61f3cbf035,600,workload-20260609T121504519314Z,84,,2,2026-06-09T12:32:23.078195Z,2026-06-09T12:32:23.597195Z,2026-06-09T12:32:41.118195Z,202,completed,416,16724,fcc05684ba59:1:e574c0ee,236665,000007f7fe67f7e0ffc2b34e209eadf3e5c1b534c1559a80ed25a8f8f41b4d17,515.0,18040.0,12,
bd16dda9-e9b0-48a1-b870-c06c51c8c4ff,ede6b945-e67e-497e-89f7-1dc7a60420c6,4b6f4aee-54a4-45df-8b95-3d61f3cbf035,600,workload-20260609T121504519314Z,85,,2,2026-06-09T12:32:23.079194Z,2026-06-09T12:32:23.528194Z,2026-06-09T12:32:40.814961Z,202,completed,769,17136,fcc05684ba59:1:b18636b0,642796,0000029ea6a841b29f03af6d26a544e98974be05b8689c18afe3f049ef4df044,453.0,17735.767,12,
f7220688-2fcc-4d0e-b1f3-65fe6e9ab4dd,332fd413-4bd9-4a9d-ba1d-f9339bc62818,4b6f4aee-54a4-45df-8b95-3d61f3cbf035,600,workload-20260609T121504519314Z,86,,2,2026-06-09T12:32:23.088195Z,2026-06-09T12:32:23.546194Z,2026-06-09T12:32:43.718682Z,202,completed,2421,20135,fcc05684ba59:1:34b570b7,1608085,000003c5f26071f085c6042cd044aeee09e7cc77bd92f5509fd40ad0f8054c1f,468.0,20630.487,14,
45857b98-0efa-41ac-850f-8f5b153b350c,8a8643cb-4879-4083-846e-a8851ecc8e5f,4b6f4aee-54a4-45df-8b95-3d61f3cbf035,600,workload-20260609T121504519314Z,87,,2,2026-06-09T12:32:23.089195Z,2026-06-09T12:32:23.541194Z,2026-06-09T12:32:49.700017Z,202,completed,8412,26002,cb9fb5da3c43:1:cb88d8a9,2212206,000004ca30135790204d458cafe6755cf1b67ef61ee9614a23ec23a81d463578,453.0,26610.822,19,
576cc96f-6313-48f5-87f7-770b266ccc0f,1805c215-20a1-4776-b3a2-7919803d8e4f,4b6f4aee-54a4-45df-8b95-3d61f3cbf035,600,workload-20260609T121504519314Z,88,,2,2026-06-09T12:32:23.091194Z,2026-06-09T12:32:23.532195Z,2026-06-09T12:32:43.094469Z,202,completed,1012,18586,0b769b3035e6:1:34380053,572710,00000cb1ff34462ead2c47f97902459209c365ca04ba087e14ec7eff03c9c7b4,438.0,20003.275,13,
000a5a56-6a6d-4b1d-bc22-b0ba7f0f2aa3,12b31fb9-db88-48fb-be25-2b1980b55069,4b6f4aee-54a4-45df-8b95-3d61f3cbf035,600,workload-20260609T121504519314Z,89,,2,2026-06-09T12:32:23.092194Z,2026-06-09T12:32:23.537195Z,2026-06-09T12:32:43.721682Z,202,completed,2795,19722,fcc05684ba59:1:7b80293b,2155319,000009593c0433f67c563afb712a336fd2ac8a75d00c79e645984ea16af620c7,438.0,20629.488,14,
8a0aedbc-77fa-4843-b130-32c15452ea64,a2258fea-d63f-470c-a821-376a38db8367,4b6f4aee-54a4-45df-8b95-3d61f3cbf035,600,workload-20260609T121504519314Z,90,,2,2026-06-09T12:32:23.093194Z,2026-06-09T12:32:23.550195Z,2026-06-09T12:32:41.993308Z,202,completed,16,18109,6084be8b8ecc:1:88a33c59,5804,000008bf6d0526141b0ad903c9b43c65dcd02b96f30bf2a19a53df94cf3abbbe,453.0,18900.114,13,
48d582ba-7e97-494b-877a-9a28419f0088,51dd3883-f615-4e57-80d9-f46fbcb2c63e,4b6f4aee-54a4-45df-8b95-3d61f3cbf035,600,workload-20260609T121504519314Z,91,,2,2026-06-09T12:32:23.094196Z,2026-06-09T12:32:23.649194Z,2026-06-09T12:32:49.887578Z,202,completed,8843,25935,cb9fb5da3c43:1:2424e3de,2480174,00000a2f37164ff7e189692b0f58e2359f17fa318c5013fd5e08393974a3c542,547.0,26793.382,20,
d46ebe16-3769-45b2-9a85-2e363f8729c9,ab2f4097-e061-4a6a-8396-7b6a7e360e67,4b6f4aee-54a4-45df-8b95-3d61f3cbf035,600,workload-20260609T121504519314Z,92,,2,2026-06-09T12:32:23.095194Z,2026-06-09T12:32:23.519195Z,2026-06-09T12:32:43.719681Z,202,completed,3363,19600,0616728b7286:1:8ca3df73,1135199,000004b41322ba40fb226c4ad98648b7fd1e0ecab84b612e34c3daa7e9d1337d,422.0,20624.487,14,
1e1f34b1-1fce-411f-9b2f-9e327cb7ccab,cdd7419b-08fb-40c7-8db9-9db1e21d7b9d,4b6f4aee-54a4-45df-8b95-3d61f3cbf035,600,workload-20260609T121504519314Z,93,,2,2026-06-09T12:32:23.097195Z,2026-06-09T12:32:23.515194Z,2026-06-09T12:32:45.102076Z,202,completed,852,20617,0616728b7286:1:3e801b61,362012,00000256e1694efde3de23a7913afcdca99143a4f9b947c32481bded3ca6a270,422.0,22004.881,16,
9fa1dc27-dbf5-417f-b887-b8a60c27b98c,c51d8548-7889-4110-92ed-5a357c59bf36,4b6f4aee-54a4-45df-8b95-3d61f3cbf035,600,workload-20260609T121504519314Z,94,,2,2026-06-09T12:32:23.098194Z,2026-06-09T12:32:23.559194Z,2026-06-09T12:32:44.311712Z,202,completed,3127,20294,0b769b3035e6:1:c8f59765,1663715,00000ae3b60eea6f36e4832a887ac75af442c3e8d84f2382940123f2bac1e64f,469.0,21213.518,14,
a1253544-2f32-462b-a726-d016d6a48db1,cc180a86-e177-4db4-89e9-573173dddcd4,4b6f4aee-54a4-45df-8b95-3d61f3cbf035,600,workload-20260609T121504519314Z,95,,2,2026-06-09T12:32:23.099194Z,2026-06-09T12:32:23.592195Z,2026-06-09T12:32:41.564326Z,202,completed,551,17260,cb9fb5da3c43:1:216c327f,232677,000006e3741d495ad6581855f449eef3ee381f31d946f81c06ff4e58f8c375c9,500.0,18465.132,12,
574dbae5-062f-4ed7-ba0d-bb57329968b5,8f9e242d-defd-4db1-8129-ec29deeabd48,4b6f4aee-54a4-45df-8b95-3d61f3cbf035,600,workload-20260609T121504519314Z,96,,2,2026-06-09T12:32:23.108194Z,2026-06-09T12:32:23.654194Z,2026-06-09T12:32:48.210609Z,202,completed,5280,23730,6084be8b8ecc:1:b99a3bfa,2065178,00000f929d9c72a673c30e278afe1acb43ebc2b995184be53cd09cdb3e4184bf,547.0,25102.415,18,
4588ec75-ef04-4d1c-a0f3-148e4cb8666a,0c553857-d4bb-4327-bab8-cf2aa628210a,4b6f4aee-54a4-45df-8b95-3d61f3cbf035,600,workload-20260609T121504519314Z,97,,2,2026-06-09T12:32:23.109194Z,2026-06-09T12:32:23.628195Z,2026-06-09T12:32:46.517422Z,202,completed,1943,22615,0b769b3035e6:1:b4ea583c,707907,000005daeb4ddd72e0f4973e73c5c1a67c66600f9f61e6fccae0ef11c95a8464,515.0,23408.228,16,
e3db2f73-f000-440f-a95f-0d9c5f84baff,b8abb80d-0d30-4e0f-8e75-68f5016373b0,4b6f4aee-54a4-45df-8b95-3d61f3cbf035,600,workload-20260609T121504519314Z,98,,2,2026-06-09T12:32:23.111196Z,2026-06-09T12:32:23.555196Z,2026-06-09T12:32:46.234976Z,202,completed,1089,21682,fcc05684ba59:1:0c900bb8,784616,000002f062bc3af697658b56ef0d34d0ef97a6d001b2d6e876088b8d1032d757,437.0,23123.78,16,
35fb20c1-53c2-4d06-bc30-5580cfb878cc,4d3c19ee-e9a8-4d80-bf7e-64d1c8847f9e,4b6f4aee-54a4-45df-8b95-3d61f3cbf035,600,workload-20260609T121504519314Z,99,,2,2026-06-09T12:32:23.112196Z,2026-06-09T12:32:23.673195Z,2026-06-09T12:32:44.219983Z,202,completed,1307,20085,208573d5cce8:1:e1a35794,793944,00000ccb6264a0ede90e3c0a1d72532044ec69eec1289e03185d911bd0a7eb06,562.0,21107.787,14,
fbbfef07-a1e5-44dc-ac3f-fa0722153cbf,de338439-1921-483e-a21d-4bbb57bbfd25,4b6f4aee-54a4-45df-8b95-3d61f3cbf035,600,workload-20260609T121504519314Z,100,,2,2026-06-09T12:32:23.113194Z,2026-06-09T12:32:23.643196Z,2026-06-09T12:32:45.587145Z,202,completed,425,21262,0616728b7286:1:2820981f,139389,000005a112b94c33bb79d10929d2c6b0e8dd614adb7b6cf2efc6e4b39cbdf5ed,531.0,22473.951,15,
506e0199-1a4c-442d-9f0a-54592b731ea2,24e79890-204d-4d6b-b7fa-c83e22c8eec1,4b6f4aee-54a4-45df-8b95-3d61f3cbf035,600,workload-20260609T121504519314Z,101,,2,2026-06-09T12:32:23.115194Z,2026-06-09T12:32:23.633195Z,2026-06-09T12:32:47.086944Z,202,completed,1995,22698,0b769b3035e6:1:465dacd9,753503,000008aa984b797576a10eba77a700bcfe4fa0197a7ae365caa448da4773420a,515.0,23971.75,17,
b077250c-f0b2-4051-a92f-bdc796093a3f,266fe269-2d17-46df-8a20-cc105bac9fed,4b6f4aee-54a4-45df-8b95-3d61f3cbf035,600,workload-20260609T121504519314Z,102,,2,2026-06-09T12:32:23.116194Z,2026-06-09T12:32:23.617195Z,2026-06-09T12:32:45.493157Z,202,completed,1285,21270,fcc05684ba59:1:de8218a3,882405,00000dfab25466784724a0aab94f14918fb655078bcafa33e84793c701ea73ae,500.0,22376.963,16,
0cda8289-02f8-4f45-99d5-4ff519dfc523,812cc28d-1184-4e9c-9848-26e738817071,4b6f4aee-54a4-45df-8b95-3d61f3cbf035,600,workload-20260609T121504519314Z,103,,2,2026-06-09T12:32:23.117195Z,2026-06-09T12:32:23.638195Z,2026-06-09T12:32:47.463033Z,202,completed,2891,23211,0616728b7286:1:3300dc94,1110145,00000ec8560df87b7c0e1af33bc7a9e60dbe4e9ac55404e3523bb902880680e9,531.0,24345.838,17,
d8268a5f-1892-4bd3-9234-71848c7e554e,5d642601-0634-42ed-932f-530f0a703395,4b6f4aee-54a4-45df-8b95-3d61f3cbf035,600,workload-20260609T121504519314Z,104,,2,2026-06-09T12:32:23.118195Z,2026-06-09T12:32:23.564194Z,2026-06-09T12:32:43.790888Z,202,completed,1401,20346,0b769b3035e6:1:067ba04a,446053,00000dc4c36b6526062ae61d98a4b144868268a46fdcc7ac5edeaa74c81a0e15,453.0,20672.693,14,
798625c1-297e-43f1-98c6-f628459433a6,a463cfa5-1c96-4c8e-a408-66ec53c9e0c2,4b6f4aee-54a4-45df-8b95-3d61f3cbf035,600,workload-20260609T121504519314Z,105,,2,2026-06-09T12:32:23.133194Z,2026-06-09T12:32:23.473195Z,2026-06-09T12:32:40.459857Z,202,completed,2080,16444,cb9fb5da3c43:1:4aceddfd,587475,00000af306ad228045f1af342c26c83b35a5b4866203cb8737dd3cfc8d101365,344.0,17326.663,11,
f2c31ac3-e3f2-4deb-9d52-f017ef3fd3c6,e8ae397c-7c0e-4260-af85-7b9e373eb40c,4b6f4aee-54a4-45df-8b95-3d61f3cbf035,600,workload-20260609T121504519314Z,106,,2,2026-06-09T12:32:23.134195Z,2026-06-09T12:32:23.602195Z,2026-06-09T12:32:45.366958Z,202,completed,4943,21181,6084be8b8ecc:1:75ac9d3d,2272041,00000b485ebaf8133f1f3b74321ed2a1a34f68f197bbb80e0633f274047b61f3,469.0,22232.763,14,
a304bed6-016c-419c-b94d-ce385feb2bd0,61fb66c2-a534-46ef-bd2e-7bdcbc6c19c2,4b6f4aee-54a4-45df-8b95-3d61f3cbf035,600,workload-20260609T121504519314Z,107,,2,2026-06-09T12:32:23.135194Z,2026-06-09T12:32:23.899194Z,2026-06-09T12:32:46.540182Z,202,completed,470,22201,208573d5cce8:1:8c112a84,293605,000000d2cd463ba242a6786aa7c51644b802e7425a8f2df21beacd83e09c95da,766.0,23404.988,16,
aeedb155-4e58-4f2c-918c-1bbd7e9fcdc2,70af5354-56e7-46fb-ba81-b3fb4ed12b49,4b6f4aee-54a4-45df-8b95-3d61f3cbf035,600,workload-20260609T121504519314Z,108,,2,2026-06-09T12:32:23.136194Z,2026-06-09T12:32:23.702194Z,2026-06-09T12:32:47.057944Z,202,completed,1661,22919,6084be8b8ecc:1:637b3b3f,585742,000005f05df70b1038c74d2a206ef38df54b8f84001151cb1b9c54af679ea4a1,579.0,23921.75,15,
de47aacf-493f-4263-97d5-cf119be47495,b0b286bc-777f-403e-827c-56d7667ec94e,4b6f4aee-54a4-45df-8b95-3d61f3cbf035,600,workload-20260609T121504519314Z,109,,2,2026-06-09T12:32:23.137195Z,2026-06-09T12:32:23.622195Z,2026-06-09T12:32:45.365958Z,202,completed,689,21125,208573d5cce8:1:38677617,526728,00000542bf174305299ba08d76c8b04354f3cd6c88066600a01f45d161dca1f2,484.0,22228.763,15,
8b428366-aefe-4e76-bb61-d3628cfbcd81,40faf3c1-a8d3-4a51-a02f-6c63cbf178c7,4b6f4aee-54a4-45df-8b95-3d61f3cbf035,600,workload-20260609T121504519314Z,110,,2,2026-06-09T12:32:23.138195Z,2026-06-09T12:32:23.860195Z,2026-06-09T12:32:49.235171Z,202,completed,3650,25015,0616728b7286:1:2c37c000,1896789,00000f3958809faba3662babec74579f845d97043c2b54538e0f3e7f1b11f06b,719.0,26096.976,19,
63130eb0-512c-4f8a-9ec6-cbb831dc2bbd,dd678e1a-c147-4351-adc9-c88d0c9e5274,4b6f4aee-54a4-45df-8b95-3d61f3cbf035,600,workload-20260609T121504519314Z,111,,2,2026-06-09T12:32:23.140194Z,2026-06-09T12:32:23.866194Z,2026-06-09T12:32:46.990184Z,202,completed,992,22564,fcc05684ba59:1:ed905750,729193,000002d2024c54090b57a267594391cf8c8088a1537c3181119598eb6e82cef3,719.0,23849.99,17,
583a225f-7a23-432b-807c-22326e7dde54,1e778688-5606-4c97-bacb-4b10b709d188,4b6f4aee-54a4-45df-8b95-3d61f3cbf035,600,workload-20260609T121504519314Z,112,,2,2026-06-09T12:32:23.141194Z,2026-06-09T12:32:23.678194Z,2026-06-09T12:32:51.505389Z,202,completed,5778,27359,208573d5cce8:1:e6771732,5237292,00000b9beee80a5a78f6c3f17821d6647e2d52bce166ef1e5e6ee2e0cde459d2,531.0,28364.195,21,
927406f9-f27b-4ede-9f73-6cbd8208fa99,b6ffbd6a-79e7-4555-8793-7edb915f1b9d,4b6f4aee-54a4-45df-8b95-3d61f3cbf035,600,workload-20260609T121504519314Z,113,,2,2026-06-09T12:32:23.142196Z,2026-06-09T12:32:23.930222Z,2026-06-09T12:32:47.447837Z,202,completed,291,22602,fcc05684ba59:1:d8325a9f,179215,00000261a5518ab29ec2e3e496642292208eb17f665ed35728a52027a3044afb,781.0,24305.641,17,
dfea6228-036d-45d9-9d65-bd6f8b0b58fd,d9f41ca8-4e8c-4afc-9f97-e012489a0f56,4b6f4aee-54a4-45df-8b95-3d61f3cbf035,600,workload-20260609T121504519314Z,114,,2,2026-06-09T12:32:23.143194Z,2026-06-09T12:32:24.023215Z,2026-06-09T12:32:48.103983Z,202,completed,210,23041,fcc05684ba59:1:e4c844cc,241231,0000090839877dfbcd7f743e81c39f14974d3638df2234658b934eaca14cdc9c,875.0,24960.789,16,
36d18740-afc2-4684-992d-3569dcf1affa,0a2536f6-9c92-40e7-ba5b-6dea44b7b805,4b6f4aee-54a4-45df-8b95-3d61f3cbf035,600,workload-20260609T121504519314Z,115,,2,2026-06-09T12:32:23.144194Z,2026-06-09T12:32:23.936222Z,2026-06-09T12:32:48.725197Z,202,completed,1896,24348,208573d5cce8:1:9a928ef7,1196343,000009c773f1237f24ebf04b5712b113a72d1a2cd8683ac06cf96a521bfcb3a6,797.0,25581.003,18,
fa600458-9fb5-49bd-afc5-f21a5e5fa667,2ebcc2ff-9320-4090-aa4b-1837a5552aff,4b6f4aee-54a4-45df-8b95-3d61f3cbf035,600,workload-20260609T121504519314Z,116,,2,2026-06-09T12:32:23.145195Z,2026-06-09T12:32:23.977825Z,2026-06-09T12:32:47.986653Z,202,completed,398,22933,0b769b3035e6:1:ae4f836f,235492,000007d82de0d6d3051586ae2e3aa963839eab1f1094150f03968bf4d0af4783,828.0,24841.458,18,
53c31b31-fb34-406e-ab06-5123ac31614d,204613bb-5334-44df-9a75-f730f38faf59,4b6f4aee-54a4-45df-8b95-3d61f3cbf035,600,workload-20260609T121504519314Z,117,,2,2026-06-09T12:32:23.146194Z,2026-06-09T12:32:23.757196Z,2026-06-09T12:32:46.061480Z,202,completed,479,21621,208573d5cce8:1:152daeeb,305355,00000f3a3b85be5b2372413073ae458bef7e9c4c058e79a4e86d5e822fc19d15,609.0,22915.286,15,
bf24b370-b13b-409f-846e-7f2506746c6c,265b03eb-2caf-4aa9-af8b-6a76a1d488e6,4b6f4aee-54a4-45df-8b95-3d61f3cbf035,600,workload-20260609T121504519314Z,118,,2,2026-06-09T12:32:23.148197Z,2026-06-09T12:32:23.953555Z,2026-06-09T12:32:48.198606Z,202,completed,1485,23995,0b769b3035e6:1:8e47519c,1451977,00000fb020df5a37e450742c332d919eceeeabec6c947b9eb86a6b1e71879f3b,813.0,25050.409,18,
364e35c2-d8a2-4ad6-a12b-847a497220c2,06d305ce-0446-4653-a712-4b35c72656bc,4b6f4aee-54a4-45df-8b95-3d61f3cbf035,600,workload-20260609T121504519314Z,119,,2,2026-06-09T12:32:23.149195Z,2026-06-09T12:32:23.847196Z,2026-06-09T12:32:46.538182Z,202,completed,883,22009,fcc05684ba59:1:c7679a3f,754451,0000088d745692bb6918b60632eb739729c3910d6e976e141683392f7bcc5fe7,703.0,23388.987,16,
96339ed8-2151-4e15-8896-8775bdce411e,24619b0e-988c-411a-9f95-b0ca8a8521f7,4b6f4aee-54a4-45df-8b95-3d61f3cbf035,600,workload-20260609T121504519314Z,120,,2,2026-06-09T12:32:23.150194Z,2026-06-09T12:32:23.966239Z,2026-06-09T12:32:51.788217Z,202,completed,3835,26718,6084be8b8ecc:1:9e028887,2633087,00000d998edff328109e89e6208bd187ecfaae11cce72aef76cca0fdf99e636c,828.0,28638.023,19,
836e5a65-fd1c-4cf0-9254-20a61706ae15,af0fe4a5-51e2-41d8-b504-8a44afa30fde,4b6f4aee-54a4-45df-8b95-3d61f3cbf035,700,workload-20260609T121504519314Z,1,,2,2026-06-09T12:33:52.199067Z,2026-06-09T12:33:52.525582Z,2026-06-09T12:33:58.161397Z,202,completed,1137,1994,208573d5cce8:1:a24e5fe9,739919,00000814149ba05f927e72120df380ab58d9b5b2a8af948d7126ae192844a666,328.0,5962.33,2,
39826b09-cad0-4757-8cfa-781cad90172f,a00204c7-bdc3-4203-bb71-1d95803167e3,4b6f4aee-54a4-45df-8b95-3d61f3cbf035,700,workload-20260609T121504519314Z,2,,2,2026-06-09T12:33:52.200068Z,2026-06-09T12:33:52.501580Z,2026-06-09T12:34:00.689823Z,202,completed,6900,7729,cb9fb5da3c43:1:d0fa842a,1939959,0000006bb54cb54dfb92ff6ab19dfe140477ac60e9ea808901a3e82b0ac8cb17,296.0,8489.755,5,
cfd44244-4030-4a8c-a62c-b7979e755407,0ff023bc-2f6d-4794-b135-50d67db7c8f5,4b6f4aee-54a4-45df-8b95-3d61f3cbf035,700,workload-20260609T121504519314Z,3,,2,2026-06-09T12:33:52.202068Z,2026-06-09T12:33:52.433582Z,2026-06-09T12:33:58.616401Z,202,completed,2588,3137,fcc05684ba59:1:5f9135ab,1866016,0000029a6bf529f5efca195609678c55bccb247cb9935ed49354fcfecc8d93cb,234.0,6414.333,2,
ab767854-96b8-4317-bae8-886b4e4a6b09,15c037cd-c45d-43cd-9f13-b041dfe357d0,4b6f4aee-54a4-45df-8b95-3d61f3cbf035,700,workload-20260609T121504519314Z,4,,2,2026-06-09T12:33:52.203068Z,2026-06-09T12:33:52.421582Z,2026-06-09T12:33:58.663401Z,202,completed,3365,4032,0b769b3035e6:1:18aacb0c,2644175,0000049ca4a96c7824173995db982f8400814383030bc4f8ab6bab53f659811d,218.0,6460.333,3,
d0115f0e-c833-422d-9707-de0383485a9a,92e1cc0e-da64-4ed5-858c-2419e61dbdbc,4b6f4aee-54a4-45df-8b95-3d61f3cbf035,700,workload-20260609T121504519314Z,5,,2,2026-06-09T12:33:52.204068Z,2026-06-09T12:33:52.459582Z,2026-06-09T12:34:00.162597Z,202,completed,4662,6935,6084be8b8ecc:1:ec56a7b8,1681605,000003bbf2c43a91fa8a503eeadafead78e6b77ac48e9e80fc6c3732979f72c0,250.0,7958.529,5,
fb810b19-2a52-4290-a899-c3066ac0a233,c048f5c8-1b64-4949-95eb-de2ae9ad7c83,4b6f4aee-54a4-45df-8b95-3d61f3cbf035,700,workload-20260609T121504519314Z,6,,2,2026-06-09T12:33:52.205068Z,2026-06-09T12:33:52.457582Z,2026-06-09T12:34:00.554638Z,202,completed,6633,7287,cb9fb5da3c43:1:961db7c9,1757153,000006c79df299e0e5ab564d8737870194227621c4743525be51d41a63f53f6c,250.0,8349.57,5,
f9e7b6d4-34c3-4391-a15d-dd8f8b378b49,7e855d9d-e35e-4dea-9e83-f2ea13c6f7f1,4b6f4aee-54a4-45df-8b95-3d61f3cbf035,700,workload-20260609T121504519314Z,7,,2,2026-06-09T12:33:52.206068Z,2026-06-09T12:33:52.458582Z,2026-06-09T12:33:58.557397Z,202,completed,847,1482,6084be8b8ecc:1:d8a9af7d,277383,000009514d02d9da537fee8e3293b45f1f5381eb65c635871121c48bf704a47d,250.0,6351.329,1,
3cce7d4b-26e8-45fb-96c1-87a14d371bfa,740d8178-d27b-448c-a3b4-9046123a3d5e,4b6f4aee-54a4-45df-8b95-3d61f3cbf035,700,workload-20260609T121504519314Z,8,,2,2026-06-09T12:33:52.207068Z,2026-06-09T12:33:52.432582Z,2026-06-09T12:33:58.316399Z,202,completed,1295,1954,fcc05684ba59:1:2d994b97,821691,000004802fadbc9825c0cdc463176e1a6fb14b543722ddf1d5c70f585f8f9514,218.0,6109.331,2,
7753e989-2496-4fd8-b970-58e8f4e5c4f6,6d64d9cc-a32c-4051-80cd-5ea07520594e,4b6f4aee-54a4-45df-8b95-3d61f3cbf035,700,workload-20260609T121504519314Z,9,,2,2026-06-09T12:33:52.208068Z,2026-06-09T12:33:52.443582Z,2026-06-09T12:33:58.662402Z,202,completed,2761,4936,fcc05684ba59:1:59dc521f,2035652,0000000a69cd5db5f783e43a9762f085414f18a93237dcfe46e16edde19ae181,234.0,6454.334,2,
cd65be02-a6d9-4e7f-9361-65a77bccad25,ab21b814-8921-42a3-8ab3-43b87ad12e32,4b6f4aee-54a4-45df-8b95-3d61f3cbf035,700,workload-20260609T121504519314Z,10,,2,2026-06-09T12:33:52.209068Z,2026-06-09T12:33:52.448582Z,2026-06-09T12:33:58.464401Z,202,completed,1407,3701,208573d5cce8:1:c9d72350,1081183,000009c7604e076f1c3a16cb065932071266dc154ed21428fab9c162d4c99a62,234.0,6255.333,1,
0272293f-6554-46ce-aeee-342ed5c457f0,93225eff-eb75-4a80-87ee-e8bf8ac43cfb,4b6f4aee-54a4-45df-8b95-3d61f3cbf035,700,workload-20260609T121504519314Z,11,,2,2026-06-09T12:33:52.210068Z,2026-06-09T12:33:52.449582Z,2026-06-09T12:33:58.115445Z,202,completed,1585,2226,0b769b3035e6:1:82b8d54c,975919,00000cc0630496c00454585cc7ab6f0ad2c53381142719f29c1449995849ca7f,250.0,5905.377,1,
22116f1b-141c-40f5-a455-89b0155268ca,8d0464d2-390d-4bf9-b62c-2d8e6645b7ff,4b6f4aee-54a4-45df-8b95-3d61f3cbf035,700,workload-20260609T121504519314Z,12,,2,2026-06-09T12:33:52.211068Z,2026-06-09T12:33:52.518581Z,2026-06-09T12:33:54.820192Z,202,completed,1178,1895,6084be8b8ecc:1:97e44e02,509121,00000f46f1e0d6730f3ae03d8443570d89d2052910b7d4171f5fa0fb6c8c184c,312.0,2609.124,1,
01d36081-0325-46d4-8707-185e019e127d,f79c03b9-9e59-4f1f-9090-e113b93c7396,4b6f4aee-54a4-45df-8b95-3d61f3cbf035,700,workload-20260609T121504519314Z,13,,2,2026-06-09T12:33:52.214067Z,2026-06-09T12:33:52.463582Z,2026-06-09T12:33:59.924544Z,202,completed,6022,6865,0616728b7286:1:c6c158f8,2036710,00000384fcb081758baacd5236fe186fab17b6d46f212f78b6252e07d4270922,250.0,7710.477,3,
57bc41c8-f7e0-4697-bc7a-63e24b06ffb2,9e290c89-f913-4d05-a4f2-ec3fb1d50292,4b6f4aee-54a4-45df-8b95-3d61f3cbf035,700,workload-20260609T121504519314Z,14,,2,2026-06-09T12:33:52.216069Z,2026-06-09T12:33:52.522581Z,2026-06-09T12:33:58.130808Z,202,completed,2349,3223,0616728b7286:1:7816662f,790568,00000274b07eafbf7edd1ed17e4de30d0d1b55e3030aca5530ed5a0155662737,297.0,5914.739,1,
939a5baa-9c40-4127-a20a-f1a75c462f76,7e9daeb9-6730-4ea8-8f2c-3c27f76b2af9,4b6f4aee-54a4-45df-8b95-3d61f3cbf035,700,workload-20260609T121504519314Z,15,,2,2026-06-09T12:33:52.218068Z,2026-06-09T12:33:52.477582Z,2026-06-09T12:33:56.656256Z,202,completed,652,3530,0b769b3035e6:1:077950ad,410001,00000e4ba22de9e9dad73d988a1dff4ded80eb5080f95d4b46256a6e96f70e31,250.0,4438.188,2,
7f1fe080-ae41-4e16-888d-5b3cdecaca27,6a397074-cc12-4bb7-b383-6f85d8d8970b,4b6f4aee-54a4-45df-8b95-3d61f3cbf035,700,workload-20260609T121504519314Z,16,,2,2026-06-09T12:33:52.219069Z,2026-06-09T12:33:52.475582Z,2026-06-09T12:33:57.338256Z,202,completed,518,3758,208573d5cce8:1:7b391242,417301,00000d520bc8732e34f41c625ac821754fcd39d9c70e503f200805b209aeb11c,250.0,5119.187,2,
0a5fe75d-1a5d-4d1b-a988-d752711cf893,9aa871be-ecaf-4879-8fa2-c58d243db2d7,4b6f4aee-54a4-45df-8b95-3d61f3cbf035,700,workload-20260609T121504519314Z,17,,2,2026-06-09T12:33:52.220068Z,2026-06-09T12:33:52.482582Z,2026-06-09T12:33:58.712545Z,202,completed,39,2615,0b769b3035e6:1:a6f2abb0,24680,00000491c52dc407a61ef4048952730b38cc083eb19455c34194edb59a73f150,266.0,6492.477,2,
29a1acbf-ca58-4dcd-9b2e-b4300dddf2ad,e517c735-a48f-4322-88c7-36d4990166a4,4b6f4aee-54a4-45df-8b95-3d61f3cbf035,700,workload-20260609T121504519314Z,18,,2,2026-06-09T12:33:52.221069Z,2026-06-09T12:33:52.467582Z,2026-06-09T12:33:58.338401Z,202,completed,2169,4027,6084be8b8ecc:1:ddcbbfa3,879831,000008035f28a7d49a064775dcbc923519cb1b774b3956e66a34f72a99a38a45,250.0,6117.332,1,
81f248e1-c11a-495c-ab9c-a2a81e9dcd1f,60f51598-640e-40a2-ba42-c3a9b5c72eb3,4b6f4aee-54a4-45df-8b95-3d61f3cbf035,700,workload-20260609T121504519314Z,19,,2,2026-06-09T12:33:52.222069Z,2026-06-09T12:33:52.503582Z,2026-06-09T12:33:56.487254Z,202,completed,1563,2394,208573d5cce8:1:90ebddd2,1130846,0000015e84406a3727690f309c1baad55d5ff28f6420c0bfd29dfdda6a6aab48,281.0,4265.185,2,
453eb8f8-3331-494d-ad89-39b7eb8ad4d4,8c38678e-2a20-4b9c-8acb-b94d5e59387c,4b6f4aee-54a4-45df-8b95-3d61f3cbf035,700,workload-20260609T121504519314Z,20,,2,2026-06-09T12:33:52.223069Z,2026-06-09T12:33:52.487582Z,2026-06-09T12:33:58.731971Z,202,completed,628,5295,fcc05684ba59:1:aeaa20a3,502784,00000b19e5b7037bf0e74bf3860953829d6f452cbca6709e7eb98bde1fd0fde1,266.0,6508.902,2,
89c0e9e0-ceec-4bba-85d5-22f34fdb4c10,fde1dd4b-cc6a-47a3-ae46-6f44bd6e7024,4b6f4aee-54a4-45df-8b95-3d61f3cbf035,700,workload-20260609T121504519314Z,21,,2,2026-06-09T12:33:52.224068Z,2026-06-09T12:33:52.572581Z,2026-06-09T12:34:06.464849Z,202,completed,5555,12926,6084be8b8ecc:1:514a52be,2129815,000008465b31506db2ace7d7bbd216c93acc7623fb974e88743f00746679916f,344.0,14240.781,10,
cb225dba-39ea-42a1-a13f-3d8aee1c5e19,69ba3cce-42c8-4e3d-b09f-0e8901604f2d,4b6f4aee-54a4-45df-8b95-3d61f3cbf035,700,workload-20260609T121504519314Z,22,,2,2026-06-09T12:33:52.225070Z,2026-06-09T12:33:52.481581Z,2026-06-09T12:33:55.733192Z,202,completed,465,3047,208573d5cce8:1:b7a6281b,271756,0000065e12dc29e978a88ca1651969754adefcb2ced6e6fa2f6e945338680b13,266.0,3508.122,1,
038706ac-dada-45a9-8492-8768aefa4e5a,5fc6a1ac-cf56-4f6e-b336-7972ce918952,4b6f4aee-54a4-45df-8b95-3d61f3cbf035,700,workload-20260609T121504519314Z,23,,2,2026-06-09T12:33:52.229067Z,2026-06-09T12:33:52.460582Z,2026-06-09T12:33:58.148398Z,202,completed,934,4234,fcc05684ba59:1:b402e18d,589225,00000b731df3d80d788cb754e9959f33fd90d921f34d3ff541dbb6c7b4be5724,235.0,5919.331,2,
405bd1f6-695b-4f09-a83e-44ec6d94bbd3,5cac3e04-137f-427b-a7e9-a67eb37562e1,4b6f4aee-54a4-45df-8b95-3d61f3cbf035,700,workload-20260609T121504519314Z,24,,2,2026-06-09T12:33:52.230068Z,2026-06-09T12:33:52.510581Z,2026-06-09T12:33:58.594401Z,202,completed,1541,5747,208573d5cce8:1:8faf476d,909627,000009c4651a96e2794f101fa3d990e15bd957c2493ec11d935072df66392dfa,281.0,6364.333,2,
3baa7226-25a6-449a-9c25-c4e17ce6d207,88024270-f61b-4d42-973c-4370923f1db6,4b6f4aee-54a4-45df-8b95-3d61f3cbf035,700,workload-20260609T121504519314Z,25,,2,2026-06-09T12:33:52.232069Z,2026-06-09T12:33:52.935565Z,2026-06-09T12:33:59.764736Z,202,completed,2808,6720,0b769b3035e6:1:5e41c609,2180431,0000050ca981e3cc7b84f46dc9864898fff21c2df5386a276b41479e9811ba82,703.0,7532.667,3,
08de8f7e-2b84-4cf1-ade3-c1548ae756f5,96dd1e7b-7266-4cd2-83f8-7eb0b7920005,4b6f4aee-54a4-45df-8b95-3d61f3cbf035,700,workload-20260609T121504519314Z,26,,2,2026-06-09T12:33:52.233068Z,2026-06-09T12:33:52.493582Z,2026-06-09T12:33:59.810736Z,202,completed,2562,6953,6084be8b8ecc:1:af9367b2,825458,0000037e624ac39d32f18a2e220866d4824ee342a60ca96edea7cead01175863,250.0,7577.668,4,
7a48fc4d-c0bc-42ab-b9e9-894bfb372956,8a1e307a-f927-4211-8ea6-17d6294ac517,4b6f4aee-54a4-45df-8b95-3d61f3cbf035,700,workload-20260609T121504519314Z,27,,2,2026-06-09T12:33:52.234068Z,2026-06-09T12:33:52.542581Z,2026-06-09T12:34:08.360979Z,202,completed,8303,15333,0616728b7286:1:8c46e4bc,2634309,00000ce10cc89e28c1845492a70210f8157a6a554fa10307287bec1d7bc01ec6,297.0,16126.911,11,
792f0bf3-4fd7-4bbe-a643-a6b88dffa214,4c5b3426-8f12-4e16-bbce-03efae63f68a,4b6f4aee-54a4-45df-8b95-3d61f3cbf035,700,workload-20260609T121504519314Z,28,,2,2026-06-09T12:33:52.235069Z,2026-06-09T12:33:52.505581Z,2026-06-09T12:33:59.824736Z,202,completed,1554,6262,0b769b3035e6:1:900346c0,917338,00000ab8c1699e5d30b6ab9aa49e4915d61c866cc32d2590cd200c2ae61bb60b,265.0,7589.667,4,
f7273f8a-888a-47c6-b8a8-3d0e11de95ae,aa841ff0-930b-4156-9f30-4b58f45a198a,4b6f4aee-54a4-45df-8b95-3d61f3cbf035,700,workload-20260609T121504519314Z,29,,2,2026-06-09T12:33:52.236068Z,2026-06-09T12:33:52.566581Z,2026-06-09T12:34:02.209147Z,202,completed,1867,9171,6084be8b8ecc:1:f74ddf84,605514,00000c6d827c7f16021e4fca6f26204685754f758b5f81fe03c3cf44f9f5784f,328.0,9973.079,6,
8710bf38-1d55-4030-9cbc-a37a317b730b,79996ac8-31d1-4534-9994-ca313c57c7c8,4b6f4aee-54a4-45df-8b95-3d61f3cbf035,700,workload-20260609T121504519314Z,30,,2,2026-06-09T12:33:52.237070Z,2026-06-09T12:33:52.546582Z,2026-06-09T12:34:01.422032Z,202,completed,1482,8514,0b769b3035e6:1:e630ecca,1020217,000009e66b7756aa621204a97a71aaa8e4b177061a8a2e3444b04f2777ad9cea,312.0,9184.962,5,
60e8487d-f80b-4716-9f26-4c944ed9b5fb,033c6257-5149-4f1a-8228-322563b82d05,4b6f4aee-54a4-45df-8b95-3d61f3cbf035,700,workload-20260609T121504519314Z,31,,2,2026-06-09T12:33:52.238069Z,2026-06-09T12:33:52.508581Z,2026-06-09T12:33:59.730006Z,202,completed,1859,6160,208573d5cce8:1:7c92f388,1270546,0000053d355f543e8011f9749913de361bc802f3c041cc45b97b7099a6616c5f,265.0,7491.937,2,
abd34c96-11df-4ec8-a455-df4c9b1feb36,ebe0e6de-1440-4791-8fad-45bc36ef53f3,4b6f4aee-54a4-45df-8b95-3d61f3cbf035,700,workload-20260609T121504519314Z,32,,2,2026-06-09T12:33:52.240068Z,2026-06-09T12:33:52.515582Z,2026-06-09T12:33:58.767836Z,202,completed,184,4350,0b769b3035e6:1:cfc490e1,99143,0000038524df2287cd34cf09a3cdb7ca5cd9828ecaf9aeda9e1c1e51c04d08e1,281.0,6527.768,2,
6096dd7b-ae1d-48bf-962c-2553a8a25d28,9a4b4ece-24b7-4361-9285-696c1bc36f1b,4b6f4aee-54a4-45df-8b95-3d61f3cbf035,700,workload-20260609T121504519314Z,33,,2,2026-06-09T12:33:52.241068Z,2026-06-09T12:33:52.490582Z,2026-06-09T12:33:58.991912Z,202,completed,948,6203,fcc05684ba59:1:2ff99328,811650,00000ed534243e7055936ffa50306e1f3c193b7afe2c4bd571bc5c282f0ee686,250.0,6750.844,3,
75e6131e-78d1-47bd-ad7c-7e3469c0e19c,6ce50bdb-424c-4110-a795-b7cc1d743ea6,4b6f4aee-54a4-45df-8b95-3d61f3cbf035,700,workload-20260609T121504519314Z,34,,2,2026-06-09T12:33:52.244068Z,2026-06-09T12:33:52.495582Z,2026-06-09T12:34:08.348018Z,202,completed,11534,14977,0616728b7286:1:29adf9c7,3671659,00000b26bb31eaafa8f0cd5094875d45ec5a2c63eada2d078b101ee9f29c1ae4,250.0,16103.95,10,
d6077be0-c695-491a-b917-42252c2d40dc,e3495c24-f2da-478d-bb22-e2af7752c645,4b6f4aee-54a4-45df-8b95-3d61f3cbf035,700,workload-20260609T121504519314Z,35,,2,2026-06-09T12:33:52.245068Z,2026-06-09T12:33:52.533581Z,2026-06-09T12:34:02.212146Z,202,completed,2640,9030,208573d5cce8:1:7f7fda1c,1557224,00000e5608add73e56c21fa6baed234f0f79f250283c960a222f152d42ac8701,297.0,9967.078,4,
ebdac0cb-976f-4bca-9285-f65627961fd9,dc36fdc2-7d61-4c5f-897d-47e8fecdbee8,4b6f4aee-54a4-45df-8b95-3d61f3cbf035,700,workload-20260609T121504519314Z,36,,2,2026-06-09T12:33:52.247069Z,2026-06-09T12:33:52.536582Z,2026-06-09T12:34:02.843642Z,202,completed,3254,9426,208573d5cce8:1:c0f2c99f,2293901,000001abf6a78473831aa0aa712f477064cd56169e76155d07e51cb7da4c0a78,282.0,10596.573,5,
3a546fbd-5775-4bf0-9fc8-61bd399767b9,69723198-edac-4c3e-a561-69b1dda4f64b,4b6f4aee-54a4-45df-8b95-3d61f3cbf035,700,workload-20260609T121504519314Z,37,,2,2026-06-09T12:33:52.248068Z,2026-06-09T12:33:52.569582Z,2026-06-09T12:34:00.964011Z,202,completed,166,8219,cb9fb5da3c43:1:58111b43,43156,00000d2615a5585c4f36e5769b382ccb85a90a7c50e9dd0a2fdc78adf957366f,313.0,8715.943,5,
b954535b-401e-4b20-996e-dba166c5ae0f,9234a803-9569-4640-a3a0-2bc60ec6b8c2,4b6f4aee-54a4-45df-8b95-3d61f3cbf035,700,workload-20260609T121504519314Z,38,,2,2026-06-09T12:33:52.249069Z,2026-06-09T12:33:52.539581Z,2026-06-09T12:34:03.050606Z,202,completed,3847,9535,fcc05684ba59:1:3920e345,2696008,00000466b6942fbeeba9935b2695b9d4cebd1eda38ce52a08f0fbdc30f34c8b4,282.0,10801.537,5,
c93433a9-92e6-4b2e-ab2b-1b5999319c68,8b9995f6-e400-4279-93e7-53875cdd27c0,4b6f4aee-54a4-45df-8b95-3d61f3cbf035,700,workload-20260609T121504519314Z,39,,2,2026-06-09T12:33:52.250069Z,2026-06-09T12:33:52.528582Z,2026-06-09T12:34:06.680206Z,202,completed,2325,13404,0b769b3035e6:1:fb21c12a,1399829,00000ecc913bb2dd567bb688b8b482d06f0d90682e68e8394e0035e3578aabb9,282.0,14430.137,9,
10e8102b-98fc-4b26-ac87-361d5f54d0e6,29137d46-ae1f-4577-a4e1-a25227f203d2,4b6f4aee-54a4-45df-8b95-3d61f3cbf035,700,workload-20260609T121504519314Z,40,,2,2026-06-09T12:33:52.252068Z,2026-06-09T12:33:52.612581Z,2026-06-09T12:34:06.333848Z,202,completed,4789,13256,cb9fb5da3c43:1:b4515f15,1569732,00000606f318d83f203fe5282c3533aad62a42f2fd18454f069348987e0a035c,360.0,14081.78,8,
5b35bab2-9b9a-4c4d-8185-98260aaa7c31,1987a762-f851-417f-a42a-a1b8596963f4,4b6f4aee-54a4-45df-8b95-3d61f3cbf035,700,workload-20260609T121504519314Z,41,,2,2026-06-09T12:33:52.253068Z,2026-06-09T12:33:52.563581Z,2026-06-09T12:34:02.193147Z,202,completed,516,8569,0b769b3035e6:1:55ba8771,318826,0000077dafc011079db6b60ddfc522785a3364d1477904986dec8ccd0f3cf671,313.0,9940.079,5,
06ebc3a3-370f-4974-890f-f179bd350a68,80f6a093-ee61-4023-bc58-ec440456490e,4b6f4aee-54a4-45df-8b95-3d61f3cbf035,700,workload-20260609T121504519314Z,42,,2,2026-06-09T12:33:52.254068Z,2026-06-09T12:33:52.558581Z,2026-06-09T12:34:03.402519Z,202,completed,2578,10649,cb9fb5da3c43:1:8893c402,788446,00000509ea57f9fa159c501aada2d3a899de202909c269f3336a3852b2c0f815,313.0,11148.451,7,
97d0f797-37d8-4dce-ae82-11c1586ae39e,104d1a65-65de-449a-a152-4bea99bc136a,4b6f4aee-54a4-45df-8b95-3d61f3cbf035,700,workload-20260609T121504519314Z,43,,2,2026-06-09T12:33:52.255068Z,2026-06-09T12:33:52.587581Z,2026-06-09T12:34:07.512876Z,202,completed,1416,14175,208573d5cce8:1:11d5894d,813919,00000a76719047211598ee7ca75c04eb557330c195fac4910e0d8eb12923d5f7,329.0,15257.808,9,
79897b6e-c70d-415b-84c1-be33676bf16d,607e9a37-7fab-4b11-813e-8fb4126a8100,4b6f4aee-54a4-45df-8b95-3d61f3cbf035,700,workload-20260609T121504519314Z,44,,2,2026-06-09T12:33:52.256068Z,2026-06-09T12:33:52.584581Z,2026-06-09T12:34:02.231991Z,202,completed,2731,9105,fcc05684ba59:1:e59862f0,1725676,000008d5455cb1c88ab0ab35940a07ef416def9919eb169aed3a4b4671f87d44,329.0,9975.923,6,
709fccbd-a1cd-4a64-90f7-958a2d8a1188,59f4cbc3-5eaf-439b-b347-0d94fe4eef89,4b6f4aee-54a4-45df-8b95-3d61f3cbf035,700,workload-20260609T121504519314Z,45,,2,2026-06-09T12:33:52.261068Z,2026-06-09T12:33:52.949562Z,2026-06-09T12:34:00.514636Z,202,completed,1068,7598,0b769b3035e6:1:a4214d09,866207,0000093dec2f42fe3ee2a939a6be322443721f9dcbdc0df5b61bea6c89c074c5,704.0,8253.568,4,
1b9c4508-98e7-473c-b629-2a2435834898,0a396048-9d76-45be-98b9-58ad97ea1b37,4b6f4aee-54a4-45df-8b95-3d61f3cbf035,700,workload-20260609T121504519314Z,46,,2,2026-06-09T12:33:52.265068Z,2026-06-09T12:33:52.637581Z,2026-06-09T12:34:02.052354Z,202,completed,37,9081,0b769b3035e6:1:7a0232fa,38943,000000803c91b80366de6aaec0fbcb2630254ff3755a75907200f52ff4203eb3,375.0,9787.286,5,
09423cd0-7d16-4973-b83f-d592e99c9913,590521af-b3f3-4182-941a-9edbcebe0b4a,4b6f4aee-54a4-45df-8b95-3d61f3cbf035,700,workload-20260609T121504519314Z,47,,2,2026-06-09T12:33:52.267070Z,2026-06-09T12:33:52.561582Z,2026-06-09T12:34:04.383678Z,202,completed,1441,10801,6084be8b8ecc:1:8faac894,435401,000000e7c5122ff835a0cf85bbff4f67a937fc44ba336d3ac65b661f39ba242a,297.0,12116.608,6,
8c479ed4-24bb-495b-a85a-a6fe6fc49981,bf2bda6c-e901-4574-a9d9-12f6870236ab,4b6f4aee-54a4-45df-8b95-3d61f3cbf035,700,workload-20260609T121504519314Z,48,,2,2026-06-09T12:33:52.268069Z,2026-06-09T12:33:52.605581Z,2026-06-09T12:34:02.969141Z,202,completed,677,10181,fcc05684ba59:1:94904d67,634649,00000e8eb906b783158b7728c893af9b54af53f1b37dcbe84a5697438df3165f,344.0,10701.072,6,
827dbf6c-f803-4d66-8606-21afb0140a18,41b70ac2-5523-4f96-84d4-425de97742a7,4b6f4aee-54a4-45df-8b95-3d61f3cbf035,700,workload-20260609T121504519314Z,49,,2,2026-06-09T12:33:52.269068Z,2026-06-09T12:33:52.549581Z,2026-06-09T12:34:11.994360Z,202,completed,5995,18729,6084be8b8ecc:1:8c8cae49,2318531,00000229124b6b9935dbdcf26f8b28abf89f4b1de906974bc826fad7f2d908fc,281.0,19725.292,14,
dfb09d18-e7b7-4f81-b11f-ca0f09e826c4,df1d16d9-537a-432f-b5fa-1ad8bca0be95,4b6f4aee-54a4-45df-8b95-3d61f3cbf035,700,workload-20260609T121504519314Z,50,,2,2026-06-09T12:33:52.270068Z,2026-06-09T12:33:52.695580Z,2026-06-09T12:34:02.178415Z,202,completed,193,9477,208573d5cce8:1:c9cb00a5,206825,00000e930764678ca40e5333fbbd00311fb0633b5ca6ec4c9b1a0b0fd462d791,422.0,9908.347,6,
79547478-cc2d-4444-b144-2e94c9691e58,e6c39ed5-282c-4bd1-95b9-1dde871db659,4b6f4aee-54a4-45df-8b95-3d61f3cbf035,700,workload-20260609T121504519314Z,51,,2,2026-06-09T12:33:52.271068Z,2026-06-09T12:33:52.555581Z,2026-06-09T12:34:06.619021Z,202,completed,560,13802,6084be8b8ecc:1:919856b7,176871,000001d4b785a38d9d11cf3b00c5e0d98a943c0151ad89a29f520e551486b1bc,281.0,14347.953,9,
64f0a3dc-457d-49ca-8e8f-7ae638af38d1,d2f3d49f-732b-4292-93ee-50c59da7eea0,4b6f4aee-54a4-45df-8b95-3d61f3cbf035,700,workload-20260609T121504519314Z,52,,2,2026-06-09T12:33:52.272069Z,2026-06-09T12:33:52.598581Z,2026-06-09T12:34:01.039685Z,202,completed,94,7688,cb9fb5da3c43:1:34c5d42d,56245,00000ca7f5b7e6f2ca20146f8f2f817ccc4684a2e8764e1a61cfeac0303b931e,328.0,8767.616,3,
babee5cf-8e58-41b4-acfb-1e3dd80903d4,d6a48238-85b3-40e0-820d-fe77af7cfe0c,4b6f4aee-54a4-45df-8b95-3d61f3cbf035,700,workload-20260609T121504519314Z,53,,2,2026-06-09T12:33:52.274069Z,2026-06-09T12:33:52.590581Z,2026-06-09T12:34:03.353676Z,202,completed,787,10449,208573d5cce8:1:dcf91e31,502966,0000092f6c1df85d510c23a8a7db420edb4d1721525f53361767b7062713e6a8,328.0,11079.607,7,
391f3daf-f665-4692-8d7d-0e4b7590e02e,5b942809-4560-4919-88c7-8bdce454d3a7,4b6f4aee-54a4-45df-8b95-3d61f3cbf035,700,workload-20260609T121504519314Z,54,,2,2026-06-09T12:33:52.275068Z,2026-06-09T12:33:52.629581Z,2026-06-09T12:34:03.607162Z,202,completed,1895,10759,0b769b3035e6:1:4253c72a,1351171,00000d9333bee68f90e482dd286a2c1bf707e89b2bdfd466130a9f600d04871c,359.0,11332.094,7,
da8f5a45-c68c-4754-a334-e70e56bb5ce6,666db07d-f89e-4260-a1c0-6be0ca0a9c0e,4b6f4aee-54a4-45df-8b95-3d61f3cbf035,700,workload-20260609T121504519314Z,55,,2,2026-06-09T12:33:52.276069Z,2026-06-09T12:33:52.768580Z,2026-06-09T12:34:09.770189Z,202,completed,7125,16583,0b769b3035e6:1:5379d1ae,4461298,00000477863ec5c861398f5c220dd34f0d679d11ce721d028956da81f39b4cfc,500.0,17494.12,11,
53adaca9-4530-4df9-81cf-1aab930d21cf,ef116318-463f-4241-8558-758302a3e059,4b6f4aee-54a4-45df-8b95-3d61f3cbf035,700,workload-20260609T121504519314Z,56,,2,2026-06-09T12:33:52.286068Z,2026-06-09T12:33:52.803584Z,2026-06-09T12:34:04.973182Z,202,completed,2083,11842,208573d5cce8:1:4fe4e67c,1369497,00000a48803a850726e52730dfd4e5a25638c86ed4d9333deddafa9246792069,515.0,12687.114,7,
87dd5f2a-270f-4be3-b579-ed3b78b66419,60f72ac0-cc23-42ad-a4f3-5877fa4d4e1f,4b6f4aee-54a4-45df-8b95-3d61f3cbf035,700,workload-20260609T121504519314Z,57,,2,2026-06-09T12:33:52.287582Z,2026-06-09T12:33:52.699581Z,2026-06-09T12:34:14.046561Z,202,completed,1732,20786,6084be8b8ecc:1:50561644,620187,000008ca42411ed91249adb52771b1e3a7fa8706015aceb70bb26dea59e8e5a7,422.0,21758.979,16,
07e4833c-91b6-4c22-b293-144944ae12ed,565bdc1a-a9ea-4776-ba56-3f74d548b24a,4b6f4aee-54a4-45df-8b95-3d61f3cbf035,700,workload-20260609T121504519314Z,58,,2,2026-06-09T12:33:52.288582Z,2026-06-09T12:33:52.576581Z,2026-06-09T12:34:07.685671Z,202,completed,1836,13996,fcc05684ba59:1:a3b4cf2d,1162177,000008f706f3708519d4313163f773e8ca3ad90884b93488922d40ccf56df189,297.0,15397.089,10,
755c35b3-09c7-45c0-9223-af70339c070e,d65d6802-d96b-4cd5-b1e7-16106447d7b8,4b6f4aee-54a4-45df-8b95-3d61f3cbf035,700,workload-20260609T121504519314Z,59,,2,2026-06-09T12:33:52.289582Z,2026-06-09T12:33:52.839473Z,2026-06-09T12:34:11.805840Z,202,completed,796,19186,208573d5cce8:1:658e592c,705393,000007ecff28463f6fa01c0eb9603ffe4251f5e93580a8759271e50ec84af6e0,547.0,19516.258,13,
403e7ba0-e465-4b6e-9276-7d3b0cb4e455,799417d1-4482-4281-9697-1ffb7b9dd25d,4b6f4aee-54a4-45df-8b95-3d61f3cbf035,700,workload-20260609T121504519314Z,60,,2,2026-06-09T12:33:52.290582Z,2026-06-09T12:33:52.616581Z,2026-06-09T12:34:13.150951Z,202,completed,1415,20101,208573d5cce8:1:60ea81f7,1045136,000003d3029dafed601e45397e8f5abf1a4894054c793a8bc86da71f4bc4816b,328.0,20860.369,15,
43777c9d-f9a0-4b13-974e-5e07cfdeeed6,593de7cf-d135-4b90-a0b9-693041d4e244,4b6f4aee-54a4-45df-8b95-3d61f3cbf035,700,workload-20260609T121504519314Z,61,,2,2026-06-09T12:33:52.292582Z,2026-06-09T12:33:52.669582Z,2026-06-09T12:34:11.420924Z,202,completed,4434,18223,0b769b3035e6:1:b4419367,3333966,000005e37235e998801eb683609c2e4aea2b4f0df20da26d357ed5dd86a7927a,390.0,19128.342,13,
af2727cc-0e1d-4110-96c2-0974ff6397ed,21c43bfd-5ef0-425d-b90d-911358a138fd,4b6f4aee-54a4-45df-8b95-3d61f3cbf035,700,workload-20260609T121504519314Z,62,,2,2026-06-09T12:33:52.293582Z,2026-06-09T12:33:52.581581Z,2026-06-09T12:34:13.337841Z,202,completed,1781,19920,0b769b3035e6:1:0346b5ea,1466634,000005686ff3c902a72feef2f576f5121b39fd2ba6fb6b29e693a2bbaff3373e,282.0,21044.259,15,
ed786df6-754b-4559-b80d-acd5347e8ab4,0fe1fcb9-eb61-4a36-90bd-a677a4b5dc50,4b6f4aee-54a4-45df-8b95-3d61f3cbf035,700,workload-20260609T121504519314Z,63,,2,2026-06-09T12:33:52.294582Z,2026-06-09T12:33:52.623581Z,2026-06-09T12:34:06.476849Z,202,completed,1531,13311,cb9fb5da3c43:1:9248b3ae,393949,00000b7eac1f1aef06b766fe4cfec5fc46485626e7016cb00d7f53bc1ed5c0af,328.0,14182.267,8,
c85625f7-37a3-4089-aec1-994fafd693da,85a89708-7c8e-478b-872c-6e9498b2523d,4b6f4aee-54a4-45df-8b95-3d61f3cbf035,700,workload-20260609T121504519314Z,64,,2,2026-06-09T12:33:52.295582Z,2026-06-09T12:33:52.891474Z,2026-06-09T12:34:11.103146Z,202,completed,7727,18102,fcc05684ba59:1:d1a907aa,5276738,00000cefc26220606ef24dc58de76cfaf06b1112ae38cfe046335e0bbde3e160,594.0,18807.564,12,
dc26d452-f519-42eb-ab96-4098beaf76d2,70d11b5b-dff1-4604-a7e8-176a54e11cf5,4b6f4aee-54a4-45df-8b95-3d61f3cbf035,700,workload-20260609T121504519314Z,65,,2,2026-06-09T12:33:52.296582Z,2026-06-09T12:33:52.929563Z,2026-06-09T12:34:12.118028Z,202,completed,7586,18566,208573d5cce8:1:d3b952c3,5325784,00000760430f9c33187b599ca7c6a6518cd9171194db01ff1c7039304161d5be,625.0,19821.446,14,
b095e26a-4a2f-4b2b-946f-e56976d20919,b12be3cd-9e2b-4440-8c01-0c86a443ffa5,4b6f4aee-54a4-45df-8b95-3d61f3cbf035,700,workload-20260609T121504519314Z,66,,2,2026-06-09T12:33:52.298582Z,2026-06-09T12:33:52.833473Z,2026-06-09T12:34:04.723724Z,202,completed,2155,11842,fcc05684ba59:1:2f3d7858,1569647,000009a966017bb7b64c50e0a45fc4ffc8e7f937f00d10eb5103d00afeb84036,532.0,12425.142,7,
d90c791f-1dd5-432c-8aa9-7b68157fa6b8,005492bd-6606-4aca-a7b7-9d4b06b700e9,4b6f4aee-54a4-45df-8b95-3d61f3cbf035,700,workload-20260609T121504519314Z,67,,2,2026-06-09T12:33:52.309582Z,2026-06-09T12:33:52.665581Z,2026-06-09T12:34:08.754383Z,202,completed,946,15366,208573d5cce8:1:a9062381,560379,0000027ce687fe90421236f29d27f36b8db437fe3735c5f0c769eca3073aa118,344.0,16444.801,10,
c564347b-2506-44db-b0c0-f825ef1bfe1d,39a37f7f-792e-47e3-bb9a-5e35c45b8a08,4b6f4aee-54a4-45df-8b95-3d61f3cbf035,700,workload-20260609T121504519314Z,68,,2,2026-06-09T12:33:52.310583Z,2026-06-09T12:33:52.778580Z,2026-06-09T12:34:16.622620Z,202,completed,1235,23920,0616728b7286:1:01338de3,354777,000003625259a9b4675a2ec6410d30680ae32f051016dd725c57469aad139f38,469.0,24312.037,14,
1e75352f-efaa-4614-b708-a66d507b47bd,57782d80-1ea5-4c90-98d5-a3dcb332d4e8,4b6f4aee-54a4-45df-8b95-3d61f3cbf035,700,workload-20260609T121504519314Z,69,,2,2026-06-09T12:33:52.312582Z,2026-06-09T12:33:52.594581Z,2026-06-09T12:34:04.548855Z,202,completed,298,11309,cb9fb5da3c43:1:a74713ce,79198,00000bdf5f91e31c3b9a56cb9cb8aab1312d96131ab67b28ea9a3c1cc3d39641,281.0,12236.273,7,
aa0aca12-d198-480e-af7b-569d60230194,4994662e-d7ee-4c6b-a17e-c22ada0dc340,4b6f4aee-54a4-45df-8b95-3d61f3cbf035,700,workload-20260609T121504519314Z,70,,2,2026-06-09T12:33:52.313582Z,2026-06-09T12:33:52.704581Z,2026-06-09T12:34:10.132090Z,202,completed,2019,17193,0616728b7286:1:529d7958,679417,000003245b7ffb49382f9cbc0117c6399de32fbe700cd38d717fca9db15c372a,391.0,17818.508,11,
9658036b-6a83-4126-b28f-881a6bc08957,ec4c1669-c740-49db-a088-a1a0dc782ab7,4b6f4aee-54a4-45df-8b95-3d61f3cbf035,700,workload-20260609T121504519314Z,71,,2,2026-06-09T12:33:52.314582Z,2026-06-09T12:33:52.752582Z,2026-06-09T12:34:15.050695Z,202,completed,5911,21412,0616728b7286:1:51ab4d7b,2051696,0000077bb6171e6a0dce9eb73b65e7ca12e2f5caaeefb388badece26e2886987,437.0,22736.113,16,
678ad5c1-2d1b-4609-98db-20e7631505a8,5a82966e-eb6d-4424-b5f8-cacaeae95e68,4b6f4aee-54a4-45df-8b95-3d61f3cbf035,700,workload-20260609T121504519314Z,72,,2,2026-06-09T12:33:52.316583Z,2026-06-09T12:33:52.677581Z,2026-06-09T12:34:16.621620Z,202,completed,9355,22989,cb9fb5da3c43:1:86104b2d,2594480,000005eaf632e7aab294691100d3a0576fde087264474540903533d84a30d1b6,359.0,24305.037,17,
f5383798-c995-44f3-a5cb-221345d0c9c6,1d240373-a9f6-43d2-bc63-5351b45bf9f8,4b6f4aee-54a4-45df-8b95-3d61f3cbf035,700,workload-20260609T121504519314Z,73,,2,2026-06-09T12:33:52.317582Z,2026-06-09T12:33:52.619581Z,2026-06-09T12:34:13.578033Z,202,completed,1371,20765,208573d5cce8:1:4570a515,949502,0000029d391bc423590058f0820b1135cbf6bf88be2e5b8fec42a23e511b8aed,297.0,21260.451,15,
6bfb42bd-4f40-4ce5-a455-d4d1fb1bd34c,e20157c5-a3ae-492e-bd63-f9825aa0835b,4b6f4aee-54a4-45df-8b95-3d61f3cbf035,700,workload-20260609T121504519314Z,74,,2,2026-06-09T12:33:52.318582Z,2026-06-09T12:33:52.916477Z,2026-06-09T12:34:05.368061Z,202,completed,1439,12484,6084be8b8ecc:1:9461bb1c,461845,0000034beab27271b6a9dce6ee1f65a41c26721f1f78a5f02b51c104c83ebbfc,594.0,13049.479,8,
db8f2241-dcd5-46ff-992f-67fa0e7c585d,77eb62e1-ae9c-4cc0-a6a1-e957750d16b9,4b6f4aee-54a4-45df-8b95-3d61f3cbf035,700,workload-20260609T121504519314Z,75,,2,2026-06-09T12:33:52.319582Z,2026-06-09T12:33:52.758582Z,2026-06-09T12:34:09.401598Z,202,completed,1004,16794,208573d5cce8:1:55fd1506,611913,000009ab916b88bb9d4d8cdb6e2ca866ddfa348b768fd42a4037ef77dfdfbe5e,437.0,17082.016,11,
415cf6db-5328-4dab-91e9-4edb8a16fe96,80696334-a019-4401-be4c-4d88bce9c26c,4b6f4aee-54a4-45df-8b95-3d61f3cbf035,700,workload-20260609T121504519314Z,76,,2,2026-06-09T12:33:52.321582Z,2026-06-09T12:33:52.784580Z,2026-06-09T12:34:11.986121Z,202,completed,2775,18786,6084be8b8ecc:1:ac9d3ccf,973130,000007c036660aef49e0dc469df70c4dc66f6522ab681308a9833ea9f1717517,469.0,19664.539,13,
abbb8b29-543c-40c2-8731-bbbfdacc9d82,44fc5fde-e748-49e9-ae1c-ca415ddb3ad6,4b6f4aee-54a4-45df-8b95-3d61f3cbf035,700,workload-20260609T121504519314Z,77,,2,2026-06-09T12:33:52.322583Z,2026-06-09T12:33:52.942559Z,2026-06-09T12:34:05.481364Z,202,completed,449,12486,208573d5cce8:1:5a8de071,276807,000000d46b14be8275a204b8929c9b351131783ae45cac80cf3551f6be1fd695,625.0,13158.781,7,
516963ee-2e99-40c0-8218-50ac84203cce,efbd3f8a-a1cc-405c-92c6-1b4a45ff40af,4b6f4aee-54a4-45df-8b95-3d61f3cbf035,700,workload-20260609T121504519314Z,78,,2,2026-06-09T12:33:52.334581Z,2026-06-09T12:33:52.721581Z,2026-06-09T12:34:11.025836Z,202,completed,741,18127,208573d5cce8:1:5e45974f,464294,00000eb7984398f11718ab3309f3d741da2ef1c39ba0003badcd8d0ec9db4a68,390.0,18691.255,12,
709c53c1-016f-4fdd-9c6a-b4bf9b3693fb,5b53404d-05f5-4953-8e2e-15b10bd289e5,4b6f4aee-54a4-45df-8b95-3d61f3cbf035,700,workload-20260609T121504519314Z,79,,2,2026-06-09T12:33:52.335582Z,2026-06-09T12:33:52.686581Z,2026-06-09T12:34:13.372347Z,202,completed,1122,20336,0b769b3035e6:1:68b0629e,856620,00000b64692776f66d8aff1b10ff87b46a2d3a995986b1893efacfd52652ef55,359.0,21036.765,15,
4b2bb5c6-efdb-4264-b93b-15d0b440a900,80aeab41-f69e-4619-ad17-cbc56c2ac502,4b6f4aee-54a4-45df-8b95-3d61f3cbf035,700,workload-20260609T121504519314Z,80,,2,2026-06-09T12:33:52.337582Z,2026-06-09T12:33:52.690581Z,2026-06-09T12:34:13.252011Z,202,completed,1197,20407,fcc05684ba59:1:b7ad10da,758462,000007a50c132848e7d1dbbe648e89b8bb73b8956955b4d3fb3404854d32426e,359.0,20914.429,15,
7c444a28-cbd7-45de-9cf9-457e15f3e34e,177abad3-0d8e-4f6f-8659-d13cd227b967,4b6f4aee-54a4-45df-8b95-3d61f3cbf035,700,workload-20260609T121504519314Z,81,,2,2026-06-09T12:33:52.338582Z,2026-06-09T12:33:52.716581Z,2026-06-09T12:34:14.452849Z,202,completed,214,21537,fcc05684ba59:1:4e2d2b47,244218,0000054ee2211766a390abe137b9b0b990f47b3c77948cf5d32446b59ad430b5,390.0,22114.267,15,
890be6dd-14cf-4b91-9d31-5531d4652271,86f3a06c-ee55-4855-83bd-ab76f0014a47,4b6f4aee-54a4-45df-8b95-3d61f3cbf035,700,workload-20260609T121504519314Z,82,,2,2026-06-09T12:33:52.339582Z,2026-06-09T12:33:52.660582Z,2026-06-09T12:34:10.171842Z,202,completed,56,17385,0b769b3035e6:1:f96ce955,33239,00000f7794d73b0aac9f7f41c6471df4d6aa280605b4b8d9c05473b55bd205af,328.0,17832.26,12,
9a3fced5-4adf-41cd-80bf-78fb91f2ba4f,f67742a6-fd92-4312-9efb-b4e1306018a1,4b6f4aee-54a4-45df-8b95-3d61f3cbf035,700,workload-20260609T121504519314Z,83,,2,2026-06-09T12:33:52.341582Z,2026-06-09T12:33:52.673581Z,2026-06-09T12:34:09.825838Z,202,completed,239,17210,208573d5cce8:1:18aa0779,147313,000008bc455b34a82c565dc13def6b03573ce5a137ed71ce2c04f52f0e29fc15,328.0,17484.256,11,
37d66b41-7300-43a4-a842-7efaab0e13a1,ef8178ed-c0c7-4209-a0f4-0e4175453d8b,4b6f4aee-54a4-45df-8b95-3d61f3cbf035,700,workload-20260609T121504519314Z,84,,2,2026-06-09T12:33:52.342582Z,2026-06-09T12:33:52.712581Z,2026-06-09T12:34:13.496153Z,202,completed,837,20251,0616728b7286:1:31389500,267174,00000aff0391169cc8b8d4e337f97dae7cc1a6bb27f88719fc18300dc167c7aa,360.0,21153.571,15,
75700a69-c30d-4d1c-a7ed-ae7e1d54d16b,0d2e184a-2244-4813-908b-1be47fa5f77b,4b6f4aee-54a4-45df-8b95-3d61f3cbf035,700,workload-20260609T121504519314Z,85,,2,2026-06-09T12:33:52.343582Z,2026-06-09T12:33:52.727582Z,2026-06-09T12:34:10.750835Z,202,completed,20,17800,0b769b3035e6:1:f82a868f,12127,0000047a82c28da222c01a25beadb0579d26b06ecfd0edbed5792c46c0a41647,375.0,18407.253,12,
a50c7150-08b2-45ec-8ccd-e0403425debd,f0d1eaab-9dd7-4622-a171-ef51c9e34b91,4b6f4aee-54a4-45df-8b95-3d61f3cbf035,700,workload-20260609T121504519314Z,86,,2,2026-06-09T12:33:52.344582Z,2026-06-09T12:33:52.962560Z,2026-06-09T12:34:14.367595Z,202,completed,7616,21312,cb9fb5da3c43:1:a1df65da,2056787,000005bbb62af69b2e201cd9f6e24db6829917ed54fdb27913d947138d651023,610.0,22023.013,15,
4fa499c3-c13f-4bce-a0a1-e003ab1d209c,dc548f5c-1f0e-4e82-b839-ec289caef795,4b6f4aee-54a4-45df-8b95-3d61f3cbf035,700,workload-20260609T121504519314Z,87,,2,2026-06-09T12:33:52.345582Z,2026-06-09T12:33:52.656581Z,2026-06-09T12:34:16.098009Z,202,completed,3835,23094,6084be8b8ecc:1:8ad67de9,1533002,000002b873c29e09485f619483860da066fa0b1e23af9699cd12444f68139ab4,313.0,23752.427,17,
d6554c79-985e-4052-98f6-ed89355230db,0d8a9592-2d1d-4519-b865-16c4f5310b8b,4b6f4aee-54a4-45df-8b95-3d61f3cbf035,700,workload-20260609T121504519314Z,88,,2,2026-06-09T12:33:52.348582Z,2026-06-09T12:33:52.745582Z,2026-06-09T12:34:12.366365Z,202,completed,1706,19109,0616728b7286:1:26cf49ff,516876,000007b8fcb0a78056084149f357423db590c718d4f87c4ec3f26532b8e692fa,391.0,20017.783,14,
82c9c644-fcd2-45dd-be6c-75b896a32622,3e3392ff-2499-469c-9382-2a9c6e188227,4b6f4aee-54a4-45df-8b95-3d61f3cbf035,700,workload-20260609T121504519314Z,89,,2,2026-06-09T12:33:52.349582Z,2026-06-09T12:33:52.652581Z,2026-06-09T12:34:14.910075Z,202,completed,331,21327,208573d5cce8:1:8227f995,264519,00000809ef8521bc9bf2fa06975b03d504bfa4e07b67221550b7eebf4fe4de23,313.0,22560.493,16,
937991b8-aff5-44ac-b8d9-0334254b3452,d0f9c439-053c-42e1-9213-491b64146151,4b6f4aee-54a4-45df-8b95-3d61f3cbf035,700,workload-20260609T121504519314Z,90,,2,2026-06-09T12:33:52.350582Z,2026-06-09T12:33:52.633581Z,2026-06-09T12:34:09.883036Z,202,completed,113,16957,0b769b3035e6:1:95f9c063,70057,0000087405fecc4736594170f554e419eff849addfee5970591e2866886e01f9,281.0,17532.454,11,
e3cd89bd-c958-4740-846e-56965fb606f0,2fa4c5fb-874e-4307-83ed-ae7b226a291c,4b6f4aee-54a4-45df-8b95-3d61f3cbf035,700,workload-20260609T121504519314Z,91,,2,2026-06-09T12:33:52.352582Z,2026-06-09T12:33:52.851473Z,2026-06-09T12:34:14.909074Z,202,completed,2824,21498,fcc05684ba59:1:d45c2743,2051923,000002befc10a0190245715acb9df2fe33a047b8ba3491477dc677683319f4e3,500.0,22556.492,15,
16fd3bba-5ffc-4a2b-a448-8925f09bf3f9,fef8db0a-bc81-4371-94aa-6df1df843e44,4b6f4aee-54a4-45df-8b95-3d61f3cbf035,700,workload-20260609T121504519314Z,92,,2,2026-06-09T12:33:52.353582Z,2026-06-09T12:33:52.682581Z,2026-06-09T12:34:14.474845Z,202,completed,499,21737,208573d5cce8:1:63880fdd,407921,0000088bd44526285280bab6d19724fd40cd70ddf1d18ce627ee43cc2ef9b337,328.0,22121.263,15,
5547ac66-e586-4eb5-8590-e5e4d1a6647a,daafe162-bf66-4642-b1eb-39886a0580d6,4b6f4aee-54a4-45df-8b95-3d61f3cbf035,700,workload-20260609T121504519314Z,93,,2,2026-06-09T12:33:52.354582Z,2026-06-09T12:33:52.641581Z,2026-06-09T12:34:13.810010Z,202,completed,75,21161,6084be8b8ecc:1:d95eddc4,26485,00000380eeb7a07b9bfcd5ff4c1ab3d1f31cd12c62dea12e37999c03fe53c3b1,297.0,21455.428,15,
672b0750-319a-42d0-b334-6daa58b9c750,816dc9f4-6031-489e-8e80-8c163bc5c5f6,4b6f4aee-54a4-45df-8b95-3d61f3cbf035,700,workload-20260609T121504519314Z,94,,2,2026-06-09T12:33:52.355582Z,2026-06-09T12:33:52.863473Z,2026-06-09T12:34:12.256566Z,202,completed,428,18890,0b769b3035e6:1:21571660,265227,0000008f271db697a5fe4ae567782fc6cad6a8a4e68017a90254a0a1746b9a02,500.0,19900.984,13,
43f42897-6fb4-4680-876c-10399e7948d3,30e802cb-33eb-4963-b8d7-c4a1f8736509,4b6f4aee-54a4-45df-8b95-3d61f3cbf035,700,workload-20260609T121504519314Z,95,,2,2026-06-09T12:33:52.357582Z,2026-06-09T12:33:52.955560Z,2026-06-09T12:34:08.907021Z,202,completed,1713,15716,6084be8b8ecc:1:89362c75,516907,00000b013fb2bca50954160c4d9dfb0d2008ac6693d98f63263b72c88116cb3f,594.0,16549.439,10,
ee4371a9-bf53-4392-8974-a7fa960c0e6c,c6650a2e-45bf-48f0-840b-2d8406b4ef0e,4b6f4aee-54a4-45df-8b95-3d61f3cbf035,700,workload-20260609T121504519314Z,96,,2,2026-06-09T12:33:52.358582Z,2026-06-09T12:33:52.609581Z,2026-06-09T12:34:12.316822Z,202,completed,3163,19008,fcc05684ba59:1:f665e6f0,2101143,00000c138917fee6d7ef1915f1195ce8ad586d2620b2febf80ee78ae58f7e3e9,250.0,19958.24,13,
c50ec8ec-c519-45ee-8ed4-0cb8ea0d7b81,4a14804b-dec7-436c-987b-f42a634f35a4,4b6f4aee-54a4-45df-8b95-3d61f3cbf035,700,workload-20260609T121504519314Z,97,,2,2026-06-09T12:33:52.359582Z,2026-06-09T12:33:52.879477Z,2026-06-09T12:34:15.965303Z,202,completed,710,23300,208573d5cce8:1:7bba8e09,411057,00000857e919e799352ce3aa180254862cd905ad7bcd9cfe282270533fac7294,515.0,23605.721,17,
3b5b27ff-6a52-4040-aee9-71963a5980d1,ec5fea47-fea4-4651-bafb-1419a4841dce,4b6f4aee-54a4-45df-8b95-3d61f3cbf035,700,workload-20260609T121504519314Z,98,,2,2026-06-09T12:33:52.360582Z,2026-06-09T12:33:53.016584Z,2026-06-09T12:34:08.814004Z,202,completed,1407,15653,fcc05684ba59:1:780f49e4,890596,00000e3860180affd0ac99768815cab0c304ea1de92eb91a0871c48a043be04e,656.0,16453.422,10,
1e50fcaa-ba77-43fa-9fa6-69d6433e52ec,4fbe5c9c-3a1d-450b-a973-d3aa79e45c2c,4b6f4aee-54a4-45df-8b95-3d61f3cbf035,700,workload-20260609T121504519314Z,99,,2,2026-06-09T12:33:52.361582Z,2026-06-09T12:33:52.763580Z,2026-06-09T12:34:15.408028Z,202,completed,786,22530,0616728b7286:1:a97b997f,250080,000008631d2a6fc2eda48668fa4c906cc6d9eaacf139e77d19552bd1bf64f455,406.0,23046.446,16,
2557ce8c-d1eb-4dd7-afe5-58cf25f82469,02d16106-9763-44c4-a5d9-66a9ca65c6a0,4b6f4aee-54a4-45df-8b95-3d61f3cbf035,700,workload-20260609T121504519314Z,100,,2,2026-06-09T12:33:52.375581Z,2026-06-09T12:33:52.969561Z,2026-06-09T12:34:14.126089Z,202,completed,370,21318,0b769b3035e6:1:10a43054,327826,00000940921abc90e5a17bae043d2b4482bf4c038b4cee069f06b215d769df00,594.0,21750.508,15,
d1922beb-fcb3-49e2-af3e-498064aed036,0f765289-f3e7-40a8-a4ec-d55f76942423,4b6f4aee-54a4-45df-8b95-3d61f3cbf035,700,workload-20260609T121504519314Z,101,,2,2026-06-09T12:33:52.376582Z,2026-06-09T12:33:52.993561Z,2026-06-09T12:34:17.796111Z,202,completed,3347,24987,208573d5cce8:1:6f0bed7b,2457722,000000c92ab6a5a52151dcacc5916345a13ee77f07c409c54874088ee42ee649,610.0,25419.529,18,
08fbe02d-12eb-436f-832a-845012790e54,b2dbf09d-17d0-427f-9708-d294c077bb5f,4b6f4aee-54a4-45df-8b95-3d61f3cbf035,700,workload-20260609T121504519314Z,102,,2,2026-06-09T12:33:52.378582Z,2026-06-09T12:33:53.034573Z,2026-06-09T12:34:14.898029Z,202,completed,405,21738,0b769b3035e6:1:02b4be94,441292,00000970c16cb02fe940d51c3abcd7b45a6ab7da5581cf3c896e57f00e8f2f76,657.0,22519.447,16,
9a5a93a2-4cc6-4e48-899a-7369b47e668e,6f7a9ba7-603a-4dcd-a4d6-61667c41f487,4b6f4aee-54a4-45df-8b95-3d61f3cbf035,700,workload-20260609T121504519314Z,103,,2,2026-06-09T12:33:52.379582Z,2026-06-09T12:33:52.885476Z,2026-06-09T12:34:17.816078Z,202,completed,1116,24759,cb9fb5da3c43:1:c8abe5be,294943,00000812a0635c81dd26217b39ead4799241e56637a2376c6cf1c90edcf10614,500.0,25436.496,18,
476468d0-9bee-4547-9060-37a7db0552c1,9086320c-44cb-4df4-9167-a4ce07b3e63e,4b6f4aee-54a4-45df-8b95-3d61f3cbf035,700,workload-20260609T121504519314Z,104,,2,2026-06-09T12:33:52.380582Z,2026-06-09T12:33:52.815464Z,2026-06-09T12:34:17.373024Z,202,completed,1334,23928,0b769b3035e6:1:905c69cb,914296,00000179d6fd9c0a7b851c8d33ab5b6c913dd5622d6ea9ea0d78da2288fca14e,438.0,24992.442,18,
786a7ae3-3ec4-41dd-b0d2-477b2f620965,8627d9ad-0ff8-4f3a-a97b-d917052ab30c,4b6f4aee-54a4-45df-8b95-3d61f3cbf035,700,workload-20260609T121504519314Z,105,,2,2026-06-09T12:33:52.381582Z,2026-06-09T12:33:52.773582Z,2026-06-09T12:34:16.297408Z,202,completed,113,23355,cb9fb5da3c43:1:2a12c143,30290,000003349e6c53e457965871152394732d0de283a8c08bb599ce8a445c9676f6,391.0,23915.826,17,
527477fe-5540-4754-a09e-f82ef6f9728a,4a350448-4bc7-4134-bb69-9b16a94f1cd3,4b6f4aee-54a4-45df-8b95-3d61f3cbf035,700,workload-20260609T121504519314Z,106,,2,2026-06-09T12:33:52.383582Z,2026-06-09T12:33:52.870474Z,2026-06-09T12:34:14.127091Z,202,completed,381,21052,fcc05684ba59:1:cdd291df,240475,00000e26097f4260f057b8f32341fa9e9d09812bd5083500b9708608b60bda85,485.0,21743.509,15,
1fd74f01-cb5a-4f12-a71a-c4db8b01207d,f62652a7-abce-40df-ad1b-0a658586ff05,4b6f4aee-54a4-45df-8b95-3d61f3cbf035,700,workload-20260609T121504519314Z,107,,2,2026-06-09T12:33:52.384582Z,2026-06-09T12:33:53.000560Z,2026-06-09T12:34:16.261634Z,202,completed,1998,23566,0b769b3035e6:1:1ebf5be4,1574381,000004e11cf21049178fe771a41ad906f18776feba22962b0868d8411f616550,625.0,23877.052,17,
3af318e1-509b-4828-b82f-b683b0fe91d6,97a552ff-2e8e-4f17-99bb-55627d79f667,4b6f4aee-54a4-45df-8b95-3d61f3cbf035,700,workload-20260609T121504519314Z,108,,2,2026-06-09T12:33:52.385582Z,2026-06-09T12:33:52.845475Z,2026-06-09T12:34:14.451850Z,202,completed,280,20908,0b769b3035e6:1:8250230b,222829,00000fc0fbe4782a057960701fbc7e1f442a0086f986662d11e88ac1f478c976,469.0,22066.268,15,
6e825ad7-129d-4236-b42e-1efa92dde1ed,8810e205-67e2-4449-8b25-5752d338d958,4b6f4aee-54a4-45df-8b95-3d61f3cbf035,700,workload-20260609T121504519314Z,109,,2,2026-06-09T12:33:52.386582Z,2026-06-09T12:33:53.007562Z,2026-06-09T12:34:14.162716Z,202,completed,484,20837,208573d5cce8:1:835f28ac,321110,0000007ba1ef9a1bf0e5c67a2937157442d17388a445ad349428b24a3acde735,625.0,21776.134,15,
86bdb87a-2b68-43bd-b299-0dd437c9f86d,c41f7717-7e66-46c6-b0df-12402a39e102,4b6f4aee-54a4-45df-8b95-3d61f3cbf035,700,workload-20260609T121504519314Z,110,,2,2026-06-09T12:33:52.388582Z,2026-06-09T12:33:52.857474Z,2026-06-09T12:34:17.240751Z,202,completed,1450,23711,fcc05684ba59:1:022d07dd,914033,00000f7311c3086b613c20771e11c21ff5f6eff7a57f410762bad5a198933029,469.0,24852.169,18,
27c039b7-67c8-4189-a34b-cbb60ff2c567,d9eee649-fa5b-4f51-b3c4-8c81163c8683,4b6f4aee-54a4-45df-8b95-3d61f3cbf035,700,workload-20260609T121504519314Z,111,,2,2026-06-09T12:33:52.389582Z,2026-06-09T12:33:52.827474Z,2026-06-09T12:34:19.634025Z,202,completed,5564,26206,0616728b7286:1:8853ae83,2504292,000006e40c7502ced7fdb4a5cc72d79c38dbbf7d88a5a2d5996aeecd59293fe1,438.0,27244.443,20,
8125beea-0b0f-40ad-b04d-4741b7950011,13b664b5-e2d2-46b4-bc50-81a1721e2413,4b6f4aee-54a4-45df-8b95-3d61f3cbf035,700,workload-20260609T121504519314Z,112,,2,2026-06-09T12:33:52.390582Z,2026-06-09T12:33:52.809464Z,2026-06-09T12:34:13.383347Z,202,completed,261,20405,0b769b3035e6:1:556f2cdb,186006,00000a584e6f6b097d844b87903142f3036e41985ac7db1d58675a85de92d266,422.0,20992.765,14,
f0e9504b-6652-4767-b8e9-47614fc49c3f,9ee5fced-b815-45ad-993d-e06f4cb113c4,4b6f4aee-54a4-45df-8b95-3d61f3cbf035,700,workload-20260609T121504519314Z,113,,2,2026-06-09T12:33:52.391582Z,2026-06-09T12:33:52.922476Z,2026-06-09T12:34:15.615590Z,202,completed,177,22159,0b769b3035e6:1:29e5e5b0,107267,000003c85847177d856a5104b9fd8633ed36fdecd18da09ef402737999ffb857,531.0,23224.008,16,
892ab983-edfa-4c51-b9f4-200d29fecdaf,9ccc04fc-4f67-4529-8cc6-29b6baa1ec9f,4b6f4aee-54a4-45df-8b95-3d61f3cbf035,700,workload-20260609T121504519314Z,114,,2,2026-06-09T12:33:52.393582Z,2026-06-09T12:33:52.790583Z,2026-06-09T12:34:15.098006Z,202,completed,343,22377,208573d5cce8:1:dd575f49,218370,000002393f7d36c7b16573822c3f55e6cf23738961697036f0061e4b11972d22,391.0,22704.424,16,
b4e2941e-78d6-4327-b81d-8db057add44f,89464ccc-84c6-465e-bae1-c2430132c8f0,4b6f4aee-54a4-45df-8b95-3d61f3cbf035,700,workload-20260609T121504519314Z,115,,2,2026-06-09T12:33:52.394582Z,2026-06-09T12:33:52.977565Z,2026-06-09T12:34:21.166228Z,202,completed,6916,28247,6084be8b8ecc:1:3d613d8b,2602256,00000a68e67579da4e6543504736c149074dd07afb571376a870aad12c637ea1,578.0,28771.646,21,
7f83a212-ea16-429c-a99b-8b581df8f77b,8ba05915-19dd-4e91-9777-19e59e15ad6f,4b6f4aee-54a4-45df-8b95-3d61f3cbf035,700,workload-20260609T121504519314Z,116,,2,2026-06-09T12:33:52.395582Z,2026-06-09T12:33:52.984566Z,2026-06-09T12:34:18.981000Z,202,completed,4662,26153,cb9fb5da3c43:1:b77021af,1958680,0000085e6219f52774d36e759fa6a0dbfd9ab23e4514d3f1e304ced0fbcb68a1,594.0,26585.418,19,
94a57a4a-9d15-4a7b-906a-07f9a693d7bf,1946b7c7-e1f2-4f7d-b216-3a037904e35a,4b6f4aee-54a4-45df-8b95-3d61f3cbf035,700,workload-20260609T121504519314Z,117,,2,2026-06-09T12:33:52.396582Z,2026-06-09T12:33:52.797582Z,2026-06-09T12:34:22.040760Z,202,completed,4900,28292,6084be8b8ecc:1:07a883c8,1720595,00000f34aa55d600533333f9d534569f1b8c63b3aa9f046a49def801122f55e6,406.0,29644.178,22,
51462609-69aa-49c2-9f6f-e7639174db66,6fcf5a44-c1ff-4b43-b99a-c034735633bd,4b6f4aee-54a4-45df-8b95-3d61f3cbf035,700,workload-20260609T121504519314Z,118,,2,2026-06-09T12:33:52.398582Z,2026-06-09T12:33:52.904477Z,2026-06-09T12:34:17.607867Z,202,completed,2751,24751,fcc05684ba59:1:439af0c1,2327074,000003dbae1b8c2357b62f92200947bcde6b16a65b0675c3f5743c3537c89c7a,516.0,25209.285,18,
2466999a-5726-4ef6-b9fc-431255e7eb2b,addadaa3-578c-4193-b12e-4cb7c217ded6,4b6f4aee-54a4-45df-8b95-3d61f3cbf035,700,workload-20260609T121504519314Z,119,,2,2026-06-09T12:33:52.399582Z,2026-06-09T12:33:52.821474Z,2026-06-09T12:34:17.741491Z,202,completed,1537,25034,208573d5cce8:1:34b39a13,1000592,00000ae986902f4e0972016c5398430b128f3f69f0fa499012832557b6f8d6d0,422.0,25341.909,18,
af7b77f9-10ac-46f2-8c61-97b101170d87,c9c2dd71-166e-43bf-8657-95b77a9e8b04,4b6f4aee-54a4-45df-8b95-3d61f3cbf035,700,workload-20260609T121504519314Z,120,,2,2026-06-09T12:33:52.400583Z,2026-06-09T12:33:52.898476Z,2026-06-09T12:34:15.606592Z,202,completed,243,22049,fcc05684ba59:1:a7855377,204813,000006c599106514cbd2a7d178007b058894bf5a856b98db8224affd86630be1,500.0,23206.009,16,
79362cbd-94bd-4ec3-a79d-f73a73f73f99,1841e437-a4ef-4dd2-8c3b-9556a01e6022,4b6f4aee-54a4-45df-8b95-3d61f3cbf035,800,workload-20260609T121504519314Z,1,,2,2026-06-09T12:35:22.473914Z,2026-06-09T12:35:22.780917Z,2026-06-09T12:35:27.998880Z,202,completed,814,1143,0b769b3035e6:1:9c2bdca0,627431,0000079fd99c2011ac872195848233945f94946e6932b80a54697d9e13400a33,313.0,5524.966,1,
88393d76-7cac-4966-924d-b62dea95295b,d89a346b-18be-48ad-b774-97894f17ce94,4b6f4aee-54a4-45df-8b95-3d61f3cbf035,800,workload-20260609T121504519314Z,2,,2,2026-06-09T12:35:22.475915Z,2026-06-09T12:35:22.774917Z,2026-06-09T12:35:28.195879Z,202,completed,360,878,0616728b7286:1:01360a80,112714,00000e1cf57ca32c51ccbf355ec2d29e1bf94c3725835a61eb49191ea34719fd,297.0,5719.964,1,
0cf4a653-9a1e-43bb-9cb0-a1e39fa314a2,c5745dee-257a-46de-9247-8aade05ecf5f,4b6f4aee-54a4-45df-8b95-3d61f3cbf035,800,workload-20260609T121504519314Z,3,,2,2026-06-09T12:35:22.477914Z,2026-06-09T12:35:22.769917Z,2026-06-09T12:35:27.995879Z,202,completed,1586,1896,fcc05684ba59:1:84ea2d44,1040321,00000a67b89e90be989549e2bdee03015100368e1f53dfa4bfd3e8f2b9a702a5,297.0,5517.965,1,
d74528c3-8ea4-41f2-a675-8ae0289d9b8e,c58863e1-d324-4719-8522-a643c2afd7ae,4b6f4aee-54a4-45df-8b95-3d61f3cbf035,800,workload-20260609T121504519314Z,4,,2,2026-06-09T12:35:22.479915Z,2026-06-09T12:35:22.777915Z,2026-06-09T12:35:28.021879Z,202,completed,2304,2783,fcc05684ba59:1:4689ebc0,1532590,0000046529feaf031f69c4a54e367c7758884847cf92f573dcc842cfee092f1c,313.0,5541.964,1,
7a5fce5d-c0dd-4c7a-a01e-77c4de7a22f3,141e8ce6-c3fb-4aa1-8db1-94c7b3cd179a,4b6f4aee-54a4-45df-8b95-3d61f3cbf035,800,workload-20260609T121504519314Z,5,,2,2026-06-09T12:35:22.480913Z,2026-06-09T12:35:22.817721Z,2026-06-09T12:35:28.328879Z,202,completed,1939,4154,208573d5cce8:1:0ff9f070,1528852,00000160e6b4d24fdcd21080198df3e267199f6fc578cf04bc206a4e65868b1d,328.0,5847.966,1,
e63e93d6-8e39-478e-bf71-95c87d408184,78d67f72-c3dc-40d9-b11f-929082dcab0c,4b6f4aee-54a4-45df-8b95-3d61f3cbf035,800,workload-20260609T121504519314Z,6,,2,2026-06-09T12:35:22.483917Z,2026-06-09T12:35:22.905720Z,2026-06-09T12:35:36.206700Z,202,completed,4792,13295,0616728b7286:1:b38c03fa,1572121,00000d2c67886eca89044f8d85b1bf49e1034145ab4f077795b58ec967124b1c,422.0,13722.783,8,
d2cb4db3-26ad-476b-8f23-3d6b1fb6bf34,c79bfb28-11a4-4575-8442-da8631afbf52,4b6f4aee-54a4-45df-8b95-3d61f3cbf035,800,workload-20260609T121504519314Z,7,,2,2026-06-09T12:35:22.484914Z,2026-06-09T12:35:22.776917Z,2026-06-09T12:35:28.778880Z,202,completed,1053,1552,208573d5cce8:1:132cc487,695548,000000e8f2f5ff04738a1779810129795895b68ad3df12ff4811fda54ffb2920,281.0,6293.966,1,
c96e732d-4531-441b-a3b4-04ce6e1faf2c,9cd526ce-58df-47c0-9c4b-8393585bd01b,4b6f4aee-54a4-45df-8b95-3d61f3cbf035,800,workload-20260609T121504519314Z,8,,2,2026-06-09T12:35:22.485913Z,2026-06-09T12:35:22.779916Z,2026-06-09T12:35:28.062880Z,202,completed,896,1571,0b769b3035e6:1:3f7aeae5,720879,00000cf89a869e4bff9aa0890253930104ff288ef40a2cfa15d1cc483b163868,297.0,5576.967,1,
d7557e16-5b6f-4498-bce6-11258129a44b,7dcf0f4b-abe1-4279-a5d0-24264ffebed0,4b6f4aee-54a4-45df-8b95-3d61f3cbf035,800,workload-20260609T121504519314Z,9,,2,2026-06-09T12:35:22.486915Z,2026-06-09T12:35:22.782916Z,2026-06-09T12:35:28.735879Z,202,completed,1609,1780,0616728b7286:1:e589072f,667062,00000b8c3e79c310f2fe242c923bca45c6bc3c5c75afabdb58b06a985080ed29,297.0,6248.964,1,
48f1f1dd-ac69-4397-9988-71d38171f8cf,b3b01ac1-e9be-487f-a889-24ad5f16029f,4b6f4aee-54a4-45df-8b95-3d61f3cbf035,800,workload-20260609T121504519314Z,10,,2,2026-06-09T12:35:22.487912Z,2026-06-09T12:35:22.772916Z,2026-06-09T12:35:28.299879Z,202,completed,4165,4712,cb9fb5da3c43:1:64f89c19,1117175,00000fd85c98ec460990956bfba8acd5a16c9a5cb3632eb00c2b893d69201f3f,281.0,5811.967,1,
2d99c0d2-97fd-42dd-8f82-b72dce984f88,d7fb5b9b-9de3-4ce4-8a01-f69e32806c7b,4b6f4aee-54a4-45df-8b95-3d61f3cbf035,800,workload-20260609T121504519314Z,11,,2,2026-06-09T12:35:22.488913Z,2026-06-09T12:35:22.773917Z,2026-06-09T12:35:28.164879Z,202,completed,3145,3689,6084be8b8ecc:1:85b3bc7f,1295466,0000094bee63cb6faa98a5315e82c698dad3a12b6aff3447ab06ac165c61cae1,281.0,5675.966,1,
2f0afd35-6842-4f25-bca1-24200898ae02,76af5ddd-6e4a-47ea-b710-5cf07765e862,4b6f4aee-54a4-45df-8b95-3d61f3cbf035,800,workload-20260609T121504519314Z,12,,2,2026-06-09T12:35:22.490917Z,2026-06-09T12:35:22.815720Z,2026-06-09T12:35:28.287879Z,202,completed,1335,1949,208573d5cce8:1:90b0996d,912238,0000059e2b0e5fe40673eb1926719fa76440a20ff3dbb3bc842278c90f0a23ee,328.0,5796.962,1,
f0c14b63-f77f-44e9-8ecb-f10c6fb1024c,00d15667-55f4-413b-a5c5-a601274f4513,4b6f4aee-54a4-45df-8b95-3d61f3cbf035,800,workload-20260609T121504519314Z,13,,2,2026-06-09T12:35:22.491917Z,2026-06-09T12:35:22.824722Z,2026-06-09T12:35:30.704771Z,202,completed,7193,7652,cb9fb5da3c43:1:09ee6420,2064240,00000a50ecd54c0f1d1d9a76a68f15a543fceb889996d3333ca04d7b34d4a4b8,344.0,8212.854,2,
186c0f97-c0f1-4f6b-8702-4601b4084117,e1b015c3-3019-4e2c-82a8-895b7c572293,4b6f4aee-54a4-45df-8b95-3d61f3cbf035,800,workload-20260609T121504519314Z,14,,2,2026-06-09T12:35:22.494913Z,2026-06-09T12:35:22.831720Z,2026-06-09T12:35:29.071886Z,202,completed,2520,4295,0b769b3035e6:1:78519530,1590614,00000b45c88b9da71d27b43585332ebc667c7adb0480dedcb00a1641e54bb281,344.0,6576.973,1,
d390569d-9c41-45d4-8feb-7108aa11193f,9c927aea-8b4b-4c2d-811b-144f36560536,4b6f4aee-54a4-45df-8b95-3d61f3cbf035,800,workload-20260609T121504519314Z,15,,2,2026-06-09T12:35:22.496917Z,2026-06-09T12:35:22.822720Z,2026-06-09T12:35:28.747879Z,202,completed,2559,3294,6084be8b8ecc:1:290b870d,914512,00000a5ae7e9497e9f257b72aa8f426772ef7bb1018e5eca5a11efb5c524825c,313.0,6250.962,1,
3c2ebb2d-f8d3-43fb-8094-c8c520084eea,5703ee31-b1dd-4d3a-b087-d1ba026afef7,4b6f4aee-54a4-45df-8b95-3d61f3cbf035,800,workload-20260609T121504519314Z,16,,2,2026-06-09T12:35:22.497914Z,2026-06-09T12:35:22.829722Z,2026-06-09T12:35:28.994879Z,202,completed,752,3170,0616728b7286:1:5be994a1,357729,0000049137b4c4b1d924b1df2b440d276c291550aacf42a4482c36072b6cdfe1,329.0,6496.965,1,
6364ba2d-b139-4239-9b82-0ba950fe5342,b00b5097-5a26-4b5b-81c7-d3f3e9ed223b,4b6f4aee-54a4-45df-8b95-3d61f3cbf035,800,workload-20260609T121504519314Z,17,,2,2026-06-09T12:35:22.498914Z,2026-06-09T12:35:22.821720Z,2026-06-09T12:35:29.018879Z,202,completed,1387,2536,0616728b7286:1:ea044f45,582988,0000034f7162cbbb9c7d1c7c07700eae1da3ec0122395469ce6afda01ab53d92,313.0,6519.965,1,
c3685bf6-e550-438b-946b-7ca045221324,59d6cc4b-20e2-4e91-bc54-321b31d9a972,4b6f4aee-54a4-45df-8b95-3d61f3cbf035,800,workload-20260609T121504519314Z,18,,2,2026-06-09T12:35:22.499915Z,2026-06-09T12:35:22.842722Z,2026-06-09T12:35:28.144880Z,202,completed,1107,2868,208573d5cce8:1:160c28f9,799326,00000a3425fcea253273e888543c0dec2bc9dc1f6bc4815384be4607d6a902f6,344.0,5644.965,1,
0156398e-42a7-4ae1-b9a8-b72ef606672f,a3e9c1ee-1e26-43ce-a765-e38a16ee3a7b,4b6f4aee-54a4-45df-8b95-3d61f3cbf035,800,workload-20260609T121504519314Z,19,,2,2026-06-09T12:35:22.500915Z,2026-06-09T12:35:22.838720Z,2026-06-09T12:35:29.130681Z,202,completed,2863,4217,0b769b3035e6:1:8456a53e,1988707,000005ac5c50290350aa108b979f9887b3e3dc44eaf10c069217cf90c562e66b,329.0,6629.766,1,
219c70b4-a0d0-47b8-b7ca-22dc677cb6b1,6515cf41-161d-4bd3-a66c-a18f45699e9d,4b6f4aee-54a4-45df-8b95-3d61f3cbf035,800,workload-20260609T121504519314Z,20,,2,2026-06-09T12:35:22.502915Z,2026-06-09T12:35:22.819721Z,2026-06-09T12:35:32.167924Z,202,completed,278,8655,fcc05684ba59:1:95a376f8,175452,0000001644797e3846f368f4328d34a957f7f77af4b2f7600698a1000c19e247,313.0,9665.009,4,
9c2d3bd5-f633-4723-9a6e-88ebb02bb9ee,9da04df3-9455-41a2-a5b2-e3c15bb0a0a7,4b6f4aee-54a4-45df-8b95-3d61f3cbf035,800,workload-20260609T121504519314Z,21,,2,2026-06-09T12:35:22.503914Z,2026-06-09T12:35:22.826722Z,2026-06-09T12:35:30.619770Z,202,completed,4597,6932,fcc05684ba59:1:168b3ca4,3420239,0000047502f24478feffb9dd40f8c83e9f6c4102dc9f625f85e3d8017fbd0926,329.0,8115.856,3,
2a8ebb77-fdd4-458c-a819-20b4b1282357,5e7ed7ff-be53-4c0d-b80e-608d64e75613,4b6f4aee-54a4-45df-8b95-3d61f3cbf035,800,workload-20260609T121504519314Z,22,,2,2026-06-09T12:35:22.504912Z,2026-06-09T12:35:22.845720Z,2026-06-09T12:35:32.589879Z,202,completed,259,9143,fcc05684ba59:1:4d5df2b5,200226,00000ca0d693e15d526e950af1752c4118ada9ed473147e7a48042e3a52def61,344.0,10084.967,4,
93ca35ab-ceb3-4dd2-ba76-32b443ee917a,7d282fd0-9bc1-40f3-896f-07aada3d8d74,4b6f4aee-54a4-45df-8b95-3d61f3cbf035,800,workload-20260609T121504519314Z,23,,2,2026-06-09T12:35:22.505915Z,2026-06-09T12:35:22.864721Z,2026-06-09T12:35:28.399879Z,202,completed,604,3569,0616728b7286:1:0a039ab0,288908,000003311f4cf2bcabd809b9aa387d688576b296eed93e6917fb5bde6208b291,360.0,5893.964,1,
0594c4f5-f27c-416f-aac7-66cf8d7e28db,35cf3eb0-042c-4c51-890a-0abee689a72b,4b6f4aee-54a4-45df-8b95-3d61f3cbf035,800,workload-20260609T121504519314Z,24,,2,2026-06-09T12:35:22.507916Z,2026-06-09T12:35:22.835722Z,2026-06-09T12:35:31.177769Z,202,completed,3671,7365,0616728b7286:1:ab4ce0a8,1358875,00000bf54b3a094fb45697f39989539ea723573c748dfb3e4796c2c5c9c5678f,329.0,8669.853,3,
27d69a18-1d7d-4269-9a96-d0f115914fe9,0c311dcb-3b61-4f23-bd63-052caf482bb5,4b6f4aee-54a4-45df-8b95-3d61f3cbf035,800,workload-20260609T121504519314Z,25,,2,2026-06-09T12:35:22.508916Z,2026-06-09T12:35:22.847721Z,2026-06-09T12:35:28.385879Z,202,completed,232,2129,0616728b7286:1:7d7f239f,77309,00000f7fefd5ec3f5871da22c91a813b910f85b4bc3d87c2eb28211e70917640,344.0,5876.963,1,
54fdb145-5406-4d02-bdcd-4452ccd2987e,82db02ba-858b-41dd-b369-02bffcb58474,4b6f4aee-54a4-45df-8b95-3d61f3cbf035,800,workload-20260609T121504519314Z,26,,2,2026-06-09T12:35:22.512914Z,2026-06-09T12:35:22.859722Z,2026-06-09T12:35:33.008872Z,202,completed,3464,9926,6084be8b8ecc:1:12404d1d,1241356,000009fd63983f4f50f2b7489339c629f6c81ff37e4fb2fb5d03cd0d42baca02,344.0,10495.958,5,
1607f697-2afc-4d7a-a994-6988cc42a8c5,817e446b-cac8-4e9c-ad4c-fc5c5a7d7c72,4b6f4aee-54a4-45df-8b95-3d61f3cbf035,800,workload-20260609T121504519314Z,27,,2,2026-06-09T12:35:22.513915Z,2026-06-09T12:35:22.895721Z,2026-06-09T12:35:28.792881Z,202,completed,916,4574,208573d5cce8:1:4215277b,737107,00000564c09ffdc56fef205326e651d946dee13491452b2faf522e13d87cdc20,375.0,6278.966,1,
4cde070d-93ec-45f9-8ab5-3626ce412c01,f8b71652-a3ca-4de7-8d62-dd914e324743,4b6f4aee-54a4-45df-8b95-3d61f3cbf035,800,workload-20260609T121504519314Z,28,,2,2026-06-09T12:35:22.515915Z,2026-06-09T12:35:22.861720Z,2026-06-09T12:35:30.610770Z,202,completed,27,6497,fcc05684ba59:1:676d174d,17003,0000057a4d6380718252174e84e0631616412aedd334d3138b6598a4b2247cd4,344.0,8094.855,3,
a676d36b-414a-41c8-97ec-74ec762ee044,591bd192-51c5-465e-8a4b-8b59cce42373,4b6f4aee-54a4-45df-8b95-3d61f3cbf035,800,workload-20260609T121504519314Z,29,,2,2026-06-09T12:35:22.516914Z,2026-06-09T12:35:22.886722Z,2026-06-09T12:35:29.093728Z,202,completed,948,3933,fcc05684ba59:1:4f3583ee,601352,0000050742e24f7d17abb64c17aa1096a5b26c847a633dabc204b8727647a5df,375.0,6576.814,1,
3d8950bf-7a09-4b28-9445-14775bdc2af0,02bbd340-8ffc-45d2-8ff3-44745ef3920b,4b6f4aee-54a4-45df-8b95-3d61f3cbf035,800,workload-20260609T121504519314Z,30,,2,2026-06-09T12:35:22.517915Z,2026-06-09T12:35:22.855720Z,2026-06-09T12:35:37.046895Z,202,completed,1146,13829,208573d5cce8:1:884cf235,679297,00000a7374b170a911794069db622547695ccc8ef4b1e6e09ffc956153135ae9,344.0,14528.98,7,
1d541c94-6434-42df-9042-ad5bd39cd657,f4c7ca70-9b28-462d-a0fd-eab49da302d6,4b6f4aee-54a4-45df-8b95-3d61f3cbf035,800,workload-20260609T121504519314Z,31,,2,2026-06-09T12:35:22.518914Z,2026-06-09T12:35:22.882720Z,2026-06-09T12:35:28.617881Z,202,completed,9,3253,208573d5cce8:1:c2f5507f,6111,0000005385d91961c09759441bcac8ba279cf15c6bc821b7420522a82065d15e,359.0,6098.967,1,
468e53e1-4739-46fd-a7bc-efb0fc150b6a,14fd446e-ae43-44c5-b60a-13e285e103b4,4b6f4aee-54a4-45df-8b95-3d61f3cbf035,800,workload-20260609T121504519314Z,32,,2,2026-06-09T12:35:22.519914Z,2026-06-09T12:35:22.853723Z,2026-06-09T12:35:36.280892Z,202,completed,469,12391,fcc05684ba59:1:7f7c24e5,293276,0000010062e16377ba6c2bac5c71d75316554655bef8585b191c595d2dfd0952,328.0,13760.978,8,
36d72a61-4fb3-4b5c-98df-2e3205c67396,92cc6448-7d02-4f3c-bfad-a8b5fc1cbaa3,4b6f4aee-54a4-45df-8b95-3d61f3cbf035,800,workload-20260609T121504519314Z,33,,2,2026-06-09T12:35:22.520915Z,2026-06-09T12:35:22.888720Z,2026-06-09T12:35:36.607906Z,202,completed,430,13232,fcc05684ba59:1:abd3ec22,481540,00000415baaa11c3323551f1924e0f546b2d83f9145a6fb3a77e935427c260b4,375.0,14086.991,8,
04837bd6-0688-46de-9fa7-d30ba078854c,6cb94beb-7578-4ca1-8d65-07bc85c8f206,4b6f4aee-54a4-45df-8b95-3d61f3cbf035,800,workload-20260609T121504519314Z,34,,2,2026-06-09T12:35:22.521914Z,2026-06-09T12:35:22.851721Z,2026-06-09T12:35:37.129892Z,202,completed,1389,13162,cb9fb5da3c43:1:ad14e625,368636,00000b2e3ab094659f212dbbf023b6553a6db000525e1d8f38db903dd8576729,328.0,14607.978,8,
bf337df8-1fc0-430f-b66d-cee06af3022d,eb970904-431b-49d1-ade1-268c1df9b3d4,4b6f4aee-54a4-45df-8b95-3d61f3cbf035,800,workload-20260609T121504519314Z,35,,2,2026-06-09T12:35:22.523914Z,2026-06-09T12:35:22.928720Z,2026-06-09T12:35:37.513348Z,202,completed,1174,14395,fcc05684ba59:1:33913811,935607,0000082a44fc293b35f8ce73efdcf71553c15549669dbd441edc0213048f09a5,406.0,14989.434,9,
530d3b20-049f-425e-b6b0-1eb5a94e053c,70d0c1fc-f3b1-405d-b64a-e212b752d4b6,4b6f4aee-54a4-45df-8b95-3d61f3cbf035,800,workload-20260609T121504519314Z,36,,2,2026-06-09T12:35:22.524914Z,2026-06-09T12:35:22.931720Z,2026-06-09T12:35:40.470717Z,202,completed,3987,16997,6084be8b8ecc:1:df4bfc8f,1386607,000008c523789d8818b43f59b3b21a8c9db561b2448f4a67d006f074b28c6a93,406.0,17945.803,11,
2930fcda-1a82-416a-942b-f43b663a68df,1a23cf6d-d235-4c7e-bd06-3854ca49e915,4b6f4aee-54a4-45df-8b95-3d61f3cbf035,800,workload-20260609T121504519314Z,37,,2,2026-06-09T12:35:22.525915Z,2026-06-09T12:35:22.954720Z,2026-06-09T12:35:33.689682Z,202,completed,1170,10665,fcc05684ba59:1:0c1ba916,786732,00000320394a8fec234efaadcce3c708c317e620a54f536ea98e3fdf60b26771,438.0,11163.767,5,
3f5bb606-0c4e-473b-bada-8c8ff3863092,e7086995-3851-459e-aa47-fa8eedff1b54,4b6f4aee-54a4-45df-8b95-3d61f3cbf035,800,workload-20260609T121504519314Z,38,,2,2026-06-09T12:35:22.526915Z,2026-06-09T12:35:22.911720Z,2026-06-09T12:35:38.637897Z,202,completed,2925,15713,0b769b3035e6:1:4d142412,1993016,00000225cb8498c211e44b4e256dbe497436a6af8041bc7af8e8f0fc7fd9bc68,391.0,16110.982,10,
93419c89-571a-408d-b4e0-b7a615b45a0d,998ba66b-d119-4591-bb57-e9251218d469,4b6f4aee-54a4-45df-8b95-3d61f3cbf035,800,workload-20260609T121504519314Z,39,,2,2026-06-09T12:35:22.531915Z,2026-06-09T12:35:22.876722Z,2026-06-09T12:35:34.698900Z,202,completed,3709,11218,0b769b3035e6:1:4e34f975,2285505,000005e04b81c364d0ae8ac97b9f0bbbc51ed262586bc4d8551c3652c9624ccf,343.0,12166.985,6,
2ededb2c-95aa-400d-a70b-d9e052576be0,0199860a-4476-40a4-a001-e9b0a04119f8,4b6f4aee-54a4-45df-8b95-3d61f3cbf035,800,workload-20260609T121504519314Z,40,,2,2026-06-09T12:35:22.532915Z,2026-06-09T12:35:22.935720Z,2026-06-09T12:35:34.246387Z,202,completed,3651,11154,0616728b7286:1:98cabf52,1255126,0000019a222fb626c3bfdc06b24913c6a8f8fd4ccd4ea88c51bf73f36e17952f,406.0,11713.472,6,
dd014d19-bebb-42a2-8c4d-d8d0b816df1a,948e6835-8e39-45dd-90e6-a34241a49b45,4b6f4aee-54a4-45df-8b95-3d61f3cbf035,800,workload-20260609T121504519314Z,41,,2,2026-06-09T12:35:22.533915Z,2026-06-09T12:35:23.111601Z,2026-06-09T12:35:37.167188Z,202,completed,9038,14123,cb9fb5da3c43:1:0ab81de3,2783082,00000dfe03ae5694300b2ccb878e1ffbe2d6db867542f8714463595ae8567b9d,578.0,14633.273,8,
3f508ce4-8ca9-4b3a-b59c-88bac2b49dbf,1b355917-67af-4cd0-9347-38084ad1a31d,4b6f4aee-54a4-45df-8b95-3d61f3cbf035,800,workload-20260609T121504519314Z,42,,2,2026-06-09T12:35:22.534915Z,2026-06-09T12:35:22.841722Z,2026-06-09T12:35:30.679769Z,202,completed,3178,6963,0616728b7286:1:3bc56d88,1016715,000007a9f64e2010596f2214b66205f4b9f200d0891c6f03f32b1da676c4a6a5,312.0,8144.854,3,
e0ca4d5b-1737-4cd8-8288-debc0210f272,c21a4c42-ea8a-4a28-98f0-f081b2ea4a20,4b6f4aee-54a4-45df-8b95-3d61f3cbf035,800,workload-20260609T121504519314Z,43,,2,2026-06-09T12:35:22.535914Z,2026-06-09T12:35:22.898721Z,2026-06-09T12:35:29.713245Z,202,completed,2912,6785,6084be8b8ecc:1:ed98e537,1250965,00000833a2aef9f3342d89aa94ae27b0e1f3992a727412b6ca27aed313ddf523,359.0,7177.331,2,
e820e0b5-1e0d-47fd-8bcb-a1d9198c0085,4686a4f6-3f08-4bf0-b88f-2b245d46d393,4b6f4aee-54a4-45df-8b95-3d61f3cbf035,800,workload-20260609T121504519314Z,44,,2,2026-06-09T12:35:22.536914Z,2026-06-09T12:35:22.944721Z,2026-06-09T12:35:31.989304Z,202,completed,413,7981,fcc05684ba59:1:dfc9a0d7,251571,000003ea66bd5bbcbbde49e0e4c2c1a6414607a103de2aea3d0b64cb7d43cfab,406.0,9452.39,3,
219f6b70-eb9d-419c-a310-ceac1ef71a75,0f9a2fb5-3fc0-406f-9071-c945b713e27d,4b6f4aee-54a4-45df-8b95-3d61f3cbf035,800,workload-20260609T121504519314Z,45,,2,2026-06-09T12:35:22.538915Z,2026-06-09T12:35:22.971720Z,2026-06-09T12:35:30.913768Z,202,completed,2748,7303,0b769b3035e6:1:8e4685f2,1728126,00000d3be2b79d8622bdec77ca6373bae2d4e9349c41d5d10adea41287fae7d9,437.0,8374.853,3,
729aca13-a191-4fa6-9d9d-f9e6ed8bfd96,a024f919-8720-43f1-979e-6c746baf85c7,4b6f4aee-54a4-45df-8b95-3d61f3cbf035,800,workload-20260609T121504519314Z,46,,2,2026-06-09T12:35:22.539912Z,2026-06-09T12:35:22.917720Z,2026-06-09T12:35:30.293770Z,202,completed,1913,6090,fcc05684ba59:1:78c6ef9a,1171100,0000092d88a42a771bc8ab6a1749cec00653a6edb0301343c41ba5afc816f9a4,375.0,7753.858,2,
9f56ec8e-ce18-4ca1-8892-691f56653c37,91a90186-8855-4d89-b8d7-2e404d643a1b,4b6f4aee-54a4-45df-8b95-3d61f3cbf035,800,workload-20260609T121504519314Z,47,,2,2026-06-09T12:35:22.541913Z,2026-06-09T12:35:22.960720Z,2026-06-09T12:35:28.454879Z,202,completed,228,4630,208573d5cce8:1:373c03fa,272081,000000f5552e3edc0d3091992c0120efafe013075e47a2abe813753981240e2d,422.0,5912.966,1,
b068aace-1bfa-48e4-9989-b3262473b134,e5719f60-dd6b-4b72-b9b0-1e506d2b446e,4b6f4aee-54a4-45df-8b95-3d61f3cbf035,800,workload-20260609T121504519314Z,48,,2,2026-06-09T12:35:22.542912Z,2026-06-09T12:35:22.833720Z,2026-06-09T12:35:28.375880Z,202,completed,1151,4582,6084be8b8ecc:1:e57497cd,506333,000000e2830cb0ae79f3e6053e58701e93aa326f9a912b04b8790651edd26866,282.0,5832.968,1,
8590f39f-1c13-448d-ad72-6f0572286841,0591618d-7d6b-4695-9d11-5b4c690a5949,4b6f4aee-54a4-45df-8b95-3d61f3cbf035,800,workload-20260609T121504519314Z,49,,2,2026-06-09T12:35:22.543912Z,2026-06-09T12:35:22.892721Z,2026-06-09T12:35:34.298036Z,202,completed,3848,10821,6084be8b8ecc:1:6a83af4a,1405172,000001b956d16d3077474ea814fe5708ea15ff20caeb1e710b1bfc1ef0d47bc4,344.0,11754.124,5,
ebfeadde-6511-468a-be0f-3c039080ed37,5607dfe7-4ed8-49da-877c-3d05d458d718,4b6f4aee-54a4-45df-8b95-3d61f3cbf035,800,workload-20260609T121504519314Z,50,,2,2026-06-09T12:35:22.544914Z,2026-06-09T12:35:22.923720Z,2026-06-09T12:35:39.255339Z,202,completed,2160,15516,cb9fb5da3c43:1:219743dd,708450,000003b1384826194d1259eaf7d697269c33b4488b977d0884d47885ddb8ba8b,375.0,16710.425,9,
90298a35-b2bc-472f-9678-570c9f1f65c5,77d68a09-7420-4572-b7a2-7afe75a85b11,4b6f4aee-54a4-45df-8b95-3d61f3cbf035,800,workload-20260609T121504519314Z,51,,2,2026-06-09T12:35:22.546913Z,2026-06-09T12:35:22.938721Z,2026-06-09T12:35:33.343877Z,202,completed,2310,10331,cb9fb5da3c43:1:40d041f3,595288,00000739986265757ef8d49c94b922c820435a077314e34e15218255247812f2,391.0,10796.964,5,
292dc302-9f28-4585-ab16-1f8c80f0dec3,bd6e32da-f324-4814-bf42-5a06e5a97fd7,4b6f4aee-54a4-45df-8b95-3d61f3cbf035,800,workload-20260609T121504519314Z,52,,2,2026-06-09T12:35:22.553913Z,2026-06-09T12:35:22.914721Z,2026-06-09T12:35:33.036870Z,202,completed,1939,9075,fcc05684ba59:1:af6fe8b2,1720588,000009b4ae8a003e7ab767459a0b574b648b2b33a61c9a302d0a7d9b4840e803,360.0,10482.957,5,
60377135-4a34-43b9-ab20-8b5517ce72d8,7071dd17-ee3f-4d15-8aa5-74b13cd38ef1,4b6f4aee-54a4-45df-8b95-3d61f3cbf035,800,workload-20260609T121504519314Z,53,,2,2026-06-09T12:35:22.554912Z,2026-06-09T12:35:22.980720Z,2026-06-09T12:35:38.054140Z,202,completed,9590,14303,0b769b3035e6:1:81d8ff74,6289849,000000ceaf2461a09fa52e3e4e9ebc5f93a5d46783dff45744632cbd31bdf8bb,438.0,15499.228,9,
ccf6a683-e95c-4fba-afcc-5459bef2a15b,33ec80e8-00a9-4e9b-be9e-e5a0aca046a0,4b6f4aee-54a4-45df-8b95-3d61f3cbf035,800,workload-20260609T121504519314Z,54,,2,2026-06-09T12:35:22.555913Z,2026-06-09T12:35:23.284165Z,2026-06-09T12:35:42.188069Z,202,completed,3443,18319,fcc05684ba59:1:a7bc05de,2195790,000007d0aefbf68d363ecad75802b5d350604180f297687d067792e402b42372,735.0,19632.156,13,
8e2a8368-2b08-4805-8dba-feda3fa2ee5d,ac687b1e-98df-4743-ba99-f8d9956d883a,4b6f4aee-54a4-45df-8b95-3d61f3cbf035,800,workload-20260609T121504519314Z,55,,2,2026-06-09T12:35:22.556914Z,2026-06-09T12:35:22.947720Z,2026-06-09T12:35:31.491726Z,202,completed,1064,8251,0616728b7286:1:6f76f472,481430,00000fdec870c5f87237dc5a43579ccd63ac19072af620053d0301380e0d337e,391.0,8934.812,3,
5a7e2a4f-0bbc-4e20-858d-1a52cb45ab77,09c9387d-a53a-43a2-af41-f9886814e6ab,4b6f4aee-54a4-45df-8b95-3d61f3cbf035,800,workload-20260609T121504519314Z,56,,2,2026-06-09T12:35:22.557914Z,2026-06-09T12:35:22.977721Z,2026-06-09T12:35:39.191841Z,202,completed,369,15289,208573d5cce8:1:e0a06679,278700,00000ed66173258ddcb97307431beecc60a85436eb9c364e2f0dfc0f694dce49,422.0,16633.927,10,
7d479f1b-44d7-4cdc-9667-d4a3e455b26e,766a02c0-9fb1-45f8-bf04-650f98e2fdab,4b6f4aee-54a4-45df-8b95-3d61f3cbf035,800,workload-20260609T121504519314Z,57,,2,2026-06-09T12:35:22.576916Z,2026-06-09T12:35:23.036722Z,2026-06-09T12:35:28.412879Z,202,completed,669,5486,6084be8b8ecc:1:45c58eab,239131,00000a75faa0a5d5c211849bddc9481499416003a4e0c74838d68dee2cd7b140,453.0,5835.963,1,
60407623-e501-496f-af4c-01cdfd151454,b2e9ba58-7575-4ae0-8f0b-e1120b552f6b,4b6f4aee-54a4-45df-8b95-3d61f3cbf035,800,workload-20260609T121504519314Z,58,,2,2026-06-09T12:35:22.577917Z,2026-06-09T12:35:22.986722Z,2026-06-09T12:35:31.098770Z,202,completed,2866,7754,208573d5cce8:1:7f3cba6e,1887530,00000bd18d4c57fbaf370891264d0f2b34199e4dba3b7ac881195da2d4da6552,406.0,8520.853,3,
cbaa0157-971d-4892-9bb9-bf46e00ecede,aeaca62f-f2e6-470a-923d-cbf59ac238cb,4b6f4aee-54a4-45df-8b95-3d61f3cbf035,800,workload-20260609T121504519314Z,59,,2,2026-06-09T12:35:22.578916Z,2026-06-09T12:35:22.880721Z,2026-06-09T12:35:29.714246Z,202,completed,353,6129,6084be8b8ecc:1:43b5ed8b,120188,0000062c3156b90d09d7dd58f676824d69b21f6bb25ca6304f6f70ce7896f7ba,296.0,7135.33,2,
bb7a4920-e4c3-4033-9c4e-97b9f02f7e7c,f66708ef-12a7-4c7d-a377-433962c565c0,4b6f4aee-54a4-45df-8b95-3d61f3cbf035,800,workload-20260609T121504519314Z,60,,2,2026-06-09T12:35:22.580917Z,2026-06-09T12:35:22.951720Z,2026-06-09T12:35:33.026870Z,202,completed,1164,9205,208573d5cce8:1:d95cde5a,732596,00000ad70250027197742fceefbec281da2c0d2a9466899183d686bc61b0809e,375.0,10445.953,5,
a5fa6dd0-6084-41de-a0e3-3d09509d9f1c,86f7090d-d768-450d-8703-67a15d913ecd,4b6f4aee-54a4-45df-8b95-3d61f3cbf035,800,workload-20260609T121504519314Z,61,,2,2026-06-09T12:35:22.581916Z,2026-06-09T12:35:22.902721Z,2026-06-09T12:35:30.742767Z,202,completed,474,7321,fcc05684ba59:1:d84ca670,500436,000004f698557bb34bbaff7f66643d795a14d51a47d8751e1c9904adb7138746,328.0,8160.851,2,
7fea4225-ff23-4375-b3cb-54fb7256bcd7,a8aa2ecb-1b7e-40f1-8ab4-1165da9038fb,4b6f4aee-54a4-45df-8b95-3d61f3cbf035,800,workload-20260609T121504519314Z,62,,2,2026-06-09T12:35:22.582916Z,2026-06-09T12:35:22.920722Z,2026-06-09T12:35:34.437896Z,202,completed,2911,10544,208573d5cce8:1:aac61f49,2199074,0000093226545a3490a0ba0961b5ed36273dd61ae99a1290fdde3559e3f28aaf,343.0,11854.98,6,
60c37a31-9106-4a2e-956f-848222ed4ccd,5c041f0a-772f-4744-8bb6-711a14cd1bfc,4b6f4aee-54a4-45df-8b95-3d61f3cbf035,800,workload-20260609T121504519314Z,63,,2,2026-06-09T12:35:22.583916Z,2026-06-09T12:35:22.990720Z,2026-06-09T12:35:31.237770Z,202,completed,2398,7358,208573d5cce8:1:0b45f54a,1462030,000006570cd74995021510cef74be3b0759a4d76bc49cc85e4978f39739211c9,406.0,8653.854,3,
d81568f8-1a4f-4c93-b8f1-39e4209366c4,ad66d145-73be-4f5c-a3e5-6b3a7d12a4d2,4b6f4aee-54a4-45df-8b95-3d61f3cbf035,800,workload-20260609T121504519314Z,64,,2,2026-06-09T12:35:22.594917Z,2026-06-09T12:35:23.333165Z,2026-06-09T12:35:48.241786Z,202,completed,3986,24868,0616728b7286:1:d93ea93f,1483871,00000818d6d25651f38e635b6db66e814bb8e870269e3f459259438a5def6d40,735.0,25646.869,18,
e1084b84-9e93-4947-8355-1adcb5e0d47f,ce6ee4b4-c9b8-4c87-8073-da19a3a59bbe,4b6f4aee-54a4-45df-8b95-3d61f3cbf035,800,workload-20260609T121504519314Z,65,,2,2026-06-09T12:35:22.595917Z,2026-06-09T12:35:23.003720Z,2026-06-09T12:35:35.960192Z,202,completed,1060,12437,208573d5cce8:1:15439e42,712313,00000d84843a35b973f1fdd6cea2977fcda8b20d9511a50e51946a2485b647bf,406.0,13364.275,7,
1fcb7fe9-0b2e-4dfb-b446-6079131d6935,3d561248-101d-4f1e-92fa-db0cfc4bfd32,4b6f4aee-54a4-45df-8b95-3d61f3cbf035,800,workload-20260609T121504519314Z,66,,2,2026-06-09T12:35:22.597917Z,2026-06-09T12:35:23.231163Z,2026-06-09T12:35:34.831896Z,202,completed,255,11211,208573d5cce8:1:d754f212,290019,000007386e4cc3c164369eb5f0669271ec808b54310c804d92332860f5a74b26,641.0,12233.979,6,
988fbe24-b9e3-4789-baf4-92a57181f304,d546f1d1-e27e-4f14-8027-e5fb35055aa2,4b6f4aee-54a4-45df-8b95-3d61f3cbf035,800,workload-20260609T121504519314Z,67,,2,2026-06-09T12:35:22.598915Z,2026-06-09T12:35:22.964720Z,2026-06-09T12:35:37.868149Z,202,completed,2800,14182,0616728b7286:1:8f26fd11,969646,00000907e40183bdb9b6dc5f8535f3ecfee267c2debfef2de92eb185ca35862b,360.0,15269.234,9,
a3412b50-f393-43d9-bf9b-0c263596846a,c22da4ad-e03f-44df-a829-a7b3168a93c5,4b6f4aee-54a4-45df-8b95-3d61f3cbf035,800,workload-20260609T121504519314Z,68,,2,2026-06-09T12:35:22.599917Z,2026-06-09T12:35:23.021723Z,2026-06-09T12:35:37.422679Z,202,completed,622,14232,0616728b7286:1:2c2df4a8,191013,00000557cbc9f2188bfcf4b7378e5a584aa4e83968b85aca3ff18b99fd50217d,422.0,14822.762,8,
baab97c9-ea37-4089-819a-db8d36771a57,b80ef77e-f076-4d67-bc72-6a3e089630ce,4b6f4aee-54a4-45df-8b95-3d61f3cbf035,800,workload-20260609T121504519314Z,69,,2,2026-06-09T12:35:22.600917Z,2026-06-09T12:35:23.127602Z,2026-06-09T12:35:34.309004Z,202,completed,818,11198,6084be8b8ecc:1:583443a2,337344,00000a7e17de4c42b8baabf5253fa8bb76430befd6e9a77ff0af1b46ecc31ee9,531.0,11708.087,6,
96c2d309-e486-4bbe-a6e2-f5c5570d858a,90fedfbb-8803-4a8d-97af-6aca46fcf897,4b6f4aee-54a4-45df-8b95-3d61f3cbf035,800,workload-20260609T121504519314Z,70,,2,2026-06-09T12:35:22.601917Z,2026-06-09T12:35:23.101601Z,2026-06-09T12:35:41.471865Z,202,completed,3394,18243,fcc05684ba59:1:3f91785a,2149595,000008c76bda1444b77243dd7bcd800cb9e3e692c268b89e7eb45f87ef09d5c9,500.0,18869.948,12,
4919657a-e5a0-4440-b313-3ebf532cc589,b4e23dac-d0e8-44bc-9957-587dea183237,4b6f4aee-54a4-45df-8b95-3d61f3cbf035,800,workload-20260609T121504519314Z,71,,2,2026-06-09T12:35:22.603917Z,2026-06-09T12:35:23.044492Z,2026-06-09T12:35:39.302265Z,202,completed,1394,15939,cb9fb5da3c43:1:03170d4e,424420,000007295b0d9bcd699a80753276c4d833a2153adc7dd19594fd95fa4f49c543,453.0,16698.348,10,
f57dd5d7-27da-44d7-b9a1-a26130383eea,b67af8ab-2a27-4cc1-bced-a0b05df8839a,4b6f4aee-54a4-45df-8b95-3d61f3cbf035,800,workload-20260609T121504519314Z,72,,2,2026-06-09T12:35:22.604914Z,2026-06-09T12:35:22.968722Z,2026-06-09T12:35:37.872147Z,202,completed,1054,14453,fcc05684ba59:1:01764e71,802534,0000039427194b1b943bc7bb38767942b96d0ceec2d2862423842651a27b0327,375.0,15267.233,9,
b0e68ae2-cab6-445b-a806-b54103a9b3e8,455f9e67-3269-4ef4-89fd-d5012c4f6427,4b6f4aee-54a4-45df-8b95-3d61f3cbf035,800,workload-20260609T121504519314Z,73,,2,2026-06-09T12:35:22.605919Z,2026-06-09T12:35:23.017720Z,2026-06-09T12:35:45.862878Z,202,completed,3409,21993,fcc05684ba59:1:fcf4f8c1,2833893,00000ce18da80ec98d1a91b649d9583754c6824087eedb127f99ad65517a2191,406.0,23256.959,16,
32be048b-de8d-4d1f-9516-df7eedf975c2,ec8ee48a-e614-4d2f-a63c-84ca79ebdc40,4b6f4aee-54a4-45df-8b95-3d61f3cbf035,800,workload-20260609T121504519314Z,74,,2,2026-06-09T12:35:22.606918Z,2026-06-09T12:35:23.008721Z,2026-06-09T12:35:42.839961Z,202,completed,55,18872,cb9fb5da3c43:1:587d2d33,33605,00000e488ded768d94ba7b6ad28652573ebf7c3d751d35ed366fce9c6f1e3893,390.0,20233.043,13,
e10206b9-7bd0-4406-9024-61ee51a8b2f8,c0b33daf-5df0-43b2-8a7f-35da877cd0a3,4b6f4aee-54a4-45df-8b95-3d61f3cbf035,800,workload-20260609T121504519314Z,75,,2,2026-06-09T12:35:22.607917Z,2026-06-09T12:35:23.219163Z,2026-06-09T12:35:35.197466Z,202,completed,474,11318,fcc05684ba59:1:003f5e36,295801,00000a3761dfb31f596285e71f0d89d9787f9c728e7c8ef79ef10361e538f93e,609.0,12589.549,6,
f981cf20-628e-42a9-bcb6-2789b4450d85,7935ad14-1308-4b36-b11d-0fc8af26dbf3,4b6f4aee-54a4-45df-8b95-3d61f3cbf035,800,workload-20260609T121504519314Z,76,,2,2026-06-09T12:35:22.609917Z,2026-06-09T12:35:23.139164Z,2026-06-09T12:35:43.733873Z,202,completed,1071,20351,6084be8b8ecc:1:0717b8ce,558408,00000f559e42ab7546229f5fe3e1d49a8286689ce315c9104b2a69f959f2ba8e,531.0,21123.956,14,
1abe9f4f-8540-4408-a4b3-af045e58a9d9,1ba3b0c5-9d43-435e-94c8-f2c96604c21c,4b6f4aee-54a4-45df-8b95-3d61f3cbf035,800,workload-20260609T121504519314Z,77,,2,2026-06-09T12:35:22.610917Z,2026-06-09T12:35:23.096602Z,2026-06-09T12:35:34.814701Z,202,completed,2094,11735,fcc05684ba59:1:14a1a35b,1567836,0000013743b638d0751e612ac0035edfdfefc684820394d38c986e09c13fa77b,484.0,12203.784,6,
cb71a119-ae19-4914-a8f6-42956e539f3c,e4fecfc7-b134-488d-96c3-86c62c5767be,4b6f4aee-54a4-45df-8b95-3d61f3cbf035,800,workload-20260609T121504519314Z,78,,2,2026-06-09T12:35:22.611918Z,2026-06-09T12:35:23.054505Z,2026-06-09T12:35:37.679890Z,202,completed,416,14539,208573d5cce8:1:82a8c325,241959,00000f05955c168a96c725ca4af164fbb7cae296adbcd2f06850d8a713fb2cf9,437.0,15067.972,9,
f721657f-0d9f-4907-94f1-0baca7994d56,9cd4cf04-7dc6-4228-93b5-f8bc3e09bf7a,4b6f4aee-54a4-45df-8b95-3d61f3cbf035,800,workload-20260609T121504519314Z,79,,2,2026-06-09T12:35:22.612917Z,2026-06-09T12:35:23.068416Z,2026-06-09T12:35:39.348258Z,202,completed,1254,15783,0b769b3035e6:1:876bde09,808675,000008862addd2297a95bf7358b6b5da421a2e367407e6da9407d722ba09f021,453.0,16735.341,10,
3b679211-b030-4b94-b4be-24579dfe7784,e8365d6d-5e23-432f-8ecf-ad14c691b8b1,4b6f4aee-54a4-45df-8b95-3d61f3cbf035,800,workload-20260609T121504519314Z,80,,2,2026-06-09T12:35:22.613917Z,2026-06-09T12:35:23.250163Z,2026-06-09T12:35:43.963898Z,202,completed,152,19938,6084be8b8ecc:1:967369ad,54498,00000e4328697933deffc2bc09cd2ae74296c17eb3d612fa93f749151ad0dd00,640.0,21349.981,14,
01f7ce1c-1ccf-42aa-90cd-d4688454623b,f714a53d-14cf-41f7-9637-fd4bb140fe3c,4b6f4aee-54a4-45df-8b95-3d61f3cbf035,800,workload-20260609T121504519314Z,81,,2,2026-06-09T12:35:22.615917Z,2026-06-09T12:35:23.264163Z,2026-06-09T12:35:46.274891Z,202,completed,2876,22979,6084be8b8ecc:1:8e0bf6a5,1992425,0000056524f975baeb8a1991a8f6d917c115de70e418ed815b6a3f10f4f98133,656.0,23658.974,16,
61bd8b01-250a-4187-b3d5-079ef6001672,acb9857d-5a30-47d9-bde1-754cd0d756cd,4b6f4aee-54a4-45df-8b95-3d61f3cbf035,800,workload-20260609T121504519314Z,82,,2,2026-06-09T12:35:22.616917Z,2026-06-09T12:35:23.012721Z,2026-06-09T12:35:42.328858Z,202,completed,339,19300,cb9fb5da3c43:1:bfb71473,196369,00000fd34324de22e175e0b4d7db89a1eca893fb4b51643822e50a75c5bfe035,406.0,19711.941,13,
4fdf1949-5fd2-4258-86d5-408336e9fbb2,6c87efea-1868-47c0-97e3-3029f8f31e5b,4b6f4aee-54a4-45df-8b95-3d61f3cbf035,800,workload-20260609T121504519314Z,83,,2,2026-06-09T12:35:22.617917Z,2026-06-09T12:35:23.026721Z,2026-06-09T12:35:44.281881Z,202,completed,1593,20358,0b769b3035e6:1:c75e3f25,1127860,0000050ee19f618b0f56f31fb572abc2dfd68493e5055e2c1146b60b81439f31,406.0,21663.964,14,
0ba6cde0-de37-453a-85f7-36b0ae4ae73f,07b54cae-f0c1-4d55-a784-e508f7a638a3,4b6f4aee-54a4-45df-8b95-3d61f3cbf035,800,workload-20260609T121504519314Z,84,,2,2026-06-09T12:35:22.618917Z,2026-06-09T12:35:23.049825Z,2026-06-09T12:35:37.886342Z,202,completed,3012,14485,208573d5cce8:1:b40f83d5,2042834,00000df6d52c120f823de74ce78ca86d518468e462bfb442a68e07b7b2bb3f9e,437.0,15267.425,9,
5b86e85b-7c27-48e6-b69a-4a7aef762ea2,bff8420e-6d78-4638-a3fe-1fb24a551864,4b6f4aee-54a4-45df-8b95-3d61f3cbf035,800,workload-20260609T121504519314Z,85,,2,2026-06-09T12:35:22.619917Z,2026-06-09T12:35:23.073682Z,2026-06-09T12:35:37.915595Z,202,completed,90,14722,0616728b7286:1:c2f96dc0,25953,00000012d322e55356b6d059525c75b8504b1269b740828b7d303f02bac93e1d,453.0,15295.678,9,
6a947b62-32ba-48bc-b564-850bec01b294,d4d52f8d-8fd8-4684-b057-13a6331f0d66,4b6f4aee-54a4-45df-8b95-3d61f3cbf035,800,workload-20260609T121504519314Z,86,,2,2026-06-09T12:35:22.620917Z,2026-06-09T12:35:23.213163Z,2026-06-09T12:35:34.385041Z,202,completed,18,11149,208573d5cce8:1:06e04516,21462,00000793ed30acaa9c0ed205911f2e91a44c6585151afdc1a49850cba52118dd,594.0,11764.124,5,
fed077c0-efdf-4822-8f94-bd80e89ba292,2164f2ce-b132-4b21-b363-92e2e07dfaf9,4b6f4aee-54a4-45df-8b95-3d61f3cbf035,800,workload-20260609T121504519314Z,87,,2,2026-06-09T12:35:22.622917Z,2026-06-09T12:35:23.156162Z,2026-06-09T12:35:44.081820Z,202,completed,834,20576,208573d5cce8:1:3496ef27,521633,00000390f154d1a11b0579cd7675009388ca9c0db30497b7663caab08ae5d1bd,532.0,21458.903,14,
1fc304f7-de99-44bd-b4b9-cfde4459483f,8dfa01a4-19c7-453e-b629-e53263f241c9,4b6f4aee-54a4-45df-8b95-3d61f3cbf035,800,workload-20260609T121504519314Z,88,,2,2026-06-09T12:35:22.623917Z,2026-06-09T12:35:23.144162Z,2026-06-09T12:35:50.931868Z,202,completed,7485,27058,cb9fb5da3c43:1:26148d91,2252098,00000135b07f605b33cf10aac60d7a1a3a70d700c8ac0230dcf7f059687cc71e,516.0,28307.951,20,
e0c63250-c131-4eff-a455-26f47372d4e8,82d001d7-9cfb-4190-a1d1-d532a6f42c9d,4b6f4aee-54a4-45df-8b95-3d61f3cbf035,800,workload-20260609T121504519314Z,89,,2,2026-06-09T12:35:22.624917Z,2026-06-09T12:35:23.083602Z,2026-06-09T12:35:33.462917Z,202,completed,476,9864,208573d5cce8:1:e9f8f0ed,291483,00000775aab6f1a540834fe2869d1b5c9565ead6ce56eaf7d8b6d791df13a686,454.0,10838.0,5,
ff51a062-f25e-4c22-aa06-e9b9e572f550,2dcea446-a86e-4085-b772-9b1512b9a7b0,4b6f4aee-54a4-45df-8b95-3d61f3cbf035,800,workload-20260609T121504519314Z,90,,2,2026-06-09T12:35:22.625917Z,2026-06-09T12:35:23.225163Z,2026-06-09T12:35:50.654669Z,202,completed,6833,26656,cb9fb5da3c43:1:00b1eeda,1836627,000008f635559b4905822a28fbbf81ea393d768fe92354bf79b5af033976dbd5,594.0,28028.752,20,
ddbf492e-4069-456f-ad0b-4b684e3ee161,4dd10e40-a6a7-4907-82b6-2b3aed2aea48,4b6f4aee-54a4-45df-8b95-3d61f3cbf035,800,workload-20260609T121504519314Z,91,,2,2026-06-09T12:35:22.626914Z,2026-06-09T12:35:23.106603Z,2026-06-09T12:35:42.508883Z,202,completed,9,19375,cb9fb5da3c43:1:25db6193,5595,00000c5c13678b7c1f55452e509002bd15cc1aecb5c128be6258a3a388872a0d,485.0,19881.969,13,
e951733d-12fc-4340-8b04-d9f5a3274c09,d4302d3e-4b73-48e1-8cdc-e65f2b0b0da8,4b6f4aee-54a4-45df-8b95-3d61f3cbf035,800,workload-20260609T121504519314Z,92,,2,2026-06-09T12:35:22.628916Z,2026-06-09T12:35:22.994720Z,2026-06-09T12:35:36.414064Z,202,completed,1123,12596,0b769b3035e6:1:b14279a7,701748,00000a91fdc83bb13296d30ed65fd5d29195bb90b103c2503ea4678bd843a434,360.0,13785.148,7,
2632931c-6ae9-4794-a6bf-830475281d8a,f2267a3a-a020-4f03-a80b-b11c9315feb5,4b6f4aee-54a4-45df-8b95-3d61f3cbf035,800,workload-20260609T121504519314Z,93,,2,2026-06-09T12:35:22.629917Z,2026-06-09T12:35:23.059318Z,2026-06-09T12:35:35.935896Z,202,completed,933,12810,fcc05684ba59:1:ac4926ff,798023,00000d3e83a92a02af1787c410f1723d206d13d56949c7b51e6115691de953f1,438.0,13305.979,7,
bdc54edb-35a9-46d4-bf99-d2665b88065b,1e626e20-c6fb-4fa1-836b-53644f3c16ec,4b6f4aee-54a4-45df-8b95-3d61f3cbf035,800,workload-20260609T121504519314Z,94,,2,2026-06-09T12:35:22.630917Z,2026-06-09T12:35:26.856164Z,2026-06-09T12:35:47.494676Z,202,completed,3435,22131,208573d5cce8:1:ebf60a9d,2391387,00000e2deee330caf4092cdbe0073288fbf6d62c513bad6c69049c794f7e43b1,4235.0,24863.759,17,
1069198d-ba0a-42ff-99b2-19a73f5d449d,ef4ba355-e39e-4b9f-8afe-80a44c98ad35,4b6f4aee-54a4-45df-8b95-3d61f3cbf035,800,workload-20260609T121504519314Z,95,,2,2026-06-09T12:35:22.631917Z,2026-06-09T12:35:23.184163Z,2026-06-09T12:35:35.359707Z,202,completed,910,11495,cb9fb5da3c43:1:b692590f,244646,00000b316378432f86631ffa5f78e3e326ee05eaf7b94ba8556814e49d25d48c,563.0,12727.79,6,
28dc3932-6764-4647-89bf-3cb422d7ca9e,ff941b29-67d6-4652-b5d7-fd63577ce651,4b6f4aee-54a4-45df-8b95-3d61f3cbf035,800,workload-20260609T121504519314Z,96,,2,2026-06-09T12:35:22.632917Z,2026-06-09T12:35:23.122603Z,2026-06-09T12:35:34.348005Z,202,completed,393,10589,208573d5cce8:1:b0b8df96,257682,000008ce7edfecbc6b120ee733c3811eca93154ff29f08a8119156c5adbc0d3c,500.0,11715.088,6,
1c73c2e3-bea7-4c39-9537-240512899383,3b44ed11-1c80-479c-825d-ede1ab936841,4b6f4aee-54a4-45df-8b95-3d61f3cbf035,800,workload-20260609T121504519314Z,97,,2,2026-06-09T12:35:22.634917Z,2026-06-09T12:35:23.202163Z,2026-06-09T12:35:39.888869Z,202,completed,1260,16375,0616728b7286:1:46c3c10a,409823,00000bf2dd0199f2643e05aa3fb4eb223c28da735736513c77c9ebf5c96697eb,579.0,17253.952,10,
33374ebc-db3e-461e-95e2-708c09955a1e,b4bc1f9d-4767-4041-bce8-24d9b0a49e91,4b6f4aee-54a4-45df-8b95-3d61f3cbf035,800,workload-20260609T121504519314Z,98,,2,2026-06-09T12:35:22.635918Z,2026-06-09T12:35:23.171163Z,2026-06-09T12:35:38.866137Z,202,completed,624,15684,208573d5cce8:1:d7cf6690,567788,000009edb6d357af1cee041ffd8703149877460bb5ac6a1c6e90c05b3da140e9,547.0,16230.219,9,
fddd2eb6-a343-4dc7-badf-f643f8edda7a,75a56116-dad3-436e-b606-2f7eeb3b0769,4b6f4aee-54a4-45df-8b95-3d61f3cbf035,800,workload-20260609T121504519314Z,99,,2,2026-06-09T12:35:22.636917Z,2026-06-09T12:35:23.150162Z,2026-06-09T12:35:44.628286Z,202,completed,1816,21533,0b769b3035e6:1:776f1648,1266785,00000afb6ff9e5e1493393d903e5f2dcc8e03d1142ab3abb08714b9cef120331,500.0,21991.369,15,
cba40ad1-5ec0-4c5b-ae7a-3fc15beef17d,e7e16ada-e6e6-487d-8002-e99885f3e1a2,4b6f4aee-54a4-45df-8b95-3d61f3cbf035,800,workload-20260609T121504519314Z,100,,2,2026-06-09T12:35:22.637917Z,2026-06-09T12:35:23.244162Z,2026-06-09T12:35:36.040551Z,202,completed,1787,12861,6084be8b8ecc:1:c9d688ac,760147,000004fca6d2a3720dfc2ed6ac25ef27b683d3b53fe6d2a2c964be40ef2679d8,594.0,13402.634,7,
2cdbfd02-676b-4162-95b3-43995f24855c,5dd5a152-26e6-4ceb-aa5e-743bf651d85a,4b6f4aee-54a4-45df-8b95-3d61f3cbf035,800,workload-20260609T121504519314Z,101,,2,2026-06-09T12:35:22.638917Z,2026-06-09T12:35:23.031721Z,2026-06-09T12:35:42.116274Z,202,completed,7408,18920,6084be8b8ecc:1:50e075de,2679976,000005e2fb91c6514da70d0b7e9ee7072b83835b94e7f4166c03d3e258016ef8,391.0,19477.357,12,
61385c93-d08e-4825-ad3f-687e1541ec16,e0fdc52d-7e7f-42e0-a0a5-1b85b9322f15,4b6f4aee-54a4-45df-8b95-3d61f3cbf035,800,workload-20260609T121504519314Z,102,,2,2026-06-09T12:35:22.658917Z,2026-06-09T12:35:23.349162Z,2026-06-09T12:35:43.716123Z,202,completed,1848,20345,fcc05684ba59:1:a277c1a7,1209920,0000042c3acbc9e903d145b6d07ce4f439375fb1c58ec0cdd7acf7524f74ce2d,687.0,21057.206,14,
c8aae6c1-daa7-415c-8d28-d6b77a7de91b,80349e83-712f-43aa-b483-dedb4a27236d,4b6f4aee-54a4-45df-8b95-3d61f3cbf035,800,workload-20260609T121504519314Z,103,,2,2026-06-09T12:35:22.660917Z,2026-06-09T12:35:23.298162Z,2026-06-09T12:35:40.445693Z,202,completed,1029,16851,cb9fb5da3c43:1:81cebad4,408501,000004eef71677383350322c389c7fe7e1811106de96a3730d74361a522384ce,640.0,17784.776,11,
de0cc09f-58b4-41d6-a0f5-c982011a36a0,0a6dac35-b7b6-4610-a998-a6a4bcbb26b6,4b6f4aee-54a4-45df-8b95-3d61f3cbf035,800,workload-20260609T121504519314Z,104,,2,2026-06-09T12:35:22.661917Z,2026-06-09T12:35:23.196165Z,2026-06-09T12:35:41.563060Z,202,completed,1131,18339,cb9fb5da3c43:1:b77ad049,324209,00000a7f21eb773e8c2c62ada0578dc39bb9dd83a82a81fa89a35d60d936cdff,531.0,18901.143,12,
b6de589e-38df-4d81-8335-80c70d3da3df,aac372be-f8a9-41cb-b035-d058d8513844,4b6f4aee-54a4-45df-8b95-3d61f3cbf035,800,workload-20260609T121504519314Z,105,,2,2026-06-09T12:35:22.662917Z,2026-06-09T12:35:23.271162Z,2026-06-09T12:35:45.027801Z,202,completed,287,20960,fcc05684ba59:1:bac4218e,182200,00000f5340cbd1111843e93744fe1556d2a1f45c3d231e7739e362e44a35a930,609.0,22364.884,15,
fce38899-96ab-433c-b4fb-8843122f24a3,4256af94-e1b5-4cbd-bcc8-17897d2b998c,4b6f4aee-54a4-45df-8b95-3d61f3cbf035,800,workload-20260609T121504519314Z,106,,2,2026-06-09T12:35:22.663917Z,2026-06-09T12:35:23.357162Z,2026-06-09T12:35:41.730893Z,202,completed,930,18140,0b769b3035e6:1:65c26a82,807540,00000807498d45dadb5a3fa335bbb997ce3e7d0d368b736ee1181b713072ca74,703.0,19066.976,12,
edddd27a-62bf-40ca-8ea5-a80ee65e82aa,10e54eac-42b0-497f-9ba6-d9d057370c20,4b6f4aee-54a4-45df-8b95-3d61f3cbf035,800,workload-20260609T121504519314Z,107,,2,2026-06-09T12:35:22.665917Z,2026-06-09T12:35:23.177162Z,2026-06-09T12:35:44.442846Z,202,completed,2440,20577,0616728b7286:1:933f4792,772207,00000bfa699dae22efc12f161e8aa17df59965e7cfbf801e326bdf1e9ca965d1,515.0,21776.929,14,
c8be9ddd-a903-411b-ab64-63e3e514e864,7a2c2138-9337-4280-8532-b5a1cf46e057,4b6f4aee-54a4-45df-8b95-3d61f3cbf035,800,workload-20260609T121504519314Z,108,,2,2026-06-09T12:35:22.666917Z,2026-06-09T12:35:23.078475Z,2026-06-09T12:35:40.343317Z,202,completed,744,16794,0b769b3035e6:1:0cf09e8d,432715,00000575a3952644c899d898319c91c2bd8f0178b438c3f64f1165ed91325781,422.0,17676.4,11,
e0e68ead-650c-4644-895b-58fce5740ba8,248b71d2-02ae-4788-8f49-977dc0916032,4b6f4aee-54a4-45df-8b95-3d61f3cbf035,800,workload-20260609T121504519314Z,109,,2,2026-06-09T12:35:22.667917Z,2026-06-09T12:35:23.161162Z,2026-06-09T12:35:41.790698Z,202,completed,481,18550,0b769b3035e6:1:d7834ee6,500218,00000685bf876abb920032953ca7d6b6bcb574cb92e3509e102ca0e144f54837,485.0,19122.781,12,
d6d3a0d3-f1bc-4e32-a31d-812abb5fc402,54d71da8-7323-4f09-aef4-8eec2e5aa451,4b6f4aee-54a4-45df-8b95-3d61f3cbf035,800,workload-20260609T121504519314Z,110,,2,2026-06-09T12:35:22.668917Z,2026-06-09T12:35:23.305163Z,2026-06-09T12:35:47.193962Z,202,completed,7978,23849,208573d5cce8:1:e6e2962d,5416452,000009690c5e0c97604681d04d88068e76920b9db1377d5a766825e286c95eb3,625.0,24525.045,17,
60a515ee-3ba4-4182-8939-f81b48f5e4ab,26fbffd6-5149-4845-8a0f-01bad8204015,4b6f4aee-54a4-45df-8b95-3d61f3cbf035,800,workload-20260609T121504519314Z,111,,2,2026-06-09T12:35:22.669917Z,2026-06-09T12:35:23.341162Z,2026-06-09T12:35:40.636483Z,202,completed,1511,17711,0b769b3035e6:1:5a7d490c,1049313,000006246d5fdede4944ffa844cfeb94298f61a2502064a9482c1b2e3cf62680,672.0,17966.566,11,
f1570c37-8880-4cc3-8a05-ab16c59a5828,cd8401da-98dc-4c51-857d-a9cd85e02e2f,4b6f4aee-54a4-45df-8b95-3d61f3cbf035,800,workload-20260609T121504519314Z,112,,2,2026-06-09T12:35:22.671917Z,2026-06-09T12:35:23.291165Z,2026-06-09T12:35:42.744880Z,202,completed,3739,19347,208573d5cce8:1:c07fe71b,2571715,00000a03ac1606d857a07d2adffd2cfcb4b8ba6193c85cb8c8416d8a3a7a98bc,610.0,20072.963,13,
52d6962f-601a-4769-b0aa-a7458b4a7306,6f1fdac7-4250-4fbb-b0f7-43cfe35d0688,4b6f4aee-54a4-45df-8b95-3d61f3cbf035,800,workload-20260609T121504519314Z,113,,2,2026-06-09T12:35:22.672917Z,2026-06-09T12:35:23.116603Z,2026-06-09T12:35:43.465781Z,202,completed,2324,19550,6084be8b8ecc:1:008de3a5,917482,00000562b1cd47930ff90ea57b66419aad056cedd419acf492fd26ad74eb431b,438.0,20792.864,13,
92bd92ee-60ec-4f12-9c77-7b4713bd5700,e9235c52-4bad-4a15-80be-a41b4290d2dc,4b6f4aee-54a4-45df-8b95-3d61f3cbf035,800,workload-20260609T121504519314Z,114,,2,2026-06-09T12:35:22.673916Z,2026-06-09T12:35:23.133602Z,2026-06-09T12:35:47.509854Z,202,completed,6419,24226,0616728b7286:1:2c753b8f,2259928,00000d2cbddca8a830ec9845365aab6f13c6ef98adae917f2201f1f5d1f58b90,453.0,24835.938,17,
4b1d3588-888a-4255-bda0-5665406b13b2,0f32f0ca-5785-44ed-9cea-dd89eef1db70,4b6f4aee-54a4-45df-8b95-3d61f3cbf035,800,workload-20260609T121504519314Z,115,,2,2026-06-09T12:35:22.674915Z,2026-06-09T12:35:23.278166Z,2026-06-09T12:35:45.119412Z,202,completed,913,21601,0b769b3035e6:1:c6744d5f,587362,000002708d6869ee5f3c258808c9a89361dbb61312c3346b68200d7a34c23932,610.0,22444.497,15,
0081d0f1-93f4-4091-bfba-ccc85623f777,57244c21-a790-4a9d-bc66-d03d16be9a6f,4b6f4aee-54a4-45df-8b95-3d61f3cbf035,800,workload-20260609T121504519314Z,116,,2,2026-06-09T12:35:22.676917Z,2026-06-09T12:35:23.312162Z,2026-06-09T12:35:44.082821Z,202,completed,260,21000,6084be8b8ecc:1:73125eb2,93709,0000049a5781fb7aec3e8e156f40e68fe7934484f8e88fa5287aad3d81f33336,641.0,21405.904,14,
0b02daa5-2894-4ddf-a68e-971c806097db,de8d0304-3665-4c65-85ff-3b2184ea98b5,4b6f4aee-54a4-45df-8b95-3d61f3cbf035,800,workload-20260609T121504519314Z,117,,2,2026-06-09T12:35:22.677917Z,2026-06-09T12:35:23.190162Z,2026-06-09T12:35:43.034860Z,202,completed,1089,19472,0b769b3035e6:1:6a775767,860715,0000036125df22e93d04d368c9984ce0cb926bd36e90e2f5f22745cf88f448aa,516.0,20356.943,13,
ebe5f7b6-3823-4d83-ad85-debc0fccff5e,131dac74-96e7-4372-9ce8-bf6a8640a94b,4b6f4aee-54a4-45df-8b95-3d61f3cbf035,800,workload-20260609T121504519314Z,118,,2,2026-06-09T12:35:22.678917Z,2026-06-09T12:35:23.238162Z,2026-06-09T12:35:40.496436Z,202,completed,2987,17535,0616728b7286:1:4f8884b1,1234494,0000023650087cd35f8d828a32e4e6d86a2a90d530cfabb36df2a52ce6b397dd,563.0,17817.519,11,
a4b1112f-8be0-438e-a5f1-a092957a1238,3a1b2bf4-24b5-4d34-a47f-ea1effdc5c96,4b6f4aee-54a4-45df-8b95-3d61f3cbf035,800,workload-20260609T121504519314Z,119,,2,2026-06-09T12:35:22.679917Z,2026-06-09T12:35:23.319162Z,2026-06-09T12:35:41.797258Z,202,completed,1989,18276,cb9fb5da3c43:1:6358daf2,633820,000002f8df55052a539f57383de1154c9ed1c339facd048e68c0e134ebd5e242,641.0,19117.341,12,
2b421abf-9cc3-4baf-b826-33dd59da1058,963f6ad8-768c-4501-a4c3-a7fa72009d8f,4b6f4aee-54a4-45df-8b95-3d61f3cbf035,800,workload-20260609T121504519314Z,120,,2,2026-06-09T12:35:22.680917Z,2026-06-09T12:35:23.326164Z,2026-06-09T12:35:41.985330Z,202,completed,1071,17932,0616728b7286:1:46f50b4b,429035,0000005ab5f39fe8de9cfa2d50689f37db86702126b8a070213a5c1fd0f0131e,657.0,19304.413,12,
b558c404-fdc2-4492-95dd-c826ddf58852,2ffeea89-e743-4e93-b26b-956804bf1a58,4b6f4aee-54a4-45df-8b95-3d61f3cbf035,900,workload-20260609T121504519314Z,1,,2,2026-06-09T12:36:51.366281Z,2026-06-09T12:36:51.649281Z,2026-06-09T12:36:57.571803Z,202,completed,4133,4946,cb9fb5da3c43:1:61014ef3,1139374,000003a2fe7a20398f73a000b8a26a0be6e4f453efa0a7762738491e9c301262,281.0,6205.522,2,
67f5cda5-a6bf-4f33-829e-2e6ba053480f,9e6946ce-0684-4e4a-84d7-1a7072ea4ffa,4b6f4aee-54a4-45df-8b95-3d61f3cbf035,900,workload-20260609T121504519314Z,2,,2,2026-06-09T12:36:51.367282Z,2026-06-09T12:36:51.656281Z,2026-06-09T12:36:57.712802Z,202,completed,2740,3131,0b769b3035e6:1:0dbd2b17,1911081,000008b1b703f3318b9810d3b0628d95af2066813ce2fca2d0202bf74da6ef13,297.0,6345.52,2,
e543c09e-3a32-4b09-84f5-134fc47d7b47,ce24ea32-c019-4675-83ee-bfc971cafbf0,4b6f4aee-54a4-45df-8b95-3d61f3cbf035,900,workload-20260609T121504519314Z,3,,2,2026-06-09T12:36:51.369280Z,2026-06-09T12:36:51.668281Z,2026-06-09T12:36:54.052833Z,202,completed,837,1457,0b769b3035e6:1:0a2d73e3,509412,0000074e9cc6743041feb6225e4de355cf2464f5904f1e2f000d71be11e8acbd,312.0,2683.553,1,
55ed13a5-bfa9-4020-aefc-50bfb474c525,d1364143-de01-4226-9470-438c2a9044a7,4b6f4aee-54a4-45df-8b95-3d61f3cbf035,900,workload-20260609T121504519314Z,4,,2,2026-06-09T12:36:51.371281Z,2026-06-09T12:36:51.665282Z,2026-06-09T12:37:01.117008Z,202,completed,8343,8735,6084be8b8ecc:1:103d81be,3120112,00000e0d6923538dccdb81e20a724a37c37503505a1a0855c3ab4ae627a98f51,282.0,9745.727,3,
07d8678d-a97c-45e8-b0c1-47fa90844d36,b5c2b512-dd66-4301-a28f-754fddd0c586,4b6f4aee-54a4-45df-8b95-3d61f3cbf035,900,workload-20260609T121504519314Z,5,,2,2026-06-09T12:36:51.372282Z,2026-06-09T12:36:51.669283Z,2026-06-09T12:36:53.444832Z,202,completed,445,927,6084be8b8ecc:1:3c188709,144230,0000010b4d5de49983cdc36ee5569baca8d0450f1b3d72f3b87340fcec31444e,297.0,2072.55,1,
03331922-121b-404a-a32e-dc7f13011264,cfa4de63-f270-48bc-9a51-836a2f705ecb,4b6f4aee-54a4-45df-8b95-3d61f3cbf035,900,workload-20260609T121504519314Z,6,,2,2026-06-09T12:36:51.373281Z,2026-06-09T12:36:51.700281Z,2026-06-09T12:36:57.273803Z,202,completed,130,2895,fcc05684ba59:1:1abd9db3,78503,0000075f0d3904bc0829590ff96fca31c89675bc3f67ff3edb396c38f26c288c,329.0,5900.522,1,
56acc29f-8df6-4726-a55f-1b25590182f2,a5feedf7-85ad-4723-bc56-06db542fee16,4b6f4aee-54a4-45df-8b95-3d61f3cbf035,900,workload-20260609T121504519314Z,7,,2,2026-06-09T12:36:51.374281Z,2026-06-09T12:36:51.738281Z,2026-06-09T12:36:57.522804Z,202,completed,198,3577,0b769b3035e6:1:bc48f831,126047,000004ec186743e85c97136aa9e4b05bc9ae374d444d852fb3beeedb60374218,360.0,6148.523,3,
f142fd63-dfef-4ec1-a22d-a2c239fc4a01,3c335df0-b6a2-4cef-8414-cc79b92ae688,4b6f4aee-54a4-45df-8b95-3d61f3cbf035,900,workload-20260609T121504519314Z,8,,2,2026-06-09T12:36:51.375280Z,2026-06-09T12:36:51.653282Z,2026-06-09T12:36:53.490832Z,202,completed,1064,1505,208573d5cce8:1:d5e3f825,702973,000006c442b7d7b37d43dd613d01dfd0fc6164ff494b65e0e9cfd04b060b379f,282.0,2115.552,1,
6376c282-40e7-47ed-b62f-c27d80cf9de3,4706a848-8a66-47b0-9fbf-424946c9d970,4b6f4aee-54a4-45df-8b95-3d61f3cbf035,900,workload-20260609T121504519314Z,9,,2,2026-06-09T12:36:51.376282Z,2026-06-09T12:36:51.654282Z,2026-06-09T12:36:57.541804Z,202,completed,4832,4973,0616728b7286:1:7ce4f2b5,1680597,00000f78f7fc4bee3dfa6e9cd56b71d853dbb5b4d87d08ce13f50fce33e6ebba,282.0,6165.522,1,
85913597-b686-42c6-a2ab-328e9067d57a,f688ee4f-45a9-4bcc-9025-5774cd4c7006,4b6f4aee-54a4-45df-8b95-3d61f3cbf035,900,workload-20260609T121504519314Z,10,,2,2026-06-09T12:36:51.378281Z,2026-06-09T12:36:51.643283Z,2026-06-09T12:36:57.802576Z,202,completed,3660,4388,208573d5cce8:1:bd94711f,2365449,000001b0a2b0edb82b74295e8ce62dbb9956ecaca84400dee43da5adde0d90ad,266.0,6424.295,1,
7af51d94-1424-40e6-85be-b9e349d2cee5,b4d9d0e4-4ec6-4d14-9b46-b2583e00df7e,4b6f4aee-54a4-45df-8b95-3d61f3cbf035,900,workload-20260609T121504519314Z,11,,2,2026-06-09T12:36:51.379280Z,2026-06-09T12:36:51.660282Z,2026-06-09T12:36:57.557803Z,202,completed,1639,2074,0616728b7286:1:6ccca614,510733,00000e88d71995cc5fe68132de6d0a8e6f6e6a7a42bd447a52be41c87e17b013,282.0,6178.523,2,
c838a5b1-b090-40a2-a8b6-39d1bde2ccce,37282eb8-3c48-41b2-8f10-83fcef6a7c5e,4b6f4aee-54a4-45df-8b95-3d61f3cbf035,900,workload-20260609T121504519314Z,12,,2,2026-06-09T12:36:51.380281Z,2026-06-09T12:36:51.693283Z,2026-06-09T12:37:08.388024Z,202,completed,7015,16092,6084be8b8ecc:1:7df23b18,2373515,00000e86f3b438e198ccd3d06298791ae07ca7d4f8d7b8c97f955866dd90e88c,313.0,17007.743,9,
6803fd42-7208-4069-b5f9-1e2f6de31de4,3862fd8e-4792-4153-8290-09b4f48654db,4b6f4aee-54a4-45df-8b95-3d61f3cbf035,900,workload-20260609T121504519314Z,13,,2,2026-06-09T12:36:51.381281Z,2026-06-09T12:36:51.720280Z,2026-06-09T12:36:58.506570Z,202,completed,5008,6309,6084be8b8ecc:1:0161a1aa,1793968,0000019de7b97fe9e678236ae0fc054dfc918c27d3b8cad7392a00e86c128621,344.0,7125.289,4,
4eeb8ff2-f400-48c8-ac36-dab5f5dc4187,39775ac8-7afa-4799-a926-1072197a7ca3,4b6f4aee-54a4-45df-8b95-3d61f3cbf035,900,workload-20260609T121504519314Z,14,,2,2026-06-09T12:36:51.382281Z,2026-06-09T12:36:51.646282Z,2026-06-09T12:36:53.828833Z,202,completed,304,815,fcc05684ba59:1:ed27ef73,190323,00000849b38b18802a5e3bb54e122e8338401d1d1e5fb6ed12971e2a43417c2b,266.0,2446.552,1,
ce2d94de-4c9f-40df-a663-af4ea45c604c,4d8fdf33-827a-49e1-9901-873b86299bb1,4b6f4aee-54a4-45df-8b95-3d61f3cbf035,900,workload-20260609T121504519314Z,15,,2,2026-06-09T12:36:51.385282Z,2026-06-09T12:36:51.650281Z,2026-06-09T12:36:57.542802Z,202,completed,1211,1477,fcc05684ba59:1:dde158b6,989722,00000bfcda31d2ea9cda987ff0f9aa049bf73325d6ac44b72f8abbd3dcbaab4a,266.0,6157.52,1,
db6ae2a2-155d-41b0-ad16-c6806632d7be,d9af0b52-6329-4495-86db-b98f8fa38d18,4b6f4aee-54a4-45df-8b95-3d61f3cbf035,900,workload-20260609T121504519314Z,16,,2,2026-06-09T12:36:51.387282Z,2026-06-09T12:36:51.740281Z,2026-06-09T12:36:57.177804Z,202,completed,1530,5349,0b769b3035e6:1:c13d0202,977434,000003c57812b79edccd04f1d55bee1342dec91aa5334b9e4dbf9bc9b86274b3,344.0,5790.522,2,
aa0bb6db-b623-44d4-bc89-ad4fecbb2aac,6dc66cfe-8b76-4a8f-a8ad-a1ffc9cb0057,4b6f4aee-54a4-45df-8b95-3d61f3cbf035,900,workload-20260609T121504519314Z,17,,2,2026-06-09T12:36:51.388281Z,2026-06-09T12:36:51.713283Z,2026-06-09T12:36:55.321451Z,202,completed,1850,2793,fcc05684ba59:1:d1a2339f,1439314,000009fa632e7637e56fe5647476696d20f238b340f1aa55ed359a2a680f6448,313.0,3933.17,1,
222b98ed-292b-4ec8-98c6-15154df30437,99fdb15c-e1ae-4dc7-bb5b-9e2308048ec9,4b6f4aee-54a4-45df-8b95-3d61f3cbf035,900,workload-20260609T121504519314Z,18,,2,2026-06-09T12:36:51.389280Z,2026-06-09T12:36:51.711282Z,2026-06-09T12:36:57.337803Z,202,completed,1899,3513,0b769b3035e6:1:95e86e5a,1305502,00000f14d6e655e1666f31b91a33155c63dd8ad96e61945aed9119296fdd8899,313.0,5948.523,1,
d741c3ed-a038-471f-b5df-2b3351d6d289,7b52c2e9-5b9d-4f40-beee-f3c7857f137f,4b6f4aee-54a4-45df-8b95-3d61f3cbf035,900,workload-20260609T121504519314Z,19,,2,2026-06-09T12:36:51.390282Z,2026-06-09T12:36:51.689281Z,2026-06-09T12:37:01.458567Z,202,completed,1280,9444,208573d5cce8:1:b5bf030d,844565,00000eb8bc4fb9c0cc7d8f91d6c64cd67df1d7a41148ed4603c1a9ed10c5af7a,297.0,10068.285,6,
b41e9b58-6630-4909-891d-d2042a842dbe,de02f2b3-746e-472c-81c8-837f9ee324b9,4b6f4aee-54a4-45df-8b95-3d61f3cbf035,900,workload-20260609T121504519314Z,20,,2,2026-06-09T12:36:51.391281Z,2026-06-09T12:36:51.734281Z,2026-06-09T12:36:57.476804Z,202,completed,369,3669,fcc05684ba59:1:2b79b004,233322,0000092655d01d2706a318e47de8737ff8db393ba99f382d22b7304ac4b354e3,344.0,6085.523,3,
7a6af581-b2e9-45b7-a885-894ce94af1ef,454cfc3c-807f-4ad5-a1b5-e1701ed04ca4,4b6f4aee-54a4-45df-8b95-3d61f3cbf035,900,workload-20260609T121504519314Z,21,,2,2026-06-09T12:36:51.392283Z,2026-06-09T12:36:51.705283Z,2026-06-09T12:36:56.750239Z,202,completed,2549,4437,208573d5cce8:1:618b1ac5,1599147,00000ae8643855b38f0518d4d573998033625d83d697c7e6c1c6609a9ce26cfe,313.0,5357.956,2,
a0f473de-8b15-438c-ba33-eb2685a99f3d,dd76e156-cdbc-4e43-8a0e-ef428c8b98c6,4b6f4aee-54a4-45df-8b95-3d61f3cbf035,900,workload-20260609T121504519314Z,22,,2,2026-06-09T12:36:51.394281Z,2026-06-09T12:36:51.697283Z,2026-06-09T12:37:09.562640Z,202,completed,16769,17633,cb9fb5da3c43:1:7e95a065,4811653,0000035f6a2ea58423590b4cfc458d0651038475e22e1c4cea8cce3acd58f5cd,297.0,18168.359,11,
807b6797-9a91-48ad-ad20-1a05c9926b38,97499174-ec7f-4386-a415-a81c5b13485f,4b6f4aee-54a4-45df-8b95-3d61f3cbf035,900,workload-20260609T121504519314Z,23,,2,2026-06-09T12:36:51.395281Z,2026-06-09T12:36:51.695281Z,2026-06-09T12:37:01.587570Z,202,completed,692,9683,cb9fb5da3c43:1:6baa80af,183358,00000144d100ef7555dae8e09745bfbf163bcd6c46fc3c41c9af10c06ccb8e06,297.0,10192.289,6,
ddd9c717-2850-40b5-942b-d75ff6e05c10,b48a7e30-ed6e-4795-aa21-de0c95d8df25,4b6f4aee-54a4-45df-8b95-3d61f3cbf035,900,workload-20260609T121504519314Z,24,,2,2026-06-09T12:36:51.396282Z,2026-06-09T12:36:51.708283Z,2026-06-09T12:36:55.424451Z,202,completed,711,2360,fcc05684ba59:1:35a69715,442004,00000e89821120b178d5a11fb9f579b9a57c0d6883c190b2489de79b2bc8b464,313.0,4028.169,2,
8ac1601a-c163-417a-8446-30a6b0c5b6b1,91ad9924-c2f5-4b3c-b51f-79bb9994d2d7,4b6f4aee-54a4-45df-8b95-3d61f3cbf035,900,workload-20260609T121504519314Z,25,,2,2026-06-09T12:36:51.397282Z,2026-06-09T12:36:51.724283Z,2026-06-09T12:36:57.864635Z,202,completed,2106,5336,fcc05684ba59:1:0b5a7aa8,1536565,00000eddc71e433f318cf344fbe5ba7e65856ca366b2212cb13c3c3343619fe7,328.0,6467.353,3,
9698ae2e-e076-4c0c-9b30-c62196d0c5f0,7cdbc5aa-7f0f-4d96-a3d7-4c486849ece5,4b6f4aee-54a4-45df-8b95-3d61f3cbf035,900,workload-20260609T121504519314Z,26,,2,2026-06-09T12:36:51.398282Z,2026-06-09T12:36:51.704281Z,2026-06-09T12:37:01.807568Z,202,completed,108,8756,cb9fb5da3c43:1:5b4ab9fd,29267,00000614f04fe626386a48f2babcbceb5a827b7115416edec63ab645fe37643f,313.0,10409.286,3,
ff6a0e51-7040-4d4c-ba6f-64c57cc991e5,cccc0173-3eec-469c-a948-4dc6b4e0cf0e,4b6f4aee-54a4-45df-8b95-3d61f3cbf035,900,workload-20260609T121504519314Z,27,,2,2026-06-09T12:36:51.399281Z,2026-06-09T12:36:51.707281Z,2026-06-09T12:36:59.497797Z,202,completed,3914,6326,0616728b7286:1:f8fbdb30,1303008,000007b165809bf6ba8fd38a2f43d65d795a06c5d82c84cc1025c0ef81047416,313.0,8098.516,4,
12355631-5a37-457b-a7f1-d0d50ea2d48d,256fc31a-8b63-4e6a-9ee8-8224234e86db,4b6f4aee-54a4-45df-8b95-3d61f3cbf035,900,workload-20260609T121504519314Z,28,,2,2026-06-09T12:36:51.400281Z,2026-06-09T12:36:51.746283Z,2026-06-09T12:36:59.650796Z,202,completed,3667,7526,0b769b3035e6:1:bd0708e1,2445880,000004c5ad98d5f078b9df16c003551174549f4f4c412c391e6c1a52a238b152,359.0,8250.515,5,
91c102ee-9dff-425d-a3fc-f8aa1ac49aa1,93ccdcdf-bac4-4a66-bd5f-bcd5e6069818,4b6f4aee-54a4-45df-8b95-3d61f3cbf035,900,workload-20260609T121504519314Z,29,,2,2026-06-09T12:36:51.405281Z,2026-06-09T12:36:51.717282Z,2026-06-09T12:37:04.224376Z,202,completed,509,11499,fcc05684ba59:1:eae00136,442364,00000bf711a4e07d42fbdfa79a6ca043c9dbdc1e8cc92305ae6fc17ae52c3347,312.0,12819.095,6,
5625a833-5cee-4188-98a6-235b1489e0eb,b877b590-c4f2-4e36-9c5b-a5ff54820a7f,4b6f4aee-54a4-45df-8b95-3d61f3cbf035,900,workload-20260609T121504519314Z,30,,2,2026-06-09T12:36:51.406281Z,2026-06-09T12:36:51.732281Z,2026-06-09T12:37:00.151797Z,202,completed,2924,7991,208573d5cce8:1:f0b96a22,2250488,0000080903a6968ee08b1c6d9b173ffbcb6cce0b9f1e4d3c5fbbaa84f7a1f38d,328.0,8745.516,5,
07179d6c-2a0e-48e7-b7d3-11ff30436693,13de4771-34c8-4c3c-938c-b18b32f3ffbc,4b6f4aee-54a4-45df-8b95-3d61f3cbf035,900,workload-20260609T121504519314Z,31,,2,2026-06-09T12:36:51.407280Z,2026-06-09T12:36:51.788281Z,2026-06-09T12:37:00.579797Z,202,completed,1916,7589,0b769b3035e6:1:6f455592,1208534,000001e504e97a721cd7218bc03561d48ccdc0a3fd11db8e5cc8be7370be4f27,375.0,9172.517,3,
8299ddc9-1b80-408a-8dc0-9fde72ac5e40,2277940b-18c8-4008-9857-0cea40dc663f,4b6f4aee-54a4-45df-8b95-3d61f3cbf035,900,workload-20260609T121504519314Z,32,,2,2026-06-09T12:36:51.408282Z,2026-06-09T12:36:51.751281Z,2026-06-09T12:37:03.890891Z,202,completed,1,12089,fcc05684ba59:1:3bf97c88,1160,0000042ecac7b67b963c9bf0448445c3a65649ad692c186a71f675c86b0f2f60,343.0,12482.609,5,
c05182a3-a727-47c4-a5c2-7f1acb638bad,c2ab421c-54df-49d6-ba86-f7466889e707,4b6f4aee-54a4-45df-8b95-3d61f3cbf035,900,workload-20260609T121504519314Z,33,,2,2026-06-09T12:36:51.409281Z,2026-06-09T12:36:51.743282Z,2026-06-09T12:36:56.896803Z,202,completed,147,4904,208573d5cce8:1:c7422978,91313,000004554cd9c211bfc8b20a924b2f20f16ac4177e46ec4d7356d266706210ec,328.0,5487.522,2,
fd484d19-b6ec-4a0a-b842-779c5c28544c,b227861a-4591-4b6f-82f8-ed654b3c9d52,4b6f4aee-54a4-45df-8b95-3d61f3cbf035,900,workload-20260609T121504519314Z,34,,2,2026-06-09T12:36:51.410281Z,2026-06-09T12:36:51.779283Z,2026-06-09T12:37:02.213570Z,202,completed,1288,6910,fcc05684ba59:1:4409f6db,967088,00000c882e8cc7a4ed7876b9c1d6295125c13b2a70a117b5790c2c1a6f19baf5,375.0,10803.289,3,
95c836d5-2fd2-49b0-8c12-d70fa048be91,110889af-d257-498b-8ea4-64aa06bd5af8,4b6f4aee-54a4-45df-8b95-3d61f3cbf035,900,workload-20260609T121504519314Z,35,,2,2026-06-09T12:36:51.411281Z,2026-06-09T12:36:51.755283Z,2026-06-09T12:37:00.400797Z,202,completed,3196,8334,cb9fb5da3c43:1:dd2a3d11,843517,00000c120e79552e8cba5f7765f221a9bd52eff73b4a650e51e2334f201cc7cd,343.0,8989.516,4,
71a1c2d3-2886-4ca3-b1d7-8c548c4894f2,dce3eb26-2ba9-4f4e-bfbf-97dd7df0fe16,4b6f4aee-54a4-45df-8b95-3d61f3cbf035,900,workload-20260609T121504519314Z,36,,2,2026-06-09T12:36:51.412281Z,2026-06-09T12:36:51.726282Z,2026-06-09T12:36:57.556802Z,202,completed,568,5305,208573d5cce8:1:4a27f7a5,483921,00000a38ffd9970406168fb9ebc0540f965c6818de14e7e4504e62999fec6e92,312.0,6144.521,2,
29f3d87a-6ac7-4ab6-a0fc-67cfb3afdd5e,eacc83a5-76bb-4100-a85d-70a35da5cff6,4b6f4aee-54a4-45df-8b95-3d61f3cbf035,900,workload-20260609T121504519314Z,37,,2,2026-06-09T12:36:51.414283Z,2026-06-09T12:36:51.728281Z,2026-06-09T12:36:58.952643Z,202,completed,2282,6243,fcc05684ba59:1:5af96acd,1592259,00000baaa400c8dea925bc5074116b20ba263cc617398dd4f25b92f8a3d01317,312.0,7538.36,3,
ad2b925c-517d-479c-bf9a-89e4dff58bfb,29c900e3-ffc3-4705-a32f-3c93715cc977,4b6f4aee-54a4-45df-8b95-3d61f3cbf035,900,workload-20260609T121504519314Z,38,,2,2026-06-09T12:36:51.415282Z,2026-06-09T12:36:51.765281Z,2026-06-09T12:36:58.574569Z,202,completed,131,5693,208573d5cce8:1:c149a277,77340,00000d504bc288685397623eb4bc5e07912f18bc0e81c2de61a75acade30273b,359.0,7159.287,2,
65c81bc9-5f09-4dac-904c-649338ace9df,ca6bae1b-e8d1-40ba-b94d-7219b0ab3924,4b6f4aee-54a4-45df-8b95-3d61f3cbf035,900,workload-20260609T121504519314Z,39,,2,2026-06-09T12:36:51.416282Z,2026-06-09T12:36:51.719281Z,2026-06-09T12:37:03.682004Z,202,completed,49,11359,208573d5cce8:1:fc61909c,28228,000009b9f67047b9fca145f27aad76ff54920ba224940568f1da6bbc4d68aa79,312.0,12265.722,7,
0fcbaf5a-b8b0-41bb-838d-482e9d0592ad,61dc3fe2-126d-43aa-be06-88dfc872e5c3,4b6f4aee-54a4-45df-8b95-3d61f3cbf035,900,workload-20260609T121504519314Z,40,,2,2026-06-09T12:36:51.417281Z,2026-06-09T12:36:51.816281Z,2026-06-09T12:37:01.955569Z,202,completed,3080,9592,fcc05684ba59:1:9a01f6b9,2103711,00000964386b0ab99ed1d16e1869336829edec7e6b33143cc53d369db7c140b9,406.0,10538.288,5,
72b689d0-d2c4-4175-9dc8-1ea12c2d9478,94a33577-9404-4de1-a7fb-3c7e69e441a0,4b6f4aee-54a4-45df-8b95-3d61f3cbf035,900,workload-20260609T121504519314Z,41,,2,2026-06-09T12:36:51.418280Z,2026-06-09T12:36:51.821283Z,2026-06-09T12:37:00.593799Z,202,completed,395,6947,0616728b7286:1:3e7c4ab7,130851,00000314895f64d4dda6f5f91803573fd737ad5633771fcd7fae15792d6344ef,391.0,9175.519,3,
07030237-77f0-4762-9e97-333f5940b4fc,5ad4d688-8e45-4ffa-a40b-64eab2272671,4b6f4aee-54a4-45df-8b95-3d61f3cbf035,900,workload-20260609T121504519314Z,42,,2,2026-06-09T12:36:51.419281Z,2026-06-09T12:36:51.762281Z,2026-06-09T12:37:08.604538Z,202,completed,3859,16212,fcc05684ba59:1:0a661513,2516845,00000c1080312c896b05544cb4d55af23ee1a40e638d252c9a42e3ed6db189b1,344.0,17185.257,11,
0f7b4a1f-0432-40f2-88ed-33f2e04b7fea,6d1dc582-cd61-45cd-9f4d-1b907adedcc8,4b6f4aee-54a4-45df-8b95-3d61f3cbf035,900,workload-20260609T121504519314Z,43,,2,2026-06-09T12:36:51.422281Z,2026-06-09T12:36:51.758281Z,2026-06-09T12:37:06.289663Z,202,completed,9064,14295,0616728b7286:1:e8fe3cc6,3154787,00000a1b1e3b4c9de0bbf2772da772635cac714030353d447771c8bca68132b1,328.0,14867.382,9,
5b118838-df6b-43ef-83fc-1fa4a4275184,ef2d995b-2100-4239-b835-e2b71849ec07,4b6f4aee-54a4-45df-8b95-3d61f3cbf035,900,workload-20260609T121504519314Z,44,,2,2026-06-09T12:36:51.426281Z,2026-06-09T12:36:51.843281Z,2026-06-09T12:37:09.688716Z,202,completed,8339,17443,0b769b3035e6:1:88cf801e,5827136,00000bce8f7caba13d89f32380462bcf2977ecc52ef3c07ba26cc639ebbb1276,422.0,18262.435,11,
f4657726-701f-463a-9b1f-086dd9f866d4,91b76548-f36c-41d4-b02d-c664e1a14a90,4b6f4aee-54a4-45df-8b95-3d61f3cbf035,900,workload-20260609T121504519314Z,45,,2,2026-06-09T12:36:51.428281Z,2026-06-09T12:36:51.772284Z,2026-06-09T12:37:08.949634Z,202,completed,111,16520,0616728b7286:1:ac010561,76195,00000b0aa1d556e8af5ed42fde359ec4cd20c48d5c3b63f8ad7e99e9c66a59f6,344.0,17521.353,9,
7834e580-3803-4105-b65c-341dc2643785,0f042784-8a3d-4640-a475-4794af8d1c9e,4b6f4aee-54a4-45df-8b95-3d61f3cbf035,900,workload-20260609T121504519314Z,46,,2,2026-06-09T12:36:51.429281Z,2026-06-09T12:36:51.958281Z,2026-06-09T12:37:04.058646Z,202,completed,268,11576,fcc05684ba59:1:ba3b91d3,168937,00000f231fd7865d452830e748da391d7ebce938d1b843822ea216ed8f205114,532.0,12629.365,6,
c2fafd29-bd7c-4da7-af60-d62a95c133fe,c19adff9-2cae-49ca-ae4c-41e7ad6537e0,4b6f4aee-54a4-45df-8b95-3d61f3cbf035,900,workload-20260609T121504519314Z,47,,2,2026-06-09T12:36:51.430281Z,2026-06-09T12:36:51.917280Z,2026-06-09T12:37:03.634157Z,202,completed,128,10726,fcc05684ba59:1:c1c90bd4,137282,00000add980f7c296333c82063b27062c5a000dfd46e4b1346b7b1feea09ebf1,485.0,12203.876,7,
cef6a073-2164-496e-9a83-ce5c5d8be459,461c61a2-94e1-4cc3-8a87-7d0e137b6957,4b6f4aee-54a4-45df-8b95-3d61f3cbf035,900,workload-20260609T121504519314Z,48,,2,2026-06-09T12:36:51.431281Z,2026-06-09T12:36:51.943281Z,2026-06-09T12:37:07.108551Z,202,completed,3728,14597,0b769b3035e6:1:e8326a25,2360422,00000acce04f082bc76b3bab3128f570de2e8ba9d7acb563dc6b9688cd3ca43f,516.0,15677.27,9,
17f74266-849c-47a0-8fc8-05afdd7a5c39,8785bd83-bd73-4f66-841b-378022c35978,4b6f4aee-54a4-45df-8b95-3d61f3cbf035,900,workload-20260609T121504519314Z,49,,2,2026-06-09T12:36:51.433283Z,2026-06-09T12:36:51.911280Z,2026-06-09T12:37:06.890018Z,202,completed,1241,14311,208573d5cce8:1:71069a43,876336,0000075a6e9f2c7543e8f624367e574f42bc6ec3dbf92d2aa5382373e1d11a05,485.0,15456.735,9,
f9b6205d-c389-4af7-98ac-0ec37a11df3c,3f669816-fce6-47b1-bbbe-0425b6db45ea,4b6f4aee-54a4-45df-8b95-3d61f3cbf035,900,workload-20260609T121504519314Z,50,,2,2026-06-09T12:36:51.434281Z,2026-06-09T12:36:51.775281Z,2026-06-09T12:37:02.735568Z,202,completed,3135,10252,fcc05684ba59:1:b85fe200,2081299,00000203771ba753b061fcc214b8c8f1281ed604f615fe7f8ea9573349621403,328.0,11301.287,5,
c96f36c8-cc08-4841-89cc-6f37e1d5d767,6ae45b57-cd13-4de6-9cad-14a95476553e,4b6f4aee-54a4-45df-8b95-3d61f3cbf035,900,workload-20260609T121504519314Z,51,,2,2026-06-09T12:36:51.435281Z,2026-06-09T12:36:51.979283Z,2026-06-09T12:37:07.464475Z,202,completed,709,14727,208573d5cce8:1:25b898d6,609993,00000cc20e085c934684212820185cd1ed9b68dcfcc1558e53838525d856fd5e,531.0,16029.194,10,
222fc1cd-116c-4419-9d9c-dc6df4728e5d,24d9d6d7-cf30-45ae-980f-ca00f89d0859,4b6f4aee-54a4-45df-8b95-3d61f3cbf035,900,workload-20260609T121504519314Z,52,,2,2026-06-09T12:36:51.436283Z,2026-06-09T12:36:51.791280Z,2026-06-09T12:37:01.745570Z,202,completed,2599,9383,208573d5cce8:1:709d3613,1682565,000004a55d7f61960d32148417e721e2de3897937c97718791fbfd3ffb9aec41,344.0,10309.287,5,
fcb86185-13b2-4c61-b118-8abd10e98fd5,af05fe99-455e-4cb7-a0b5-f1fc7aba379f,4b6f4aee-54a4-45df-8b95-3d61f3cbf035,900,workload-20260609T121504519314Z,53,,2,2026-06-09T12:36:51.437281Z,2026-06-09T12:36:51.808283Z,2026-06-09T12:37:08.700263Z,202,completed,178,16937,208573d5cce8:1:b823b89c,103126,00000a97046b51f6b0fac0ae5ceecaa1dd4e14a821d3d02ebefad43e0c722578,359.0,17262.982,11,
82655bbe-2cba-4818-a897-ccec7802ed85,5d8f69df-714f-4c6f-af22-8d22aa4dd0e9,4b6f4aee-54a4-45df-8b95-3d61f3cbf035,900,workload-20260609T121504519314Z,54,,2,2026-06-09T12:36:51.439283Z,2026-06-09T12:36:51.828281Z,2026-06-09T12:37:02.643569Z,202,completed,95,9923,208573d5cce8:1:760595be,102002,00000fcf13f90df2d5ed1642877be2739991f43285abeecae19208a06900b26e,391.0,11204.286,4,
ba11f202-646e-4ccd-ac4c-0ae1eda85da3,1b77bdc4-e882-475c-b838-a5cac34ebe72,4b6f4aee-54a4-45df-8b95-3d61f3cbf035,900,workload-20260609T121504519314Z,55,,2,2026-06-09T12:36:51.440281Z,2026-06-09T12:36:51.805281Z,2026-06-09T12:37:09.570641Z,202,completed,10409,17008,6084be8b8ecc:1:07e10998,3769824,000002bfc91af839aa7edc5e89f4c9a9bd22b39cfe6f85fe1aadeea660b4ceb1,359.0,18130.36,10,
a7e6b021-ae70-40eb-8125-36c5d706b0e6,17c2e4e0-092c-4720-baeb-161978e93e7e,4b6f4aee-54a4-45df-8b95-3d61f3cbf035,900,workload-20260609T121504519314Z,56,,2,2026-06-09T12:36:51.441281Z,2026-06-09T12:36:52.082282Z,2026-06-09T12:37:10.094924Z,202,completed,2344,18052,fcc05684ba59:1:c2a3fec5,1691059,0000059962f4d71172ccc7a25f4f9358623fcb960f19865a95e10afe9f2d423c,641.0,18653.643,11,
d010c6c3-d1ed-4e0a-a78d-1ef96e6c2ed5,49fee500-d7a0-4265-856f-579a2530712f,4b6f4aee-54a4-45df-8b95-3d61f3cbf035,900,workload-20260609T121504519314Z,57,,2,2026-06-09T12:36:51.447281Z,2026-06-09T12:36:51.794281Z,2026-06-09T12:37:04.493749Z,202,completed,5194,12347,0616728b7286:1:8f5abfd1,1638310,00000f912ca67790bd28e45f200830cbd77879f479e510ac7779d02f52e68975,359.0,13046.468,5,
5297bba9-f0db-42c6-9cc4-ceb9e862a0c7,e6d7c54a-b649-4283-8e8b-5a7c297a9390,4b6f4aee-54a4-45df-8b95-3d61f3cbf035,900,workload-20260609T121504519314Z,58,,2,2026-06-09T12:36:51.448280Z,2026-06-09T12:36:51.888280Z,2026-06-09T12:37:02.877313Z,202,completed,700,10664,fcc05684ba59:1:96e65ae0,537804,000006d8b2387b18e1ef47944a1a795b3d6a3156ba5a7a8e046a7f11d2b1b3b0,453.0,11429.033,5,
6fc9c745-4c2d-4ac7-b0fe-868b7964bdfe,e93b2762-7e40-4b98-b592-6e4c0b300677,4b6f4aee-54a4-45df-8b95-3d61f3cbf035,900,workload-20260609T121504519314Z,59,,2,2026-06-09T12:36:51.450281Z,2026-06-09T12:36:51.768280Z,2026-06-09T12:36:59.073797Z,202,completed,500,6586,208573d5cce8:1:837264c3,260884,000000c4921b886ed548cf427a16a2575f1181b772a0f154716f1c8ba2494e39,312.0,7623.516,2,
6e9e9438-71f4-4aea-a8b6-a228e8c77eaf,0bd8f756-ec96-435e-9441-82fd23873e57,4b6f4aee-54a4-45df-8b95-3d61f3cbf035,900,workload-20260609T121504519314Z,60,,2,2026-06-09T12:36:51.451283Z,2026-06-09T12:36:51.989281Z,2026-06-09T12:37:08.578068Z,202,completed,1828,16544,208573d5cce8:1:e41d80d0,1486368,00000bcb023136cf3d63837644b56cfc13bc370bece8d1612f49bbda93742444,531.0,17126.785,10,
091d9c65-145f-4f07-b2fa-dc96fed8248b,30f5bb95-ca74-4f7b-b8bd-9ce74c25fd31,4b6f4aee-54a4-45df-8b95-3d61f3cbf035,900,workload-20260609T121504519314Z,61,,2,2026-06-09T12:36:51.452281Z,2026-06-09T12:36:52.042280Z,2026-06-09T12:37:07.440679Z,202,completed,592,15629,208573d5cce8:1:dbe50c03,365091,00000854e85d7e69b93ac193be209280351722a86e3dab1ebfc7f7562b413958,578.0,15988.398,8,
20ec495c-f8e4-4c76-936d-53c23fd862dc,15918b0c-2d81-468f-bdd5-8cda7828e6db,4b6f4aee-54a4-45df-8b95-3d61f3cbf035,900,workload-20260609T121504519314Z,62,,2,2026-06-09T12:36:51.453281Z,2026-06-09T12:36:51.897282Z,2026-06-09T12:37:10.299026Z,202,completed,49,17928,0b769b3035e6:1:ec42506f,57019,0000085c730b4c8c7278fce59459e4ac9b5bd91de9fff387987bde72d30c057d,437.0,18845.745,11,
85477e74-3354-4d66-9de2-d89d7534fc7f,c96d761c-6717-4108-ac44-22b9aa4e72b1,4b6f4aee-54a4-45df-8b95-3d61f3cbf035,900,workload-20260609T121504519314Z,63,,2,2026-06-09T12:36:51.454281Z,2026-06-09T12:36:51.847281Z,2026-06-09T12:37:17.666302Z,202,completed,7644,25075,6084be8b8ecc:1:00c00754,2883571,000004796879da722824aaf59b83c08a3ed3738a2750eb6a06a26ef18e54b255,390.0,26212.021,19,
5331c0db-5349-44a5-9e05-f38e44255322,e29335fb-9b67-4692-99c3-f57480721a59,4b6f4aee-54a4-45df-8b95-3d61f3cbf035,900,workload-20260609T121504519314Z,64,,2,2026-06-09T12:36:51.455281Z,2026-06-09T12:36:51.883281Z,2026-06-09T12:37:11.215329Z,202,completed,1713,19172,0616728b7286:1:9cca6eb0,554798,000003b7f93f5d787a212b20ac18cade5a0b3d0c0275f0d9133a38f7b5068a3e,421.0,19760.048,12,
a9557caa-2796-4301-8928-c88ad30c9fbf,ec41da46-f1c7-4480-91bb-e5bffb25a796,4b6f4aee-54a4-45df-8b95-3d61f3cbf035,900,workload-20260609T121504519314Z,65,,2,2026-06-09T12:36:51.457283Z,2026-06-09T12:36:51.782281Z,2026-06-09T12:37:15.509880Z,202,completed,5832,22630,0616728b7286:1:c8ba76a6,2305883,00000f913b046c72eb6c91b2575b6c51ea951861a78b5f51d61144b8104c9f34,328.0,24052.597,16,
950761ab-a8f4-4ff3-811d-96eb4b51088f,e0e32123-4513-4f2f-bb46-b5f9d34061b6,4b6f4aee-54a4-45df-8b95-3d61f3cbf035,900,workload-20260609T121504519314Z,66,,2,2026-06-09T12:36:51.458283Z,2026-06-09T12:36:51.857283Z,2026-06-09T12:37:14.168776Z,202,completed,4545,22034,6084be8b8ecc:1:cdc5cc0a,1525151,0000042718ba52e99864e16760c66870aee9d8bd7e1b5aa300544369431f5d64,406.0,22710.493,13,
78d5bb45-56a8-49c7-b5b6-0c448be33f3d,c4c9880d-50a3-454d-89c8-d73e9d7a0520,4b6f4aee-54a4-45df-8b95-3d61f3cbf035,900,workload-20260609T121504519314Z,67,,2,2026-06-09T12:36:51.459281Z,2026-06-09T12:36:51.797281Z,2026-06-09T12:37:09.216395Z,202,completed,367,17258,0616728b7286:1:d23db3fc,124894,00000b47cb593705efb1ca055ba025d9c569dbfcd746d1976f2c01f07d724b25,343.0,17757.114,10,
deeee642-407f-49e4-9335-96aa95e5db8e,cfd27973-5de8-426f-b9af-f2e0fc9f23f4,4b6f4aee-54a4-45df-8b95-3d61f3cbf035,900,workload-20260609T121504519314Z,68,,2,2026-06-09T12:36:51.460281Z,2026-06-09T12:36:51.835281Z,2026-06-09T12:37:11.729738Z,202,completed,2644,19752,208573d5cce8:1:5c81ef69,1826933,000006061dcbcfc6fed6782bae02515757e610e7820f2b622da24072e44b81f5,375.0,20269.457,13,
44db8b0c-63f0-44c3-9857-307b008b5f7b,c35e7ea3-3623-46f4-95ec-f9d1a857b6cd,4b6f4aee-54a4-45df-8b95-3d61f3cbf035,900,workload-20260609T121504519314Z,69,,2,2026-06-09T12:36:51.462281Z,2026-06-09T12:36:51.813281Z,2026-06-09T12:37:02.037569Z,202,completed,1585,9540,0b769b3035e6:1:3b73857c,1189156,000006b6f38629224fd7caf534c21c9b39bc5b0f3d4c834d4536a8555023497e,359.0,10575.288,4,
b45bc804-0157-4113-8060-70fddec44b26,c8f76ac6-3295-48ca-b597-cb93b2dcf2df,4b6f4aee-54a4-45df-8b95-3d61f3cbf035,900,workload-20260609T121504519314Z,70,,2,2026-06-09T12:36:51.463283Z,2026-06-09T12:36:51.851283Z,2026-06-09T12:37:02.881714Z,202,completed,906,8875,0b769b3035e6:1:c4f06bda,570507,00000182732a2cd531c2cde44f00f5cff35182900c061b99229b16fa089a95e8,390.0,11418.431,3,
43922f0f-132d-4c89-a8fa-e3f87192dcde,257a96c4-ffd9-432c-a83e-704175b597e7,4b6f4aee-54a4-45df-8b95-3d61f3cbf035,900,workload-20260609T121504519314Z,71,,2,2026-06-09T12:36:51.464282Z,2026-06-09T12:36:52.017280Z,2026-06-09T12:37:07.700308Z,202,completed,649,15528,0b769b3035e6:1:4d03fd62,391463,00000e09c1b1a7aabbb3970d64bd80b21e5ea3289b0a74f2052622ab1bd7c431,562.0,16236.026,10,
ca584b93-37ab-4403-863b-3fd82b6ec312,09c14d04-fc6d-4115-8464-37e541658203,4b6f4aee-54a4-45df-8b95-3d61f3cbf035,900,workload-20260609T121504519314Z,72,,2,2026-06-09T12:36:51.475285Z,2026-06-09T12:36:51.963281Z,2026-06-09T12:37:15.893074Z,202,completed,2258,23238,fcc05684ba59:1:4f278097,1618230,00000bebdab799f553ffbea7a77c9aa66d99f5b08ba84eabf7b21e94fa9e06ac,485.0,24417.789,17,
754d5d02-60bf-46f7-b8d0-f547674c4889,ce88ae7b-b029-4148-99bd-46bf54e69916,4b6f4aee-54a4-45df-8b95-3d61f3cbf035,900,workload-20260609T121504519314Z,73,,2,2026-06-09T12:36:51.477280Z,2026-06-09T12:36:52.147280Z,2026-06-09T12:37:12.957572Z,202,completed,1738,20139,208573d5cce8:1:d4384915,1190393,0000079fe299f05d569638e7ac709a83ca97f45c1b06aea7ea8b445ff3406c0e,672.0,21480.292,13,
c75e563a-7250-427e-b144-5c77bfe4ca21,fe78dd85-0c4a-4f96-8a54-f2194fc99912,4b6f4aee-54a4-45df-8b95-3d61f3cbf035,900,workload-20260609T121504519314Z,74,,2,2026-06-09T12:36:51.478281Z,2026-06-09T12:36:52.181281Z,2026-06-09T12:37:18.740009Z,202,completed,6037,26338,0b769b3035e6:1:4656f447,4967085,00000ad91eb39f1deaded0fbf8b8bf74d191b34ab990d5cdcd6bf9d5765afd62,703.0,27261.728,20,
5a4de22d-c423-4580-96a8-dc424eaef70a,b5101cbd-9090-4eb8-9e04-1ab4cc983f41,4b6f4aee-54a4-45df-8b95-3d61f3cbf035,900,workload-20260609T121504519314Z,75,,2,2026-06-09T12:36:51.479281Z,2026-06-09T12:36:51.871281Z,2026-06-09T12:37:08.574069Z,202,completed,3511,16067,0616728b7286:1:d812b2be,1300873,00000bacc20893ebdfdb5ae717711c61d0e8adc62731b4cab922b54bf9e07ec1,406.0,17094.788,8,
cac11a9b-bcee-4c44-a4ec-a898bca4bc44,e217e317-8acf-488e-a726-1d61a31e56eb,4b6f4aee-54a4-45df-8b95-3d61f3cbf035,900,workload-20260609T121504519314Z,76,,2,2026-06-09T12:36:51.480281Z,2026-06-09T12:36:52.114281Z,2026-06-09T12:37:12.350583Z,202,completed,1733,19650,fcc05684ba59:1:8a34460e,1506150,00000b5a2db8e7ebc1a58b19b578556b7ac29a6b6576aeb6db16b6955bb3084a,641.0,20870.302,12,
d15c0909-60f7-43bd-bbcb-d6e268a6d445,2dc81b66-6714-4167-8dbb-0e9af1ec0440,4b6f4aee-54a4-45df-8b95-3d61f3cbf035,900,workload-20260609T121504519314Z,77,,2,2026-06-09T12:36:51.482283Z,2026-06-09T12:36:52.095280Z,2026-06-09T12:37:16.096074Z,202,completed,5201,23505,cb9fb5da3c43:1:8fddd12a,1654545,00000af9a3220342a8dd7e6226c03d1c83b789544c023b7c7030876174ce276c,609.0,24613.791,17,
fdc823ff-85c8-4354-9397-7cf197ec0338,0d941bda-a258-4505-8e67-0adf7c3731cf,4b6f4aee-54a4-45df-8b95-3d61f3cbf035,900,workload-20260609T121504519314Z,78,,2,2026-06-09T12:36:51.483281Z,2026-06-09T12:36:51.968281Z,2026-06-09T12:37:17.467666Z,202,completed,3103,24759,0616728b7286:1:59d10990,1096334,00000b71154777425fc822160bf211328a519eb75f0a01a8f8917f5ab7b22105,484.0,25984.385,18,
39632b58-e731-4ee7-8ac4-dfd6b1582108,251d263e-ea61-4ba3-b07b-83c14c62aae1,4b6f4aee-54a4-45df-8b95-3d61f3cbf035,900,workload-20260609T121504519314Z,79,,2,2026-06-09T12:36:51.484280Z,2026-06-09T12:36:51.892284Z,2026-06-09T12:37:05.644361Z,202,completed,3158,13655,208573d5cce8:1:3e758e9a,2245370,00000ac748d523fa53c17ca66fa17de10ceb982b41fae724e25e00ac4f1d30db,406.0,14160.081,7,
57ca98fb-a559-4623-89e8-49e119bcf09f,0b614137-e1b4-49c5-a27a-bc0c65b22aa1,4b6f4aee-54a4-45df-8b95-3d61f3cbf035,900,workload-20260609T121504519314Z,80,,2,2026-06-09T12:36:51.485281Z,2026-06-09T12:36:51.831281Z,2026-06-09T12:37:02.924113Z,202,completed,866,10688,0b769b3035e6:1:1935b0ef,544747,00000f41c4e12f5ae982df3c2e5b81180d96ad63e1d15335c615b2d2c16e2eeb,344.0,11438.832,5,
6d79c9e6-babe-40cf-9943-18f126bac666,d47938c6-83a7-42c4-b4c6-f96248ebea09,4b6f4aee-54a4-45df-8b95-3d61f3cbf035,900,workload-20260609T121504519314Z,81,,2,2026-06-09T12:36:51.486283Z,2026-06-09T12:36:51.953281Z,2026-06-09T12:37:15.405879Z,202,completed,1004,22600,208573d5cce8:1:003ab432,730931,00000a592ffa295a5d636584994a836e7fe19157501b5331e84dad6ac2cdc12e,469.0,23919.596,16,
9edaa538-0e44-4195-8f21-00874355fe4b,f89c2a5b-fef2-4089-aaed-3326f10640f1,4b6f4aee-54a4-45df-8b95-3d61f3cbf035,900,workload-20260609T121504519314Z,82,,2,2026-06-09T12:36:51.488282Z,2026-06-09T12:36:51.839283Z,2026-06-09T12:37:10.196658Z,202,completed,7881,18008,cb9fb5da3c43:1:4838ef5d,2203186,00000af0da2bdbe17c3b1c8fa474af33bc70b27ad6de83c308cb6f7eff9cb9f6,344.0,18708.376,11,
521543c1-a1e8-43d4-80e8-b5a34b629388,f4eea9e8-3c5b-4c93-9a28-8e43a8910aef,4b6f4aee-54a4-45df-8b95-3d61f3cbf035,900,workload-20260609T121504519314Z,83,,2,2026-06-09T12:36:51.489281Z,2026-06-09T12:36:52.140281Z,2026-06-09T12:37:10.788144Z,202,completed,157,18843,0b769b3035e6:1:210d36ed,100193,0000007e699b79938aeda1a37d3ae1e5dc32a75a857bbea9e75fdd34bf0797e7,656.0,19298.863,12,
431cae92-eb51-4c69-bf0e-7e6672927bc5,a80aa8fe-5179-47d8-b31c-1b9a3a29a692,4b6f4aee-54a4-45df-8b95-3d61f3cbf035,900,workload-20260609T121504519314Z,84,,2,2026-06-09T12:36:51.490281Z,2026-06-09T12:36:52.133282Z,2026-06-09T12:37:11.960709Z,202,completed,1104,20054,fcc05684ba59:1:df0f434c,810834,000006b3743db94bf4ab9797604042d6bc3c8b86f85f54efbb0c5f2b7ba8bafa,640.0,20470.428,13,
49cd36c5-e835-4b65-9e86-19bc44fdce0c,2e8dcbfc-119c-4bef-99bf-cdea6ef6fd74,4b6f4aee-54a4-45df-8b95-3d61f3cbf035,900,workload-20260609T121504519314Z,85,,2,2026-06-09T12:36:51.491280Z,2026-06-09T12:36:52.127280Z,2026-06-09T12:37:12.170574Z,202,completed,1644,20006,0b769b3035e6:1:ebfc2da6,1360651,0000014d75a61546f2052d15efacadc5ee00e7a83425e47b30aabc191861f08b,640.0,20679.294,13,
be47aa0e-70b1-4d56-82ff-1a8591730b9f,c677002a-7702-4856-b081-912d07dea157,4b6f4aee-54a4-45df-8b95-3d61f3cbf035,900,workload-20260609T121504519314Z,86,,2,2026-06-09T12:36:51.492281Z,2026-06-09T12:36:52.120280Z,2026-06-09T12:37:10.669742Z,202,completed,162,18422,0b769b3035e6:1:e2d0a1b2,154216,000000509c5abc722303c1c55f0668071e4c0d3642e9f0d1ed3f23995c8f1db5,625.0,19177.461,12,
e78e75e4-e21c-4ad5-89b6-779f02c226e7,88b2d198-8858-47a0-b4af-948ae63f9522,4b6f4aee-54a4-45df-8b95-3d61f3cbf035,900,workload-20260609T121504519314Z,87,,2,2026-06-09T12:36:51.494282Z,2026-06-09T12:36:51.800283Z,2026-06-09T12:37:03.188080Z,202,completed,324,10318,208573d5cce8:1:a648533d,371517,000009774a1b6ee8164ff8d666a19781b1b82f5dbd1382abbb4a7027123d1233,312.0,11693.798,5,
4d02822f-8ee5-4a7a-bfd2-038646af319f,c0579d49-30a9-4f57-ab80-77feb2d39c21,4b6f4aee-54a4-45df-8b95-3d61f3cbf035,900,workload-20260609T121504519314Z,88,,2,2026-06-09T12:36:51.495281Z,2026-06-09T12:36:52.028281Z,2026-06-09T12:37:15.088873Z,202,completed,121,22809,fcc05684ba59:1:adce45be,74985,0000018ad54126f6d3f475741ead1094fa0d81739fb0142cc8ce5723675435fb,547.0,23593.592,14,
edc20c7b-aff5-424d-af72-bf6209b9b995,817f6966-cdab-45ac-9bde-01d5c7c70418,4b6f4aee-54a4-45df-8b95-3d61f3cbf035,900,workload-20260609T121504519314Z,89,,2,2026-06-09T12:36:51.497280Z,2026-06-09T12:36:51.875284Z,2026-06-09T12:37:07.241969Z,202,completed,3430,15279,fcc05684ba59:1:41fd0f19,2382576,0000024604521b647070ee3e45db3ef162f1bb39a3e0f058c65f820885d47672,375.0,15744.689,8,
894fc037-c2fe-47b0-8d70-f5060e17e098,ee43ce4e-4eab-4c52-b573-ffa0a2555106,4b6f4aee-54a4-45df-8b95-3d61f3cbf035,900,workload-20260609T121504519314Z,90,,2,2026-06-09T12:36:51.499282Z,2026-06-09T12:36:52.107282Z,2026-06-09T12:37:28.643531Z,202,completed,13078,35857,0616728b7286:1:7afbca37,8048972,00000d4a2fa685be93a15d074aea834c9178a5f88ec4811c1b8bf8137f2a6bdd,610.0,37144.249,27,
6ac69229-99cd-44ab-b7e4-10af8303b36e,697f58a3-03ac-43a6-ae2d-fe010b87503e,4b6f4aee-54a4-45df-8b95-3d61f3cbf035,900,workload-20260609T121504519314Z,91,,2,2026-06-09T12:36:51.500282Z,2026-06-09T12:36:51.938281Z,2026-06-09T12:37:13.759845Z,202,completed,636,21373,208573d5cce8:1:c326d57b,559474,0000038e42b88193dd6452039fb4c82081eb1d17560b3167a30b1cf1b6d504f8,438.0,22259.563,15,
ab11bb4a-c0f8-4a31-ab50-ec95d332aeed,36895a75-59dc-434b-bd48-5c256e80e1b2,4b6f4aee-54a4-45df-8b95-3d61f3cbf035,900,workload-20260609T121504519314Z,92,,2,2026-06-09T12:36:51.501282Z,2026-06-09T12:36:52.076283Z,2026-06-09T12:37:12.151460Z,202,completed,1697,19672,cb9fb5da3c43:1:55c101fe,586003,0000040d4d82dd7e4bcd1966aa3e9ed7875bcf735e1c13fdf1986187685aa044,579.0,20650.178,11,
b6ecc571-78b5-43ae-bfc1-66c00eaefd53,ecf8090b-eb45-4d6a-a8a5-fcbd2854fde5,4b6f4aee-54a4-45df-8b95-3d61f3cbf035,900,workload-20260609T121504519314Z,93,,2,2026-06-09T12:36:51.502281Z,2026-06-09T12:36:51.879281Z,2026-06-09T12:37:05.101947Z,202,completed,1235,12757,208573d5cce8:1:d48e48e6,771489,000003ed0718dfa0ff91fa27825a857b457f7c1d12bbb2d3d6642afc5c69ed63,375.0,13599.666,6,
1298b823-2902-4981-a5da-8587d298eb36,23ddf0ef-45aa-4eb5-ba1c-b195cdbd3988,4b6f4aee-54a4-45df-8b95-3d61f3cbf035,900,workload-20260609T121504519314Z,94,,2,2026-06-09T12:36:51.503281Z,2026-06-09T12:36:51.906283Z,2026-06-09T12:37:09.045479Z,202,completed,814,16459,0616728b7286:1:f1cb3b6a,277348,000005cb232069299941607994bc1ae2da5d98fb06516f52a6d1af9ca10d6277,407.0,17542.198,9,
76a8484a-ce2c-4006-b6e0-cb06fc1329d3,dc53c2d3-f081-4885-94e3-6546cd7f8d50,4b6f4aee-54a4-45df-8b95-3d61f3cbf035,900,workload-20260609T121504519314Z,95,,2,2026-06-09T12:36:51.504280Z,2026-06-09T12:36:51.861281Z,2026-06-09T12:37:03.582752Z,202,completed,848,10963,208573d5cce8:1:4621d735,707180,000000d87a9f6fd09134d6c1306bccf09a3c8dd3f5951f2a9098369ef28716e2,360.0,12078.472,5,
e311372b-62b0-4be5-91ce-161f853d507d,4d0455e1-32f2-4e9f-9887-32d3d5994781,4b6f4aee-54a4-45df-8b95-3d61f3cbf035,900,workload-20260609T121504519314Z,96,,2,2026-06-09T12:36:51.506283Z,2026-06-09T12:36:52.169281Z,2026-06-09T12:37:16.241076Z,202,completed,4318,23434,0b769b3035e6:1:b5ffb395,2920621,00000da04a68e7979e0aa21f4b90b080b6b610321ae3e036bb8f7459082b8a82,672.0,24734.793,17,
f5ac0697-86a6-4564-a507-7b34f4843eb2,b96fdc5e-d9c1-419a-9ffc-8bf51a699957,4b6f4aee-54a4-45df-8b95-3d61f3cbf035,900,workload-20260609T121504519314Z,97,,2,2026-06-09T12:36:51.507281Z,2026-06-09T12:36:52.000281Z,2026-06-09T12:37:16.988803Z,202,completed,2554,25134,6084be8b8ecc:1:7b331f19,1000598,000006b5ce476a576abb960c800f8d25d6b3250941d22813d6cb51d67944eab7,500.0,25481.522,16,
57063524-ee23-45c9-8f74-65981cb5cf87,a1b5c4f6-0b77-4444-a0f8-1d623ade8dff,4b6f4aee-54a4-45df-8b95-3d61f3cbf035,900,workload-20260609T121504519314Z,98,,2,2026-06-09T12:36:51.508281Z,2026-06-09T12:36:52.188280Z,2026-06-09T12:37:13.037822Z,202,completed,68,20194,208573d5cce8:1:d7049bb8,43432,00000f6e2da790ec829bde3b05fb2542b2e70c7af0d23330a38f5bfbfaab4cf8,688.0,21529.541,13,
0f9582b6-3c03-4c4d-a418-0629c100d5be,50835e8e-de3b-4de5-a08b-483ad0af2ecf,4b6f4aee-54a4-45df-8b95-3d61f3cbf035,900,workload-20260609T121504519314Z,99,,2,2026-06-09T12:36:51.509281Z,2026-06-09T12:36:52.156283Z,2026-06-09T12:37:12.966571Z,202,completed,1537,21059,0616728b7286:1:ff6e6188,483503,00000ed458fe71ecc6a2e151fd35fa287f4bd8176d3e435f429f09fce26ed6ae,657.0,21457.29,13,
8517b9cf-8746-44a4-9db9-6c75a9dd895a,964781ed-4af5-43de-aa5a-2da7051f0429,4b6f4aee-54a4-45df-8b95-3d61f3cbf035,900,workload-20260609T121504519314Z,100,,2,2026-06-09T12:36:51.528281Z,2026-06-09T12:36:52.195281Z,2026-06-09T12:37:14.200778Z,202,completed,2126,22394,fcc05684ba59:1:b13fc721,1456485,000004e03d16cceb152eb6fe147ded90bcb989ebc5709021ba39d49d95c9ac2a,656.0,22672.497,14,
614cfea1-e04a-4e59-ae74-8623a904fbb0,b68e63da-b23a-4e99-a3ac-e49ba78dd519,4b6f4aee-54a4-45df-8b95-3d61f3cbf035,900,workload-20260609T121504519314Z,101,,2,2026-06-09T12:36:51.530282Z,2026-06-09T12:36:52.070282Z,2026-06-09T12:37:16.886800Z,202,completed,598,24346,208573d5cce8:1:554f9e32,610873,00000906ee359b5a88f3c50c0bc5833cc9d2bba73cceb922fbdd8b1c4fdb5cac,531.0,25356.518,17,
897d015d-2de5-4fb4-8d80-401744e088a9,86f346b8-7287-47f7-81c6-ce15b408e87d,4b6f4aee-54a4-45df-8b95-3d61f3cbf035,900,workload-20260609T121504519314Z,102,,2,2026-06-09T12:36:51.531280Z,2026-06-09T12:36:52.088283Z,2026-06-09T12:37:16.466508Z,202,completed,1173,24551,fcc05684ba59:1:06d32d60,1023752,00000f90959412356958e97a4d3abf4738589709135f48a2f10b38fe3870795e,547.0,24935.228,16,
7ee322a8-d0a0-4ff5-a04c-30f8ffce5688,f34d4905-0a16-4878-9277-2a213c0144ee,4b6f4aee-54a4-45df-8b95-3d61f3cbf035,900,workload-20260609T121504519314Z,103,,2,2026-06-09T12:36:51.532281Z,2026-06-09T12:36:51.948283Z,2026-06-09T12:37:10.951563Z,202,completed,29,18478,fcc05684ba59:1:326aa22f,18241,00000fdc5d815f7c4ef0182c7f90488dc0730686de75982e3a1385d08c16fa48,406.0,19419.282,12,
42c7224e-e97a-463a-9965-89b521d3dfd8,71a9dfe5-7474-4de1-bfe3-55bbe517e84b,4b6f4aee-54a4-45df-8b95-3d61f3cbf035,900,workload-20260609T121504519314Z,104,,2,2026-06-09T12:36:51.534281Z,2026-06-09T12:36:52.034283Z,2026-06-09T12:37:15.452878Z,202,completed,2329,23569,cb9fb5da3c43:1:47f87a5b,620876,00000ecb5c7bfc7f4e51c8deb71e0a22c3868626cfd07d53c8ccda69b8e4eb01,500.0,23918.597,16,
04ec98e5-fd62-4be6-885b-11f418302645,2e74937a-1c5e-4403-8353-e2a5196e418e,4b6f4aee-54a4-45df-8b95-3d61f3cbf035,900,workload-20260609T121504519314Z,105,,2,2026-06-09T12:36:51.535283Z,2026-06-09T12:36:52.163281Z,2026-06-09T12:37:16.461509Z,202,completed,633,24149,fcc05684ba59:1:39ea784c,400300,0000026345d0119c8fdb9e15a0441259b7f935cdd2ad5d654e1bfc9d5a684bb5,625.0,24926.226,16,
064f8269-f414-42a8-917f-207bacff790b,8dfdf139-2716-492d-bece-9b88aa7d4295,4b6f4aee-54a4-45df-8b95-3d61f3cbf035,900,workload-20260609T121504519314Z,106,,2,2026-06-09T12:36:51.536284Z,2026-06-09T12:36:51.973284Z,2026-06-09T12:37:09.812716Z,202,completed,706,17052,6084be8b8ecc:1:c6b8c766,288148,000009c1f04965ff44a4bf5a816b23c7e908bf4b063999691c878b65008f4d7e,437.0,18276.432,11,
fdd352a6-9f08-4a3d-947d-e3518690920e,a92027ed-8d3a-42d2-8225-e6f1731472a5,4b6f4aee-54a4-45df-8b95-3d61f3cbf035,900,workload-20260609T121504519314Z,107,,2,2026-06-09T12:36:51.537282Z,2026-06-09T12:36:52.202281Z,2026-06-09T12:37:13.716845Z,202,completed,64,21454,0616728b7286:1:2d0c0635,18624,00000832458213a1b278a0311a0d412914c99f8ab2f6ff88e3dd4482b0a028a7,672.0,22179.563,14,
ce26728f-bb8b-4f56-b452-42de6751f9de,b5757857-4bce-4112-b2e4-f4213525839c,4b6f4aee-54a4-45df-8b95-3d61f3cbf035,900,workload-20260609T121504519314Z,108,,2,2026-06-09T12:36:51.538280Z,2026-06-09T12:36:52.101283Z,2026-06-09T12:37:16.427509Z,202,completed,165,23956,208573d5cce8:1:0e8185ed,102987,000002da5884efd830604151b75bb2ede338a42ddd3f50650ee9e53ce1848ef5,562.0,24889.229,17,
33c5a89d-e1e8-4cdf-b2ab-6e6160bc0476,c1ee2582-1230-4592-8e60-cf3415cc7590,4b6f4aee-54a4-45df-8b95-3d61f3cbf035,900,workload-20260609T121504519314Z,109,,2,2026-06-09T12:36:51.540283Z,2026-06-09T12:36:51.984284Z,2026-06-09T12:37:13.026290Z,202,completed,824,20826,cb9fb5da3c43:1:24e0dfd8,220247,0000066292c25115ebca86da08f0275b3967931e45c38c5c806c6c2f1966f60b,453.0,21486.007,12,
ad4b55b0-ed2a-423f-b4d8-7c6b5ac76aa1,595c17d6-b0c3-4df3-a138-493fbcd08227,4b6f4aee-54a4-45df-8b95-3d61f3cbf035,900,workload-20260609T121504519314Z,110,,2,2026-06-09T12:36:51.541287Z,2026-06-09T12:36:52.217280Z,2026-06-09T12:37:15.179701Z,202,completed,430,23408,208573d5cce8:1:f5683808,332118,0000072e04a3b3f7ce1f359b7a8b49efc672883d7beb1767197b51cd97ffc5a1,687.0,23638.414,16,
256cbd1c-7e01-4111-bd6f-1b28f1aa641d,ab3cb111-db9b-4736-bc76-5f152be1db11,4b6f4aee-54a4-45df-8b95-3d61f3cbf035,900,workload-20260609T121504519314Z,111,,2,2026-06-09T12:36:51.542283Z,2026-06-09T12:36:51.995281Z,2026-06-09T12:37:10.300027Z,202,completed,2115,18086,208573d5cce8:1:e0b92a4d,1602429,0000013e04140e818533aad5463a7bd359672937a67bfafac6ff8ea123d6ae0a,453.0,18757.744,12,
77ef1a2a-a617-4f3d-a868-ccfe4f44a12e,74265542-b33f-4879-9268-b0480379180e,4b6f4aee-54a4-45df-8b95-3d61f3cbf035,900,workload-20260609T121504519314Z,112,,2,2026-06-09T12:36:51.543280Z,2026-06-09T12:36:51.902282Z,2026-06-09T12:37:07.153571Z,202,completed,635,15164,0616728b7286:1:e9adcea1,196257,00000755d02d475ff1df3c5a381b79da51dde6fec34eddda82094ddc0d6c77e5,360.0,15610.291,8,
4aa18d2f-ab9b-4db4-9a53-4496daa2a11a,3e803803-b9d1-4f64-bb76-0c0ebb2204ad,4b6f4aee-54a4-45df-8b95-3d61f3cbf035,900,workload-20260609T121504519314Z,113,,2,2026-06-09T12:36:51.545281Z,2026-06-09T12:36:52.063284Z,2026-06-09T12:37:14.728626Z,202,completed,1238,22537,208573d5cce8:1:1c46dd20,988297,00000d4e44a4f3a1c2606c515b66182b8acbfeaa245639de9fdbeb9a049e7862,516.0,23183.345,15,
f619e7fe-3b07-4946-a5f7-f36e6245d75e,f41f34b2-ab48-4bb7-a874-c9b7f658ca22,4b6f4aee-54a4-45df-8b95-3d61f3cbf035,900,workload-20260609T121504519314Z,114,,2,2026-06-09T12:36:51.546283Z,2026-06-09T12:36:52.011281Z,2026-06-09T12:37:13.135707Z,202,completed,399,20974,208573d5cce8:1:d73daf4b,294424,0000044433ccd499bb9d4541becc9789fa6a591a2ebe4094fa4b67e09546788b,453.0,21589.424,12,
7a1837d3-395f-4ef3-b6c1-bf7145bb33a8,5728fade-9a13-454d-9646-71dec7fa6b95,4b6f4aee-54a4-45df-8b95-3d61f3cbf035,900,workload-20260609T121504519314Z,115,,2,2026-06-09T12:36:51.547281Z,2026-06-09T12:36:51.922281Z,2026-06-09T12:37:10.666739Z,202,completed,1909,17853,0b769b3035e6:1:773e866b,1315263,000000d9e94d9159bdee660d8a59e5d1555621b6667cce5d8a320565d7f74fcf,375.0,19119.458,9,
fbe35c50-09c8-420f-bc8d-033d1cf0cdad,215995c1-1d8a-4c16-8440-503c7bab9299,4b6f4aee-54a4-45df-8b95-3d61f3cbf035,900,workload-20260609T121504519314Z,116,,2,2026-06-09T12:36:51.548283Z,2026-06-09T12:36:52.006283Z,2026-06-09T12:37:12.708447Z,202,completed,588,20479,fcc05684ba59:1:b8404b5d,587288,000007bf16635982d48e111321ba144233bf7a75c4c199e4a27ec078106dacfb,453.0,21160.164,13,
1cb1d5d8-261b-40c5-9957-9881b89a423a,7e873e18-6dc7-40ab-acbb-f2814a243e89,4b6f4aee-54a4-45df-8b95-3d61f3cbf035,900,workload-20260609T121504519314Z,117,,2,2026-06-09T12:36:51.549281Z,2026-06-09T12:36:52.023281Z,2026-06-09T12:37:10.423213Z,202,completed,1238,17619,fcc05684ba59:1:dc4eba07,768900,0000040ce0a3ccb191aca517f1585e4dc1c00b8c420eae3a8fbccc0a8235a794,469.0,18873.932,11,
26e227a1-74fc-448f-9050-4921d53fa5b7,e667a1e6-02a3-4e9d-8bee-e3c484862628,4b6f4aee-54a4-45df-8b95-3d61f3cbf035,900,workload-20260609T121504519314Z,118,,2,2026-06-09T12:36:51.551281Z,2026-06-09T12:36:52.224280Z,2026-06-09T12:37:15.575418Z,202,completed,309,23471,208573d5cce8:1:e4c6795d,190848,0000010d505123cc93676f4aee8486a60b5701e839b6f8a1e72c1694deac8ba6,672.0,24024.137,16,
f5742b6f-8db9-4ee7-a654-0da13df64aa4,93981392-9f58-4d48-b3ba-471f8af919da,4b6f4aee-54a4-45df-8b95-3d61f3cbf035,900,workload-20260609T121504519314Z,119,,2,2026-06-09T12:36:51.552280Z,2026-06-09T12:36:52.210281Z,2026-06-09T12:37:14.330295Z,202,completed,121,22412,6084be8b8ecc:1:92e81b25,41495,0000089b99f31505a9836def1cdb2abd0b68e7b5838058d84dc1d29e240c98ea,657.0,22778.015,14,
7d926882-a6e9-47c0-a702-fa02c08f4e98,7ac67ff1-9f02-4755-acbb-a7a8700a9066,4b6f4aee-54a4-45df-8b95-3d61f3cbf035,900,workload-20260609T121504519314Z,120,,2,2026-06-09T12:36:51.553284Z,2026-06-09T12:36:52.056283Z,2026-06-09T12:37:16.366466Z,202,completed,643,24309,0b769b3035e6:1:44d133f1,408080,00000dfb85ea84299c05959a564f75dedc5d4a08cbdde780cafbfd863b7baa0e,500.0,24813.182,14,
8e54d0b2-bebb-48f9-90ff-6fbbb419177b,94081fab-caaf-4d1c-bd7f-6a670796b03d,4b6f4aee-54a4-45df-8b95-3d61f3cbf035,1000,workload-20260609T121504519314Z,1,,2,2026-06-09T12:38:29.081584Z,2026-06-09T12:38:29.343013Z,2026-06-09T12:38:31.092671Z,202,completed,279,647,0b769b3035e6:1:cac52465,214588,00000e7c95406a1ffd48d988e8e49adccb0a03c8789daa11661b2ec13a111a22,265.0,2011.087,1,
58a08a04-95cd-424e-bf83-3af101769522,55362b4f-4b80-46e5-add9-8ede7da25092,4b6f4aee-54a4-45df-8b95-3d61f3cbf035,1000,workload-20260609T121504519314Z,2,,2,2026-06-09T12:38:29.083584Z,2026-06-09T12:38:29.346012Z,2026-06-09T12:38:33.584080Z,202,completed,1578,2177,208573d5cce8:1:19c1bc65,1196054,000009827db94a90449dc809fa595415ac04afc19af5836dcbd8c7a87100c5a0,265.0,4500.496,2,
bd711418-c9c4-4492-8add-f9b552bc7591,93350714-cfe8-4b8c-badc-a19a8d1624cb,4b6f4aee-54a4-45df-8b95-3d61f3cbf035,1000,workload-20260609T121504519314Z,3,,2,2026-06-09T12:38:29.085583Z,2026-06-09T12:38:29.348014Z,2026-06-09T12:38:35.494487Z,202,completed,4296,4821,0b769b3035e6:1:19adc82e,2996933,00000c057579f0786435a35b8915daf58e2fcffaaebceb00c529e900b70b69c6,265.0,6408.904,3,
e29fd36b-a470-4b55-a01a-6b3d65e2adfc,9f2a10b4-8044-4fd8-ac6c-f7c3f7288cce,4b6f4aee-54a4-45df-8b95-3d61f3cbf035,1000,workload-20260609T121504519314Z,4,,2,2026-06-09T12:38:29.086590Z,2026-06-09T12:38:29.363012Z,2026-06-09T12:38:31.289672Z,202,completed,803,1259,fcc05684ba59:1:ab210c00,507067,00000a35d91f36237beec761267288f9a298f373a14a484808fa8d06db34f67a,281.0,2203.082,1,
859faf39-fbcd-49c7-9a8e-25b65f857b54,778cc3f8-5789-461b-8281-cd3a16f78350,4b6f4aee-54a4-45df-8b95-3d61f3cbf035,1000,workload-20260609T121504519314Z,5,,2,2026-06-09T12:38:29.087584Z,2026-06-09T12:38:29.357012Z,2026-06-09T12:38:35.327487Z,202,completed,4601,5047,6084be8b8ecc:1:5101f991,1865544,00000c4c74f57cb815497a38b2681ad62b10af81b04df7c208b5e5efd7322978,281.0,6239.903,3,
54b48e47-9ccb-4a05-8c56-d7ea3b560d79,0d1a383c-151d-4d31-826f-0cc60a343f1f,4b6f4aee-54a4-45df-8b95-3d61f3cbf035,1000,workload-20260609T121504519314Z,6,,2,2026-06-09T12:38:29.089584Z,2026-06-09T12:38:29.345012Z,2026-06-09T12:38:32.936083Z,202,completed,2222,2437,fcc05684ba59:1:06b94af8,1645068,00000cb78e5533c395f138b49821dd7777acdc2362ff20c8ecaae5afde01481b,265.0,3846.499,2,
1d7ee15c-9a98-4c49-9ea8-debb6d5365c0,5f15c7c7-63a0-4b08-8b95-5367d2c2223d,4b6f4aee-54a4-45df-8b95-3d61f3cbf035,1000,workload-20260609T121504519314Z,7,,2,2026-06-09T12:38:29.090584Z,2026-06-09T12:38:29.426608Z,2026-06-09T12:38:35.432489Z,202,completed,816,1505,208573d5cce8:1:458a6af7,513259,00000e67369bb37eb591b233780b6a5ddbf07ba4cdc9a974ed75656c09fe8887,328.0,6341.905,1,
9aa3375a-bf67-4506-9898-31ef6b4dfb84,4eb193ec-b79c-480c-b394-68051ce57429,4b6f4aee-54a4-45df-8b95-3d61f3cbf035,1000,workload-20260609T121504519314Z,8,,2,2026-06-09T12:38:29.091584Z,2026-06-09T12:38:29.400525Z,2026-06-09T12:38:31.221670Z,202,completed,160,901,cb9fb5da3c43:1:11907c91,43290,0000092a8f9a9d0dbdc4a314d61e0d076c9ccf7f674e149b1f9ad1b07c51f102,297.0,2130.086,1,
17b11634-11ac-4ff3-a39e-7b1038851289,b83837b4-97a3-4055-b70b-b456cf179c48,4b6f4aee-54a4-45df-8b95-3d61f3cbf035,1000,workload-20260609T121504519314Z,9,,2,2026-06-09T12:38:29.092586Z,2026-06-09T12:38:29.409604Z,2026-06-09T12:38:35.073487Z,202,completed,1271,2078,0616728b7286:1:e2b192a8,521095,00000848e0efab98a1be79072c974cc6fe35be4f801febac24d77a71438bb5da,313.0,5980.901,1,
513a8177-9bcb-4792-9de5-1e0a510e8c54,13f00587-c20c-491e-b0e0-f1217feed286,4b6f4aee-54a4-45df-8b95-3d61f3cbf035,1000,workload-20260609T121504519314Z,10,,2,2026-06-09T12:38:29.093585Z,2026-06-09T12:38:29.420605Z,2026-06-09T12:38:40.628904Z,202,completed,9901,10688,cb9fb5da3c43:1:fd3bd0e7,2978517,000009ef701499cbb8daec9c82a183e0c29f0db75e470221b49beb17b9313212,328.0,11535.319,5,
68891b05-e8ef-41ed-b1e4-530e689f0902,8003a0c3-d590-4255-bc1f-3e39b5b9ee28,4b6f4aee-54a4-45df-8b95-3d61f3cbf035,1000,workload-20260609T121504519314Z,11,,2,2026-06-09T12:38:29.094584Z,2026-06-09T12:38:29.396527Z,2026-06-09T12:38:35.189491Z,202,completed,741,3189,208573d5cce8:1:b7868de1,651345,0000083c6da4cb8b10464b2b18269e206368cc167bc2cd4e7b93fc5918f395f9,297.0,6094.907,2,
40430fce-2ab3-46e6-99e2-e0d7e2642d90,b1ef2458-6b26-4ce5-a405-219af2acda4d,4b6f4aee-54a4-45df-8b95-3d61f3cbf035,1000,workload-20260609T121504519314Z,12,,2,2026-06-09T12:38:29.096586Z,2026-06-09T12:38:29.406606Z,2026-06-09T12:38:31.737673Z,202,completed,198,937,0616728b7286:1:b3d4c487,95886,000002a8978f1790e341be290dc722e97d69709d2a75397f186809965e387f5f,313.0,2641.087,1,
4abb8f53-bfbb-4643-b090-69d44e170057,b5ccd9a5-66c9-49ea-9560-f159f705f501,4b6f4aee-54a4-45df-8b95-3d61f3cbf035,1000,workload-20260609T121504519314Z,13,,2,2026-06-09T12:38:29.097584Z,2026-06-09T12:38:29.412605Z,2026-06-09T12:38:35.600422Z,202,completed,2969,5171,0b769b3035e6:1:cc4ac63d,1927112,00000b03cb705adfac1a8a4933c936997359c5cef209d4bc3b1300ab82b94197,313.0,6502.838,3,
e631c5b8-5524-454d-a2d7-53d728a1a0c5,d3ce0283-2ad9-4a7a-83d8-d9fb8eb03b42,4b6f4aee-54a4-45df-8b95-3d61f3cbf035,1000,workload-20260609T121504519314Z,14,,2,2026-06-09T12:38:29.098586Z,2026-06-09T12:38:29.398524Z,2026-06-09T12:38:33.848079Z,202,completed,1084,3617,0616728b7286:1:5c0dc195,381648,000007ce2a88c557e2297ff624b0474a99ab171970a80a232ee42e60987cf4c0,297.0,4749.493,2,
fe1fefe0-eff7-4e55-bfdd-8b9473a30d92,194e3f67-bddc-49f0-bbf7-b8dd8e48b166,4b6f4aee-54a4-45df-8b95-3d61f3cbf035,1000,workload-20260609T121504519314Z,15,,2,2026-06-09T12:38:29.099586Z,2026-06-09T12:38:29.404320Z,2026-06-09T12:38:35.357487Z,202,completed,2035,5670,208573d5cce8:1:ed30a084,1395062,00000f7528953cd70ac6863759c8d7fa0837bcf83b9a970ce1f87f2496a8f99b,313.0,6257.901,2,
c4082efe-72c3-4e4f-9e79-623852b46cb7,6716fc52-9a19-4263-b256-7f1669cda63c,4b6f4aee-54a4-45df-8b95-3d61f3cbf035,1000,workload-20260609T121504519314Z,16,,2,2026-06-09T12:38:29.100585Z,2026-06-09T12:38:29.415605Z,2026-06-09T12:38:31.678670Z,202,completed,760,1765,0b769b3035e6:1:1efdca80,479872,00000cb50d2ed1d74aae23eef573acf7aa8a2d8e0beebbb69f797b03a53d448f,313.0,2578.085,1,
2c6b83d4-8ee1-42fe-9a1c-7cafef2e2dd5,36678d44-10d3-4cd3-8a05-7dd3a21fd2f1,4b6f4aee-54a4-45df-8b95-3d61f3cbf035,1000,workload-20260609T121504519314Z,17,,2,2026-06-09T12:38:29.103585Z,2026-06-09T12:38:29.410604Z,2026-06-09T12:38:33.118080Z,202,completed,300,953,6084be8b8ecc:1:a39960c4,109829,0000071dc1596b20ed9c4bf54da09c1ef9b3b6381f1a1d9761dc8efaff6fdb54,313.0,4014.495,1,
bf771250-52f3-46a4-9e63-d3e2d774e2cb,a121b14f-144b-43f6-93dc-b0805fc92136,4b6f4aee-54a4-45df-8b95-3d61f3cbf035,1000,workload-20260609T121504519314Z,18,,2,2026-06-09T12:38:29.105585Z,2026-06-09T12:38:29.522415Z,2026-06-09T12:38:35.104488Z,202,completed,1408,5009,208573d5cce8:1:00cd0856,902180,00000406ce58889dd0b2337379f890da2be7819348e969285eb8b8b1e871842d,406.0,5998.903,2,
965ab738-9c7c-4f69-a462-c566f2c8110d,6a4883ce-2f4d-4901-a0cf-cbf0e578654c,4b6f4aee-54a4-45df-8b95-3d61f3cbf035,1000,workload-20260609T121504519314Z,19,,2,2026-06-09T12:38:29.107585Z,2026-06-09T12:38:29.429604Z,2026-06-09T12:38:35.190489Z,202,completed,149,1321,cb9fb5da3c43:1:f0fc2de1,41054,00000942bbc95c90a776b1207f329ea4a11df6d99b72450d75b5aebab25bd446,312.0,6082.904,1,
1f508709-7f83-422a-b861-84c953a57a35,296fb0d0-63ec-4266-8964-2589021bd9e4,4b6f4aee-54a4-45df-8b95-3d61f3cbf035,1000,workload-20260609T121504519314Z,20,,2,2026-06-09T12:38:29.108584Z,2026-06-09T12:38:29.537415Z,2026-06-09T12:38:37.546066Z,202,completed,1779,7619,208573d5cce8:1:391aff19,1244268,000005db49941faa42d54e6bef1ef3b990df17297abf00b8f649cf3e10f1cbd0,422.0,8437.482,3,
aeccd3f6-378d-4b5e-a634-79a612ed2c1f,752d067c-2deb-4993-bb51-24a865758b51,4b6f4aee-54a4-45df-8b95-3d61f3cbf035,1000,workload-20260609T121504519314Z,21,,2,2026-06-09T12:38:29.109584Z,2026-06-09T12:38:29.418604Z,2026-06-09T12:38:37.909743Z,202,completed,760,7969,6084be8b8ecc:1:c7dd15c5,471502,00000a2b2fa7137edcfc7634223dcf5a5fa95a2890739cd428c2d29ebaf25fff,312.0,8800.159,5,
e1123fac-926c-46b2-b908-834924f8edd1,2a7e6829-a953-49c1-9bda-a61424079d30,4b6f4aee-54a4-45df-8b95-3d61f3cbf035,1000,workload-20260609T121504519314Z,22,,2,2026-06-09T12:38:29.110584Z,2026-06-09T12:38:29.442603Z,2026-06-09T12:38:41.553583Z,202,completed,7625,9260,cb9fb5da3c43:1:e3214609,1986226,00000525daf8615588cc5836ff9445221f3ea5e0800d0c1276b05bc3c2ef4e73,328.0,12442.999,5,
34b508e9-a868-4c82-9075-8a9b874e9e8a,6f49a910-d7f9-43db-bfaf-6d8aa45e6dad,4b6f4aee-54a4-45df-8b95-3d61f3cbf035,1000,workload-20260609T121504519314Z,23,,2,2026-06-09T12:38:29.111585Z,2026-06-09T12:38:29.432606Z,2026-06-09T12:38:34.672075Z,202,completed,691,2535,208573d5cce8:1:03738013,544070,0000016faf341c14a0380ef1ca60c300e7556b46178ea014f99b6175275ffa9c,312.0,5560.49,2,
839fe8d4-520b-4c1d-95ae-5f4ff6574b6a,9621acb7-ff0a-49b2-89f8-3ae7fdc3c254,4b6f4aee-54a4-45df-8b95-3d61f3cbf035,1000,workload-20260609T121504519314Z,24,,2,2026-06-09T12:38:29.114584Z,2026-06-09T12:38:29.417604Z,2026-06-09T12:38:37.618810Z,202,completed,243,7310,0b769b3035e6:1:bf6fbe02,274164,00000da4d8fc3950a5fcde6a05eb5b886605eac87269fe86a5b1aa02c3156b2d,297.0,8504.226,5,
979be9c0-ed99-4818-bbf6-0aa604a45eb7,ce2a152e-daa4-4785-845a-7802d67d927f,4b6f4aee-54a4-45df-8b95-3d61f3cbf035,1000,workload-20260609T121504519314Z,25,,2,2026-06-09T12:38:29.115583Z,2026-06-09T12:38:29.438605Z,2026-06-09T12:38:39.433440Z,202,completed,6868,9318,0616728b7286:1:938ab143,2370131,000008e20adebfd079f2359ff574ae362cf340c321a08c4dbd27a0aa283f3645,328.0,10317.857,6,
ec71b70b-1fa5-4d86-8304-d82159fa8faa,29115c0d-7de8-4197-9df8-79015e79582b,4b6f4aee-54a4-45df-8b95-3d61f3cbf035,1000,workload-20260609T121504519314Z,26,,2,2026-06-09T12:38:29.116584Z,2026-06-09T12:38:29.434604Z,2026-06-09T12:38:34.551997Z,202,completed,2890,4076,6084be8b8ecc:1:7ebadef0,1028445,00000e084b0a21cbbf8699c8ac19f77c38cab66f198f64d9867a5605e2ddb923,328.0,5435.413,2,
96fb6b78-be32-49b9-aa58-4514774095aa,f262bde0-6cbd-48fd-9ec4-04dccb9428c1,4b6f4aee-54a4-45df-8b95-3d61f3cbf035,1000,workload-20260609T121504519314Z,27,,2,2026-06-09T12:38:29.117587Z,2026-06-09T12:38:29.440604Z,2026-06-09T12:38:34.524079Z,202,completed,176,2834,fcc05684ba59:1:8185a6e5,203791,000005a3ed10d2d2d57e5697d35880bf3f14d9e6f279a88660a4adaa9317ae31,328.0,5406.492,1,
bf06f787-1178-40a7-b0d4-a4e3bbfaa6f3,5575c6c1-1b40-43ca-b28a-85b3d9cef6c3,4b6f4aee-54a4-45df-8b95-3d61f3cbf035,1000,workload-20260609T121504519314Z,28,,2,2026-06-09T12:38:29.118585Z,2026-06-09T12:38:29.503415Z,2026-06-09T12:38:37.620809Z,202,completed,3928,7263,fcc05684ba59:1:61803623,2599159,00000c3e47a37dd88cb76d5207bbbac38d03ddff3593037192622ef139c1a751,390.0,8502.224,4,
36266d5a-79fe-4bda-8586-3401f1334db9,6819c9a8-cbf2-4105-a29c-9cbd39ada700,4b6f4aee-54a4-45df-8b95-3d61f3cbf035,1000,workload-20260609T121504519314Z,29,,2,2026-06-09T12:38:29.119584Z,2026-06-09T12:38:29.447603Z,2026-06-09T12:38:34.123076Z,202,completed,440,3272,208573d5cce8:1:86e1e95f,335323,0000012fa955991c93bc629107c7ce207af155443c84703a53bb7c0472e5959d,328.0,5003.492,2,
6a075ce1-aeee-4ff6-89b0-6ba896ad080b,2f81ebcb-29a4-4e52-8b13-03ec391b626c,4b6f4aee-54a4-45df-8b95-3d61f3cbf035,1000,workload-20260609T121504519314Z,30,,2,2026-06-09T12:38:29.120585Z,2026-06-09T12:38:29.424609Z,2026-06-09T12:38:35.235487Z,202,completed,995,2137,0616728b7286:1:b1a5d365,372455,000007542253d2fd79c4c2dc9c7449be4fa9d56f36a99c33941093fc51e8561f,312.0,6114.902,1,
ce762a28-8813-4352-8500-771d4fbcf0f3,331e7b3c-79b3-4b46-885c-0717fbe0f7d2,4b6f4aee-54a4-45df-8b95-3d61f3cbf035,1000,workload-20260609T121504519314Z,31,,2,2026-06-09T12:38:29.122584Z,2026-06-09T12:38:29.428606Z,2026-06-09T12:38:32.643443Z,202,completed,1077,2771,fcc05684ba59:1:4808aff0,750378,00000b81e8a00479de61af76d69d45cf137bdc1e54081d02ecbe290286963db3,297.0,3520.859,1,
11508e92-a71e-4832-a983-e23c2206e7e2,887c9cf8-782c-45f4-812a-e77693bcb2f0,4b6f4aee-54a4-45df-8b95-3d61f3cbf035,1000,workload-20260609T121504519314Z,32,,2,2026-06-09T12:38:29.123584Z,2026-06-09T12:38:29.462408Z,2026-06-09T12:38:36.753925Z,202,completed,2978,6103,fcc05684ba59:1:d628c051,1925043,000007377fe7d2231a12c7a1bb68b52d25abb8823b8886484673da691372b73b,329.0,7630.341,3,
18d47e62-40b8-4d04-826f-e01e33b0183a,227026ef-e90f-4379-9bbe-14725b899019,4b6f4aee-54a4-45df-8b95-3d61f3cbf035,1000,workload-20260609T121504519314Z,33,,2,2026-06-09T12:38:29.127584Z,2026-06-09T12:38:29.534416Z,2026-06-09T12:38:36.176084Z,202,completed,465,6405,0616728b7286:1:b31d0ade,135204,0000013a669b0c12859a3942f1bcc9b66d9848b2d9ac3740299be3bc1cac82b6,407.0,7048.5,2,
66a160da-934e-4731-95ea-a76338e3cf10,72d59d8f-419f-441f-8f12-61956db851dc,4b6f4aee-54a4-45df-8b95-3d61f3cbf035,1000,workload-20260609T121504519314Z,34,,2,2026-06-09T12:38:29.129585Z,2026-06-09T12:38:29.633417Z,2026-06-09T12:38:40.837290Z,202,completed,2671,10803,208573d5cce8:1:32ae60fa,1795191,00000d91ffaccac66aebf5b4ada9eae14743cb032833f80094d692c899d85a8c,500.0,11707.705,7,
858014cc-44ba-4594-abd7-9728d630adcb,10603513-d1e6-4010-9271-f18f630f770b,4b6f4aee-54a4-45df-8b95-3d61f3cbf035,1000,workload-20260609T121504519314Z,35,,2,2026-06-09T12:38:29.130584Z,2026-06-09T12:38:29.456412Z,2026-06-09T12:38:45.333616Z,202,completed,420,15219,6084be8b8ecc:1:3b6cc5ff,139796,00000d83fd924e36bea09c90fffd9b659eed95b596f4d6c5c2874d350dd8897e,329.0,16203.032,10,
da81cdeb-c0f7-4fe5-a083-d81020fcf2f9,e01a5f99-4846-4db4-b45c-fd7dfb8fb193,4b6f4aee-54a4-45df-8b95-3d61f3cbf035,1000,workload-20260609T121504519314Z,36,,2,2026-06-09T12:38:29.131584Z,2026-06-09T12:38:29.512417Z,2026-06-09T12:38:47.340673Z,202,completed,2096,17636,6084be8b8ecc:1:3dfc6961,738792,000004d8dab2726af067c6be4859904cbb10f5b829b71ac70a09ca10def1f97a,391.0,18209.089,12,
15846037-7c88-4a5c-84d2-d01bd166a2df,96de00dc-26f5-42ce-a02a-b449f3174d57,4b6f4aee-54a4-45df-8b95-3d61f3cbf035,1000,workload-20260609T121504519314Z,37,,2,2026-06-09T12:38:29.132584Z,2026-06-09T12:38:29.481416Z,2026-06-09T12:38:45.593150Z,202,completed,2,15851,cb9fb5da3c43:1:c02714fa,765,00000ee556a5094b0708ccd3301237d25b27f33802bd7261944e5b12c41dd99b,360.0,16460.566,10,
13b674c5-6556-45ee-959c-bf7bd0017e16,38c442ee-8ac4-4f48-9529-57a4a58fed42,4b6f4aee-54a4-45df-8b95-3d61f3cbf035,1000,workload-20260609T121504519314Z,38,,2,2026-06-09T12:38:29.133585Z,2026-06-09T12:38:29.486417Z,2026-06-09T12:38:36.414925Z,202,completed,130,6774,6084be8b8ecc:1:a650dfb3,40729,00000fc5361c79f1c4689bcc4f9a53394830d24e15b142948020d5d8e2b7edb5,360.0,7281.34,4,
e9285c9a-95fc-4845-9ff7-8da44ec41de2,00e68c49-caf0-4a73-b4af-bd4d4f74cd07,4b6f4aee-54a4-45df-8b95-3d61f3cbf035,1000,workload-20260609T121504519314Z,39,,2,2026-06-09T12:38:29.134584Z,2026-06-09T12:38:29.445605Z,2026-06-09T12:38:39.381248Z,202,completed,2794,9182,fcc05684ba59:1:a796361c,1942286,00000164f989fdbacb0f46cdbe66b852bb34a9087c5f6303904f47c2460fb23e,313.0,10246.664,4,
d0c3f555-02aa-47e4-9204-ad26e17579e5,1a94a0c2-6b22-44a8-912f-ed990c084bf1,4b6f4aee-54a4-45df-8b95-3d61f3cbf035,1000,workload-20260609T121504519314Z,40,,2,2026-06-09T12:38:29.135584Z,2026-06-09T12:38:29.544415Z,2026-06-09T12:38:46.452359Z,202,completed,746,16456,fcc05684ba59:1:18f12442,502400,0000014edb8ef5de3c8c52b3ba0910b49ed4b7becb5b45eea38100abbf3caee6,422.0,17316.775,11,
7441cc62-980e-4f97-8fcc-645927610267,35e61131-cebe-4f7b-b263-acadac9ee767,4b6f4aee-54a4-45df-8b95-3d61f3cbf035,1000,workload-20260609T121504519314Z,41,,2,2026-06-09T12:38:29.136585Z,2026-06-09T12:38:29.459409Z,2026-06-09T12:38:47.223068Z,202,completed,2251,17273,208573d5cce8:1:86221adb,1524834,0000084325bc200c01f77e2f46798a7b5f1bd432c5eca69c46e4408164105c63,329.0,18086.483,12,
f78c977d-d723-4010-b433-903fded42ec4,5a44f533-ba7a-437a-8287-2ca71cab62c3,4b6f4aee-54a4-45df-8b95-3d61f3cbf035,1000,workload-20260609T121504519314Z,42,,2,2026-06-09T12:38:29.138584Z,2026-06-09T12:38:29.515416Z,2026-06-09T12:38:37.507069Z,202,completed,2612,7184,6084be8b8ecc:1:da608d3d,983261,000000b0c3216f1797170637b39dc4bb27fd99573fce4e56deb714a907923709,375.0,8368.485,3,
40d1ff23-f2e7-44b1-b327-1c2f40f54ae2,0853b8fb-7bf4-4469-a5af-54e45a2e5f84,4b6f4aee-54a4-45df-8b95-3d61f3cbf035,1000,workload-20260609T121504519314Z,43,,2,2026-06-09T12:38:29.139584Z,2026-06-09T12:38:29.450606Z,2026-06-09T12:38:36.995529Z,202,completed,1994,5764,0616728b7286:1:d0da5895,620256,00000d9c349d345a7a90e00ef0e92bdf74cb6be7ea5850d2eba270cc8f948816,313.0,7855.945,2,
274582e2-8fd0-435f-9991-097ca5d81538,d1fde23d-3a3a-438c-b471-f90af92cd82b,4b6f4aee-54a4-45df-8b95-3d61f3cbf035,1000,workload-20260609T121504519314Z,44,,2,2026-06-09T12:38:29.140584Z,2026-06-09T12:38:29.687442Z,2026-06-09T12:38:39.423248Z,202,completed,760,9126,6084be8b8ecc:1:887747fe,270815,00000a582cb6cb42c9b00b6b9e56116a8935faac6c039d9682ff8da6c54d51e1,547.0,10282.664,5,
bedb40d8-a1ba-440a-9024-4bbe800040b7,af76559c-fde7-4a45-996f-c14222348341,4b6f4aee-54a4-45df-8b95-3d61f3cbf035,1000,workload-20260609T121504519314Z,45,,2,2026-06-09T12:38:29.141587Z,2026-06-09T12:38:29.519415Z,2026-06-09T12:38:36.903923Z,202,completed,1436,6829,0b769b3035e6:1:4306444c,879680,00000436b7a2f5f9b4313a5c331a9beb44a7b51b097841cc8664f3238d623a7b,375.0,7762.336,4,
54922971-d648-4323-a662-0cbc5f86317e,c776889d-8b4f-4280-8d14-939ea7542daf,4b6f4aee-54a4-45df-8b95-3d61f3cbf035,1000,workload-20260609T121504519314Z,46,,2,2026-06-09T12:38:29.142584Z,2026-06-09T12:38:29.612415Z,2026-06-09T12:38:40.242597Z,202,completed,2218,10035,6084be8b8ecc:1:34f65b19,1049102,000006f89c9d8e83ce7c1d9d3f680728c20f6fc3ad356fb3b1c9a42b18beeaa5,469.0,11100.013,6,
55a8020c-5f9a-48a3-a64e-524b859c1a77,d61a654a-b563-4dae-887b-fc4611ffdac2,4b6f4aee-54a4-45df-8b95-3d61f3cbf035,1000,workload-20260609T121504519314Z,47,,2,2026-06-09T12:38:29.143584Z,2026-06-09T12:38:29.551415Z,2026-06-09T12:38:38.897211Z,202,completed,778,8394,0b769b3035e6:1:841c4bee,549645,00000b3c20ccf33a226b89022a92b99ba167b5d8e6129d536fd79f9c87260fcc,406.0,9753.627,5,
4432dd65-a466-4866-a65f-50990391cea0,6bee3384-c1d8-4f04-bb4a-656f94a674ea,4b6f4aee-54a4-45df-8b95-3d61f3cbf035,1000,workload-20260609T121504519314Z,48,,2,2026-06-09T12:38:29.149584Z,2026-06-09T12:38:29.541418Z,2026-06-09T12:38:38.554276Z,202,completed,666,8316,0b769b3035e6:1:2386e25b,427649,00000af6cd85d2ae5afc671817f0ee0060a850808a2f055c253a693eb13e4ac4,391.0,9404.692,3,
2ebf3a1c-3668-4dae-95e3-38d2bf8c3437,5f0db338-a838-4cd7-8077-27756db9ebcb,4b6f4aee-54a4-45df-8b95-3d61f3cbf035,1000,workload-20260609T121504519314Z,49,,2,2026-06-09T12:38:29.150584Z,2026-06-09T12:38:29.548417Z,2026-06-09T12:38:48.826701Z,202,completed,3152,19265,0616728b7286:1:1799fc69,1124590,00000a88eaf42a32138d63f23491c07e94adf9f7f74e94b881b3900de95a51d1,406.0,19676.117,13,
113b723d-7243-4627-89c4-e39ddfd3db8e,7a0bf905-f82a-43fb-b0df-0d4e8bc3203d,4b6f4aee-54a4-45df-8b95-3d61f3cbf035,1000,workload-20260609T121504519314Z,50,,2,2026-06-09T12:38:29.151583Z,2026-06-09T12:38:29.469418Z,2026-06-09T12:38:45.915843Z,202,completed,16,15358,fcc05684ba59:1:fb4e9f92,10358,00000ddbce53df34e046cbcccab99e28aaaff85542438e0d5dcfd3447108c56d,328.0,16764.26,11,
065e3031-0931-498a-92c0-080f0544dbe4,30c1e18c-6c90-472c-822e-29ca0fd87662,4b6f4aee-54a4-45df-8b95-3d61f3cbf035,1000,workload-20260609T121504519314Z,51,,2,2026-06-09T12:38:29.152584Z,2026-06-09T12:38:29.581415Z,2026-06-09T12:38:45.268828Z,202,completed,4805,15296,fcc05684ba59:1:7864b491,3459158,00000749aeca89b275b104322412642890071f30f09c70cf0f344a33bc6367e8,422.0,16116.244,11,
9db3762a-6633-4c67-b97c-aaceea236394,0a1d6399-45d8-471d-a889-c63c04470a67,4b6f4aee-54a4-45df-8b95-3d61f3cbf035,1000,workload-20260609T121504519314Z,52,,2,2026-06-09T12:38:29.153587Z,2026-06-09T12:38:29.473415Z,2026-06-09T12:38:37.077067Z,202,completed,222,7208,208573d5cce8:1:de06c01c,130643,0000076a614fe4ba285fc0096dbdb479d1e789f3a783f7fb2a65249477d1e202,312.0,7923.48,4,
a881e300-c203-43da-aa82-8a628e52307b,ec93ca02-bb90-4294-bbaa-6b4fb9a96c96,4b6f4aee-54a4-45df-8b95-3d61f3cbf035,1000,workload-20260609T121504519314Z,53,,2,2026-06-09T12:38:29.155585Z,2026-06-09T12:38:29.489417Z,2026-06-09T12:38:46.345379Z,202,completed,778,16379,fcc05684ba59:1:8dc1d992,541140,0000076f643fbce874412271d719ca9226cb1421480dd1583fb129502222bfbb,328.0,17189.794,12,
1ff59d13-bd8f-4540-8fdd-fb9668d150f4,d1c0acb9-c211-4369-9ab4-f7a8a7afca56,4b6f4aee-54a4-45df-8b95-3d61f3cbf035,1000,workload-20260609T121504519314Z,54,,2,2026-06-09T12:38:29.156586Z,2026-06-09T12:38:29.493418Z,2026-06-09T12:38:37.026529Z,202,completed,2021,7246,0b769b3035e6:1:b48b5539,1510501,00000706f88ae65f317d4b80b9109a0c74d1328b91f1b990da9522116817f33d,328.0,7869.943,4,
34d12e7d-e29a-4c95-9030-6c2985e47df5,2d1abc90-f6df-417c-9bc7-3aa2b13afe93,4b6f4aee-54a4-45df-8b95-3d61f3cbf035,1000,workload-20260609T121504519314Z,55,,2,2026-06-09T12:38:29.157584Z,2026-06-09T12:38:29.530415Z,2026-06-09T12:38:40.462850Z,202,completed,1679,9252,fcc05684ba59:1:2950b821,1081819,00000bac027f18861e3992fadc6bac6df9c38adb5b554c5e0515a858691ed8bf,375.0,11305.266,4,
41b020c1-87d9-4dc0-825d-f2ca9c2aeaf1,d34f8abd-09b5-4d95-b37f-15b859ac3c3a,4b6f4aee-54a4-45df-8b95-3d61f3cbf035,1000,workload-20260609T121504519314Z,56,,2,2026-06-09T12:38:29.158584Z,2026-06-09T12:38:29.483415Z,2026-06-09T12:38:37.665181Z,202,completed,170,7565,6084be8b8ecc:1:1b0dd95e,53272,00000ba57ec28e68a6434fe7e672727331138702289bfcd7b093bf1948a05fd7,328.0,8506.597,3,
936d407c-ecbb-45ad-a589-f88e5b6f67c1,53fe6151-1dfe-4726-8a9d-fcf750d7d93f,4b6f4aee-54a4-45df-8b95-3d61f3cbf035,1000,workload-20260609T121504519314Z,57,,2,2026-06-09T12:38:29.159584Z,2026-06-09T12:38:29.676434Z,2026-06-09T12:38:45.725327Z,202,completed,7487,16083,0b769b3035e6:1:e0095078,4936411,00000e8be8d85b50ed189ded217c910b25275e0a0dcaad256e6e122a48c28bae,515.0,16565.743,11,
d0a051c8-55b9-447b-9234-ac95200daa84,be2097f6-97f0-424a-877a-ab4f51ceeacb,4b6f4aee-54a4-45df-8b95-3d61f3cbf035,1000,workload-20260609T121504519314Z,58,,2,2026-06-09T12:38:29.161585Z,2026-06-09T12:38:29.506417Z,2026-06-09T12:38:39.997602Z,202,completed,2566,10011,208573d5cce8:1:e5fe701f,1653983,000000a37b7b8643f08cdc13bb2ab9636fbab9596f5e9aaec882e14e7f3e67fa,343.0,10836.017,5,
64ca5aab-4373-4215-bf29-7c2cb5f20998,cf18d9cb-b117-491f-b3f5-df63ce4732dc,4b6f4aee-54a4-45df-8b95-3d61f3cbf035,1000,workload-20260609T121504519314Z,59,,2,2026-06-09T12:38:29.162584Z,2026-06-09T12:38:29.666426Z,2026-06-09T12:38:39.236732Z,202,completed,274,9151,0b769b3035e6:1:3df4df4b,174186,00000cb6ee233601f431f78edbd1f84afb043af75433f7c0c8aee2db5f29da5d,500.0,10074.148,4,
ac5712d3-b79b-45f5-b35b-8c178424b89c,aa149a93-6faf-4784-ae2a-6521f9dbcd55,4b6f4aee-54a4-45df-8b95-3d61f3cbf035,1000,workload-20260609T121504519314Z,60,,2,2026-06-09T12:38:29.163584Z,2026-06-09T12:38:29.478415Z,2026-06-09T12:38:40.753440Z,202,completed,3659,10458,0616728b7286:1:c6ebe521,1161976,00000e6511c4d0a6c4ebf5542915ac518161220c23c5f0f2475f87aa8d991557,312.0,11589.856,5,
1c1f9f00-96bd-4b23-9065-0747665a17ba,fe5b21c5-62d9-4f88-99d4-3fae387d9bec,4b6f4aee-54a4-45df-8b95-3d61f3cbf035,1000,workload-20260609T121504519314Z,61,,2,2026-06-09T12:38:29.164584Z,2026-06-09T12:38:29.509415Z,2026-06-09T12:38:37.451067Z,202,completed,1545,6817,208573d5cce8:1:e8ff6e2d,1090115,0000077a180c7994991130b311aad299558d5c94f1ed00c111985e03d2da8140,343.0,8286.483,4,
2566800e-513d-49b5-8cb2-d8d0ef44e5c0,bab3e06d-25a8-4fd3-9ed2-977ff28ec0d9,4b6f4aee-54a4-45df-8b95-3d61f3cbf035,1000,workload-20260609T121504519314Z,62,,2,2026-06-09T12:38:29.165584Z,2026-06-09T12:38:29.500416Z,2026-06-09T12:38:36.911926Z,202,completed,1216,6371,6084be8b8ecc:1:de4f7d06,349100,00000fbf171bf5b2c776ee900ead6b50db87fa675888fa0af987a29f9b6d8d84,343.0,7746.342,3,
f43f3ad3-bc24-4a5d-ba16-f518d4f1d0c5,df2e4b6a-045b-4742-b1b5-38763a55c8f9,4b6f4aee-54a4-45df-8b95-3d61f3cbf035,1000,workload-20260609T121504519314Z,63,,2,2026-06-09T12:38:29.166586Z,2026-06-09T12:38:29.560417Z,2026-06-09T12:38:46.449360Z,202,completed,6583,16148,0b769b3035e6:1:247a44fe,4044156,00000221d2ad68c4498bbd30aa1d84f672b4fda80957b7475ea9ec75efe1ffd0,406.0,17282.774,10,
e8110447-d190-49c6-8c24-2bb1c143101f,edcc5df4-97e3-491e-8c24-1a1f9450623e,4b6f4aee-54a4-45df-8b95-3d61f3cbf035,1000,workload-20260609T121504519314Z,64,,2,2026-06-09T12:38:29.175585Z,2026-06-09T12:38:29.602417Z,2026-06-09T12:38:43.371938Z,202,completed,2175,13234,cb9fb5da3c43:1:dc129c31,635391,000008eb3b1780999d97800bbc8d56dc97be8a84a608cdc1afecb024d4d5559e,422.0,14196.353,8,
33fd331e-90c5-473a-a12f-4bc7887ced14,fcdd8872-95d5-44cf-ac59-9d5df34b98a0,4b6f4aee-54a4-45df-8b95-3d61f3cbf035,1000,workload-20260609T121504519314Z,65,,2,2026-06-09T12:38:29.177587Z,2026-06-09T12:38:29.597415Z,2026-06-09T12:38:45.960851Z,202,completed,4940,15773,0616728b7286:1:0f084031,1695845,00000f5dbe9aadc6a3406e867e5c84a9543dfd61e5fe76dfb0a9b65aafdaf405,422.0,16783.264,10,
b3863ee3-e4f4-4a8f-b54c-374cf90bd5d2,7383fe46-75f0-4173-a615-8433f31cfb80,4b6f4aee-54a4-45df-8b95-3d61f3cbf035,1000,workload-20260609T121504519314Z,66,,2,2026-06-09T12:38:29.179585Z,2026-06-09T12:38:29.811515Z,2026-06-09T12:38:44.163767Z,202,completed,1014,13586,208573d5cce8:1:4d37151f,638819,000004c4697c67587b2979805bd5be00b19a7d37625abf637d71dedaae98a724,641.0,14984.182,8,
0323f989-bdfc-49b6-a24d-e767ee95aea1,b847a8d7-32c2-43b7-8cd5-352f5ba97a16,4b6f4aee-54a4-45df-8b95-3d61f3cbf035,1000,workload-20260609T121504519314Z,67,,2,2026-06-09T12:38:29.181584Z,2026-06-09T12:38:29.569415Z,2026-06-09T12:38:49.703570Z,202,completed,1407,19347,6084be8b8ecc:1:bac5c71c,662682,00000f3a1130e7a3afa14b5eee0765b7ded0d3e2e8c64ba30c12aa53e85d62a3,391.0,20521.986,14,
af7e9359-16d5-4d3f-b16d-ef6168c22a81,743caf3b-b4ec-49ad-bba1-3cfe88e0f5ce,4b6f4aee-54a4-45df-8b95-3d61f3cbf035,1000,workload-20260609T121504519314Z,68,,2,2026-06-09T12:38:29.182584Z,2026-06-09T12:38:29.573415Z,2026-06-09T12:38:42.171392Z,202,completed,1501,12193,208573d5cce8:1:ffa41ac6,1156557,000007a7074e7911ba4d29a50490b66994187c55d44d8fc0cb5a97cf5b8f1744,391.0,12988.808,7,
f0dfc1e4-0911-4c73-a305-ae98f0b8bf7a,b3d77abf-9506-4ef2-a9cf-2150257a62db,4b6f4aee-54a4-45df-8b95-3d61f3cbf035,1000,workload-20260609T121504519314Z,69,,2,2026-06-09T12:38:29.183586Z,2026-06-09T12:38:29.708450Z,2026-06-09T12:38:42.086595Z,202,completed,1374,11759,6084be8b8ecc:1:f325f596,473437,00000a61e0c085660a926afc509153d1e95a5232086a86304e5b87cae0e346d8,516.0,12903.009,8,
b0514954-95d7-4069-b2a6-847f567da867,c792b3ce-3bbc-4f0c-97d9-0e5b193ec458,4b6f4aee-54a4-45df-8b95-3d61f3cbf035,1000,workload-20260609T121504519314Z,70,,2,2026-06-09T12:38:29.184586Z,2026-06-09T12:38:29.619416Z,2026-06-09T12:38:40.106335Z,202,completed,245,10405,208573d5cce8:1:6fe5f79a,149183,000006fb1e9935e7a4576c2a2d2c05d503db6980fe3f697325b53b472acc0ff9,422.0,10921.749,5,
07989e2f-5dfd-408d-8bef-dd229fdcd2d2,90319d65-b6e6-40c5-b223-4213fa8f8b63,4b6f4aee-54a4-45df-8b95-3d61f3cbf035,1000,workload-20260609T121504519314Z,71,,2,2026-06-09T12:38:29.185585Z,2026-06-09T12:38:29.773593Z,2026-06-09T12:38:44.122807Z,202,completed,1521,13735,6084be8b8ecc:1:815ef838,512454,000009fb2fffac09830dfdfe7d464ca4e0f39c1b72f7ce5381c65408f8044cce,578.0,14937.222,9,
7410185c-0900-4143-910b-54ea70f779f2,a2bc8e27-0fca-460d-99e7-9a51f34d6d80,4b6f4aee-54a4-45df-8b95-3d61f3cbf035,1000,workload-20260609T121504519314Z,72,,2,2026-06-09T12:38:29.187584Z,2026-06-09T12:38:29.843389Z,2026-06-09T12:38:43.594058Z,202,completed,301,13834,cb9fb5da3c43:1:2a7c3e33,115000,000005a29f33cdaaeada8fa98cb79c854dace860b2f39712dd1641f9edec4a8d,656.0,14406.474,6,
3b2a3348-d619-4d09-b15e-d8fba8613c59,e6539e30-bd28-46a2-9b37-07d9c83a3b77,4b6f4aee-54a4-45df-8b95-3d61f3cbf035,1000,workload-20260609T121504519314Z,73,,2,2026-06-09T12:38:29.188585Z,2026-06-09T12:38:29.661415Z,2026-06-09T12:38:48.419580Z,202,completed,6844,17972,0616728b7286:1:185f62e0,2325873,000004de4633218d6f4ccf6f59968a183a3e82a37269b732ee043ab5c325c095,469.0,19230.995,13,
9c7ffe8d-3651-4d1b-9dcf-ae828f9a561d,14eaf1eb-0dec-4f97-8a73-b5b4ee96df5b,4b6f4aee-54a4-45df-8b95-3d61f3cbf035,1000,workload-20260609T121504519314Z,74,,2,2026-06-09T12:38:29.189585Z,2026-06-09T12:38:29.671424Z,2026-06-09T12:38:43.238008Z,202,completed,2002,13309,cb9fb5da3c43:1:0c57edb3,522502,000003c1d0e81be630861a16a87fc14a277821943beea8288c4b33fd5f62cc54,484.0,14048.423,8,
96abd952-7da7-404f-b886-8d805c030130,28158c0c-043d-495e-b10e-46b82d701825,4b6f4aee-54a4-45df-8b95-3d61f3cbf035,1000,workload-20260609T121504519314Z,75,,2,2026-06-09T12:38:29.190585Z,2026-06-09T12:38:29.767594Z,2026-06-09T12:38:44.454313Z,202,completed,1944,14164,6084be8b8ecc:1:9d1a9aec,799571,00000c40996acb7fabb7c38eb6e276f69f3f18bd83c7f98da92f2c6b1401f265,578.0,15263.728,10,
69702b67-5cec-4634-acf1-9a0a01b9cd44,59fd4dc8-02d2-44b6-8213-1992c20f2f30,4b6f4aee-54a4-45df-8b95-3d61f3cbf035,1000,workload-20260609T121504519314Z,76,,2,2026-06-09T12:38:29.191586Z,2026-06-09T12:38:29.628414Z,2026-06-09T12:38:48.794322Z,202,completed,188,18346,0616728b7286:1:ec4ab331,63457,000008fe87633390d49bf924230fdace87393b8e8ae8a735cbbfe6f4d47aa39f,437.0,19602.736,13,
a142f8e9-0be6-46c2-b316-c31fb508435f,7d0439fe-015c-4029-afbf-c8776d91d70b,4b6f4aee-54a4-45df-8b95-3d61f3cbf035,1000,workload-20260609T121504519314Z,77,,2,2026-06-09T12:38:29.192584Z,2026-06-09T12:38:29.713449Z,2026-06-09T12:38:51.349991Z,202,completed,2415,21480,208573d5cce8:1:a02dc6c0,2322491,00000fd3f498c6451bee3856518854ce5b0430a948d588065cd59f5295697dc4,516.0,22157.407,16,
e5592cd7-bda8-4ab7-b419-2ecc1c7dee1a,b797f64c-2a0d-4191-925d-98bd2dc690d0,4b6f4aee-54a4-45df-8b95-3d61f3cbf035,1000,workload-20260609T121504519314Z,78,,2,2026-06-09T12:38:29.194600Z,2026-06-09T12:38:29.589415Z,2026-06-09T12:38:48.799551Z,202,completed,280,18218,0b769b3035e6:1:a270e7db,314276,00000f984616f413e92b63d8f731b1cd1c094dfb49409d8eb51c8cf4da718c81,391.0,19604.951,13,
ee6adaa9-fdf0-4f20-88dc-35d2c3079dd9,e6f49433-4894-4b72-9dc3-0560eabb0c9f,4b6f4aee-54a4-45df-8b95-3d61f3cbf035,1000,workload-20260609T121504519314Z,79,,2,2026-06-09T12:38:29.195593Z,2026-06-09T12:38:29.647415Z,2026-06-09T12:38:44.307154Z,202,completed,3779,14735,208573d5cce8:1:ea87e1bf,2673253,000006e298b2e3a5e52fac297920dd44dd58862f19da62abe8eb882bd02e48a8,453.0,15111.561,9,
6f98a90d-5401-4a82-8260-207e5e25274a,1d59b956-4f48-4ba7-90fc-4a3512f47630,4b6f4aee-54a4-45df-8b95-3d61f3cbf035,1000,workload-20260609T121504519314Z,80,,2,2026-06-09T12:38:29.196594Z,2026-06-09T12:38:29.681434Z,2026-06-09T12:38:48.454914Z,202,completed,240,18795,fcc05684ba59:1:3346a9ee,149738,000003dc351b954de49fd12a2852a7e4482be32cd3e07df714fd7895b2e3bddd,484.0,19258.32,13,
1d8d1be0-c2ec-48f9-af7b-bd9bdabef319,8ec5f962-7fd7-448c-9d08-aef465dfb34d,4b6f4aee-54a4-45df-8b95-3d61f3cbf035,1000,workload-20260609T121504519314Z,81,,2,2026-06-09T12:38:29.197593Z,2026-06-09T12:38:29.850441Z,2026-06-09T12:38:45.916843Z,202,completed,2253,16129,208573d5cce8:1:c38353f6,1492913,000007c2a86a2ac3dba44d33598c3710ee8713ab70e5697546402068167bbfbf,656.0,16719.25,10,
2b62dec2-1802-4d00-ae31-5b5d31743ddd,cdd3597d-7617-43c4-82c5-a5547be9186b,4b6f4aee-54a4-45df-8b95-3d61f3cbf035,1000,workload-20260609T121504519314Z,82,,2,2026-06-09T12:38:29.198592Z,2026-06-09T12:38:29.785499Z,2026-06-09T12:38:49.840589Z,202,completed,1163,20137,fcc05684ba59:1:849dd322,924768,00000e58953042131031a5949cc3a58c25ab4c88506adf518d7d62fa2e795118,594.0,20641.997,14,
32c16de2-80b7-4804-a84c-fbb558aa64a9,8289839d-c004-4c41-9acb-b263fb944cf3,4b6f4aee-54a4-45df-8b95-3d61f3cbf035,1000,workload-20260609T121504519314Z,83,,2,2026-06-09T12:38:29.199593Z,2026-06-09T12:38:29.593415Z,2026-06-09T12:38:44.708580Z,202,completed,4812,14440,fcc05684ba59:1:2550457d,3231209,000000e29a7528863c5db79a77c87aa268039ad86925e20c892fd6c6f728498e,390.0,15508.987,9,
c9dbddc5-7cdd-46f9-9d60-101f58022780,a1db0314-b4da-440c-a66f-cc05885a1586,4b6f4aee-54a4-45df-8b95-3d61f3cbf035,1000,workload-20260609T121504519314Z,84,,2,2026-06-09T12:38:29.201605Z,2026-06-09T12:38:29.577415Z,2026-06-09T12:38:47.869577Z,202,completed,73,18153,0b769b3035e6:1:a6963e0f,78861,00000c8960655eaf77d126efa8e03b246ca574779e96feb73736bc2eacfbacae,375.0,18667.972,12,
d4dbaf2c-d573-41de-848b-0677a0401886,fedaf9c3-5ff2-4068-8480-4ed2a54d8f1a,4b6f4aee-54a4-45df-8b95-3d61f3cbf035,1000,workload-20260609T121504519314Z,85,,2,2026-06-09T12:38:29.202594Z,2026-06-09T12:38:29.657417Z,2026-06-09T12:38:53.899586Z,202,completed,4487,23152,0616728b7286:1:edf958f9,1522544,0000002034f0201b9ef55e5b51a81cac314a63794c88980af9e9c5fc4c9bea7a,453.0,24696.992,17,
f6c45200-87b1-4831-9312-bb59c02c6838,1b231f46-c374-4bce-824f-24ed1be2997f,4b6f4aee-54a4-45df-8b95-3d61f3cbf035,1000,workload-20260609T121504519314Z,86,,2,2026-06-09T12:38:29.203593Z,2026-06-09T12:38:29.555415Z,2026-06-09T12:38:41.864082Z,202,completed,2257,11698,6084be8b8ecc:1:9a297c98,902627,00000a97a686b6dacae300434093f24fd2d97265c3a8ff4161f1d96b1da12673,343.0,12660.489,7,
527e8da3-f282-4ab4-a1ab-0af538a03f69,56a59602-07d9-4d88-9c64-eee268d076fe,4b6f4aee-54a4-45df-8b95-3d61f3cbf035,1000,workload-20260609T121504519314Z,87,,2,2026-06-09T12:38:29.204608Z,2026-06-09T12:38:29.652416Z,2026-06-09T12:38:48.817864Z,202,completed,107,18747,0b769b3035e6:1:ac1384d5,68183,000002ca99939c699e99256c7767f85e1a1af4f2a94d9aaf68e190c933e96094,453.0,19613.256,13,
1b368e22-2392-460e-aa77-2216ef29e462,5c7c3c96-a60c-4e1d-84e4-b44f97b8d5dd,4b6f4aee-54a4-45df-8b95-3d61f3cbf035,1000,workload-20260609T121504519314Z,88,,2,2026-06-09T12:38:29.205601Z,2026-06-09T12:38:29.863450Z,2026-06-09T12:38:44.830588Z,202,completed,504,14260,cb9fb5da3c43:1:8e1b0e0e,209583,000004d3943094a5f9aaf41d7241e3099ee8a1798f07c18ea0d4d3dc34cc07a4,656.0,15624.987,10,
09298c94-5193-4479-9a11-09b137ff3bd2,cff29ce9-0cff-4137-ae75-14a056526608,4b6f4aee-54a4-45df-8b95-3d61f3cbf035,1000,workload-20260609T121504519314Z,89,,2,2026-06-09T12:38:29.207602Z,2026-06-09T12:38:29.703441Z,2026-06-09T12:38:48.579579Z,202,completed,228,18929,6084be8b8ecc:1:712c0a74,81250,00000b393ca218c3a8ba970367e5e6341cdc550fa63e2bc05a2c86b508acd964,500.0,19371.977,13,
0d77b2c3-68f8-48ac-8d35-e306f46a8a09,7bb690ba-ec7b-446b-95c8-46a64995960a,4b6f4aee-54a4-45df-8b95-3d61f3cbf035,1000,workload-20260609T121504519314Z,90,,2,2026-06-09T12:38:29.208603Z,2026-06-09T12:38:29.624415Z,2026-06-09T12:38:40.572621Z,202,completed,584,10260,fcc05684ba59:1:5e178c59,361984,0000023d5e28272bc63970df3e3df692bdfc2901cb36095b2c0a4fa63c506bc1,421.0,11364.018,5,
be24a29c-e956-4e9c-83fb-4270e67dee6f,c51f5469-ed73-4498-af15-a8d1bc421592,4b6f4aee-54a4-45df-8b95-3d61f3cbf035,1000,workload-20260609T121504519314Z,91,,2,2026-06-09T12:38:29.209602Z,2026-06-09T12:38:29.792500Z,2026-06-09T12:38:49.446350Z,202,completed,488,19582,0b769b3035e6:1:9e9da6c8,533018,0000044464e5df94fc39f6cd43cf1b79a7193154f08b439a76336bcf84b14b19,578.0,20236.748,13,
47723463-bf7d-4d85-b4ea-2fe16f2018a7,d89dffeb-d9a7-4082-8794-40a430b1d50c,4b6f4aee-54a4-45df-8b95-3d61f3cbf035,1000,workload-20260609T121504519314Z,92,,2,2026-06-09T12:38:29.210601Z,2026-06-09T12:38:29.606417Z,2026-06-09T12:38:40.637906Z,202,completed,1185,10850,0616728b7286:1:eec5029e,490227,00000143bb96245d5c9894d852042c2f9aa94b86fd655313468eb36970606b33,406.0,11427.305,5,
eb246aac-e269-4e45-92c9-3dde0b1150ef,7fa5363f-d848-45cb-92eb-427b87e08801,4b6f4aee-54a4-45df-8b95-3d61f3cbf035,1000,workload-20260609T121504519314Z,93,,2,2026-06-09T12:38:29.212602Z,2026-06-09T12:38:29.798509Z,2026-06-09T12:38:55.711561Z,202,completed,6783,26179,cb9fb5da3c43:1:a9274cdd,1808011,00000a7f40b43da1d2c788d6ca10c96bee95a9d6b755f70c4402ef57faea96e4,593.0,26498.959,19,
0ef6e001-287e-47c4-9a42-48dd40d6cdb1,07b21062-78f7-4757-97c4-b48eaf7d994c,4b6f4aee-54a4-45df-8b95-3d61f3cbf035,1000,workload-20260609T121504519314Z,94,,2,2026-06-09T12:38:29.213601Z,2026-06-09T12:38:29.585415Z,2026-06-09T12:38:40.627905Z,202,completed,1124,10714,cb9fb5da3c43:1:03d98a33,330404,00000b9ac07fb68d3de117940a6f60f26a8c0fb0a30e58dd1af79556ea1f6d4e,375.0,11414.304,5,
e63de768-7e4b-4032-b1f6-aeed35454237,72942d22-91f6-4d1a-9eb1-885a97b357a2,4b6f4aee-54a4-45df-8b95-3d61f3cbf035,1000,workload-20260609T121504519314Z,95,,2,2026-06-09T12:38:29.230609Z,2026-06-09T12:38:29.745573Z,2026-06-09T12:38:48.696451Z,202,completed,4096,18534,6084be8b8ecc:1:48508f09,1727396,000005771cf586bb06f625e566cc0612a552ba517f0fe2d02fd22e64f6c3e8f5,500.0,19465.842,13,
d99d932a-a16f-4a9e-9fa8-08e0e0bc0b37,bdc49ffb-e3c8-4962-bb3d-0f06874ea148,4b6f4aee-54a4-45df-8b95-3d61f3cbf035,1000,workload-20260609T121504519314Z,96,,2,2026-06-09T12:38:29.231609Z,2026-06-09T12:38:29.719460Z,2026-06-09T12:38:48.801550Z,202,completed,4982,19033,cb9fb5da3c43:1:2a784780,1703527,000000a773679051954c6bdb5478c578f2836dc91529f4913e88806be0eae117,484.0,19569.941,13,
da3ef8ae-271e-4b35-90a2-21c09c0531da,e18bf161-e0b0-40e6-ba64-4dc291a0ad09,4b6f4aee-54a4-45df-8b95-3d61f3cbf035,1000,workload-20260609T121504519314Z,97,,2,2026-06-09T12:38:29.232611Z,2026-06-09T12:38:29.924022Z,2026-06-09T12:38:49.229390Z,202,completed,138,19552,208573d5cce8:1:ad3a249d,80984,00000ce9003f6c5f873ab15219d7d7157ddf7f1c77796f907bc8f4dcb94641bb,687.0,19996.779,13,
513badeb-d324-4804-857f-f7e4edf4efd1,3909f42b-487e-46ba-89a8-4dc4dd9466ea,4b6f4aee-54a4-45df-8b95-3d61f3cbf035,1000,workload-20260609T121504519314Z,98,,2,2026-06-09T12:38:29.234624Z,2026-06-09T12:38:29.870456Z,2026-06-09T12:38:57.902780Z,202,completed,11189,27506,cb9fb5da3c43:1:cf0f81b5,3489928,00000ac0e9608c8b35540fb56a56a2dbca41338ccc59eafda96136b6cd4e1243,625.0,28668.156,18,
3ac985c1-d402-4047-a582-73cd53d20234,5a380441-1664-4ea9-b0a0-7a9978642464,4b6f4aee-54a4-45df-8b95-3d61f3cbf035,1000,workload-20260609T121504519314Z,99,,2,2026-06-09T12:38:29.235617Z,2026-06-09T12:38:29.733724Z,2026-06-09T12:38:48.576580Z,202,completed,1240,17970,fcc05684ba59:1:d3dd74da,830466,00000fbd507fb741bad05dade4e443fd5d8f66dbe59b643e955a3a99276e0a4a,500.0,19340.963,13,
b293d644-97e0-4367-8c0f-1e4cecdde413,9f855068-7ae6-4bb6-a882-04ff6bdd4fe2,4b6f4aee-54a4-45df-8b95-3d61f3cbf035,1000,workload-20260609T121504519314Z,100,,2,2026-06-09T12:38:29.236620Z,2026-06-09T12:38:29.697441Z,2026-06-09T12:38:48.790644Z,202,completed,2227,18600,208573d5cce8:1:0df9e26f,1727337,0000019fb5c8c1d25addad9f27e064e766bf0ceae9cd0203e13489d42ffdb9ef,453.0,19554.024,13,
ea6b4996-62f0-4ffe-9d3c-36cc10195342,1db317c1-9f3f-4def-9e93-9caa6c13e10b,4b6f4aee-54a4-45df-8b95-3d61f3cbf035,1000,workload-20260609T121504519314Z,101,,2,2026-06-09T12:38:29.237618Z,2026-06-09T12:38:29.692441Z,2026-06-09T12:38:44.704579Z,202,completed,410,14571,6084be8b8ecc:1:f2fc8f6f,262475,00000f0743596eaa525c3b830934b722d5822f29a75a45e27e366a8f8a8122ab,453.0,15466.961,9,
65fd8d98-fe4e-4564-8ba9-b22324b41349,ac3f0589-792b-4705-831a-2e4c5f8c1bd8,4b6f4aee-54a4-45df-8b95-3d61f3cbf035,1000,workload-20260609T121504519314Z,102,,2,2026-06-09T12:38:29.238620Z,2026-06-09T12:38:29.739731Z,2026-06-09T12:38:47.414579Z,202,completed,1147,17569,0b769b3035e6:1:36b2a424,897740,00000d17d7ec21aa4f907f2d6d14b5bfa40f2fdd2a8e425bd7eaa0dae5f0b043,500.0,18175.959,12,
5df0cf33-6470-480d-b40f-a1ad7b8224c1,51acf8cb-a9a6-42ee-ab6c-ab0601428574,4b6f4aee-54a4-45df-8b95-3d61f3cbf035,1000,workload-20260609T121504519314Z,103,,2,2026-06-09T12:38:29.240618Z,2026-06-09T12:38:29.837389Z,2026-06-09T12:38:51.275567Z,202,completed,520,21004,fcc05684ba59:1:ed744551,595410,00000aa42c1528afbd2bf1ec0d930af237de2bc71f87a9f5a2f0986d7517b02c,594.0,22034.949,15,
714d40fb-d803-46f5-a9f5-fa4a7beaf8a0,acd8c4ee-1b9f-43b5-bd02-fe8e3855b2e2,4b6f4aee-54a4-45df-8b95-3d61f3cbf035,1000,workload-20260609T121504519314Z,104,,2,2026-06-09T12:38:29.241618Z,2026-06-09T12:38:29.877463Z,2026-06-09T12:38:48.469679Z,202,completed,202,18382,fcc05684ba59:1:56dc6b19,126088,00000b66723ac658918a2bc7c93c0aa46dfc55ba2a8ba413b17995ac8b3b73ac,640.0,19228.061,12,
0138586f-b3f3-46cc-8691-625ad7b7303d,da29d1fb-4c34-4f9a-808b-c8dddf4bd85e,4b6f4aee-54a4-45df-8b95-3d61f3cbf035,1000,workload-20260609T121504519314Z,105,,2,2026-06-09T12:38:29.242618Z,2026-06-09T12:38:29.900479Z,2026-06-09T12:38:52.434598Z,202,completed,2750,21895,6084be8b8ecc:1:6b4b4e20,1289567,000003a4dfccb041a722df2f0986e476e32a233c917e2f15be653366fd0ceb92,656.0,23191.98,16,
34af1e8f-c17a-4855-bbee-ead055b31c3b,c7f657b9-5c48-401d-9b99-246748ffaf2a,4b6f4aee-54a4-45df-8b95-3d61f3cbf035,1000,workload-20260609T121504519314Z,106,,2,2026-06-09T12:38:29.243618Z,2026-06-09T12:38:29.779605Z,2026-06-09T12:38:45.471564Z,202,completed,76,14853,fcc05684ba59:1:fde2b24d,52210,00000228353ed759313246b565e0bb6b2e120298c88cdcdb1837339344992bea,547.0,16227.946,10,
bd1753b1-5556-476a-ad05-9028fd52baf2,6da2ebcc-a5c8-4cac-b039-b817f7946322,4b6f4aee-54a4-45df-8b95-3d61f3cbf035,1000,workload-20260609T121504519314Z,107,,2,2026-06-09T12:38:29.244590Z,2026-06-09T12:38:29.907835Z,2026-06-09T12:38:49.037989Z,202,completed,163,19155,208573d5cce8:1:7983d309,104005,00000722609b88f728050c1e1664fecf942f75c91586567a7e4e940537bf7f51,672.0,19793.399,13,
652b8a28-ef24-4a19-90a9-16e33ad5da43,3d1342d7-e844-4485-8489-3e61751b9d9b,4b6f4aee-54a4-45df-8b95-3d61f3cbf035,1000,workload-20260609T121504519314Z,108,,2,2026-06-09T12:38:29.246585Z,2026-06-09T12:38:29.830389Z,2026-06-09T12:38:50.797570Z,202,completed,224,20201,fcc05684ba59:1:6c83bd7f,140702,0000006c08201db469ca3715bce8244fbd482f7ef7b2384d23cc775cdd1eec80,579.0,21550.985,15,
6e8d0a69-8b3b-41dd-9c7d-5b1f792f1a27,0189b586-d9b9-4c78-b1d7-ebaf039f927e,4b6f4aee-54a4-45df-8b95-3d61f3cbf035,1000,workload-20260609T121504519314Z,109,,2,2026-06-09T12:38:29.247583Z,2026-06-09T12:38:29.893473Z,2026-06-09T12:38:49.052987Z,202,completed,299,18657,208573d5cce8:1:31a09abc,275628,00000b2dfd515761741a25c4820dee2a8143ad73fcce3c36f04c211d80a7332a,641.0,19805.404,13,
0ac580f5-9ad7-4043-b8dc-c72115022170,d72d4a80-ac45-427f-a127-830330f7ac72,4b6f4aee-54a4-45df-8b95-3d61f3cbf035,1000,workload-20260609T121504519314Z,110,,2,2026-06-09T12:38:29.248583Z,2026-06-09T12:38:29.824366Z,2026-06-09T12:38:53.312136Z,202,completed,2915,22778,0b769b3035e6:1:d28d92af,2392969,0000022ee9e0607eb4dafc814347f41cdf1ad92e09af291836852a188f2a7b77,579.0,24063.553,17,
b34973cb-22d0-47a9-a81f-26ba1670015e,de744bc6-a07e-4e12-9352-c255b467bcbf,4b6f4aee-54a4-45df-8b95-3d61f3cbf035,1000,workload-20260609T121504519314Z,111,,2,2026-06-09T12:38:29.249583Z,2026-06-09T12:38:29.857450Z,2026-06-09T12:38:49.111166Z,202,completed,447,19147,0b769b3035e6:1:d02c69ad,457653,000003b4429e2728816e35d7af6d01d37c8010ce37debe18741fa054198baec1,610.0,19861.583,13,
0a1335cf-697e-413d-b43c-79917ca7bab4,563bcaa3-b49e-483a-90f8-ec24a1f16098,4b6f4aee-54a4-45df-8b95-3d61f3cbf035,1000,workload-20260609T121504519314Z,112,,2,2026-06-09T12:38:29.250585Z,2026-06-09T12:38:29.817364Z,2026-06-09T12:38:48.228574Z,202,completed,549,18201,208573d5cce8:1:fb03adab,340897,0000089fa5995b2eb74f39923445e85fb17ac9198c8e8dfd3b62d2e17d4fd7a6,563.0,18977.989,12,
45da05fc-95a1-47a7-8443-6cb414e184ce,6905226d-d14b-428f-b473-1eb1a540b275,4b6f4aee-54a4-45df-8b95-3d61f3cbf035,1000,workload-20260609T121504519314Z,113,,2,2026-06-09T12:38:29.252583Z,2026-06-09T12:38:29.947791Z,2026-06-09T12:38:50.933151Z,202,completed,530,20449,208573d5cce8:1:bfbdb29a,319518,00000abd43526ea667d3fb9e3be2cb4db4dec5845b09926314fd82ad0defe592,688.0,21680.568,15,
b5b6f1e9-9117-47be-ba2f-be96069eebad,56c27e3e-d839-4a80-b93f-d9885a3b3878,4b6f4aee-54a4-45df-8b95-3d61f3cbf035,1000,workload-20260609T121504519314Z,114,,2,2026-06-09T12:38:29.253583Z,2026-06-09T12:38:29.917021Z,2026-06-09T12:38:52.227885Z,202,completed,2189,21760,0b769b3035e6:1:d9614ec5,1539085,0000047482ae50d120dcef84a3032a9e348ccb926b2f618dd9847a81248aa8de,657.0,22974.302,16,
e4ec3fa8-e4df-43ca-8cac-aceacfc786bc,5bc4886a-9cbf-40f1-b4ad-1b1d4ad8cf49,4b6f4aee-54a4-45df-8b95-3d61f3cbf035,1000,workload-20260609T121504519314Z,115,,2,2026-06-09T12:38:29.254646Z,2026-06-09T12:38:29.939791Z,2026-06-09T12:38:51.283357Z,202,completed,1785,21504,6084be8b8ecc:1:9447f7e8,633812,000006cb12803383a018f95e2ed02d26f51ec54975a6e7ae4c6c41fc0cdbca4e,688.0,22028.711,15,
473b705e-0c24-4f5b-b9e5-c06a065d06e9,922ab850-53fb-4b38-90ad-380b6197e4b7,4b6f4aee-54a4-45df-8b95-3d61f3cbf035,1000,workload-20260609T121504519314Z,116,,2,2026-06-09T12:38:29.256592Z,2026-06-09T12:38:29.931791Z,2026-06-09T12:38:55.716561Z,202,completed,5694,25424,0616728b7286:1:1847ef43,2561207,00000b4d421b72212d15e5220a376c99c3f2e8fe6c37099f632ba07c4932a577,672.0,26459.969,19,
95cb048d-0991-441e-b9e1-832f54f41f44,9f658638-1ff7-4b3e-ab5b-4c15e5514649,4b6f4aee-54a4-45df-8b95-3d61f3cbf035,1000,workload-20260609T121504519314Z,117,,2,2026-06-09T12:38:29.258591Z,2026-06-09T12:38:29.761586Z,2026-06-09T12:38:50.353569Z,202,completed,2799,19729,fcc05684ba59:1:5c9fef74,2091562,00000515bbfb71debde37110d9f04c21c0c2922098477711aa340f28bf326147,500.0,21094.978,14,
b1982f7e-aaf2-4708-ac76-58764314262b,7222b607-2304-4183-a12a-abde83755137,4b6f4aee-54a4-45df-8b95-3d61f3cbf035,1000,workload-20260609T121504519314Z,118,,2,2026-06-09T12:38:29.259594Z,2026-06-09T12:38:29.728724Z,2026-06-09T12:38:47.221067Z,202,completed,642,17153,0b769b3035e6:1:307d5509,392949,000006255216a92254a2d6d9bfcc1b2a6e468da126241d92c047a41b8294b329,469.0,17961.473,11,
eaf1a32a-39df-4abd-8a37-8ac8a1fb00c6,ce3ae35d-9e61-4994-a8c1-26a22182ccfa,4b6f4aee-54a4-45df-8b95-3d61f3cbf035,1000,workload-20260609T121504519314Z,119,,2,2026-06-09T12:38:29.260591Z,2026-06-09T12:38:29.884477Z,2026-06-09T12:38:47.874575Z,202,completed,255,17644,0b769b3035e6:1:80672120,226155,00000d5a1381d1ef50c6da0153ab654abaa921a8d6d98eba5022e74db6e8414d,625.0,18613.984,12,
1954413b-2fdd-4780-9b3b-6c75fbb8f934,8743b5eb-d808-4403-9684-79c8770f86e6,4b6f4aee-54a4-45df-8b95-3d61f3cbf035,1000,workload-20260609T121504519314Z,120,,2,2026-06-09T12:38:29.261591Z,2026-06-09T12:38:29.751572Z,2026-06-09T12:38:45.474565Z,202,completed,834,15443,cb9fb5da3c43:1:c14dd34e,219393,000001c1f4aba2cebf7d14f8beee77d7af4cd4ad949e24e78dd451be1f096d43,500.0,16212.974,10,
